recording_file,event_id,recording_timestamp,date,session,usable_order,calibration,group,z_duration_s,z_mean_rms,z_spectral_centroid_mean,z_spectral_centroid_std,z_spectral_flatness_mean,z_spectral_flatness_std,z_spectral_rolloff_std,abs_z_duration_s,abs_z_mean_rms,abs_z_spectral_centroid_mean,abs_z_spectral_centroid_std,abs_z_spectral_flatness_mean,abs_z_spectral_flatness_std,abs_z_spectral_rolloff_std
rec2018-01-22_17h41m33.475s.wav,0,2018-01-22T17:41:33.475000,2018-01-22,2018-01-22#1,1,True,calibration,-0.6744907594765986,0.00048419843528622685,-0.3943857226239801,-0.13063875808630604,2.6061936776756816,0.8899881788798658,-0.605484803618255,0.6744907594765986,0.00048419843528622685,0.3943857226239801,0.13063875808630604,2.6061936776756816,0.8899881788798658,0.605484803618255
rec2018-01-22_17h41m49.809s.wav,0,2018-01-22T17:41:49.809000,2018-01-22,2018-01-22#1,2,True,calibration,-0.6744907594765986,0.023331581124456373,-0.405858942750394,0.018080857206593533,-0.4314157828342636,-1.5615128724683445,-0.8589662565061345,0.6744907594765986,0.023331581124456373,0.405858942750394,0.018080857206593533,0.4314157828342636,1.5615128724683445,0.8589662565061345
rec2018-01-22_17h42m07.718s.wav,0,2018-01-22T17:42:07.718000,2018-01-22,2018-01-22#1,3,True,calibration,-0.6034917321632727,-0.8068745881927329,0.2902336612552053,0.6239880180602692,0.37592185720277044,-0.5686284861210992,-0.6790298628127964,0.6034917321632727,0.8068745881927329,0.2902336612552053,0.6239880180602692,0.37592185720277044,0.5686284861210992,0.6790298628127964
rec2018-01-22_17h42m23.769s.wav,0,2018-01-22T17:42:23.769000,2018-01-22,2018-01-22#1,4,True,calibration,0.10649854096998895,-0.6551111264507683,0.5480875668370614,2.2909103188770366,0.4336023623046924,-0.0001651580987296794,-0.8471922546468158,0.10649854096998895,0.6551111264507683,0.5480875668370614,2.2909103188770366,0.4336023623046924,0.0001651580987296794,0.8471922546468158
rec2018-01-22_17h44m03.761s.wav,0,2018-01-22T17:44:03.761000,2018-01-22,2018-01-22#1,5,True,calibration,-0.24849659559664383,0.7981718815333934,-2.1498058157866833,-0.6583227316636588,-2.621671575300789,-1.5978265009359713,1.027013325861595,0.24849659559664383,0.7981718815333934,2.1498058157866833,0.6583227316636588,2.621671575300789,1.5978265009359713,1.027013325861595
rec2018-01-22_17h44m21.408s.wav,0,2018-01-22T17:44:21.408000,2018-01-22,2018-01-22#1,6,True,calibration,-0.6744907594765966,0.6428728355646802,-0.08275793884335819,-0.04916611155991706,0.31908973411072966,-2.1326990039575424,-2.727669420680823,0.6744907594765966,0.6428728355646802,0.08275793884335819,0.04916611155991706,0.31908973411072966,2.1326990039575424,2.727669420680823
rec2018-01-22_17h44m39.521s.wav,0,2018-01-22T17:44:39.521000,2018-01-22,2018-01-22#1,7,True,calibration,0.6744907594765938,0.43392132819423135,-2.147780837212771,-1.631922825697923,-1.4722249045932503,0.3409185880606449,0.17823353562688113,0.6744907594765938,0.43392132819423135,2.147780837212771,1.631922825697923,1.4722249045932503,0.3409185880606449,0.17823353562688113
rec2018-01-22_17h44m56.745s.wav,0,2018-01-22T17:44:56.745000,2018-01-22,2018-01-22#1,8,True,calibration,1.3134820052965264,1.290601690219484,-1.2488520501569402,2.89548686334199,-1.4462159747785988,0.2460869230925771,-0.9194333234301075,1.3134820052965264,1.290601690219484,1.2488520501569402,2.89548686334199,1.4462159747785988,0.2460869230925771,0.9194333234301075
rec2018-01-22_17h45m12.839s.wav,0,2018-01-22T17:45:12.839000,2018-01-22,2018-01-22#1,9,True,calibration,-1.8104751964898131,0.8967799454847297,-1.1967971648262092,0.924395714952882,0.0554418319993054,0.8033900112477282,0.669951656140394,1.8104751964898131,0.8967799454847297,1.1967971648262092,0.924395714952882,0.0554418319993054,0.8033900112477282,0.669951656140394
rec2018-01-23_10h42m07.256s.wav,0,2018-01-23T10:42:07.256000,2018-01-23,2018-01-23#1,10,True,calibration,-0.39049465022329477,0.1265687692469548,-0.976758614652347,-0.022902564909411432,0.06341689350839307,-0.3225353255305524,-0.794385139509821,0.39049465022329477,0.1265687692469548,0.976758614652347,0.022902564909411432,0.06341689350839307,0.3225353255305524,0.794385139509821
rec2018-01-23_10h42m23.823s.wav,0,2018-01-23T10:42:23.823000,2018-01-23,2018-01-23#1,11,True,calibration,-0.6034917321632707,-1.2871339405561526,0.517683035964319,1.7390412717428088,-0.6283215940062613,-0.6098301434419143,0.8907788615208962,0.6034917321632707,1.2871339405561526,0.517683035964319,1.7390412717428088,0.6283215940062613,0.6098301434419143,0.8907788615208962
rec2018-01-23_10h42m45.728s.wav,0,2018-01-23T10:42:45.728000,2018-01-23,2018-01-23#1,12,True,calibration,1.8104751964898083,0.12701905040053785,-0.44112192958734225,0.2756048762037413,-1.3701525063813966,0.09776898412635834,0.5514705054717361,1.8104751964898083,0.12701905040053785,0.44112192958734225,0.2756048762037413,1.3701525063813966,0.09776898412635834,0.5514705054717361
rec2018-01-23_10h43m05.349s.wav,0,2018-01-23T10:43:05.349000,2018-01-23,2018-01-23#1,13,True,calibration,1.1714839506698744,-1.6962547184599384,1.3097830086470374,-0.018080857206593533,0.9517080379612575,0.445774183481003,0.16789789073640748,1.1714839506698744,1.6962547184599384,1.3097830086470374,0.018080857206593533,0.9517080379612575,0.445774183481003,0.16789789073640748
rec2018-01-23_10h43m22.564s.wav,0,2018-01-23T10:43:22.564000,2018-01-23,2018-01-23#1,14,True,calibration,1.1714839506698784,0.47666061181902725,1.715530005407473,2.975322753308041,-0.0554418319993054,-2.909823453595163,-3.0706839661097862,1.1714839506698784,0.47666061181902725,1.715530005407473,2.975322753308041,0.0554418319993054,2.909823453595163,3.0706839661097862
rec2018-01-23_10h43m40.126s.wav,0,2018-01-23T10:43:40.126000,2018-01-23,2018-01-23#1,15,True,calibration,0.6034917321632678,-0.5608433049954353,0.08275793884335819,-0.15841551187075772,-2.9390963428036296,-1.2969312254686944,0.4141484126176353,0.6034917321632678,0.5608433049954353,0.08275793884335819,0.15841551187075772,2.9390963428036296,1.2969312254686944,0.4141484126176353
rec2018-01-23_10h43m56.234s.wav,0,2018-01-23T10:43:56.234000,2018-01-23,2018-01-23#1,16,True,calibration,-0.10649854096998994,-1.4805677067686822,0.7257259513919561,-0.6906587872895316,0.1358744000932836,0.999263719609209,0.8382838576790823,0.10649854096998994,1.4805677067686822,0.7257259513919561,0.6906587872895316,0.1358744000932836,0.999263719609209,0.8382838576790823
rec2018-01-23_10h44m12.634s.wav,0,2018-01-23T10:44:12.634000,2018-01-23,2018-01-23#1,17,True,calibration,3.0174586608163496,-2.293018763897272,2.773904709805601,0.8890343384169014,1.4333332871932642,0.7391513755112762,0.5484752950423227,3.0174586608163496,2.293018763897272,2.773904709805601,0.8890343384169014,1.4333332871932642,0.7391513755112762,0.5484752950423227
rec2018-01-23_10h44m30.273s.wav,0,2018-01-23T10:44:30.273000,2018-01-23,2018-01-23#1,18,True,calibration,0.17749756828331295,-1.7483118980603993,1.9535097662386969,1.1876970363313442,-0.24409249382163523,0.5295530020253799,-0.16789789073640649,0.17749756828331295,1.7483118980603993,1.9535097662386969,1.1876970363313442,0.24409249382163523,0.5295530020253799,0.16789789073640649
rec2018-01-23_10h45m25.926s.wav,0,2018-01-23T10:45:25.926000,2018-01-23,2018-01-23#1,19,True,calibration,-0.7454897867899266,-0.6938703925024221,0.2555030397927266,-0.1893017751125435,0.7206599249469291,0.0001651580987306897,0.2728852534090492,0.7454897867899266,0.6938703925024221,0.2555030397927266,0.1893017751125435,0.7206599249469291,0.0001651580987306897,0.2728852534090492
rec2018-01-23_10h45m44.127s.wav,0,2018-01-23T10:45:44.127000,2018-01-23,2018-01-23#1,20,True,calibration,0.31949562290996486,-0.00048419843528622685,-0.6232555675612345,-1.4339583770867055,-3.10736689325002,-1.913271418434621,-0.2380171317146134,0.31949562290996486,0.00048419843528622685,0.6232555675612345,1.4339583770867055,3.10736689325002,1.913271418434621,0.2380171317146134
rec2018-01-23_10h46m04.850s.wav,0,2018-01-23T10:46:04.850000,2018-01-23,2018-01-23#1,21,False,calibration_session_other,0.10649854096998698,-1.9307868735999094,1.7877724842607292,-0.5151934545758247,0.889745030369309,-0.6007244811707816,-1.1056198780601332,0.10649854096998698,1.9307868735999094,1.7877724842607292,0.5151934545758247,0.889745030369309,0.6007244811707816,1.1056198780601332
rec2018-01-23_10h47m11.936s.wav,0,2018-01-23T10:47:11.936000,2018-01-23,2018-01-23#1,22,False,calibration_session_other,-0.46149367753662274,1.2929232696736965,-1.0026455029081003,-1.0274632705128228,-0.2708361468123068,-2.128702666120173,-2.2027934425700684,0.46149367753662274,1.2929232696736965,1.0026455029081003,1.0274632705128228,0.2708361468123068,2.128702666120173,2.2027934425700684
rec2018-01-23_10h49m01.624s.wav,0,2018-01-23T10:49:01.624000,2018-01-23,2018-01-23#1,23,False,calibration_session_other,6.49641099916932,0.6550608353089282,1.26671614246565,1.9622721247313295,-2.6673624265119673,0.03810650234402324,1.0019269837592302,6.49641099916932,0.6550608353089282,1.26671614246565,1.9622721247313295,2.6673624265119673,0.03810650234402324,1.0019269837592302
rec2018-01-23_10h49m24.634s.wav,0,2018-01-23T10:49:24.634000,2018-01-23,2018-01-23#1,24,False,calibration_session_other,3.656449906636283,0.9326960076808786,-0.7302062786789685,-3.104248766469983,-4.469028137585225,3.8647106294108364,2.1462074002514178,3.656449906636283,0.9326960076808786,0.7302062786789685,3.104248766469983,4.469028137585225,3.8647106294108364,2.1462074002514178
rec2018-01-23_10h50m00.411s.wav,0,2018-01-23T10:50:00.411000,2018-01-23,2018-01-23#1,25,False,calibration_session_other,4.4374392070828605,0.519834972298718,0.27079734970973507,-0.7100363667944193,-3.1328413559292625,-0.01417674813030879,1.5089327387127982,4.4374392070828605,0.519834972298718,0.27079734970973507,0.7100363667944193,3.1328413559292625,0.01417674813030879,1.5089327387127982
rec2018-01-23_10h50m22.155s.wav,0,2018-01-23T10:50:22.155000,2018-01-23,2018-01-23#1,26,False,calibration_session_other,4.721435316336168,0.04462929490841648,1.0627828887138246,0.13341479342809195,-4.4698156309341,-1.0259531598865288,0.733541952025031,4.721435316336168,0.04462929490841648,1.0627828887138246,0.13341479342809195,4.4698156309341,1.0259531598865288,0.733541952025031
rec2018-01-23_10h50m40.883s.wav,0,2018-01-23T10:50:40.883000,2018-01-23,2018-01-23#1,27,False,calibration_session_other,4.224442125142889,0.24123608130194665,0.2953682506613041,-5.033118811763611,-2.650258125097597,-0.21083421167298136,0.10244603612674154,4.224442125142889,0.24123608130194665,0.2953682506613041,5.033118811763611,2.650258125097597,0.21083421167298136,0.10244603612674154
rec2018-01-23_10h52m21.295s.wav,0,2018-01-23T10:52:21.295000,2018-01-23,2018-01-23#1,28,False,calibration_session_other,4.295441152456215,0.38392842453164955,-2.0371831745110494,-4.813590614814877,-7.541720291479536,-0.7819438660130085,-0.10053898321292448,4.295441152456215,0.38392842453164955,2.0371831745110494,4.813590614814877,7.541720291479536,0.7819438660130085,0.10053898321292448
rec2018-01-23_10h52m39.068s.wav,0,2018-01-23T10:52:39.068000,2018-01-23,2018-01-23#1,29,False,calibration_session_other,6.212414889916014,0.5475956825884551,-0.5033464861836318,-3.6246744845858982,-5.7636103737234965,-0.6543761844632136,1.4134399074402098,6.212414889916014,0.5475956825884551,0.5033464861836318,3.6246744845858982,5.7636103737234965,0.6543761844632136,1.4134399074402098
rec2018-01-23_10h52m57.816s.wav,0,2018-01-23T10:52:57.816000,2018-01-23,2018-01-23#1,30,False,calibration_session_other,5.928418780662707,0.22856973092960187,0.48252204436267554,-4.0679714665389355,-3.180292565983902,1.0257985784148016,1.3397282125541647,5.928418780662707,0.22856973092960187,0.48252204436267554,4.0679714665389355,3.180292565983902,1.0257985784148016,1.3397282125541647
rec2018-01-23_10h53m20.922s.wav,0,2018-01-23T10:53:20.922000,2018-01-23,2018-01-23#1,31,False,calibration_session_other,3.940446015889587,-0.7872388212120094,0.8028368369640764,-0.4387633740189162,-3.4774008169345003,0.7926289712513483,1.6088866454977953,3.940446015889587,0.7872388212120094,0.8028368369640764,0.4387633740189162,3.4774008169345003,0.7926289712513483,1.6088866454977953
rec2018-01-23_10h54m18.511s.wav,0,2018-01-23T10:54:18.511000,2018-01-23,2018-01-23#1,32,False,calibration_session_other,3.1594567154429996,0.4428029777535659,-2.302136943544953,-5.661997419065293,-7.183132759521569,-4.011106876607534,-0.6836020287861992,3.1594567154429996,0.4428029777535659,2.302136943544953,5.661997419065293,7.183132759521569,4.011106876607534,0.6836020287861992
rec2018-01-23_10h54m39.487s.wav,0,2018-01-23T10:54:39.487000,2018-01-23,2018-01-23#1,33,False,calibration_session_other,7.0644032176759275,-1.9066845514878838,-0.8399631026116634,-2.7931688045236323,-9.395488091496485,-2.4943469673761416,1.4295041171028688,7.0644032176759275,1.9066845514878838,0.8399631026116634,2.7931688045236323,9.395488091496485,2.4943469673761416,1.4295041171028688
rec2018-01-23_10h56m48.215s.wav,0,2018-01-23T10:56:48.215000,2018-01-23,2018-01-23#1,34,False,calibration_session_other,2.66246352424972,3.192681678326401,-2.6304297536973995,1.9574963380542727,-4.867393555231019,-1.8382218427179582,-1.0808408862331973,2.66246352424972,3.192681678326401,2.6304297536973995,1.9574963380542727,4.867393555231019,1.8382218427179582,1.0808408862331973
rec2018-01-23_10h57m38.405s.wav,0,2018-01-23T10:57:38.405000,2018-01-23,2018-01-23#1,35,False,calibration_session_other,2.3074683876830897,3.549518381710782,-1.5936830145592638,7.5448824771892795,-3.0568644847388198,-2.2194685671863947,-1.8514029408828674,2.3074683876830897,3.549518381710782,1.5936830145592638,7.5448824771892795,3.0568644847388198,2.2194685671863947,1.8514029408828674
rec2018-01-23_10h57m54.607s.wav,0,2018-01-23T10:57:54.607000,2018-01-23,2018-01-23#1,36,False,calibration_session_other,2.378467414996416,-0.477134284201379,1.3750400577268755,-1.2702608538979652,0.7136658474205552,0.2518579647035328,-0.6150835484507692,2.378467414996416,0.477134284201379,1.3750400577268755,1.2702608538979652,0.7136658474205552,0.2518579647035328,0.6150835484507692
rec2018-01-23_10h59m20.895s.wav,0,2018-01-23T10:59:20.895000,2018-01-23,2018-01-23#1,37,False,calibration_session_other,0.7454897867899206,-0.10691779796754518,-0.014625121665918261,-0.12412671929315572,0.2748006751838078,-0.457852149138235,-1.0055358367351117,0.7454897867899206,0.10691779796754518,0.014625121665918261,0.12412671929315572,0.2748006751838078,0.457852149138235,1.0055358367351117
rec2018-01-23_10h59m40.619s.wav,0,2018-01-23T10:59:40.619000,2018-01-23,2018-01-23#1,38,False,calibration_session_other,0.7454897867899206,-0.21342741899325823,-0.8249026354292397,1.8408175717931932,-2.2004573493460176,-0.7228156394925923,0.4617945823379372,0.7454897867899206,0.21342741899325823,0.8249026354292397,1.8408175717931932,2.2004573493460176,0.7228156394925923,0.4617945823379372
rec2018-01-23_10h59m57.587s.wav,0,2018-01-23T10:59:57.587000,2018-01-23,2018-01-23#1,39,False,calibration_session_other,1.5974781145498302,0.5828836902924573,-0.2683643901946405,1.9332544098941038,-0.9279736379051295,0.07366186801351005,-0.5099893273346884,1.5974781145498302,0.5828836902924573,0.2683643901946405,1.9332544098941038,0.9279736379051295,0.07366186801351005,0.5099893273346884
rec2018-01-23_11h00m14.641s.wav,0,2018-01-23T11:00:14.641000,2018-01-23,2018-01-23#1,40,False,calibration_session_other,0.31949562290996486,-1.4503848347410717,0.3706929757714145,1.737687694841206,-0.9457179468006326,0.05367909404443479,0.899676678444721,0.31949562290996486,1.4503848347410717,0.3706929757714145,1.737687694841206,0.9457179468006326,0.05367909404443479,0.899676678444721
rec2018-01-23_11h01m08.679s.wav,0,2018-01-23T11:01:08.679000,2018-01-23,2018-01-23#1,41,False,calibration_session_other,1.3134820052965264,-0.15919251599544926,1.0788259929192225,0.3715524860583021,0.7327862400545688,-0.6992449482061652,-2.0237222319670374,1.3134820052965264,0.15919251599544926,1.0788259929192225,0.3715524860583021,0.7327862400545688,0.6992449482061652,2.0237222319670374
rec2018-01-23_11h01m26.075s.wav,0,2018-01-23T11:01:26.075000,2018-01-23,2018-01-23#1,42,False,calibration_session_other,0.5324927048499437,-0.4242923288760985,-0.17370037339701933,-2.3574881526970533,-1.391437829184139,0.2628332491958103,0.7937804900006681,0.5324927048499437,0.4242923288760985,0.17370037339701933,2.3574881526970533,1.391437829184139,0.2628332491958103,0.7937804900006681
rec2018-01-23_11h01m41.256s.wav,0,2018-01-23T11:01:41.256000,2018-01-23,2018-01-23#1,43,False,calibration_session_other,0.7454897867899206,-0.5648806310790319,0.46231952470815574,2.299320426734133,0.024150472572932003,-0.24781660840247877,0.29798746557727096,0.7454897867899206,0.5648806310790319,0.46231952470815574,2.299320426734133,0.024150472572932003,0.24781660840247877,0.29798746557727096
rec2018-01-23_11h01m57.075s.wav,0,2018-01-23T11:01:57.075000,2018-01-23,2018-01-23#1,44,False,calibration_session_other,-0.31949562290996686,-1.482732564990222,1.3897298592981078,-0.20737388545710134,0.25745958453223444,-0.5482443427166691,-2.7975305085877564,0.31949562290996686,1.482732564990222,1.3897298592981078,0.20737388545710134,0.25745958453223444,0.5482443427166691,2.7975305085877564
rec2018-01-23_11h02m14.505s.wav,0,2018-01-23T11:02:14.505000,2018-01-23,2018-01-23#1,45,False,calibration_session_other,-0.1774975682833159,-0.8417836579908613,0.7734025046709747,-2.716151590851886,0.21846648603058139,-0.5473884495153413,-0.8555092271602821,0.1774975682833159,0.8417836579908613,0.7734025046709747,2.716151590851886,0.21846648603058139,0.5473884495153413,0.8555092271602821
rec2018-01-23_11h02m29.845s.wav,0,2018-01-23T11:02:29.845000,2018-01-23,2018-01-23#1,46,False,calibration_session_other,0.5324927048499447,-0.9837613991820072,0.5627599545876335,-1.650574415652996,-0.7399900451910341,-0.2887904614491699,0.5065301819800561,0.5324927048499447,0.9837613991820072,0.5627599545876335,1.650574415652996,0.7399900451910341,0.2887904614491699,0.5065301819800561
rec2018-01-23_11h02m48.266s.wav,0,2018-01-23T11:02:48.266000,2018-01-23,2018-01-23#1,47,False,calibration_session_other,-0.035499513656664955,-0.7183306004144396,1.3117010166083272,-0.4710939628560082,1.1004874514822431,-0.5955511545838184,-0.733469478724282,0.035499513656664955,0.7183306004144396,1.3117010166083272,0.4710939628560082,1.1004874514822431,0.5955511545838184,0.733469478724282
rec2018-01-23_11h03m04.371s.wav,0,2018-01-23T11:03:04.371000,2018-01-23,2018-01-23#1,48,False,calibration_session_other,0.8874878414165707,-1.6823018505059175,2.620523777430396,-1.2013913422219473,0.8850701342861964,-1.154992890960019,-1.2696153196022957,0.8874878414165707,1.6823018505059175,2.620523777430396,1.2013913422219473,0.8850701342861964,1.154992890960019,1.2696153196022957
rec2018-01-23_11h03m19.651s.wav,0,2018-01-23T11:03:19.651000,2018-01-23,2018-01-23#1,49,False,calibration_session_other,-0.39049465022329377,1.4784812091634831,-1.2161787472210377,-2.252568449098921,-2.229413290352862,-0.2518986440381985,-0.32144342291392686,0.39049465022329377,1.4784812091634831,1.2161787472210377,2.252568449098921,2.229413290352862,0.2518986440381985,0.32144342291392686
rec2018-01-23_11h03m36.803s.wav,0,2018-01-23T11:03:36.803000,2018-01-23,2018-01-23#1,50,False,calibration_session_other,-0.8164888141032496,-0.8223443773316966,0.18146196203414555,0.21302545169645526,-1.0706493014316265,-1.5964135720453168,-0.6866490814307457,0.8164888141032496,0.8223443773316966,0.18146196203414555,0.21302545169645526,1.0706493014316265,1.5964135720453168,0.6866490814307457
rec2018-01-23_11h03m51.751s.wav,0,2018-01-23T11:03:51.751000,2018-01-23,2018-01-23#1,51,False,calibration_session_other,-0.46149367753661974,-1.8337717523269783,0.7332089188985234,2.7084712992967077,0.5083141024277847,2.702973918350261,0.9481105324337248,0.46149367753661974,1.8337717523269783,0.7332089188985234,2.7084712992967077,0.5083141024277847,2.702973918350261,0.9481105324337248
rec2018-01-23_11h04m10.613s.wav,0,2018-01-23T11:04:10.613000,2018-01-23,2018-01-23#1,52,False,calibration_session_other,-0.24849659559664186,-1.1412393381095063,0.35161986677113855,0.20093510163353032,0.9892330431922387,1.682096183451956,0.2539887659931115,0.24849659559664186,1.1412393381095063,0.35161986677113855,0.20093510163353032,0.9892330431922387,1.682096183451956,0.2539887659931115
rec2018-01-23_11h04m27.250s.wav,0,2018-01-23T11:04:27.250000,2018-01-23,2018-01-23#1,53,False,calibration_session_other,1.5264790872365044,-1.3546000921008048,0.7411396703649202,-0.14752457526589902,-1.2872437994069261,0.41597575725312985,0.764064320685617,1.5264790872365044,1.3546000921008048,0.7411396703649202,0.14752457526589902,1.2872437994069261,0.41597575725312985,0.764064320685617
rec2018-01-23_11h04m44.325s.wav,0,2018-01-23T11:04:44.325000,2018-01-23,2018-01-23#1,54,False,calibration_session_other,-0.5324927048499467,-2.3730155966874737,2.257286404590221,0.5645738642558537,1.3733471314616408,1.6246157411809814,0.0077482951535901646,0.5324927048499467,2.3730155966874737,2.257286404590221,0.5645738642558537,1.3733471314616408,1.6246157411809814,0.0077482951535901646
rec2018-01-23_11h05m01.603s.wav,0,2018-01-23T11:05:01.603000,2018-01-23,2018-01-23#1,55,False,calibration_session_other,-0.8164888141032486,-0.4960554491435565,0.023774840578525868,-0.17942547450498697,-2.0719308575535607,0.34243348648352206,0.3993257711071904,0.8164888141032486,0.4960554491435565,0.023774840578525868,0.17942547450498697,2.0719308575535607,0.34243348648352206,0.3993257711071904
rec2018-01-23_11h11m07.436s.wav,0,2018-01-23T11:11:07.436000,2018-01-23,2018-01-23#1,56,False,calibration_session_other,0.24849659559663695,1.1344628991383725,-1.575271630744076,-2.610338067288439,-1.0587638348052688,-1.3845051547416416,-1.0846126718852087,0.24849659559663695,1.1344628991383725,1.575271630744076,2.610338067288439,1.0587638348052688,1.3845051547416416,1.0846126718852087
rec2018-01-23_11h11m22.731s.wav,0,2018-01-23T11:11:22.731000,2018-01-23,2018-01-23#1,57,False,calibration_session_other,-0.46149367753662074,-1.2428917704836688,1.1159298693688178,-2.8612510986155475,0.35182212518067074,0.16677035636523954,-2.1679115668185585,0.46149367753662074,1.2428917704836688,1.1159298693688178,2.8612510986155475,0.35182212518067074,0.16677035636523954,2.1679115668185585
rec2018-01-23_11h11m37.608s.wav,0,2018-01-23T11:11:37.608000,2018-01-23,2018-01-23#1,58,False,calibration_session_other,-0.1774975682833159,-0.4711929120968963,0.5169640939399232,1.5911405814089692,-0.7302613902452725,-1.2980458392384895,-0.944652974085677,0.1774975682833159,0.4711929120968963,0.5169640939399232,1.5911405814089692,0.7302613902452725,1.2980458392384895,0.944652974085677
rec2018-01-23_11h11m52.435s.wav,0,2018-01-23T11:11:52.435000,2018-01-23,2018-01-23#1,59,False,calibration_session_other,0.035499513656661014,1.838173981579192,-1.5218112013172036,4.827971549376046,-3.9862087940570228,-0.4800071995783472,0.03002563559926268,0.035499513656661014,1.838173981579192,1.5218112013172036,4.827971549376046,3.9862087940570228,0.4800071995783472,0.03002563559926268
rec2018-01-23_11h51m22.121s.wav,0,2018-01-23T11:51:22.121000,2018-01-23,2018-01-23#2,60,False,other_session,0.035499513656661014,1.1334208198972153,-1.68937942215316,-0.2063034882142363,-2.0722583032415796,-2.1876996339874113,-1.4430489538107234,0.035499513656661014,1.1334208198972153,1.68937942215316,0.2063034882142363,2.0722583032415796,2.1876996339874113,1.4430489538107234
rec2018-01-23_11h51m37.745s.wav,0,2018-01-23T11:51:37.745000,2018-01-23,2018-01-23#2,61,False,other_session,-1.810475196489814,1.2863620300071346,-2.0179384149928463,1.227232852778743,-1.7509907846892367,1.5794410688413483,-0.6145767643477325,1.810475196489814,1.2863620300071346,2.0179384149928463,1.227232852778743,1.7509907846892367,1.5794410688413483,0.6145767643477325
rec2018-01-23_11h51m52.565s.wav,0,2018-01-23T11:51:52.565000,2018-01-23,2018-01-23#2,62,False,other_session,-1.5974781145498342,-1.436236650026921,-0.6613992978731115,0.6639622709677242,-0.12769908254358783,2.3204059290919417,0.7313418318950545,1.5974781145498342,1.436236650026921,0.6613992978731115,0.6639622709677242,0.12769908254358783,2.3204059290919417,0.7313418318950545
rec2018-01-23_11h52m38.758s.wav,0,2018-01-23T11:52:38.758000,2018-01-23,2018-01-23#2,63,False,other_session,-0.6034917321632707,0.42244793048854035,-0.8766664611860783,-1.428643565036053,-0.014481353206808125,0.06802533940250709,-0.8369761642524639,0.6034917321632707,0.42244793048854035,0.8766664611860783,1.428643565036053,0.014481353206808125,0.06802533940250709,0.8369761642524639
rec2018-01-23_11h52m53.640s.wav,0,2018-01-23T11:52:53.640000,2018-01-23,2018-01-23#2,64,False,other_session,-1.0294858960432285,-0.08757676046916321,-1.6811202957828892,0.9716845312462032,-1.4580473181507405,4.246988981806362,1.6302006729459475,1.0294858960432285,0.08757676046916321,1.6811202957828892,0.9716845312462032,1.4580473181507405,4.246988981806362,1.6302006729459475
rec2018-01-23_11h53m23.410s.wav,0,2018-01-23T11:53:23.410000,2018-01-23,2018-01-23#2,65,False,other_session,-0.5324927048499457,1.1373025943095703,-2.9732332518371405,-1.5385325796339988,-3.4299604315307164,0.6502339434121814,0.9752472870448169,0.5324927048499457,1.1373025943095703,2.9732332518371405,1.5385325796339988,3.4299604315307164,0.6502339434121814,0.9752472870448169
rec2018-01-23_11h53m38.425s.wav,0,2018-01-23T11:53:38.425000,2018-01-23,2018-01-23#2,66,False,other_session,-1.1004849233565543,1.0191312761866573,-3.094348862217625,-2.2035871149997273,-5.610150651793968,-1.3810295123879799,1.056075119461142,1.1004849233565543,1.0191312761866573,3.094348862217625,2.2035871149997273,5.610150651793968,1.3810295123879799,1.056075119461142
rec2018-01-23_11h53m56.835s.wav,0,2018-01-23T11:53:56.835000,2018-01-23,2018-01-23#2,67,False,other_session,-0.46149367753661974,2.344129768294476,-2.465398975300499,0.9478602657487231,-3.7404445682207164,-0.02694192334778626,1.1377959075830213,0.46149367753661974,2.344129768294476,2.465398975300499,0.9478602657487231,3.7404445682207164,0.02694192334778626,1.1377959075830213
rec2018-01-23_11h56m03.777s.wav,0,2018-01-23T11:56:03.777000,2018-01-23,2018-01-23#2,68,False,other_session,-0.5324927048499467,1.2103627582116434,-1.6141542045896795,4.138794261845544,-3.5602797561191544,-1.7439992829875783,-1.0747182148255638,0.5324927048499467,1.2103627582116434,1.6141542045896795,4.138794261845544,3.5602797561191544,1.7439992829875783,1.0747182148255638
rec2018-01-23_11h56m18.749s.wav,0,2018-01-23T11:56:18.749000,2018-01-23,2018-01-23#2,69,False,other_session,-1.1714839506698784,4.322186806529556,-3.185336075167274,1.8464450841619677,-4.64181730321817,-2.94311976021299,-1.5370455023740943,1.1714839506698784,4.322186806529556,3.185336075167274,1.8464450841619677,4.64181730321817,2.94311976021299,1.5370455023740943
rec2018-01-23_11h56m33.584s.wav,0,2018-01-23T11:56:33.584000,2018-01-23,2018-01-23#2,70,False,other_session,-1.1004849233565543,1.1775378468958406,-2.411346475971179,-0.9195751006078768,-3.347435999661194,-1.2901253015838885,-0.7090428023593756,1.1004849233565543,1.1775378468958406,2.411346475971179,0.9195751006078768,3.347435999661194,1.2901253015838885,0.7090428023593756
rec2018-01-23_11h57m24.977s.wav,0,2018-01-23T11:57:24.977000,2018-01-23,2018-01-23#2,71,False,other_session,-0.9584868687299005,0.14015673403235207,-0.039036810542879635,0.5569520673406134,-1.478143282442036,-2.8122483742973614,-2.734025117555454,0.9584868687299005,0.14015673403235207,0.039036810542879635,0.5569520673406134,1.478143282442036,2.8122483742973614,2.734025117555454
rec2018-01-23_11h57m41.504s.wav,0,2018-01-23T11:57:41.504000,2018-01-23,2018-01-23#2,72,False,other_session,-1.8104751964898111,1.801402969971946,-0.13546957398184128,6.467657215139682,-2.7741516663289607,-3.5082848077808175,-2.59639223591166,1.8104751964898111,1.801402969971946,0.13546957398184128,6.467657215139682,2.7741516663289607,3.5082848077808175,2.59639223591166
rec2018-01-23_11h57m58.590s.wav,0,2018-01-23T11:57:58.590000,2018-01-23,2018-01-23#2,73,False,other_session,-0.46149367753661974,-0.6315631764602959,1.1051482266914765,2.205214031340229,-0.4124428760679951,-2.009095659168501,-2.8956162441202884,0.46149367753661974,0.6315631764602959,1.1051482266914765,2.205214031340229,0.4124428760679951,2.009095659168501,2.8956162441202884
rec2018-01-23_11h58m15.852s.wav,0,2018-01-23T11:58:15.852000,2018-01-23,2018-01-23#2,74,False,other_session,-0.6034917321632727,0.48976671729201193,-0.8643772791772951,-0.6395180716227481,-2.809452205811555,-2.063997574012922,-1.2223156463198788,0.6034917321632727,0.48976671729201193,0.8643772791772951,0.6395180716227481,2.809452205811555,2.063997574012922,1.2223156463198788
rec2018-01-23_11h58m34.582s.wav,0,2018-01-23T11:58:34.582000,2018-01-23,2018-01-23#2,75,False,other_session,-0.03549951365666594,0.7406657151938076,-1.1130093228752371,0.9491755751288872,-2.8582592033843612,-2.551885987889027,-2.5807858776489723,0.03549951365666594,0.7406657151938076,1.1130093228752371,0.9491755751288872,2.8582592033843612,2.551885987889027,2.5807858776489723
rec2018-01-23_11h58m49.449s.wav,0,2018-01-23T11:58:49.449000,2018-01-23,2018-01-23#2,76,False,other_session,-1.1004849233565523,1.238887192120331,-2.3020523621303126,-0.9444238423224648,-4.210861568044771,-2.268850025121391,-0.6133177391230756,1.1004849233565523,1.238887192120331,2.3020523621303126,0.9444238423224648,4.210861568044771,2.268850025121391,0.6133177391230756
rec2018-01-23_11h59m04.620s.wav,0,2018-01-23T11:59:04.620000,2018-01-23,2018-01-23#2,77,False,other_session,-0.46149367753661974,-0.9251558450908076,-1.0702136147584158,0.609567722619878,-1.3832151537870097,3.5988782284680667,2.363168657589154,0.46149367753661974,0.9251558450908076,1.0702136147584158,0.609567722619878,1.3832151537870097,3.5988782284680667,2.363168657589154
rec2018-01-23_12h02m44.138s.wav,0,2018-01-23T12:02:44.138000,2018-01-23,2018-01-23#2,78,False,other_session,-0.8874878414165746,-0.11187673846419421,-0.5751063534357335,0.4785134885864108,-0.11438476200586416,0.018279394628932903,-1.1647131262830857,0.8874878414165746,0.11187673846419421,0.5751063534357335,0.4785134885864108,0.11438476200586416,0.018279394628932903,1.1647131262830857
rec2018-01-23_12h03m01.599s.wav,0,2018-01-23T12:03:01.599000,2018-01-23,2018-01-23#2,79,False,other_session,-1.6684771418631612,0.5170607725680443,-0.18492731234553378,-0.7421679645199735,-0.21376046907628063,-2.908625311591534,-3.443275288775362,1.6684771418631612,0.5170607725680443,0.18492731234553378,0.7421679645199735,0.21376046907628063,2.908625311591534,3.443275288775362
rec2018-01-23_12h03m19.922s.wav,0,2018-01-23T12:03:19.922000,2018-01-23,2018-01-23#2,80,False,other_session,-0.8874878414165746,1.2521184406671741,-0.7481773416003145,-0.5405724748019566,-1.0777164453511978,-2.805477163444802,-2.0744762895843283,0.8874878414165746,1.2521184406671741,0.7481773416003145,0.5405724748019566,1.0777164453511978,2.805477163444802,2.0744762895843283
rec2018-01-23_12h03m36.988s.wav,0,2018-01-23T12:03:36.988000,2018-01-23,2018-01-23#2,81,False,other_session,-1.3134820052965324,0.7401908732500245,-0.44097018057872717,7.036702912616507,-1.5610763448809022,0.4861660508464304,-1.370481226171875,1.3134820052965324,0.7401908732500245,0.44097018057872717,7.036702912616507,1.5610763448809022,0.4861660508464304,1.370481226171875
rec2018-01-23_12h03m52.821s.wav,0,2018-01-23T12:03:52.821000,2018-01-23,2018-01-23#2,82,False,other_session,-0.8874878414165746,0.36534643240645787,-0.7048144404677033,2.745756985482785,-3.889161739999352,-2.3251133416992342,-1.1240328574696263,0.8874878414165746,0.36534643240645787,0.7048144404677033,2.745756985482785,3.889161739999352,2.3251133416992342,1.1240328574696263
rec2018-01-23_12h04m16.860s.wav,0,2018-01-23T12:04:16.860000,2018-01-23,2018-01-23#2,83,False,other_session,-1.0294858960432265,1.8586296111278784,-3.1950828393596655,-2.5714325715872315,-5.21320664611209,-1.4663253989197504,0.25484363354060696,1.0294858960432265,1.8586296111278784,3.1950828393596655,2.5714325715872315,5.21320664611209,1.4663253989197504,0.25484363354060696
rec2018-01-23_12h04m31.917s.wav,0,2018-01-23T12:04:31.917000,2018-01-23,2018-01-23#2,84,False,other_session,-0.46149367753661974,-0.2340140394229881,-1.791046282544855,0.27733456817332497,-2.7930866868172712,1.1885593083600088,1.7578594826997176,0.46149367753661974,0.2340140394229881,1.791046282544855,0.27733456817332497,2.7930866868172712,1.1885593083600088,1.7578594826997176
rec2018-01-23_12h04m50.656s.wav,0,2018-01-23T12:04:50.656000,2018-01-23,2018-01-23#2,85,False,other_session,-0.9584868687299005,0.5219974913973734,-0.9998145132064817,-3.530296389789685,-1.6665395649695416,-1.7359925051434983,-1.268655709620143,0.9584868687299005,0.5219974913973734,0.9998145132064817,3.530296389789685,1.6665395649695416,1.7359925051434983,1.268655709620143
rec2018-01-23_12h05m05.795s.wav,0,2018-01-23T12:05:05.795000,2018-01-23,2018-01-23#2,86,False,other_session,-1.1714839506698784,0.6469160094554705,-2.7825991816923863,1.299765112936489,-4.041972659418933,-0.27457059322411453,1.432716218432325,1.1714839506698784,0.6469160094554705,2.7825991816923863,1.299765112936489,4.041972659418933,0.27457059322411453,1.432716218432325
rec2018-01-23_12h37m08.326s.wav,0,2018-01-23T12:37:08.326000,2018-01-23,2018-01-23#3,87,False,other_session,-1.2424829779832043,2.0103813772554684,-0.8059141078436036,4.161762428220284,-1.4281049808357584,-2.5182783487632423,-2.2429936418913536,1.2424829779832043,2.0103813772554684,0.8059141078436036,4.161762428220284,1.4281049808357584,2.5182783487632423,2.2429936418913536
rec2018-01-23_12h37m25.023s.wav,0,2018-01-23T12:37:25.023000,2018-01-23,2018-01-23#3,88,False,other_session,-0.39049465022329477,-0.17598741824353722,-0.1685458824815945,0.13636248593756703,-0.8419433722436048,1.633699707806952,0.17129302682541264,0.39049465022329477,0.17598741824353722,0.1685458824815945,0.13636248593756703,0.8419433722436048,1.633699707806952,0.17129302682541264
rec2018-01-23_12h37m39.981s.wav,0,2018-01-23T12:37:39.981000,2018-01-23,2018-01-23#3,89,False,other_session,-1.0294858960432274,0.6051030184894809,-2.4426615008955843,0.8115109001042168,-4.303641680047998,-1.0250191623626426,0.928473441944459,1.0294858960432274,0.6051030184894809,2.4426615008955843,0.8115109001042168,4.303641680047998,1.0250191623626426,0.928473441944459
rec2018-01-23_12h37m54.913s.wav,0,2018-01-23T12:37:54.913000,2018-01-23,2018-01-23#3,90,False,other_session,-1.0294858960432285,-0.7893498796073999,-1.226241447873974,-0.4744964921918529,-3.297822565600534,1.7027786419772464,0.3554841851750163,1.0294858960432285,0.7893498796073999,1.226241447873974,0.4744964921918529,3.297822565600534,1.7027786419772464,0.3554841851750163
rec2018-01-23_12h38m10.740s.wav,0,2018-01-23T12:38:10.740000,2018-01-23,2018-01-23#3,91,False,other_session,-0.8874878414165746,-1.0162576637337695,-0.13170321334190246,2.7482017334246214,-0.4439520815926027,1.4810545724147874,0.4418956357620299,0.8874878414165746,1.0162576637337695,0.13170321334190246,2.7482017334246214,0.4439520815926027,1.4810545724147874,0.4418956357620299
rec2018-01-23_12h39m14.259s.wav,0,2018-01-23T12:39:14.259000,2018-01-23,2018-01-23#3,92,False,other_session,-1.0294858960432285,-0.2965376243311195,-0.6012818135767037,1.023682439393457,-1.6436508407605712,1.4692651588381065,0.08267034706232566,1.0294858960432285,0.2965376243311195,0.6012818135767037,1.023682439393457,1.6436508407605712,1.4692651588381065,0.08267034706232566
rec2018-01-23_12h39m29.011s.wav,0,2018-01-23T12:39:29.011000,2018-01-23,2018-01-23#3,93,False,other_session,0.10649854096998698,-1.173915715122699,-0.28706434589504537,-0.5771124909986363,-1.6437442033741005,2.46292570689075,1.2470962251534015,0.10649854096998698,1.173915715122699,0.28706434589504537,0.5771124909986363,1.6437442033741005,2.46292570689075,1.2470962251534015
rec2018-01-23_12h39m44.218s.wav,0,2018-01-23T12:39:44.218000,2018-01-23,2018-01-23#3,94,False,other_session,-0.3194956229099688,-0.3404955909741962,-0.9085163391736143,0.18127215575439568,-2.7787007258460155,1.604687206324786,0.9375823307441841,0.3194956229099688,0.3404955909741962,0.9085163391736143,0.18127215575439568,2.7787007258460155,1.604687206324786,0.9375823307441841
rec2018-01-23_12h39m59.067s.wav,0,2018-01-23T12:39:59.067000,2018-01-23,2018-01-23#3,95,False,other_session,0.7454897867899197,0.5172946848556156,-1.2895506367285379,-1.3375307831773564,-4.59680028652201,-1.6017284627169108,1.109804285424427,0.7454897867899197,0.5172946848556156,1.2895506367285379,1.3375307831773564,4.59680028652201,1.6017284627169108,1.109804285424427
rec2018-01-23_12h40m15.223s.wav,0,2018-01-23T12:40:15.223000,2018-01-23,2018-01-23#3,96,False,other_session,-0.39049465022329477,-0.908383164510033,-0.3676953109291957,0.9884861598786006,-0.5980694010608764,4.005807172887539,1.2396552802752479,0.39049465022329477,0.908383164510033,0.3676953109291957,0.9884861598786006,0.5980694010608764,4.005807172887539,1.2396552802752479
rec2018-01-23_12h40m30.209s.wav,0,2018-01-23T12:40:30.209000,2018-01-23,2018-01-23#3,97,False,other_session,-0.5324927048499467,0.7405452503657094,-1.5685772605445547,-1.7891618846235093,-4.664003778203658,-1.3151799749988493,0.44653075299666356,0.5324927048499467,0.7405452503657094,1.5685772605445547,1.7891618846235093,4.664003778203658,1.3151799749988493,0.44653075299666356
rec2018-01-23_12h40m47.865s.wav,0,2018-01-23T12:40:47.865000,2018-01-23,2018-01-23#3,98,False,other_session,0.035499513656661014,0.895075894469727,-2.0230431521349517,0.3024752364086964,-4.274947560283433,-1.16386532504575,0.8445144455345464,0.035499513656661014,0.895075894469727,2.0230431521349517,0.3024752364086964,4.274947560283433,1.16386532504575,0.8445144455345464
rec2018-01-23_12h41m04.075s.wav,0,2018-01-23T12:41:04.075000,2018-01-23,2018-01-23#3,99,False,other_session,2.591464496936392,0.12836404605411725,0.21039129352810088,-0.6882512135114062,-2.6278808656409907,1.5827203656063735,0.25210340216929505,2.591464496936392,0.12836404605411725,0.21039129352810088,0.6882512135114062,2.6278808656409907,1.5827203656063735,0.25210340216929505
rec2018-01-23_12h41m19.889s.wav,0,2018-01-23T12:41:19.889000,2018-01-23,2018-01-23#3,100,False,other_session,1.8814742238031381,-2.529945011300603,2.8829624932232214,1.7405326117216298,1.0294317371816044,2.1944648785375525,-0.08802014626272284,1.8814742238031381,2.529945011300603,2.8829624932232214,1.7405326117216298,1.0294317371816044,2.1944648785375525,0.08802014626272284
rec2018-01-23_12h41m54.714s.wav,0,2018-01-23T12:41:54.714000,2018-01-23,2018-01-23#3,101,False,other_session,-0.035499513656664955,-0.07439112481839988,-0.2156104643488351,-0.430822316638987,-0.35053399173026756,-0.42527613793951047,-0.6287878793204903,0.035499513656664955,0.07439112481839988,0.2156104643488351,0.430822316638987,0.35053399173026756,0.42527613793951047,0.6287878793204903
rec2018-01-23_12h42m11.121s.wav,0,2018-01-23T12:42:11.121000,2018-01-23,2018-01-23#3,102,False,other_session,-0.46149367753661974,0.7603225342804154,-0.7756439121588161,5.011713600300682,-3.376170711866422,-2.019848563297945,-1.6796332830795522,0.46149367753661974,0.7603225342804154,0.7756439121588161,5.011713600300682,3.376170711866422,2.019848563297945,1.6796332830795522
rec2018-01-23_12h50m45.316s.wav,0,2018-01-23T12:50:45.316000,2018-01-23,2018-01-23#3,103,False,other_session,-1.8814742238031381,-0.4708724522629146,-0.028571104326092615,-5.058848799829333,-7.033593590819488,-1.683420160197472,-1.6820912917797044,1.8814742238031381,0.4708724522629146,0.028571104326092615,5.058848799829333,7.033593590819488,1.683420160197472,1.6820912917797044
rec2018-01-23_12h51m39.774s.wav,0,2018-01-23T12:51:39.774000,2018-01-23,2018-01-23#3,104,False,other_session,-5.076430452902804,-1.5987448726987867,0.15117186484002737,-5.122398032665946,-10.262935694209165,-5.580819346966272,-3.4560826964230627,5.076430452902804,1.5987448726987867,0.15117186484002737,5.122398032665946,10.262935694209165,5.580819346966272,3.4560826964230627
rec2018-01-23_12h52m08.363s.wav,0,2018-01-23T12:52:08.363000,2018-01-23,2018-01-23#3,105,False,other_session,-4.082444070516241,-0.6208792327251759,-4.05128308589265,-5.8371445846720675,-9.904083296575864,-5.605885139399371,-1.2852917706558515,4.082444070516241,0.6208792327251759,4.05128308589265,5.8371445846720675,9.904083296575864,5.605885139399371,1.2852917706558515
rec2018-01-23_12h52m40.101s.wav,0,2018-01-23T12:52:40.101000,2018-01-23,2018-01-23#3,106,False,other_session,-3.3724537973829816,4.997402694097637,-2.6554459509201327,3.6154837192911495,-1.9351316263538176,1.6174127869898554,-1.2120434816928312,3.3724537973829816,4.997402694097637,2.6554459509201327,3.6154837192911495,1.9351316263538176,1.6174127869898554,1.2120434816928312
rec2018-01-23_12h52m40.101s.wav,1,2018-01-23T12:52:40.101000,2018-01-23,2018-01-23#3,107,False,other_session,0.9584868687298966,-4.8430948514475505,-1.7478251796661866,0.27438250223282495,-11.598785220337275,-5.958151363462242,-0.03650115147111297,0.9584868687298966,4.8430948514475505,1.7478251796661866,0.27438250223282495,11.598785220337275,5.958151363462242,0.03650115147111297
rec2018-01-23_12h53m35.233s.wav,0,2018-01-23T12:53:35.233000,2018-01-23,2018-01-23#3,108,False,other_session,-3.869446988576263,2.9959415619289516,-3.1831842244714,-5.6249429780445475,-2.3151431719534665,-4.221547854712103,-1.4094808550110791,3.869446988576263,2.9959415619289516,3.1831842244714,5.6249429780445475,2.3151431719534665,4.221547854712103,1.4094808550110791
rec2018-01-23_12h54m08.620s.wav,0,2018-01-23T12:54:08.620000,2018-01-23,2018-01-23#3,109,False,other_session,-1.739476169176485,-1.789007957853198,-0.2817829828576675,1.9976477149181406,-0.6936361841156798,0.6496828740252761,0.0962106872515194,1.739476169176485,1.789007957853198,0.2817829828576675,1.9976477149181406,0.6936361841156798,0.6496828740252761,0.0962106872515194
rec2018-01-23_12h55m02.432s.wav,0,2018-01-23T12:55:02.432000,2018-01-23,2018-01-23#3,110,False,other_session,-2.8754606061896997,0.33535653801610127,-0.7115411506198793,-2.9458124808018717,-0.8419420191622493,-0.39763263166655916,-0.7035432955377282,2.8754606061896997,0.33535653801610127,0.7115411506198793,2.9458124808018717,0.8419420191622493,0.39763263166655916,0.7035432955377282
rec2018-01-23_12h55m27.681s.wav,0,2018-01-23T12:55:27.681000,2018-01-23,2018-01-23#3,111,False,other_session,-2.02347227842979,-2.0366941704851116,-1.1397096853246798,-1.4919599126707148,-1.9565468449666843,1.2476604153239865,-0.3095297644750734,2.02347227842979,2.0366941704851116,1.1397096853246798,1.4919599126707148,1.9565468449666843,1.2476604153239865,0.3095297644750734
rec2018-01-23_12h55m53.736s.wav,0,2018-01-23T12:55:53.736000,2018-01-23,2018-01-23#3,112,False,other_session,-3.1594567154430053,1.3095193464773476,-1.8554401036576746,-1.2031374345578751,-0.1010623229800052,-0.39405285021615827,-0.4748715166041073,3.1594567154430053,1.3095193464773476,1.8554401036576746,1.2031374345578751,0.1010623229800052,0.39405285021615827,0.4748715166041073
rec2018-01-23_12h56m34.401s.wav,0,2018-01-23T12:56:34.401000,2018-01-23,2018-01-23#3,113,False,other_session,-2.7334625515630497,1.1552366493981625,-2.8368158684736455,-0.6141937192844253,-1.0742836779523952,0.4919924163525378,-1.0422470020777352,2.7334625515630497,1.1552366493981625,2.8368158684736455,0.6141937192844253,1.0742836779523952,0.4919924163525378,1.0422470020777352
rec2018-01-23_12h57m02.652s.wav,0,2018-01-23T12:57:02.652000,2018-01-23,2018-01-23#3,114,False,other_session,-3.0174586608163514,1.099759672153313,-0.7670116324886789,-3.34729782213896,0.8356623685915608,-0.8770380482874466,-1.7330670013167973,3.0174586608163514,1.099759672153313,0.7670116324886789,3.34729782213896,0.8356623685915608,0.8770380482874466,1.7330670013167973
rec2018-01-23_12h57m37.371s.wav,0,2018-01-23T12:57:37.371000,2018-01-23,2018-01-23#3,115,False,other_session,-2.236469360369768,2.9979169511975448,-3.7265302567115546,0.8785807449143125,-2.6554133650618956,-1.2807186122362524,-0.7048800840850815,2.236469360369768,2.9979169511975448,3.7265302567115546,0.8785807449143125,2.6554133650618956,1.2807186122362524,0.7048800840850815
rec2018-02-01_17h36m45.706s.wav,0,2018-02-01T17:36:45.706000,2018-02-01,2018-02-01#1,116,False,other_session,-0.9584868687299025,-0.5167870951915803,0.3234965464048848,8.28898240486366,-2.351470700184863,-1.065432725373233,0.772057014853407,0.9584868687299025,0.5167870951915803,0.3234965464048848,8.28898240486366,2.351470700184863,1.065432725373233,0.772057014853407
rec2018-02-01_17h40m59.475s.wav,0,2018-02-01T17:40:59.475000,2018-02-01,2018-02-01#1,117,False,other_session,-1.0294858960432265,0.1565212376712989,-1.8413473473662259,-3.139946897194752,-0.7318187868854147,0.8431136527424138,0.7609289246744726,1.0294858960432265,0.1565212376712989,1.8413473473662259,3.139946897194752,0.7318187868854147,0.8431136527424138,0.7609289246744726
rec2018-02-02_00h11m42.617s.wav,0,2018-02-02T00:11:42.617000,2018-02-02,2018-02-01#4,118,False,other_session,-0.6744907594765966,0.25626728490169953,-1.9526938043563324,-0.14115357962321007,-2.4317368392721246,-0.051432509988743415,1.7988449857798245,0.6744907594765966,0.25626728490169953,1.9526938043563324,0.14115357962321007,2.4317368392721246,0.051432509988743415,1.7988449857798245
rec2018-02-02_00h27m33.111s.wav,0,2018-02-02T00:27:33.111000,2018-02-02,2018-02-01#4,119,False,other_session,0.5324927048499418,0.3462065594753994,0.079556283530539,3.227554920767417,-3.194000633196065,-1.163544771888599,0.5374900354561032,0.5324927048499418,0.3462065594753994,0.079556283530539,3.227554920767417,3.194000633196065,1.163544771888599,0.5374900354561032
rec2018-02-02_01h32m24.455s.wav,0,2018-02-02T01:32:24.455000,2018-02-02,2018-02-02#1,120,False,other_session,-4.934432398276151,1.2844252362659898,-2.574695576830031,-5.2780517228457065,-2.3061370624515285,0.004329094794910776,-1.4220898868355707,4.934432398276151,1.2844252362659898,2.574695576830031,5.2780517228457065,2.3061370624515285,0.004329094794910776,1.4220898868355707
rec2018-02-02_01h34m08.386s.wav,0,2018-02-02T01:34:08.386000,2018-02-02,2018-02-02#1,121,False,other_session,-2.3784674149964236,-0.05708044597619396,0.34390554421866615,0.07826036144001777,-0.2466701138037895,-0.8557947573349287,-1.5106213137199846,2.3784674149964236,0.05708044597619396,0.34390554421866615,0.07826036144001777,0.2466701138037895,0.8557947573349287,1.5106213137199846
rec2018-02-02_01h35m12.866s.wav,0,2018-02-02T01:35:12.866000,2018-02-02,2018-02-02#1,122,False,other_session,-0.9584868687299005,0.5018471173839762,-1.5152735555036287,-1.1612312184960294,-1.7374302033448092,0.8446030587822392,1.2615321660591265,0.9584868687299005,0.5018471173839762,1.5152735555036287,1.1612312184960294,1.7374302033448092,0.8446030587822392,1.2615321660591265
rec2018-02-02_01h36m19.632s.wav,0,2018-02-02T01:36:19.632000,2018-02-02,2018-02-02#1,123,False,other_session,-0.6034917321632727,-0.11966952632485153,-0.9151311033358318,0.0012365876217347894,0.1283715639772566,1.5897551785475459,0.834759116052242,0.6034917321632727,0.11966952632485153,0.9151311033358318,0.0012365876217347894,0.1283715639772566,1.5897551785475459,0.834759116052242
rec2018-02-02_01h40m26.773s.wav,0,2018-02-02T01:40:26.773000,2018-02-02,2018-02-02#1,124,False,other_session,-3.940446015889591,0.05802428205657074,-4.221334020017021,-5.657901154233426,-1.7677879366359177,-0.11769480702692357,-0.5120688349641516,3.940446015889591,0.05802428205657074,4.221334020017021,5.657901154233426,1.7677879366359177,0.11769480702692357,0.5120688349641516
rec2018-02-02_01h58m20.818s.wav,0,2018-02-02T01:58:20.818000,2018-02-02,2018-02-02#1,125,False,other_session,-4.508438234396197,4.999236566432253,-3.5634622646719367,-7.624734220842812,-3.3000781522200833,-3.6660479458648076,-1.694105989637847,4.508438234396197,4.999236566432253,3.5634622646719367,7.624734220842812,3.3000781522200833,3.6660479458648076,1.694105989637847
rec2018-02-02_01h58m59.251s.wav,0,2018-02-02T01:58:59.251000,2018-02-02,2018-02-02#1,126,False,other_session,-1.3844810326098582,0.6258054255015618,-0.46697647789043145,0.48925900860975463,-0.812773644382598,0.12265117716234598,-0.4117895918290868,1.3844810326098582,0.6258054255015618,0.46697647789043145,0.48925900860975463,0.812773644382598,0.12265117716234598,0.4117895918290868
rec2018-02-02_02h09m32.913s.wav,0,2018-02-02T02:09:32.913000,2018-02-02,2018-02-02#1,127,False,other_session,-2.6624635242497225,2.378931238440312,-2.6639463830909897,-3.990645379301169,-4.072516441396412,-1.2497968939805335,-0.6008518023923963,2.6624635242497225,2.378931238440312,2.6639463830909897,3.990645379301169,4.072516441396412,1.2497968939805335,0.6008518023923963
rec2018-02-02_10h29m51.284s.wav,0,2018-02-02T10:29:51.284000,2018-02-02,2018-02-02#2,128,False,other_session,1.2424829779832025,0.7228638205476968,-2.4863627276867417,-1.6728428330640688,-3.2282390038146382,2.9385680138596824,1.4771407647836525,1.2424829779832025,0.7228638205476968,2.4863627276867417,1.6728428330640688,3.2282390038146382,2.9385680138596824,1.4771407647836525
rec2018-02-02_10h46m42.260s.wav,0,2018-02-02T10:46:42.260000,2018-02-02,2018-02-02#2,129,False,other_session,-0.46149367753662074,2.537505056435118,-3.5607282948282823,1.068922303252536,-4.159916701930334,-1.824058925561426,1.3299104608128258,0.46149367753662074,2.537505056435118,3.5607282948282823,1.068922303252536,4.159916701930334,1.824058925561426,1.3299104608128258
rec2018-02-02_10h48m38.792s.wav,0,2018-02-02T10:48:38.792000,2018-02-02,2018-02-02#2,130,False,other_session,0.8874878414165746,2.5476814105061893,-1.9391334134393579,0.5133489600419009,-3.427900365167022,-1.283339446170858,-0.033817523334693025,0.8874878414165746,2.5476814105061893,1.9391334134393579,0.5133489600419009,3.427900365167022,1.283339446170858,0.033817523334693025
rec2018-02-02_10h57m01.870s.wav,0,2018-02-02T10:57:01.870000,2018-02-02,2018-02-02#2,131,False,other_session,1.0294858960432265,1.6073738969875284,-2.777723311907525,2.1852044910525303,-4.344684696803174,-1.4755883546182402,1.702609435425133,1.0294858960432265,1.6073738969875284,2.777723311907525,2.1852044910525303,4.344684696803174,1.4755883546182402,1.702609435425133
rec2018-02-02_10h58m28.930s.wav,0,2018-02-02T10:58:28.930000,2018-02-02,2018-02-02#2,132,False,other_session,1.668477141863158,-0.032651816222997294,-1.0777289222176332,0.29604629280498806,-4.982805305985675,-1.076973181421772,1.0995458748544602,1.668477141863158,0.032651816222997294,1.0777289222176332,0.29604629280498806,4.982805305985675,1.076973181421772,1.0995458748544602
rec2018-02-02_10h59m19.989s.wav,0,2018-02-02T10:59:19.989000,2018-02-02,2018-02-02#2,133,False,other_session,-0.24849659559664383,1.4344413732197585,-2.088867394230584,-1.2471254037866188,-2.8664913503509863,1.570446054360505,-0.23098933755093826,0.24849659559664383,1.4344413732197585,2.088867394230584,1.2471254037866188,2.8664913503509863,1.570446054360505,0.23098933755093826
rec2018-02-02_11h00m10.171s.wav,0,2018-02-02T11:00:10.171000,2018-02-02,2018-02-02#2,134,False,other_session,-0.7454897867899246,-0.6114806370103008,-0.7250766646502057,-3.3017720452267705,-3.7733860103600723,-1.18480975848628,-1.8365705128318142,0.7454897867899246,0.6114806370103008,0.7250766646502057,3.3017720452267705,3.7733860103600723,1.18480975848628,1.8365705128318142
rec2018-02-02_11h00m59.338s.wav,0,2018-02-02T11:00:59.338000,2018-02-02,2018-02-02#2,135,False,other_session,-0.24849659559664383,-1.7293930722411,-0.576268104042632,0.522069581501639,-4.612025834474329,-0.7705997555531222,1.1667730608313311,0.24849659559664383,1.7293930722411,0.576268104042632,0.522069581501639,4.612025834474329,0.7705997555531222,1.1667730608313311
rec2018-02-02_11h01m45.212s.wav,0,2018-02-02T11:01:45.212000,2018-02-02,2018-02-02#2,136,False,other_session,-0.6744907594765966,1.0471083553424083,-1.2637458421987544,-6.02653328172617,-2.9551574184929352,-2.2761088455987832,-1.7407822338331858,0.6744907594765966,1.0471083553424083,1.2637458421987544,6.02653328172617,2.9551574184929352,2.2761088455987832,1.7407822338331858
rec2018-02-05_10h37m14.374s.wav,0,2018-02-05T10:37:14.374000,2018-02-05,2018-02-05#1,137,False,other_session,-2.094471305743115,-0.4316313268988482,0.8062350196814848,8.226553863726672,0.6238171861739368,1.4120613360428431,1.4214590517177574,2.094471305743115,0.4316313268988482,0.8062350196814848,8.226553863726672,0.6238171861739368,1.4120613360428431,1.4214590517177574
rec2018-02-05_10h38m19.385s.wav,0,2018-02-05T10:38:19.385000,2018-02-05,2018-02-05#1,138,False,other_session,-3.58545087932296,4.033819738403543,-4.015256378635323,-2.6715447811333757,-3.201097544905459,-1.8001313409122288,-1.3228001423066873,3.58545087932296,4.033819738403543,4.015256378635323,2.6715447811333757,3.201097544905459,1.8001313409122288,1.3228001423066873
rec2018-02-05_10h39m00.035s.wav,0,2018-02-05T10:39:00.035000,2018-02-05,2018-02-05#1,139,False,other_session,-3.656449906636287,-1.0830864042947677,-0.5691433637039413,2.691986744413486,2.7037481372416514,1.954931938650443,-1.5857539085024241,3.656449906636287,1.0830864042947677,0.5691433637039413,2.691986744413486,2.7037481372416514,1.954931938650443,1.5857539085024241
rec2018-02-05_10h41m21.507s.wav,0,2018-02-05T10:41:21.507000,2018-02-05,2018-02-05#1,140,False,other_session,-1.5264790872365093,0.08744693914955312,-2.9785768070911574,1.8401364099113822,-2.5940714218121133,5.245571186962182,1.6688585663670317,1.5264790872365093,0.08744693914955312,2.9785768070911574,1.8401364099113822,2.5940714218121133,5.245571186962182,1.6688585663670317
rec2018-02-05_10h42m50.893s.wav,0,2018-02-05T10:42:50.893000,2018-02-05,2018-02-05#1,141,False,other_session,-2.236469360369768,1.187975013167566,-1.1587852820136215,-5.3160978393509035,0.9148690449774972,-1.4477794190509938,-2.339285530979839,2.236469360369768,1.187975013167566,1.1587852820136215,5.3160978393509035,0.9148690449774972,1.4477794190509938,2.339285530979839
rec2018-02-05_10h43m40.571s.wav,0,2018-02-05T10:43:40.571000,2018-02-05,2018-02-05#1,142,False,other_session,-2.094471305743116,2.624452592850694,-3.1333259682325267,6.994750775528928,-3.107568502371976,7.019978815002015,1.1393813271621374,2.094471305743116,2.624452592850694,3.1333259682325267,6.994750775528928,3.107568502371976,7.019978815002015,1.1393813271621374
rec2018-02-05_10h44m37.655s.wav,0,2018-02-05T10:44:37.655000,2018-02-05,2018-02-05#1,143,False,other_session,-1.4554800599231823,4.665105728803059,-3.7738038044267226,3.050693370199646,-4.888550335304995,0.33490509761509546,-0.6758145874701668,1.4554800599231823,4.665105728803059,3.7738038044267226,3.050693370199646,4.888550335304995,0.33490509761509546,0.6758145874701668
rec2018-02-05_10h45m35.939s.wav,0,2018-02-05T10:45:35.939000,2018-02-05,2018-02-05#1,144,False,other_session,-3.4434528246963088,1.7173384025007647,-0.057358637566100455,6.65591046016447,0.21279572206984754,4.009140708765457,0.22805549137617578,3.4434528246963088,1.7173384025007647,0.057358637566100455,6.65591046016447,0.21279572206984754,4.009140708765457,0.22805549137617578
rec2018-02-05_10h52m39.045s.wav,0,2018-02-05T10:52:39.045000,2018-02-05,2018-02-05#1,145,False,other_session,1.4554800599231803,1.5544243420099557,-1.8840211587384303,-5.994969683354735,-6.7080225970161065,-2.8613618910146967,-0.6103103616431726,1.4554800599231803,1.5544243420099557,1.8840211587384303,5.994969683354735,6.7080225970161065,2.8613618910146967,0.6103103616431726
rec2018-02-05_10h53m45.411s.wav,0,2018-02-05T10:53:45.411000,2018-02-05,2018-02-05#1,146,False,other_session,2.66246352424972,1.0281836817159238,0.011453318617092648,-3.456153066978857,-2.549542867485265,-0.36970870917999255,-0.17770506243383688,2.66246352424972,1.0281836817159238,0.011453318617092648,3.456153066978857,2.549542867485265,0.36970870917999255,0.17770506243383688
rec2018-02-05_10h54m35.447s.wav,0,2018-02-05T10:54:35.447000,2018-02-05,2018-02-05#1,147,False,other_session,2.7334625515630475,-0.4467256868162493,1.0622355972073652,-2.76271715098977,-0.5308158453690809,0.8175713697026343,-0.028812104563392907,2.7334625515630475,0.4467256868162493,1.0622355972073652,2.76271715098977,0.5308158453690809,0.8175713697026343,0.028812104563392907
rec2018-02-05_10h55m27.871s.wav,0,2018-02-05T10:55:27.871000,2018-02-05,2018-02-05#1,148,False,other_session,1.4554800599231803,-1.6356246535197543,0.9151087141378401,-2.7434204799588096,-2.692190116303305,3.7149759648160874,0.9419138007187556,1.4554800599231803,1.6356246535197543,0.9151087141378401,2.7434204799588096,2.692190116303305,3.7149759648160874,0.9419138007187556
rec2018-02-05_10h56m11.262s.wav,0,2018-02-05T10:56:11.262000,2018-02-05,2018-02-05#1,149,False,other_session,5.715421698722732,-2.9863242582251934,2.914028749281057,1.3006474526453515,-4.347273141436167,-0.48736798958797745,0.735525710257159,5.715421698722732,2.9863242582251934,2.914028749281057,1.3006474526453515,4.347273141436167,0.48736798958797745,0.735525710257159
rec2018-02-05_10h58m35.817s.wav,0,2018-02-05T10:58:35.817000,2018-02-05,2018-02-05#1,150,False,other_session,4.224442125142893,-2.3898572813930796,2.6638667770536766,-3.5661415771325875,-3.442328271660296,-0.20349511730851416,0.6140308340822545,4.224442125142893,2.3898572813930796,2.6638667770536766,3.5661415771325875,3.442328271660296,0.20349511730851416,0.6140308340822545
rec2018-02-05_11h01m02.037s.wav,0,2018-02-05T11:01:02.037000,2018-02-05,2018-02-05#1,151,False,other_session,-1.6684771418631592,2.064052551640217,-1.7685650400725075,6.573765398618289,-5.950811208873453,-3.737713543328592,0.47675582242353326,1.6684771418631592,2.064052551640217,1.7685650400725075,6.573765398618289,5.950811208873453,3.737713543328592,0.47675582242353326
rec2018-02-05_11h02m06.737s.wav,0,2018-02-05T11:02:06.737000,2018-02-05,2018-02-05#1,152,False,other_session,-1.5264790872365082,2.242345175477832,-1.605437343504907,0.6114144038693152,-3.94313344910595,-1.1655429408072762,-0.040022190082593584,1.5264790872365082,2.242345175477832,1.605437343504907,0.6114144038693152,3.94313344910595,1.1655429408072762,0.040022190082593584
rec2018-02-05_11h03m04.776s.wav,0,2018-02-05T11:03:04.776000,2018-02-05,2018-02-05#1,153,False,other_session,-0.8164888141032506,3.526025401107897,-2.788136776662336,-0.786177800903842,-4.771712436801677,-0.10220791312487634,0.4462995790373504,0.8164888141032506,3.526025401107897,2.788136776662336,0.786177800903842,4.771712436801677,0.10220791312487634,0.4462995790373504
rec2018-02-05_11h03m43.815s.wav,0,2018-02-05T11:03:43.815000,2018-02-05,2018-02-05#1,154,False,other_session,-1.3844810326098562,0.3836617645238108,0.5223300383919364,4.2530862281258655,-1.8312190374985404,2.565103517307964,0.17956503415228012,1.3844810326098562,0.3836617645238108,0.5223300383919364,4.2530862281258655,1.8312190374985404,2.565103517307964,0.17956503415228012
rec2018-02-05_11h04m48.418s.wav,0,2018-02-05T11:04:48.418000,2018-02-05,2018-02-05#1,155,False,other_session,-2.5914644969363967,-0.09125152250701399,-0.367177871686716,3.7436744493623655,-2.9747135033234042,2.2055795575499424,0.6521031220732141,2.5914644969363967,0.09125152250701399,0.367177871686716,3.7436744493623655,2.9747135033234042,2.2055795575499424,0.6521031220732141
rec2018-02-05_11h05m32.273s.wav,0,2018-02-05T11:05:32.273000,2018-02-05,2018-02-05#1,156,False,other_session,-0.7454897867899226,2.331564000205792,-1.7588008620594562,-2.4150179044094586,-5.788578107435119,-3.5377691895450876,0.09188080428353454,0.7454897867899226,2.331564000205792,1.7588008620594562,2.4150179044094586,5.788578107435119,3.5377691895450876,0.09188080428353454
rec2018-02-05_11h06m12.128s.wav,1,2018-02-05T11:06:12.128000,2018-02-05,2018-02-05#1,157,False,other_session,-1.1714839506698793,1.1461702091316437,-0.711394376988605,-3.325727513654935,-3.6553804026470003,-0.03197802497915261,-1.0706390788981166,1.1714839506698793,1.1461702091316437,0.711394376988605,3.325727513654935,3.6553804026470003,0.03197802497915261,1.0706390788981166
rec2018-02-05_11h06m59.857s.wav,0,2018-02-05T11:06:59.857000,2018-02-05,2018-02-05#1,158,False,other_session,-1.8104751964898111,2.547405394006852,-2.183513997207536,-3.7574616906622156,-6.273839086269249,1.6335120404763779,-0.06177158633742495,1.8104751964898111,2.547405394006852,2.183513997207536,3.7574616906622156,6.273839086269249,1.6335120404763779,0.06177158633742495
rec2018-02-05_11h20m08.624s.wav,1,2018-02-05T11:20:08.624000,2018-02-05,2018-02-05#1,159,False,other_session,-3.1594567154430035,3.0836411263490935,-2.701017919587926,-1.6059457387793914,0.8788202515053256,-0.06264536179545206,-1.576478119510098,3.1594567154430035,3.0836411263490935,2.701017919587926,1.6059457387793914,0.8788202515053256,0.06264536179545206,1.576478119510098
rec2018-02-05_11h20m47.521s.wav,0,2018-02-05T11:20:47.521000,2018-02-05,2018-02-05#1,160,False,other_session,-0.8874878414165785,2.406052198623528,-2.0521665233448396,-0.9535457260785761,0.4876863771637934,-0.15466038963140644,-1.8567453340525288,0.8874878414165785,2.406052198623528,2.0521665233448396,0.9535457260785761,0.4876863771637934,0.15466038963140644,1.8567453340525288
rec2018-02-05_11h22m34.731s.wav,0,2018-02-05T11:22:34.731000,2018-02-05,2018-02-05#1,161,False,other_session,-0.4614936775366267,3.6307876973454056,-3.6043623540254597,-0.3124051115463064,-2.10944233197098,-2.6728489726628304,-0.6315968809771757,0.4614936775366267,3.6307876973454056,3.6043623540254597,0.3124051115463064,2.10944233197098,2.6728489726628304,0.6315968809771757
rec2018-02-05_11h23m35.644s.wav,0,2018-02-05T11:23:35.644000,2018-02-05,2018-02-05#1,162,False,other_session,0.3904946502232889,3.355131422926364,-3.5595939087966975,5.4744728969846985,-3.661060638177225,-1.4469717986601376,0.3006187224963628,0.3904946502232889,3.355131422926364,3.5595939087966975,5.4744728969846985,3.661060638177225,1.4469717986601376,0.3006187224963628
rec2018-02-05_11h30m48.760s.wav,0,2018-02-05T11:30:48.760000,2018-02-05,2018-02-05#1,163,False,other_session,1.3134820052965284,3.976736953304467,-3.261892206166924,-1.4159923224444377,-4.337376704402331,-2.7776242941961145,0.023335873838338846,1.3134820052965284,3.976736953304467,3.261892206166924,1.4159923224444377,4.337376704402331,2.7776242941961145,0.023335873838338846
rec2018-02-06_10h28m57.917s.wav,0,2018-02-06T10:28:57.917000,2018-02-06,2018-02-06#1,164,False,other_session,-2.023472278429789,1.6650987713159953,-2.7946047671932743,-2.880780654848486,-2.008030237460591,-0.37593969846821373,-0.020513647126766718,2.023472278429789,1.6650987713159953,2.7946047671932743,2.880780654848486,2.008030237460591,0.37593969846821373,0.020513647126766718
rec2018-02-06_10h30m00.277s.wav,0,2018-02-06T10:30:00.277000,2018-02-06,2018-02-06#1,165,False,other_session,-1.4554800599231823,2.3076371123094455,-2.2487262678913953,-0.39431072774396864,-1.3430719361332129,-3.084417530798492,-1.012484809571694,1.4554800599231823,2.3076371123094455,2.2487262678913953,0.39431072774396864,1.3430719361332129,3.084417530798492,1.012484809571694
rec2018-02-06_10h32m03.907s.wav,0,2018-02-06T10:32:03.907000,2018-02-06,2018-02-06#1,166,False,other_session,-2.5204654696230726,0.35516540008963465,-1.49515810495241,-0.8716586969627674,-0.007663176256644,-0.5543847526863784,-0.36213532977568613,2.5204654696230726,0.35516540008963465,1.49515810495241,0.8716586969627674,0.007663176256644,0.5543847526863784,0.36213532977568613
rec2018-02-06_10h32m43.911s.wav,0,2018-02-06T10:32:43.911000,2018-02-06,2018-02-06#1,167,False,other_session,-2.7334625515630497,0.18937421846161537,-3.1693924785085064,-1.2326471603851779,-3.307250836485378,-1.3653001696513378,-0.05117461436250394,2.7334625515630497,0.18937421846161537,3.1693924785085064,1.2326471603851779,3.307250836485378,1.3653001696513378,0.05117461436250394
rec2018-02-06_11h39m13.131s.wav,0,2018-02-06T11:39:13.131000,2018-02-06,2018-02-06#2,168,False,other_session,-2.8044615788763796,2.1070818865016028,-2.671168143287649,-3.5680057521061226,0.9501655252160328,-1.140608678222926,-2.1981220886850537,2.8044615788763796,2.1070818865016028,2.671168143287649,3.5680057521061226,0.9501655252160328,1.140608678222926,2.1981220886850537
rec2018-02-06_12h10m09.167s.wav,0,2018-02-06T12:10:09.167000,2018-02-06,2018-02-06#3,169,False,other_session,-3.798447961262938,2.0283961320832837,-3.385970653748321,1.3876437425537058,-3.111470789001128,-1.9277440409257234,-0.5428625817508914,3.798447961262938,2.0283961320832837,3.385970653748321,1.3876437425537058,3.111470789001128,1.9277440409257234,0.5428625817508914
rec2018-02-06_12h10m09.167s.wav,1,2018-02-06T12:10:09.167000,2018-02-06,2018-02-06#3,170,False,other_session,-4.792434343649503,1.8230690956088522,-3.179154168832892,4.937727174327796,-3.391235919678116,-2.1180159337084477,-0.23574771229706132,4.792434343649503,1.8230690956088522,3.179154168832892,4.937727174327796,3.391235919678116,2.1180159337084477,0.23574771229706132
rec2018-02-06_12h11m01.614s.wav,0,2018-02-06T12:11:01.614000,2018-02-06,2018-02-06#3,171,False,other_session,-5.218428507529456,0.6498574564717603,-2.9192056293944733,2.4160046597839937,-0.9496107618602916,2.89510078879366,-0.20938330089101023,5.218428507529456,0.6498574564717603,2.9192056293944733,2.4160046597839937,0.9496107618602916,2.89510078879366,0.20938330089101023
rec2018-02-06_12h11m01.614s.wav,1,2018-02-06T12:11:01.614000,2018-02-06,2018-02-06#3,172,False,other_session,-4.508438234396206,4.427587683312157,-4.409343578619404,1.921787273751942,-3.2034519064639624,-2.202705426958175,0.04250321037823414,4.508438234396206,4.427587683312157,4.409343578619404,1.921787273751942,3.2034519064639624,2.202705426958175,0.04250321037823414
rec2018-02-06_12h12m08.951s.wav,0,2018-02-06T12:12:08.951000,2018-02-06,2018-02-06#3,173,False,other_session,-5.076430452902804,5.314036892616009,-3.9466981666960406,1.2679112280808897,-1.9289913431627366,-3.315234787636114,-0.704222005354209,5.076430452902804,5.314036892616009,3.9466981666960406,1.2679112280808897,1.9289913431627366,3.315234787636114,0.704222005354209
rec2018-02-06_12h13m05.267s.wav,0,2018-02-06T12:13:05.267000,2018-02-06,2018-02-06#3,174,False,other_session,-2.5914644969363976,0.633767799770711,-2.615135443780391,1.2876441488563914,-0.24885398711150483,3.102715095530235,0.4835635516739942,2.5914644969363976,0.633767799770711,2.615135443780391,1.2876441488563914,0.24885398711150483,3.102715095530235,0.4835635516739942
rec2018-02-06_12h13m05.267s.wav,1,2018-02-06T12:13:05.267000,2018-02-06,2018-02-06#3,175,False,other_session,-4.011445043202917,0.8234706649963798,-2.0053183703915143,-1.3535758082427665,0.5787311623286437,-2.449458677552542,-2.29963628744489,4.011445043202917,0.8234706649963798,2.0053183703915143,1.3535758082427665,0.5787311623286437,2.449458677552542,2.29963628744489
rec2018-02-06_12h13m52.029s.wav,0,2018-02-06T12:13:52.029000,2018-02-06,2018-02-06#3,176,False,other_session,-3.372453797382983,-1.0867588272097404,-2.362893763828457,-2.010551523151345,-2.620541752368977,-1.5755434461894415,-0.9538163501115121,3.372453797382983,1.0867588272097404,2.362893763828457,2.010551523151345,2.620541752368977,1.5755434461894415,0.9538163501115121
rec2018-02-06_12h13m52.029s.wav,1,2018-02-06T12:13:52.029000,2018-02-06,2018-02-06#3,177,False,other_session,-3.656449906636295,-0.4105371168050765,-2.207594823491953,-2.8092974714573757,-2.096850556877072,-1.5258571644400367,-0.3799928568801821,3.656449906636295,0.4105371168050765,2.207594823491953,2.8092974714573757,2.096850556877072,1.5258571644400367,0.3799928568801821
rec2018-02-06_12h15m08.616s.wav,0,2018-02-06T12:15:08.616000,2018-02-06,2018-02-06#3,178,False,other_session,-3.372453797382983,-1.5811230905141067,-2.3014926321805245,5.774043081836425,-4.024193846948859,-1.0832063402745087,0.16689172856106926,3.372453797382983,1.5811230905141067,2.3014926321805245,5.774043081836425,4.024193846948859,1.0832063402745087,0.16689172856106926
rec2018-02-06_12h15m08.616s.wav,1,2018-02-06T12:15:08.616000,2018-02-06,2018-02-06#3,179,False,other_session,-3.727448933949613,-1.6641514265513135,-0.7800894118045034,7.058852154032183,-1.8721862816978074,2.2153957521998704,1.3273125310320326,3.727448933949613,1.6641514265513135,0.7800894118045034,7.058852154032183,1.8721862816978074,2.2153957521998704,1.3273125310320326
rec2018-02-06_12h17m38.883s.wav,0,2018-02-06T12:17:38.883000,2018-02-06,2018-02-06#3,180,False,other_session,-3.0174586608163536,-1.2284921300603784,0.7689719311572818,10.275451630087167,-0.2310717919380414,-1.0993945459061574,-0.041066969418177925,3.0174586608163536,1.2284921300603784,0.7689719311572818,10.275451630087167,0.2310717919380414,1.0993945459061574,0.041066969418177925
rec2018-02-06_12h18m33.477s.wav,0,2018-02-06T12:18:33.477000,2018-02-06,2018-02-06#3,181,False,other_session,-3.2304557427563294,2.064261903137599,-2.907187605450261,2.6444256820389906,-2.2685065168748237,-2.6847631361991406,-0.44167133883124987,3.2304557427563294,2.064261903137599,2.907187605450261,2.6444256820389906,2.2685065168748237,2.6847631361991406,0.44167133883124987
rec2018-02-08_14h33m35.005s.wav,0,2018-02-08T14:33:35.005000,2018-02-08,2018-02-08#1,182,False,other_session,-1.4554800599231823,2.8851700590235674,-3.130370594097621,3.9678663638181635,-1.6016390177548916,-0.9313151285514372,2.241222013539517,1.4554800599231823,2.8851700590235674,3.130370594097621,3.9678663638181635,1.6016390177548916,0.9313151285514372,2.241222013539517
rec2018-02-08_14h35m33.038s.wav,1,2018-02-08T14:35:33.038000,2018-02-08,2018-02-08#1,183,False,other_session,-1.952473251116464,0.6566865257075967,0.13754181864040735,-3.4575853656388746,1.3876505544702133,-0.6990523993554317,-0.6625197042995555,1.952473251116464,0.6566865257075967,0.13754181864040735,3.4575853656388746,1.3876505544702133,0.6990523993554317,0.6625197042995555
rec2018-02-08_14h37m48.457s.wav,0,2018-02-08T14:37:48.457000,2018-02-08,2018-02-08#1,184,False,other_session,-1.0294858960432265,3.302061403120695,-2.3377233299084432,-4.750439364201368,-2.4265761869823943,-2.6880440601375533,-2.4973304913289236,1.0294858960432265,3.302061403120695,2.3377233299084432,4.750439364201368,2.4265761869823943,2.6880440601375533,2.4973304913289236
rec2018-02-08_14h50m50.378s.wav,0,2018-02-08T14:50:50.378000,2018-02-08,2018-02-08#1,185,False,other_session,-0.5324927048499467,4.697344689838482,-4.683188346944678,-1.550375830844144,-4.906465808991963,-2.7267957367293474,0.14542693548727062,0.5324927048499467,4.697344689838482,4.683188346944678,1.550375830844144,4.906465808991963,2.7267957367293474,0.14542693548727062
rec2018-02-08_15h03m14.166s.wav,1,2018-02-08T15:03:14.166000,2018-02-08,2018-02-08#1,186,False,other_session,-1.3134820052965324,3.789832848599672,-3.1059912451733145,-2.073425060894928,-2.9132470765889122,-2.3886240885407597,-0.9890066341428422,1.3134820052965324,3.789832848599672,3.1059912451733145,2.073425060894928,2.9132470765889122,2.3886240885407597,0.9890066341428422
rec2018-02-08_15h06m27.101s.wav,0,2018-02-08T15:06:27.101000,2018-02-08,2018-02-08#1,187,False,other_session,0.10649854096998698,2.380211908214805,0.3772231585189967,1.4899710949130056,0.9749215016955283,-1.2569770677442396,-3.335341648376364,0.10649854096998698,2.380211908214805,0.3772231585189967,1.4899710949130056,0.9749215016955283,1.2569770677442396,3.335341648376364
rec2018-02-08_15h08m45.803s.wav,0,2018-02-08T15:08:45.803000,2018-02-08,2018-02-08#1,188,False,other_session,4.082444070516239,1.503132055589883,0.629616587479546,8.124593879573304,0.7957167008156714,-1.1216873636930107,-0.47351621297991986,4.082444070516239,1.503132055589883,0.629616587479546,8.124593879573304,0.7957167008156714,1.1216873636930107,0.47351621297991986
rec2018-02-08_15h20m25.156s.wav,0,2018-02-08T15:20:25.156000,2018-02-08,2018-02-08#1,189,False,other_session,1.4554800599231783,-0.08934513736325203,1.355651012266059,-2.02037643594439,1.6781408845112629,-1.1322390407136564,-2.358379336214602,1.4554800599231783,0.08934513736325203,1.355651012266059,2.02037643594439,1.6781408845112629,1.1322390407136564,2.358379336214602
rec2018-02-08_15h23m00.916s.wav,1,2018-02-08T15:23:00.916000,2018-02-08,2018-02-08#1,190,False,other_session,2.591464496936392,3.2833706417817816,-1.66187056088735,-0.43924117135816443,-2.351277209551032,-2.38952066107674,-3.1355221781729825,2.591464496936392,3.2833706417817816,1.66187056088735,0.43924117135816443,2.351277209551032,2.38952066107674,3.1355221781729825
rec2018-02-09_10h49m08.773s.wav,0,2018-02-09T10:49:08.773000,2018-02-09,2018-02-09#1,191,False,other_session,0.1774975682833159,1.9546658094772915,-2.9247357612984306,-3.91153711892158,-1.7736873713457268,1.2860486898594603,-0.41634059771468523,0.1774975682833159,1.9546658094772915,2.9247357612984306,3.91153711892158,1.7736873713457268,1.2860486898594603,0.41634059771468523
rec2018-02-09_10h57m14.793s.wav,0,2018-02-09T10:57:14.793000,2018-02-09,2018-02-09#1,192,False,other_session,-2.3784674149964276,2.734021786597926,-1.1219326621192618,2.3042634971478297,-0.020705527441925206,-2.321229821216668,-2.683556721123587,2.3784674149964276,2.734021786597926,1.1219326621192618,2.3042634971478297,0.020705527441925206,2.321229821216668,2.683556721123587
rec2018-02-09_11h05m06.012s.wav,0,2018-02-09T11:05:06.012000,2018-02-09,2018-02-09#1,193,False,other_session,-0.9584868687299005,0.8455437980136671,-0.24522639791453624,-2.713494184826575,-1.0487496796935052,-2.324736379864673,-1.8686867651066368,0.9584868687299005,0.8455437980136671,0.24522639791453624,2.713494184826575,1.0487496796935052,2.324736379864673,1.8686867651066368
rec2018-02-09_11h05m43.714s.wav,0,2018-02-09T11:05:43.714000,2018-02-09,2018-02-09#1,194,False,other_session,-1.2424829779832063,-1.6167385754207113,2.1115202872208543,2.5061815274037764,1.2211051827520374,1.874985655822514,-1.3066645173476776,1.2424829779832063,1.6167385754207113,2.1115202872208543,2.5061815274037764,1.2211051827520374,1.874985655822514,1.3066645173476776
rec2018-05-02_17h33m50.393s.wav,0,2018-05-02T17:33:50.393000,2018-05-02,2018-05-02#1,195,False,other_session,-0.39049465022329477,5.75198969908665,-4.126421234352825,-0.18586535168625673,-6.874284498190313,-3.289528160084283,0.08072573499264604,0.39049465022329477,5.75198969908665,4.126421234352825,0.18586535168625673,6.874284498190313,3.289528160084283,0.08072573499264604
rec2018-05-02_17h34m27.816s.wav,0,2018-05-02T17:34:27.816000,2018-05-02,2018-05-02#1,196,False,other_session,0.4614936775366178,0.7898890474302626,-2.1650851995716973,-0.8443291265003913,-4.669420839410237,-1.497218912836771,-0.8806918476621773,0.4614936775366178,0.7898890474302626,2.1650851995716973,0.8443291265003913,4.669420839410237,1.497218912836771,0.8806918476621773
rec2018-05-02_17h35m57.328s.wav,0,2018-05-02T17:35:57.328000,2018-05-02,2018-05-02#1,197,False,other_session,0.4614936775366188,3.561397617235423,-2.9207977501405504,0.0636585686121888,-4.484242860886694,0.32841484536728005,-0.3439545823298965,0.4614936775366188,3.561397617235423,2.9207977501405504,0.0636585686121888,4.484242860886694,0.32841484536728005,0.3439545823298965
rec2018-05-02_17h38m14.494s.wav,0,2018-05-02T17:38:14.494000,2018-05-02,2018-05-02#1,198,False,other_session,0.8164888141032466,3.6064666672444923,-3.2807140586119554,-4.725037383462356,-5.991222336635623,-3.676691286986223,-1.3327596666363508,0.8164888141032466,3.6064666672444923,3.2807140586119554,4.725037383462356,5.991222336635623,3.676691286986223,1.3327596666363508
rec2018-05-02_17h38m56.671s.wav,0,2018-05-02T17:38:56.671000,2018-05-02,2018-05-02#1,199,False,other_session,-1.3134820052965333,-0.5422051739212336,-0.548318921882985,-0.8540031559231408,-5.0678735308034595,-1.8205328408327741,0.03166025238253542,1.3134820052965333,0.5422051739212336,0.548318921882985,0.8540031559231408,5.0678735308034595,1.8205328408327741,0.03166025238253542
rec2018-05-02_17h40m15.391s.wav,0,2018-05-02T17:40:15.391000,2018-05-02,2018-05-02#1,200,False,other_session,-0.6034917321632727,0.9597479637392613,-4.136966546606925,4.493489358025955,-3.974828026776252,6.96885085763213,0.8169063499675051,0.6034917321632727,0.9597479637392613,4.136966546606925,4.493489358025955,3.974828026776252,6.96885085763213,0.8169063499675051
rec2018-05-02_17h40m35.031s.wav,0,2018-05-02T17:40:35.031000,2018-05-02,2018-05-02#1,201,False,other_session,2.0234722784297863,-0.9809369083095085,-1.9885836887370485,-0.863884923319478,-8.051871878388033,-1.749611946388902,-0.15470087297191146,2.0234722784297863,0.9809369083095085,1.9885836887370485,0.863884923319478,8.051871878388033,1.749611946388902,0.15470087297191146
rec2018-05-02_17h41m00.892s.wav,0,2018-05-02T17:41:00.892000,2018-05-02,2018-05-02#1,202,False,other_session,1.2424829779832025,1.9619089034621406,-3.1341195409169,-2.5050963698312425,-6.617565725700201,-2.4958515603675666,-0.8009040335616844,1.2424829779832025,1.9619089034621406,3.1341195409169,2.5050963698312425,6.617565725700201,2.4958515603675666,0.8009040335616844
rec2018-05-02_17h42m58.720s.wav,0,2018-05-02T17:42:58.720000,2018-05-02,2018-05-02#1,203,False,other_session,-0.03549951365666791,-3.8755710584884775,-2.358311441306149,2.9668175233261564,-7.938753600530886,-2.656961251716558,0.7896627369129738,0.03549951365666791,3.8755710584884775,2.358311441306149,2.9668175233261564,7.938753600530886,2.656961251716558,0.7896627369129738
rec2018-05-02_17h42m58.720s.wav,1,2018-05-02T17:42:58.720000,2018-05-02,2018-05-02#1,204,False,other_session,-1.810475196489816,-7.506192093328981,0.0020224908852465224,0.8645212575332876,-7.517854642531937,5.621822489133917,1.69009800450566,1.810475196489816,7.506192093328981,0.0020224908852465224,0.8645212575332876,7.517854642531937,5.621822489133917,1.69009800450566
rec2018-05-02_17h42m58.720s.wav,2,2018-05-02T17:42:58.720000,2018-05-02,2018-05-02#1,205,False,other_session,-2.5914644969364056,-7.037700868153614,0.42074775941488135,3.1498303046277116,-7.464703577267419,4.5951574408907865,2.4097055097060482,2.5914644969364056,7.037700868153614,0.42074775941488135,3.1498303046277116,7.464703577267419,4.5951574408907865,2.4097055097060482
rec2018-05-03_09h32m11.296s.wav,0,2018-05-03T09:32:11.296000,2018-05-03,2018-05-03#1,206,False,other_session,-0.10649854096999092,1.4018199655941463,-1.8066192135924177,5.372458244943552,-3.152619346102027,-0.7983777748260262,0.8976945072191858,0.10649854096999092,1.4018199655941463,1.8066192135924177,5.372458244943552,3.152619346102027,0.7983777748260262,0.8976945072191858
rec2018-05-03_09h32m39.426s.wav,0,2018-05-03T09:32:39.426000,2018-05-03,2018-05-03#1,207,False,other_session,-1.2424829779832043,2.425669252621254,-3.8479991188825844,-4.205122263418405,-3.275165218303352,0.27445235195802026,0.07100690666181375,1.2424829779832043,2.425669252621254,3.8479991188825844,4.205122263418405,3.275165218303352,0.27445235195802026,0.07100690666181375
rec2018-05-03_09h32m52.456s.wav,0,2018-05-03T09:32:52.456000,2018-05-03,2018-05-03#1,208,False,other_session,-2.094471305743116,3.0736261717564397,-4.080130323660631,-2.058698625282923,-4.488729678661401,0.12157778511834638,0.4125079768102199,2.094471305743116,3.0736261717564397,4.080130323660631,2.058698625282923,4.488729678661401,0.12157778511834638,0.4125079768102199
rec2018-05-03_09h33m56.681s.wav,0,2018-05-03T09:33:56.681000,2018-05-03,2018-05-03#1,209,False,other_session,-0.39049465022329377,1.1525384711609516,-1.178736545112901,0.4758763096795748,-1.9796236474840612,-1.9463431751251141,-0.9285533212759364,0.39049465022329377,1.1525384711609516,1.178736545112901,0.4758763096795748,1.9796236474840612,1.9463431751251141,0.9285533212759364
rec2018-05-03_11h21m20.915s.wav,0,2018-05-03T11:21:20.915000,2018-05-03,2018-05-03#2,210,False,other_session,0.17749756828331195,3.917622639987788,-3.084838428448484,-0.3530156986675974,-4.457405168741825,1.987657649800718,0.10552641590958765,0.17749756828331195,3.917622639987788,3.084838428448484,0.3530156986675974,4.457405168741825,1.987657649800718,0.10552641590958765
rec2018-05-03_11h22m05.830s.wav,0,2018-05-03T11:22:05.830000,2018-05-03,2018-05-03#2,211,False,other_session,-5.289427534842782,7.502776389149621,-5.082352919495555,7.280079975612189,-7.865029609797277,-1.704202418690482,2.056068071194594,5.289427534842782,7.502776389149621,5.082352919495555,7.280079975612189,7.865029609797277,1.704202418690482,2.056068071194594
rec2018-05-03_11h22m05.830s.wav,1,2018-05-03T11:22:05.830000,2018-05-03,2018-05-03#2,212,False,other_session,-4.934432398276153,20.924289190708677,-10.467880456685513,-7.858627225325819,-12.392812937350985,-6.891151565653233,-3.334646539491831,4.934432398276153,20.924289190708677,10.467880456685513,7.858627225325819,12.392812937350985,6.891151565653233,3.334646539491831
rec2018-05-03_11h22m59.308s.wav,0,2018-05-03T11:22:59.308000,2018-05-03,2018-05-03#2,213,False,other_session,2.0234722784297863,4.549612706372913,-6.578595656706221,0.878223216928187,-6.583409893044318,-2.7064685443934406,0.07280868813877735,2.0234722784297863,4.549612706372913,6.578595656706221,0.878223216928187,6.583409893044318,2.7064685443934406,0.07280868813877735
rec2018-05-03_11h30m44.236s.wav,0,2018-05-03T11:30:44.236000,2018-05-03,2018-05-03#2,214,False,other_session,-0.10649854096999092,1.733999974744942,-2.2396909826574025,2.642736444306357,-0.7986785959027713,-0.03925474436380511,0.724607633949734,0.10649854096999092,1.733999974744942,2.2396909826574025,2.642736444306357,0.7986785959027713,0.03925474436380511,0.724607633949734
rec2018-05-03_11h31m05.117s.wav,0,2018-05-03T11:31:05.117000,2018-05-03,2018-05-03#2,215,False,other_session,0.8164888141032447,3.2060158482797743,-3.813052068506186,-2.0807833585910136,-3.8293670452795325,-1.878878939345401,-0.4110537497755179,0.8164888141032447,3.2060158482797743,3.813052068506186,2.0807833585910136,3.8293670452795325,1.878878939345401,0.4110537497755179
rec2018-05-03_11h31m22.631s.wav,0,2018-05-03T11:31:22.631000,2018-05-03,2018-05-03#2,216,False,other_session,0.6034917321632678,5.454678994645092,-5.3702033750089715,3.336049904226812,-6.382917063198995,-3.629010767631302,1.1884293526997984,0.6034917321632678,5.454678994645092,5.3702033750089715,3.336049904226812,6.382917063198995,3.629010767631302,1.1884293526997984
rec2018-05-03_11h31m40.430s.wav,0,2018-05-03T11:31:40.430000,2018-05-03,2018-05-03#2,217,False,other_session,0.24849659559663695,5.45928589714894,-4.799251461645042,0.5206930440871558,-6.222700052980304,-3.645585155746691,-0.4776551261554254,0.24849659559663695,5.45928589714894,4.799251461645042,0.5206930440871558,6.222700052980304,3.645585155746691,0.4776551261554254
rec2018-05-03_11h32m00.868s.wav,0,2018-05-03T11:32:00.868000,2018-05-03,2018-05-03#2,218,False,other_session,0.6034917321632687,1.2209367631716017,-2.335720740532518,1.078775643347212,-2.4866151128868834,0.3077687270476095,1.2699073288140645,0.6034917321632687,1.2209367631716017,2.335720740532518,1.078775643347212,2.4866151128868834,0.3077687270476095,1.2699073288140645
rec2018-05-03_11h33m06.158s.wav,0,2018-05-03T11:33:06.158000,2018-05-03,2018-05-03#2,219,False,other_session,0.6034917321632678,5.306489712657308,-6.322729414368295,3.3898616928908454,-5.5683905019204,-1.0767106641154016,1.4514217360557824,0.6034917321632678,5.306489712657308,6.322729414368295,3.3898616928908454,5.5683905019204,1.0767106641154016,1.4514217360557824
rec2018-05-03_11h34m12.944s.wav,0,2018-05-03T11:34:12.944000,2018-05-03,2018-05-03#2,220,False,other_session,0.7454897867899226,4.869033969797771,-4.431357135622592,-0.09383414931274447,-6.754757350493025,-3.634525800629452,-0.16312258792002807,0.7454897867899226,4.869033969797771,4.431357135622592,0.09383414931274447,6.754757350493025,3.634525800629452,0.16312258792002807
rec2018-05-03_11h34m42.301s.wav,0,2018-05-03T11:34:42.301000,2018-05-03,2018-05-03#2,221,False,other_session,-0.6034917321632727,4.2501593653771375,-4.892843284627718,0.44906389743566755,-6.53619885493028,-2.68515636976756,-0.8266140692522326,0.6034917321632727,4.2501593653771375,4.892843284627718,0.44906389743566755,6.53619885493028,2.68515636976756,0.8266140692522326
rec2018-05-03_11h35m02.168s.wav,0,2018-05-03T11:35:02.168000,2018-05-03,2018-05-03#2,222,False,other_session,0.3904946502232889,5.0195962919430315,-4.520466143629593,0.35933311978020444,-5.400927064502538,-2.9525020419598187,-0.2696763260927573,0.3904946502232889,5.0195962919430315,4.520466143629593,0.35933311978020444,5.400927064502538,2.9525020419598187,0.2696763260927573
rec2018-05-03_11h35m22.211s.wav,0,2018-05-03T11:35:22.211000,2018-05-03,2018-05-03#2,223,False,other_session,0.7454897867899226,5.720156575870179,-5.072014085400712,0.9155701311485811,-5.959167839324773,-3.6598240076612654,-0.06645907478938673,0.7454897867899226,5.720156575870179,5.072014085400712,0.9155701311485811,5.959167839324773,3.6598240076612654,0.06645907478938673
rec2018-05-03_11h35m39.758s.wav,0,2018-05-03T11:35:39.758000,2018-05-03,2018-05-03#2,224,False,other_session,0.10649854096998501,2.729810195860088,-3.158588446633178,2.463816101084538,-5.09414563494175,2.186286705096759,1.2769695081204377,0.10649854096998501,2.729810195860088,3.158588446633178,2.463816101084538,5.09414563494175,2.186286705096759,1.2769695081204377
rec2018-05-03_11h35m58.563s.wav,0,2018-05-03T11:35:58.563000,2018-05-03,2018-05-03#2,225,False,other_session,2.094471305743112,4.327759766781101,-3.851447055373303,-2.7383248861381992,-6.834813761970185,-3.291069635672484,-0.7069728167694236,2.094471305743112,4.327759766781101,3.851447055373303,2.7383248861381992,6.834813761970185,3.291069635672484,0.7069728167694236
rec2018-05-03_11h36m16.780s.wav,0,2018-05-03T11:36:16.780000,2018-05-03,2018-05-03#2,226,False,other_session,0.9584868687298966,3.5207962919190936,-3.8615246821582434,4.633294827536331,-4.863621164411991,-0.453030834393879,2.1941159550605507,0.9584868687298966,3.5207962919190936,3.8615246821582434,4.633294827536331,4.863621164411991,0.453030834393879,2.1941159550605507
rec2018-05-03_11h36m35.115s.wav,0,2018-05-03T11:36:35.115000,2018-05-03,2018-05-03#2,227,False,other_session,1.8104751964898083,4.451681818494112,-4.20186039314156,0.30787533036427395,-6.575752805653766,-2.9706005491472784,0.32649592288060275,1.8104751964898083,4.451681818494112,4.20186039314156,0.30787533036427395,6.575752805653766,2.9706005491472784,0.32649592288060275
rec2018-05-03_11h36m53.106s.wav,0,2018-05-03T11:36:53.106000,2018-05-03,2018-05-03#2,228,False,other_session,1.2424829779832005,3.9660459922007263,-4.182152923531528,-0.5214671413782409,-5.688540067041203,-2.119467372369251,0.21984960932371153,1.2424829779832005,3.9660459922007263,4.182152923531528,0.5214671413782409,5.688540067041203,2.119467372369251,0.21984960932371153
rec2018-05-03_11h37m11.955s.wav,0,2018-05-03T11:37:11.955000,2018-05-03,2018-05-03#2,229,False,other_session,1.1004849233565506,4.220681738896574,-4.240481759677265,-3.7496195821591796,-5.257245384988249,-2.429741132845467,-0.5460477039683939,1.1004849233565506,4.220681738896574,4.240481759677265,3.7496195821591796,5.257245384988249,2.429741132845467,0.5460477039683939
rec2018-05-03_11h37m32.414s.wav,0,2018-05-03T11:37:32.414000,2018-05-03,2018-05-03#2,230,False,other_session,0.6744907594765938,5.324826096880543,-6.013139047604919,-1.0098131962619767,-7.265841210455427,-2.952571468024326,-0.5029430180941791,0.6744907594765938,5.324826096880543,6.013139047604919,1.0098131962619767,7.265841210455427,2.952571468024326,0.5029430180941791
rec2018-05-03_11h37m50.903s.wav,0,2018-05-03T11:37:50.903000,2018-05-03,2018-05-03#2,231,False,other_session,0.6744907594765966,3.4754652601479323,-4.037259984883843,-1.5731264190254877,-5.231767539605614,-2.089994380818691,0.3466366234597318,0.6744907594765966,3.4754652601479323,4.037259984883843,1.5731264190254877,5.231767539605614,2.089994380818691,0.3466366234597318
rec2018-05-03_11h38m07.740s.wav,0,2018-05-03T11:38:07.740000,2018-05-03,2018-05-03#2,232,False,other_session,0.4614936775366178,3.1991622182537447,-3.905253273524719,-1.0926765938536775,-5.139521894737788,-1.2049568769673926,0.921169508634871,0.4614936775366178,3.1991622182537447,3.905253273524719,1.0926765938536775,5.139521894737788,1.2049568769673926,0.921169508634871
rec2018-05-03_11h38m25.235s.wav,0,2018-05-03T11:38:25.235000,2018-05-03,2018-05-03#2,233,False,other_session,0.9584868687298966,3.029462362300303,-3.5473718943818944,-1.0197091773091447,-5.305042307329207,-2.550768119772473,0.03670587532067625,0.9584868687298966,3.029462362300303,3.5473718943818944,1.0197091773091447,5.305042307329207,2.550768119772473,0.03670587532067625
rec2018-05-03_11h38m46.135s.wav,0,2018-05-03T11:38:46.135000,2018-05-03,2018-05-03#2,234,False,other_session,1.668477141863158,3.612433769700602,-3.1725095524066855,2.945620596515735,-5.036710037565178,-2.667140306031689,0.619184373468217,1.668477141863158,3.612433769700602,3.1725095524066855,2.945620596515735,5.036710037565178,2.667140306031689,0.619184373468217
rec2018-05-03_11h39m04.979s.wav,0,2018-05-03T11:39:04.979000,2018-05-03,2018-05-03#2,235,False,other_session,0.3904946502232889,1.6180169060723202,-2.0657468157711403,-0.11988230448537023,-2.516957962283077,-0.6774912672013927,-0.6849943625640541,0.3904946502232889,1.6180169060723202,2.0657468157711403,0.11988230448537023,2.516957962283077,0.6774912672013927,0.6849943625640541
rec2018-05-03_11h39m23.236s.wav,0,2018-05-03T11:39:23.236000,2018-05-03,2018-05-03#2,236,False,other_session,0.8874878414165707,1.2682560493871726,-0.4221557911996933,7.706246774927256,-2.518352989160551,-0.4061329854378925,0.8376247209438262,0.8874878414165707,1.2682560493871726,0.4221557911996933,7.706246774927256,2.518352989160551,0.4061329854378925,0.8376247209438262
rec2018-05-03_11h39m41.633s.wav,0,2018-05-03T11:39:41.633000,2018-05-03,2018-05-03#2,237,False,other_session,-0.03549951365666791,7.495838550700061,-5.490861250674963,-1.6867809577341866,-7.2231095481686385,-0.2931849143751051,-1.2689064566606807,0.03549951365666791,7.495838550700061,5.490861250674963,1.6867809577341866,7.2231095481686385,0.2931849143751051,1.2689064566606807
rec2018-05-03_11h40m00.485s.wav,0,2018-05-03T11:40:00.485000,2018-05-03,2018-05-03#2,238,False,other_session,0.3904946502232928,3.615469951193361,-4.327588178308342,-1.5498324320395536,-4.554765461133289,-0.026096335577909593,-0.3792035856048946,0.3904946502232928,3.615469951193361,4.327588178308342,1.5498324320395536,4.554765461133289,0.026096335577909593,0.3792035856048946
rec2018-05-03_11h40m20.470s.wav,0,2018-05-03T11:40:20.470000,2018-05-03,2018-05-03#2,239,False,other_session,0.6744907594765938,2.74100172925925,-3.1781391918572726,-3.9959033367484995,-4.596193429534089,-1.6666570199692528,-0.23727229662372254,0.6744907594765938,2.74100172925925,3.1781391918572726,3.9959033367484995,4.596193429534089,1.6666570199692528,0.23727229662372254
rec2018-05-03_11h40m45.441s.wav,0,2018-05-03T11:40:45.441000,2018-05-03,2018-05-03#2,240,False,other_session,0.03549951365665806,2.8852378935869605,-3.1404805608352113,-1.3803160588747931,-5.13389104667704,-1.909100973044907,-0.44855841841099287,0.03549951365665806,2.8852378935869605,3.1404805608352113,1.3803160588747931,5.13389104667704,1.909100973044907,0.44855841841099287
rec2018-05-03_11h41m04.101s.wav,0,2018-05-03T11:41:04.101000,2018-05-03,2018-05-03#2,241,False,other_session,0.3904946502232889,3.5020529003154772,-3.1949286026623844,4.365282227588397,-6.183850381102335,-2.1718585586782395,0.07050382557414465,0.3904946502232889,3.5020529003154772,3.1949286026623844,4.365282227588397,6.183850381102335,2.1718585586782395,0.07050382557414465
rec2018-05-03_11h41m23.831s.wav,0,2018-05-03T11:41:23.831000,2018-05-03,2018-05-03#2,242,False,other_session,-0.035499513656662984,4.25172072989672,-4.297788155781375,-2.341197668815453,-6.1461197075053215,-2.923377265513978,-1.3547706544767266,0.035499513656662984,4.25172072989672,4.297788155781375,2.341197668815453,6.1461197075053215,2.923377265513978,1.3547706544767266
rec2018-05-03_11h41m45.507s.wav,0,2018-05-03T11:41:45.507000,2018-05-03,2018-05-03#2,243,False,other_session,-0.035499513656662984,6.889072415845897,-3.2825773374226035,7.63409390991076,-5.417345353669697,0.14700779319446616,1.139348529026027,0.035499513656662984,6.889072415845897,3.2825773374226035,7.63409390991076,5.417345353669697,0.14700779319446616,1.139348529026027
rec2018-05-03_11h42m07.338s.wav,0,2018-05-03T11:42:07.338000,2018-05-03,2018-05-03#2,244,False,other_session,0.5324927048499437,3.1292926179542273,-4.208340822115827,0.9085628012920847,-5.365467537960676,-1.9205492226015322,-0.2730159169512689,0.5324927048499437,3.1292926179542273,4.208340822115827,0.9085628012920847,5.365467537960676,1.9205492226015322,0.2730159169512689
rec2018-05-03_11h42m25.033s.wav,0,2018-05-03T11:42:25.033000,2018-05-03,2018-05-03#2,245,False,other_session,2.0234722784297863,1.6760283229530786,-1.7797770528890275,-0.8577905471890166,-2.7568782297451504,3.3431299633928546,0.6772677565004773,2.0234722784297863,1.6760283229530786,1.7797770528890275,0.8577905471890166,2.7568782297451504,3.3431299633928546,0.6772677565004773
rec2018-05-03_11h42m42.981s.wav,0,2018-05-03T11:42:42.981000,2018-05-03,2018-05-03#2,246,False,other_session,0.8164888141032447,2.563096230257572,-3.9881704244426848,1.8293668360173736,-5.638908366382247,0.1832389782105027,0.275000204185593,0.8164888141032447,2.563096230257572,3.9881704244426848,1.8293668360173736,5.638908366382247,0.1832389782105027,0.275000204185593
rec2018-05-03_11h43m01.074s.wav,0,2018-05-03T11:43:01.074000,2018-05-03,2018-05-03#2,247,False,other_session,0.6744907594765938,1.221574174155256,-1.654569194653382,5.460337967918554,-3.115401490338738,0.2720793907692988,1.8703475674985772,0.6744907594765938,1.221574174155256,1.654569194653382,5.460337967918554,3.115401490338738,0.2720793907692988,1.8703475674985772
rec2018-05-03_11h43m19.240s.wav,0,2018-05-03T11:43:19.240000,2018-05-03,2018-05-03#2,248,False,other_session,-0.46149367753661974,2.2235830708912117,-1.8080993883485363,2.0247083193725834,-3.2773098522517516,-2.0300482284759664,-1.898652358956737,0.46149367753661974,2.2235830708912117,1.8080993883485363,2.0247083193725834,3.2773098522517516,2.0300482284759664,1.898652358956737
rec2018-05-03_11h43m36.628s.wav,0,2018-05-03T11:43:36.628000,2018-05-03,2018-05-03#2,249,False,other_session,1.5974781145498302,1.6104124176031631,-1.8000964939108375,1.4597474064712037,-3.3820309072169237,-0.7001572500848895,0.5487688912606783,1.5974781145498302,1.6104124176031631,1.8000964939108375,1.4597474064712037,3.3820309072169237,0.7001572500848895,0.5487688912606783
rec2018-05-03_11h43m55.823s.wav,0,2018-05-03T11:43:55.823000,2018-05-03,2018-05-03#2,250,False,other_session,1.3134820052965264,3.1829731488304747,-3.175631601682201,-0.19998060031281803,-4.279957344002023,-2.333178155394095,-1.00726249990035,1.3134820052965264,3.1829731488304747,3.175631601682201,0.19998060031281803,4.279957344002023,2.333178155394095,1.00726249990035
rec2018-05-03_11h48m01.012s.wav,0,2018-05-03T11:48:01.012000,2018-05-03,2018-05-03#2,251,False,other_session,0.035499513656662984,3.1119702434976446,-3.2725345382789883,2.8689040562267936,-3.0817598285979324,-0.7167213327688402,1.3089836629715805,0.035499513656662984,3.1119702434976446,3.2725345382789883,2.8689040562267936,3.0817598285979324,0.7167213327688402,1.3089836629715805
rec2018-05-03_11h48m24.363s.wav,0,2018-05-03T11:48:24.363000,2018-05-03,2018-05-03#2,252,False,other_session,-0.5324927048499467,2.1084643081211945,-2.7504905840836082,4.840378973188148,-2.77071078044202,2.472588947242336,1.6182409913161107,0.5324927048499467,2.1084643081211945,2.7504905840836082,4.840378973188148,2.77071078044202,2.472588947242336,1.6182409913161107
rec2018-05-03_11h48m41.938s.wav,0,2018-05-03T11:48:41.938000,2018-05-03,2018-05-03#2,253,False,other_session,0.4614936775366178,2.774373995327985,-3.9232317995120622,2.0795391174649724,-5.275039081353229,-1.759867477853204,1.3692634631184488,0.4614936775366178,2.774373995327985,3.9232317995120622,2.0795391174649724,5.275039081353229,1.759867477853204,1.3692634631184488
rec2018-05-03_11h48m59.604s.wav,0,2018-05-03T11:48:59.604000,2018-05-03,2018-05-03#2,254,False,other_session,1.2424829779832025,2.1053006444316993,-2.610082948100262,-0.7444651091647839,-5.012801090014194,-1.190488593605337,0.22707683731498773,1.2424829779832025,2.1053006444316993,2.610082948100262,0.7444651091647839,5.012801090014194,1.190488593605337,0.22707683731498773
rec2018-05-03_11h49m17.127s.wav,0,2018-05-03T11:49:17.127000,2018-05-03,2018-05-03#2,255,False,other_session,0.9584868687298966,2.0485815929398177,-2.4073238833986683,1.0368213195441545,-5.30145867135927,-1.7948348915390087,1.1874877287922847,0.9584868687298966,2.0485815929398177,2.4073238833986683,1.0368213195441545,5.30145867135927,1.7948348915390087,1.1874877287922847
rec2018-05-03_11h49m34.678s.wav,0,2018-05-03T11:49:34.678000,2018-05-03,2018-05-03#2,256,False,other_session,0.3194956229099678,1.1404721058062486,-2.79015180448159,2.7839250113777525,-3.9178930695011975,-1.6302978306468128,0.7852122414444758,0.3194956229099678,1.1404721058062486,2.79015180448159,2.7839250113777525,3.9178930695011975,1.6302978306468128,0.7852122414444758
rec2018-05-03_11h49m54.056s.wav,0,2018-05-03T11:49:54.056000,2018-05-03,2018-05-03#2,257,False,other_session,0.1774975682833159,2.0342228871668446,-2.5824870177311463,3.4069607148328065,-5.3502277826541285,-1.7942404308617914,1.7369104667662707,0.1774975682833159,2.0342228871668446,2.5824870177311463,3.4069607148328065,5.3502277826541285,1.7942404308617914,1.7369104667662707
rec2018-05-03_11h50m12.379s.wav,0,2018-05-03T11:50:12.379000,2018-05-03,2018-05-03#2,258,False,other_session,0.24849659559663695,0.027280020538768934,-1.3313761462657183,6.173031194059409,-1.7418074215297232,-0.17144847985156308,3.197201453627337,0.24849659559663695,0.027280020538768934,1.3313761462657183,6.173031194059409,1.7418074215297232,0.17144847985156308,3.197201453627337
rec2018-05-03_11h50m30.421s.wav,0,2018-05-03T11:50:30.421000,2018-05-03,2018-05-03#2,259,False,other_session,1.1714839506698744,0.7984245068039796,-0.694791542833419,2.8110238833536627,-3.7865623165995452,-0.903523007109178,0.9723123828656629,1.1714839506698744,0.7984245068039796,0.694791542833419,2.8110238833536627,3.7865623165995452,0.903523007109178,0.9723123828656629
rec2018-05-03_11h50m48.244s.wav,0,2018-05-03T11:50:48.244000,2018-05-03,2018-05-03#2,260,False,other_session,1.5264790872365044,1.0283532681244179,-1.305081277068783,6.259949855567104,-4.473035288019421,0.1525879131280748,3.665809584239885,1.5264790872365044,1.0283532681244179,1.305081277068783,6.259949855567104,4.473035288019421,0.1525879131280748,3.665809584239885
rec2018-05-03_11h51m07.128s.wav,0,2018-05-03T11:51:07.128000,2018-05-03,2018-05-03#2,261,False,other_session,3.1594567154430013,1.2234723723689505,-0.3641677684011639,1.3724078022275523,-4.733124586165988,-1.7155237487229615,-0.13179930993586136,3.1594567154430013,1.2234723723689505,0.3641677684011639,1.3724078022275523,4.733124586165988,1.7155237487229615,0.13179930993586136
rec2018-05-03_11h51m26.000s.wav,0,2018-05-03T11:51:26.000000,2018-05-03,2018-05-03#2,262,False,other_session,1.7394761691764822,0.6314158117191174,-0.9618996502518488,2.251689389463271,-4.842621341775249,-0.2027146164741126,0.9742157327641113,1.7394761691764822,0.6314158117191174,0.9618996502518488,2.251689389463271,4.842621341775249,0.2027146164741126,0.9742157327641113
rec2018-05-03_11h51m43.422s.wav,0,2018-05-03T11:51:43.422000,2018-05-03,2018-05-03#2,263,False,other_session,0.7454897867899197,0.6171144144566032,-0.41543156873618764,10.081188197479118,-3.2194480342482055,-0.41202118353268374,1.8557354688618304,0.7454897867899197,0.6171144144566032,0.41543156873618764,10.081188197479118,3.2194480342482055,0.41202118353268374,1.8557354688618304
rec2018-05-03_11h52m00.607s.wav,0,2018-05-03T11:52:00.607000,2018-05-03,2018-05-03#2,264,False,other_session,0.5324927048499418,0.6924271536880622,-1.036587527063533,-2.3055941135365803,-2.8700553666412687,-0.9545701482008747,-0.07909693723351593,0.5324927048499418,0.6924271536880622,1.036587527063533,2.3055941135365803,2.8700553666412687,0.9545701482008747,0.07909693723351593
rec2018-05-03_11h52m17.833s.wav,0,2018-05-03T11:52:17.833000,2018-05-03,2018-05-03#2,265,False,other_session,1.0294858960432245,0.7308647903442985,0.27922066353194497,4.215961265529859,-2.966853453729541,-0.5885461731547145,-0.6459058613560498,1.0294858960432245,0.7308647903442985,0.27922066353194497,4.215961265529859,2.966853453729541,0.5885461731547145,0.6459058613560498
rec2018-05-03_11h52m35.208s.wav,0,2018-05-03T11:52:35.208000,2018-05-03,2018-05-03#2,266,False,other_session,-0.5324927048499457,1.228731890155137,-2.116555369080328,-0.14794989143288012,-4.070022035917627,-1.5229711012434153,0.6276621626490303,0.5324927048499457,1.228731890155137,2.116555369080328,0.14794989143288012,4.070022035917627,1.5229711012434153,0.6276621626490303
rec2018-05-03_15h21m36.500s.wav,0,2018-05-03T15:21:36.500000,2018-05-03,2018-05-03#3,267,False,other_session,2.236469360369764,-1.346200301853885,2.5265762149685145,0.8237652538305102,-7.443220028046101,-2.691187216729239,0.43360987437808146,2.236469360369764,1.346200301853885,2.5265762149685145,0.8237652538305102,7.443220028046101,2.691187216729239,0.43360987437808146
rec2018-05-03_15h23m24.541s.wav,0,2018-05-03T15:23:24.541000,2018-05-03,2018-05-03#3,268,False,other_session,1.2424829779832025,-4.260969036966841,5.78982421145827,1.1076042072927055,-5.935390817205948,-2.2556259870089064,0.5017003919375744,1.2424829779832025,4.260969036966841,5.78982421145827,1.1076042072927055,5.935390817205948,2.2556259870089064,0.5017003919375744
rec2018-05-03_15h24m03.886s.wav,0,2018-05-03T15:24:03.886000,2018-05-03,2018-05-03#3,269,False,other_session,1.2424829779832005,-4.340423778030576,4.691539517795586,-2.140959582751199,-3.8898518114906393,1.7446978827615338,-0.5332849970061875,1.2424829779832005,4.340423778030576,4.691539517795586,2.140959582751199,3.8898518114906393,1.7446978827615338,0.5332849970061875
rec2018-05-03_15h24m37.045s.wav,0,2018-05-03T15:24:37.045000,2018-05-03,2018-05-03#3,270,False,other_session,-0.17749756828331786,-3.0293769843153395,2.8088119571633476,-0.414298400876573,-2.6522119745748793,-0.2892856645498107,0.1505672498183612,0.17749756828331786,3.0293769843153395,2.8088119571633476,0.414298400876573,2.6522119745748793,0.2892856645498107,0.1505672498183612
rec2018-05-03_15h25m08.571s.wav,0,2018-05-03T15:25:08.571000,2018-05-03,2018-05-03#3,271,False,other_session,-0.17749756828331492,-2.545772686239558,1.7904417741990741,-0.9259329759574624,-2.772515790970207,0.10090183528660629,-0.046397195537351464,0.17749756828331492,2.545772686239558,1.7904417741990741,0.9259329759574624,2.772515790970207,0.10090183528660629,0.046397195537351464
rec2018-05-03_15h27m21.669s.wav,0,2018-05-03T15:27:21.669000,2018-05-03,2018-05-03#3,272,False,other_session,-0.39049465022329377,-1.978581001759261,1.969348879973499,-3.512716290435205,-0.4428412017997673,2.5702041634836603,-0.340678471734812,0.39049465022329377,1.978581001759261,1.969348879973499,3.512716290435205,0.4428412017997673,2.5702041634836603,0.340678471734812
rec2018-05-03_15h27m45.362s.wav,0,2018-05-03T15:27:45.362000,2018-05-03,2018-05-03#3,273,False,other_session,-0.8164888141032506,-2.54023247370828,1.6322421888783156,-0.7755634838111823,-1.7227452113940018,0.3324220310272155,-0.20363569203979545,0.8164888141032506,2.54023247370828,1.6322421888783156,0.7755634838111823,1.7227452113940018,0.3324220310272155,0.20363569203979545
rec2018-05-03_15h28m15.159s.wav,0,2018-05-03T15:28:15.159000,2018-05-03,2018-05-03#3,274,False,other_session,-0.31949562290996686,-3.3614166460935864,5.181982362869991,0.20929382167614638,1.0690364284559255,0.7592946972545,-1.966096964835854,0.31949562290996686,3.3614166460935864,5.181982362869991,0.20929382167614638,1.0690364284559255,0.7592946972545,1.966096964835854
rec2018-05-03_15h28m42.685s.wav,0,2018-05-03T15:28:42.685000,2018-05-03,2018-05-03#3,275,False,other_session,0.035499513656661014,1.5373885101056581,-1.1999963324503582,4.653357942354085,-5.419711892960394,0.29930742543755534,0.21715857515655437,0.035499513656661014,1.5373885101056581,1.1999963324503582,4.653357942354085,5.419711892960394,0.29930742543755534,0.21715857515655437
rec2018-05-03_15h29m02.811s.wav,0,2018-05-03T15:29:02.811000,2018-05-03,2018-05-03#3,276,False,other_session,-0.17749756828331886,-2.532271269000567,0.8688799956622854,9.711908802194944,-3.7446655055090745,-0.2008406551239349,2.269044883997826,0.17749756828331886,2.532271269000567,0.8688799956622854,9.711908802194944,3.7446655055090745,0.2008406551239349,2.269044883997826
rec2018-05-03_15h29m32.895s.wav,0,2018-05-03T15:29:32.895000,2018-05-03,2018-05-03#3,277,False,other_session,-0.17749756828331492,-4.475982966050589,5.8480560277460425,0.27599848499582236,2.384472354444543,1.6556719724366529,-2.271603138613974,0.17749756828331492,4.475982966050589,5.8480560277460425,0.27599848499582236,2.384472354444543,1.6556719724366529,2.271603138613974
rec2018-05-03_15h29m50.911s.wav,0,2018-05-03T15:29:50.911000,2018-05-03,2018-05-03#3,278,False,other_session,-0.6744907594765966,-2.510268309669551,1.5036187341046061,5.126278906019903,-0.41575386614481136,3.3201564447393053,0.5133442592568617,0.6744907594765966,2.510268309669551,1.5036187341046061,5.126278906019903,0.41575386614481136,3.3201564447393053,0.5133442592568617
rec2018-05-03_15h30m09.333s.wav,0,2018-05-03T15:30:09.333000,2018-05-03,2018-05-03#3,279,False,other_session,0.8164888141032447,-2.277755987132817,2.5874997103926187,-0.9106937555580396,-2.8749873481819237,0.41220939325440065,0.8504064719850619,0.8164888141032447,2.277755987132817,2.5874997103926187,0.9106937555580396,2.8749873481819237,0.41220939325440065,0.8504064719850619
rec2018-05-03_15h30m28.140s.wav,0,2018-05-03T15:30:28.140000,2018-05-03,2018-05-03#3,280,False,other_session,-0.6034917321632707,-2.021086373096477,0.6386394342702052,-1.642345805183339,-2.297339327478326,-0.3214630182688105,0.10923207628719592,0.6034917321632707,2.021086373096477,0.6386394342702052,1.642345805183339,2.297339327478326,0.3214630182688105,0.10923207628719592
rec2018-05-03_15h30m45.469s.wav,0,2018-05-03T15:30:45.469000,2018-05-03,2018-05-03#3,281,False,other_session,-0.24849659559664383,-2.388630411444738,1.5624475956721575,0.06296647315278583,-1.5836619788662443,-0.31643179815760586,-0.763792413557268,0.24849659559664383,2.388630411444738,1.5624475956721575,0.06296647315278583,1.5836619788662443,0.31643179815760586,0.763792413557268
rec2018-05-03_15h31m15.084s.wav,0,2018-05-03T15:31:15.084000,2018-05-03,2018-05-03#3,282,False,other_session,-0.7454897867899246,-3.8662952667245785,2.0987509812995824,2.4187446143198525,0.34762351373468015,2.8800375023632445,0.15656243169694137,0.7454897867899246,3.8662952667245785,2.0987509812995824,2.4187446143198525,0.34762351373468015,2.8800375023632445,0.15656243169694137
rec2018-05-03_15h31m38.884s.wav,0,2018-05-03T15:31:38.884000,2018-05-03,2018-05-03#3,283,False,other_session,-0.24849659559664383,-3.180756829905685,1.7925961125836052,-0.317540612925002,-0.3396985162357445,1.7279607773074819,-0.771782462714073,0.24849659559664383,3.180756829905685,1.7925961125836052,0.317540612925002,0.3396985162357445,1.7279607773074819,0.771782462714073
rec2018-05-03_15h31m59.455s.wav,0,2018-05-03T15:31:59.455000,2018-05-03,2018-05-03#3,284,False,other_session,0.39049465022329183,-2.400748237502706,0.7889828987845346,-2.2698664621523936,-2.586748545516363,2.9669817155356,0.022965043299483064,0.39049465022329183,2.400748237502706,0.7889828987845346,2.2698664621523936,2.586748545516363,2.9669817155356,0.022965043299483064
rec2018-05-03_15h32m17.555s.wav,0,2018-05-03T15:32:17.555000,2018-05-03,2018-05-03#3,285,False,other_session,-0.3194956229099688,-2.2456749168915118,1.2822169305419153,-1.1954839302677065,0.030756215750293914,2.7266156628745675,-0.6179015431447775,0.3194956229099688,2.2456749168915118,1.2822169305419153,1.1954839302677065,0.030756215750293914,2.7266156628745675,0.6179015431447775
rec2018-05-03_15h32m35.669s.wav,0,2018-05-03T15:32:35.669000,2018-05-03,2018-05-03#3,286,False,other_session,-0.035499513656664955,-3.5469944681278167,2.6869749170697874,-1.026821469510206,-3.0336388432723447,-0.2924136341898818,0.3245370277516528,0.035499513656664955,3.5469944681278167,2.6869749170697874,1.026821469510206,3.0336388432723447,0.2924136341898818,0.3245370277516528
rec2018-05-03_15h33m11.807s.wav,0,2018-05-03T15:33:11.807000,2018-05-03,2018-05-03#3,287,False,other_session,-1.0294858960432285,0.06528024121723244,-1.8218811835567668,5.400906320390039,-4.172783829080083,2.8383482354175955,0.5010407262001162,1.0294858960432285,0.06528024121723244,1.8218811835567668,5.400906320390039,4.172783829080083,2.8383482354175955,0.5010407262001162
rec2018-05-03_15h33m29.486s.wav,0,2018-05-03T15:33:29.486000,2018-05-03,2018-05-03#3,288,False,other_session,-0.9584868687299025,-0.9061188935662856,-0.7056453284820623,-1.5977707028397572,-5.721055965094264,-2.115773146390659,-0.2182033544921387,0.9584868687299025,0.9061188935662856,0.7056453284820623,1.5977707028397572,5.721055965094264,2.115773146390659,0.2182033544921387
rec2018-05-03_15h33m51.966s.wav,0,2018-05-03T15:33:51.966000,2018-05-03,2018-05-03#3,289,False,other_session,-0.035499513656664955,-3.456528890907071,1.8952630238189299,6.291742512388386,-1.081450949892268,1.024004348560569,1.247092522138033,0.035499513656664955,3.456528890907071,1.8952630238189299,6.291742512388386,1.081450949892268,1.024004348560569,1.247092522138033
rec2018-05-03_15h34m13.707s.wav,0,2018-05-03T15:34:13.707000,2018-05-03,2018-05-03#3,290,False,other_session,-0.1064985409699929,-0.7525110334367584,-1.5079920907789868,0.8004493996894512,-4.259630679339619,1.973904780337605,0.536368550802207,0.1064985409699929,0.7525110334367584,1.5079920907789868,0.8004493996894512,4.259630679339619,1.973904780337605,0.536368550802207
rec2018-05-03_15h34m32.131s.wav,0,2018-05-03T15:34:32.131000,2018-05-03,2018-05-03#3,291,False,other_session,-1.1004849233565523,0.03904346948105871,-1.9964472726094702,2.1656115200697323,-3.314733376381076,4.205045875812409,0.9807034156864579,1.1004849233565523,0.03904346948105871,1.9964472726094702,2.1656115200697323,3.314733376381076,4.205045875812409,0.9807034156864579
rec2018-05-03_15h35m02.114s.wav,0,2018-05-03T15:35:02.114000,2018-05-03,2018-05-03#3,292,False,other_session,-1.2424829779832043,-0.40929972080378946,-1.0951178659911949,8.14621393583522,-2.428267538676727,4.7648672859788155,1.3960304451950698,1.2424829779832043,0.40929972080378946,1.0951178659911949,8.14621393583522,2.428267538676727,4.7648672859788155,1.3960304451950698
rec2018-05-03_15h35m21.837s.wav,0,2018-05-03T15:35:21.837000,2018-05-03,2018-05-03#3,293,False,other_session,-0.6744907594765966,-0.6863641471940498,-1.1581036553192026,1.135192903543183,-4.866613503829592,2.8812318476289693,0.9783615229681579,0.6744907594765966,0.6863641471940498,1.1581036553192026,1.135192903543183,4.866613503829592,2.8812318476289693,0.9783615229681579
rec2018-05-03_15h35m44.100s.wav,0,2018-05-03T15:35:44.100000,2018-05-03,2018-05-03#3,294,False,other_session,0.10649854096998698,-1.3334661169181383,-0.15015440017574205,-0.44557171276387286,-4.09261443530974,-0.06020460171562542,1.1286991858337847,0.10649854096998698,1.3334661169181383,0.15015440017574205,0.44557171276387286,4.09261443530974,0.06020460171562542,1.1286991858337847
rec2018-05-03_15h36m09.330s.wav,0,2018-05-03T15:36:09.330000,2018-05-03,2018-05-03#3,295,False,other_session,-0.8164888141032486,-1.5928678264733902,-3.188714356375357,7.291105395221029,-6.684026375717695,-0.35950687443745466,2.5075063775564357,0.8164888141032486,1.5928678264733902,3.188714356375357,7.291105395221029,6.684026375717695,0.35950687443745466,2.5075063775564357
rec2018-05-03_15h36m33.401s.wav,0,2018-05-03T15:36:33.401000,2018-05-03,2018-05-03#3,296,False,other_session,-1.3844810326098582,-2.1004773730618522,-0.6764124989708906,5.405476555808993,-2.241324465524983,5.501908488803321,1.0465864070852393,1.3844810326098582,2.1004773730618522,0.6764124989708906,5.405476555808993,2.241324465524983,5.501908488803321,1.0465864070852393
rec2018-05-03_15h39m20.550s.wav,0,2018-05-03T15:39:20.550000,2018-05-03,2018-05-03#3,297,False,other_session,0.24849659559664186,-2.9590933592668094,3.134430502000118,-1.607427238538407,-1.6243410167367982,3.0664052638005117,-0.9494817061237673,0.24849659559664186,2.9590933592668094,3.134430502000118,1.607427238538407,1.6243410167367982,3.0664052638005117,0.9494817061237673
rec2018-05-03_15h39m43.079s.wav,0,2018-05-03T15:39:43.079000,2018-05-03,2018-05-03#3,298,False,other_session,-1.1714839506698804,-3.027527907682034,3.2040285678016773,0.5634422389786694,-0.9389430684538431,0.5658823598357352,-1.0574447061445988,1.1714839506698804,3.027527907682034,3.2040285678016773,0.5634422389786694,0.9389430684538431,0.5658823598357352,1.0574447061445988
rec2018-05-03_15h40m01.822s.wav,0,2018-05-03T15:40:01.822000,2018-05-03,2018-05-03#3,299,False,other_session,-0.2484965955966409,-3.6131951541966747,4.646858141670129,-2.010594164103837,2.8592117726586106,2.355625554652663,-2.241903103865877,0.2484965955966409,3.6131951541966747,4.646858141670129,2.010594164103837,2.8592117726586106,2.355625554652663,2.241903103865877
rec2018-05-03_15h40m28.424s.wav,0,2018-05-03T15:40:28.424000,2018-05-03,2018-05-03#3,300,False,other_session,0.035499513656662984,-4.581379749368155,4.9021571909922645,2.357581088106272,1.2025584966127414,0.6246851516788395,-0.6426985210463515,0.035499513656662984,4.581379749368155,4.9021571909922645,2.357581088106272,1.2025584966127414,0.6246851516788395,0.6426985210463515
rec2018-05-03_15h40m49.846s.wav,0,2018-05-03T15:40:49.846000,2018-05-03,2018-05-03#3,301,False,other_session,-0.46149367753661974,-3.7911778442532493,4.438093796529426,2.2520633178157405,0.02055939465553802,2.0222177277487625,-0.8079524588109757,0.46149367753661974,3.7911778442532493,4.438093796529426,2.2520633178157405,0.02055939465553802,2.0222177277487625,0.8079524588109757
rec2018-05-03_15h41m19.370s.wav,0,2018-05-03T15:41:19.370000,2018-05-03,2018-05-03#3,302,False,other_session,0.31949562290996486,-3.3596611343753184,3.2662108336906583,-3.582969446351104,-0.07847804207601086,2.2616237481117274,-1.6359591263421607,0.31949562290996486,3.3596611343753184,3.2662108336906583,3.582969446351104,0.07847804207601086,2.2616237481117274,1.6359591263421607
rec2018-05-03_15h41m44.230s.wav,0,2018-05-03T15:41:44.230000,2018-05-03,2018-05-03#3,303,False,other_session,0.17749756828331098,-4.475198190325763,3.176532144979196,1.2395079803023772,-2.039703165829204,1.6808617012426943,0.6876451925643715,0.17749756828331098,4.475198190325763,3.176532144979196,1.2395079803023772,2.039703165829204,1.6808617012426943,0.6876451925643715
rec2018-05-03_15h42m04.570s.wav,0,2018-05-03T15:42:04.570000,2018-05-03,2018-05-03#3,304,False,other_session,-0.39049465022329477,-2.5310034644018904,1.754049376707882,-1.559143466687397,0.7644280475520039,1.0194818913282162,-0.14270945121035472,0.39049465022329477,2.5310034644018904,1.754049376707882,1.559143466687397,0.7644280475520039,1.0194818913282162,0.14270945121035472
rec2018-05-03_15h42m24.025s.wav,0,2018-05-03T15:42:24.025000,2018-05-03,2018-05-03#3,305,False,other_session,0.1774975682833159,-3.3637978731811313,2.0898052528575657,5.1973537202892395,-1.8775715454925368,-0.25929035034215603,-0.11263356040254487,0.1774975682833159,3.3637978731811313,2.0898052528575657,5.1973537202892395,1.8775715454925368,0.25929035034215603,0.11263356040254487
rec2018-05-03_15h42m44.455s.wav,0,2018-05-03T15:42:44.455000,2018-05-03,2018-05-03#3,306,False,other_session,0.7454897867899226,-5.301508550493343,3.155817161459528,-3.2108516943330745,-3.8309853305806594,-2.1010380065932024,-1.6054438992112132,0.7454897867899226,5.301508550493343,3.155817161459528,3.2108516943330745,3.8309853305806594,2.1010380065932024,1.6054438992112132
rec2018-05-03_15h44m07.780s.wav,0,2018-05-03T15:44:07.780000,2018-05-03,2018-05-03#3,307,False,other_session,-0.10649854096999092,-2.2397218491726525,2.5469230205656426,-4.943798589945435,-2.4434288152646517,2.6594795737278143,-1.221154486501337,0.10649854096999092,2.2397218491726525,2.5469230205656426,4.943798589945435,2.4434288152646517,2.6594795737278143,1.221154486501337
rec2018-05-03_15h44m27.242s.wav,0,2018-05-03T15:44:27.242000,2018-05-03,2018-05-03#3,308,False,other_session,-1.4554800599231823,-2.7559814721557445,0.6108171242325066,2.495010691213421,0.4469640406898572,1.405360636037034,1.0994353133956536,1.4554800599231823,2.7559814721557445,0.6108171242325066,2.495010691213421,0.4469640406898572,1.405360636037034,1.0994353133956536
rec2018-05-03_15h44m47.231s.wav,0,2018-05-03T15:44:47.231000,2018-05-03,2018-05-03#3,309,False,other_session,1.2424829779832025,-4.119208834203137,2.5879400312864607,-0.2794239748445457,-3.151838618159924,2.251785857816652,0.5356475208101036,1.2424829779832025,4.119208834203137,2.5879400312864607,0.2794239748445457,3.151838618159924,2.251785857816652,0.5356475208101036
rec2018-05-03_15h45m14.147s.wav,0,2018-05-03T15:45:14.147000,2018-05-03,2018-05-03#3,310,False,other_session,0.8164888141032447,-3.3794711660102896,2.609339129189199,-3.323702615091327,-3.584997169780023,-0.46127246759676016,-0.30394773331096375,0.8164888141032447,3.3794711660102896,2.609339129189199,3.323702615091327,3.584997169780023,0.46127246759676016,0.30394773331096375
rec2018-05-03_15h46m16.542s.wav,0,2018-05-03T15:46:16.542000,2018-05-03,2018-05-03#3,311,False,other_session,-0.8164888141032506,-4.421941625470752,3.445578161868246,0.07332057109961915,2.997012284061397,4.693112193978779,-1.1974779352492697,0.8164888141032506,4.421941625470752,3.445578161868246,0.07332057109961915,2.997012284061397,4.693112193978779,1.1974779352492697
rec2018-05-03_15h46m45.482s.wav,0,2018-05-03T15:46:45.482000,2018-05-03,2018-05-03#3,312,False,other_session,0.035499513656661014,-3.0061927679320615,2.147084284386353,-1.21145898043678,-0.6444746792277406,0.38344422212697504,-0.5549195997846552,0.035499513656661014,3.0061927679320615,2.147084284386353,1.21145898043678,0.6444746792277406,0.38344422212697504,0.5549195997846552
rec2018-05-03_15h47m08.625s.wav,0,2018-05-03T15:47:08.625000,2018-05-03,2018-05-03#3,313,False,other_session,-0.31949562290996686,-3.58821800012911,0.6094190432023576,6.031556167256011,-1.6357353148311289,-0.5063695780049656,1.3710948687183446,0.31949562290996686,3.58821800012911,0.6094190432023576,6.031556167256011,1.6357353148311289,0.5063695780049656,1.3710948687183446
rec2018-05-03_15h47m37.180s.wav,0,2018-05-03T15:47:37.180000,2018-05-03,2018-05-03#3,314,False,other_session,-0.6034917321632727,-2.793423812028335,2.964230306555798,4.399322827955461,1.0993671001199221,2.1540578242205104,-0.057525285716286005,0.6034917321632727,2.793423812028335,2.964230306555798,4.399322827955461,1.0993671001199221,2.1540578242205104,0.057525285716286005
rec2018-05-03_15h47m57.575s.wav,0,2018-05-03T15:47:57.575000,2018-05-03,2018-05-03#3,315,False,other_session,-0.9584868687299025,-4.064630664923307,3.285803869622071,4.758377141507971,0.6398227855276734,4.024560888558644,0.4860895371562335,0.9584868687299025,4.064630664923307,3.285803869622071,4.758377141507971,0.6398227855276734,4.024560888558644,0.4860895371562335
rec2018-05-03_15h48m19.468s.wav,0,2018-05-03T15:48:19.468000,2018-05-03,2018-05-03#3,316,False,other_session,-1.739476169176485,-2.0715412535270294,0.569247846627898,-0.7674092216688868,-1.1865556034217082,-0.8768769581221842,-0.9748441873720449,1.739476169176485,2.0715412535270294,0.569247846627898,0.7674092216688868,1.1865556034217082,0.8768769581221842,0.9748441873720449
rec2018-05-03_15h48m42.154s.wav,0,2018-05-03T15:48:42.154000,2018-05-03,2018-05-03#3,317,False,other_session,-0.10649854096999092,-2.130400602450253,1.0078646737288297,4.0747880054670516,-1.5429829409956903,1.3367731082294751,1.4837871483645642,0.10649854096999092,2.130400602450253,1.0078646737288297,4.0747880054670516,1.5429829409956903,1.3367731082294751,1.4837871483645642
rec2018-05-03_15h49m02.235s.wav,0,2018-05-03T15:49:02.235000,2018-05-03,2018-05-03#3,318,False,other_session,0.03549951365665806,-2.975895278883529,2.8759919895818067,-1.9078928833920696,-2.2516877156264554,0.9293972335198347,-0.02236409680569082,0.03549951365665806,2.975895278883529,2.8759919895818067,1.9078928833920696,2.2516877156264554,0.9293972335198347,0.02236409680569082
