config_id,recording_file,event_id,session,sitting_index,scoreability,aggregate_deviation,reference_tail_probability,population_assessment,personal_status,personal_assessment,personal_deviation,state_id_used
prism-personal-v3-provisional-9of10,rec2018-01-22_17h41m33.475s.wav,0,2018-01-22#1,0,SCOREABLE,1.015959457162092,0.4827586206896552,WITHIN_REFERENCE_RANGE,WARMUP,POPULATION_ONLY,,f9cd8b59e8578cf0
prism-personal-v3-provisional-9of10,rec2018-01-22_17h41m49.809s.wav,0,2018-01-22#1,0,SCOREABLE,0.5554649595904608,0.8840125391849529,WITHIN_REFERENCE_RANGE,WARMUP,POPULATION_ONLY,,f9cd8b59e8578cf0
prism-personal-v3-provisional-9of10,rec2018-01-22_17h42m07.718s.wav,0,2018-01-22#1,0,SCOREABLE,0.697542313533739,0.7586206896551724,WITHIN_REFERENCE_RANGE,WARMUP,POPULATION_ONLY,,f9cd8b59e8578cf0
prism-personal-v3-provisional-9of10,rec2018-01-22_17h42m23.769s.wav,0,2018-01-22#1,0,SCOREABLE,0.86262979310142,0.5924764890282131,WITHIN_REFERENCE_RANGE,WARMUP,POPULATION_ONLY,,f9cd8b59e8578cf0
prism-personal-v3-provisional-9of10,rec2018-01-22_17h44m03.761s.wav,0,2018-01-22#1,0,SCOREABLE,0.5184562209946358,0.9122257053291536,WITHIN_REFERENCE_RANGE,WARMUP,POPULATION_ONLY,,f9cd8b59e8578cf0
prism-personal-v3-provisional-9of10,rec2018-01-22_17h44m21.408s.wav,0,2018-01-22#1,0,SCOREABLE,1.2669059324658403,0.26959247648902823,WITHIN_REFERENCE_RANGE,WARMUP,POPULATION_ONLY,,f9cd8b59e8578cf0
prism-personal-v3-provisional-9of10,rec2018-01-22_17h44m39.521s.wav,0,2018-01-22#1,0,SCOREABLE,0.46089455590999195,0.9278996865203761,WITHIN_REFERENCE_RANGE,WARMUP,POPULATION_ONLY,,f9cd8b59e8578cf0
prism-personal-v3-provisional-9of10,rec2018-01-22_17h44m56.745s.wav,0,2018-01-22#1,0,SCOREABLE,0.6890803649204392,0.7648902821316614,WITHIN_REFERENCE_RANGE,WARMUP,POPULATION_ONLY,,f9cd8b59e8578cf0
prism-personal-v3-provisional-9of10,rec2018-01-22_17h45m12.839s.wav,0,2018-01-22#1,0,SCOREABLE,0.6069979247243273,0.8495297805642633,WITHIN_REFERENCE_RANGE,WARMUP,POPULATION_ONLY,,f9cd8b59e8578cf0
prism-personal-v3-provisional-9of10,rec2018-01-23_10h42m07.256s.wav,0,2018-01-23#1,1,SCOREABLE,0.5954072372247942,0.8620689655172413,WITHIN_REFERENCE_RANGE,WARMUP,POPULATION_ONLY,,f9cd8b59e8578cf0
prism-personal-v3-provisional-9of10,rec2018-01-23_10h42m23.823s.wav,0,2018-01-23#1,1,SCOREABLE,0.7158985685148496,0.7335423197492164,WITHIN_REFERENCE_RANGE,WARMUP,POPULATION_ONLY,,f9cd8b59e8578cf0
prism-personal-v3-provisional-9of10,rec2018-01-23_10h42m45.728s.wav,0,2018-01-23#1,1,SCOREABLE,0.372769177298987,0.9749216300940439,WITHIN_REFERENCE_RANGE,WARMUP,POPULATION_ONLY,,f9cd8b59e8578cf0
prism-personal-v3-provisional-9of10,rec2018-01-23_10h43m05.349s.wav,0,2018-01-23#1,1,SCOREABLE,0.8494513333684979,0.6050156739811913,WITHIN_REFERENCE_RANGE,WARMUP,POPULATION_ONLY,,f9cd8b59e8578cf0
prism-personal-v3-provisional-9of10,rec2018-01-23_10h43m22.564s.wav,0,2018-01-23#1,1,SCOREABLE,1.5794089946307113,0.11598746081504702,WITHIN_REFERENCE_RANGE,WARMUP,POPULATION_ONLY,,f9cd8b59e8578cf0
prism-personal-v3-provisional-9of10,rec2018-01-23_10h43m40.126s.wav,0,2018-01-23#1,1,SCOREABLE,0.32163512620126045,0.987460815047022,WITHIN_REFERENCE_RANGE,WARMUP,POPULATION_ONLY,,f9cd8b59e8578cf0
prism-personal-v3-provisional-9of10,rec2018-01-23_10h43m56.234s.wav,0,2018-01-23#1,1,SCOREABLE,0.7583084502455218,0.6896551724137931,WITHIN_REFERENCE_RANGE,WARMUP,POPULATION_ONLY,,f9cd8b59e8578cf0
prism-personal-v3-provisional-9of10,rec2018-01-23_10h44m12.634s.wav,0,2018-01-23#1,1,SCOREABLE,1.161595401719369,0.335423197492163,WITHIN_REFERENCE_RANGE,WARMUP,POPULATION_ONLY,,f9cd8b59e8578cf0
prism-personal-v3-provisional-9of10,rec2018-01-23_10h44m30.273s.wav,0,2018-01-23#1,1,SCOREABLE,0.8222257033893473,0.6332288401253918,WITHIN_REFERENCE_RANGE,WARMUP,POPULATION_ONLY,,f9cd8b59e8578cf0
prism-personal-v3-provisional-9of10,rec2018-01-23_10h45m25.926s.wav,0,2018-01-23#1,1,SCOREABLE,0.7039346902384392,0.7554858934169278,WITHIN_REFERENCE_RANGE,WARMUP,POPULATION_ONLY,,f9cd8b59e8578cf0
prism-personal-v3-provisional-9of10,rec2018-01-23_10h45m44.127s.wav,0,2018-01-23#1,1,SCOREABLE,0.3228643621337493,0.987460815047022,WITHIN_REFERENCE_RANGE,WARMUP,POPULATION_ONLY,,f9cd8b59e8578cf0
prism-personal-v3-provisional-9of10,rec2018-01-23_10h45m44.127s.wav,1,2018-01-23#1,1,NOT_SCOREABLE,,,NOT_ASSESSED,WARMUP,NOT_ASSESSED,,f9cd8b59e8578cf0
prism-personal-v3-provisional-9of10,rec2018-01-23_10h46m04.850s.wav,0,2018-01-23#1,1,SCOREABLE,1.0118340323549277,0.48589341692789967,WITHIN_REFERENCE_RANGE,WARMUP,POPULATION_ONLY,,f9cd8b59e8578cf0
prism-personal-v3-provisional-9of10,rec2018-01-23_10h47m11.936s.wav,0,2018-01-23#1,1,SCOREABLE,1.025049111782093,0.47648902821316613,WITHIN_REFERENCE_RANGE,WARMUP,POPULATION_ONLY,,f9cd8b59e8578cf0
prism-personal-v3-provisional-9of10,rec2018-01-23_10h49m01.624s.wav,0,2018-01-23#1,1,SCOREABLE,0.7577927955133988,0.6896551724137931,WITHIN_REFERENCE_RANGE,WARMUP,POPULATION_ONLY,,f9cd8b59e8578cf0
prism-personal-v3-provisional-9of10,rec2018-01-23_10h49m24.634s.wav,0,2018-01-23#1,1,SCOREABLE,1.14417938527656,0.3573667711598746,WITHIN_REFERENCE_RANGE,WARMUP,POPULATION_ONLY,,f9cd8b59e8578cf0
prism-personal-v3-provisional-9of10,rec2018-01-23_10h50m00.411s.wav,0,2018-01-23#1,1,SCOREABLE,0.7285983183449216,0.7210031347962382,WITHIN_REFERENCE_RANGE,WARMUP,POPULATION_ONLY,,f9cd8b59e8578cf0
prism-personal-v3-provisional-9of10,rec2018-01-23_10h50m22.155s.wav,0,2018-01-23#1,1,SCOREABLE,0.6556793080324546,0.7836990595611285,WITHIN_REFERENCE_RANGE,WARMUP,POPULATION_ONLY,,f9cd8b59e8578cf0
prism-personal-v3-provisional-9of10,rec2018-01-23_10h50m40.883s.wav,0,2018-01-23#1,1,SCOREABLE,1.0134621876122323,0.48589341692789967,WITHIN_REFERENCE_RANGE,WARMUP,POPULATION_ONLY,,f9cd8b59e8578cf0
prism-personal-v3-provisional-9of10,rec2018-01-23_10h52m21.295s.wav,0,2018-01-23#1,1,SCOREABLE,1.310413665287406,0.23510971786833856,WITHIN_REFERENCE_RANGE,WARMUP,POPULATION_ONLY,,f9cd8b59e8578cf0
prism-personal-v3-provisional-9of10,rec2018-01-23_10h52m39.068s.wav,0,2018-01-23#1,1,SCOREABLE,1.096795238736867,0.3949843260188088,WITHIN_REFERENCE_RANGE,WARMUP,POPULATION_ONLY,,f9cd8b59e8578cf0
prism-personal-v3-provisional-9of10,rec2018-01-23_10h52m57.816s.wav,0,2018-01-23#1,1,SCOREABLE,1.0335198508263281,0.4670846394984326,WITHIN_REFERENCE_RANGE,WARMUP,POPULATION_ONLY,,f9cd8b59e8578cf0
prism-personal-v3-provisional-9of10,rec2018-01-23_10h52m57.816s.wav,1,2018-01-23#1,1,NOT_SCOREABLE,,,NOT_ASSESSED,WARMUP,NOT_ASSESSED,,f9cd8b59e8578cf0
prism-personal-v3-provisional-9of10,rec2018-01-23_10h53m20.922s.wav,0,2018-01-23#1,1,SCOREABLE,0.8178737146305046,0.6363636363636364,WITHIN_REFERENCE_RANGE,WARMUP,POPULATION_ONLY,,f9cd8b59e8578cf0
prism-personal-v3-provisional-9of10,rec2018-01-23_10h54m18.511s.wav,0,2018-01-23#1,1,SCOREABLE,1.4222927560037275,0.1724137931034483,WITHIN_REFERENCE_RANGE,WARMUP,POPULATION_ONLY,,f9cd8b59e8578cf0
prism-personal-v3-provisional-9of10,rec2018-01-23_10h54m39.487s.wav,0,2018-01-23#1,1,SCOREABLE,1.4931918873067724,0.14106583072100312,WITHIN_REFERENCE_RANGE,WARMUP,POPULATION_ONLY,,f9cd8b59e8578cf0
prism-personal-v3-provisional-9of10,rec2018-01-23_10h56m48.215s.wav,0,2018-01-23#1,1,SCOREABLE,0.7709212051488539,0.6865203761755486,WITHIN_REFERENCE_RANGE,WARMUP,POPULATION_ONLY,,f9cd8b59e8578cf0
prism-personal-v3-provisional-9of10,rec2018-01-23_10h57m38.405s.wav,0,2018-01-23#1,1,SCOREABLE,1.613046885050769,0.10658307210031348,WITHIN_REFERENCE_RANGE,WARMUP,POPULATION_ONLY,,f9cd8b59e8578cf0
prism-personal-v3-provisional-9of10,rec2018-01-23_10h57m54.607s.wav,0,2018-01-23#1,1,SCOREABLE,0.8902818671430642,0.5611285266457681,WITHIN_REFERENCE_RANGE,WARMUP,POPULATION_ONLY,,f9cd8b59e8578cf0
prism-personal-v3-provisional-9of10,rec2018-01-23_10h59m20.895s.wav,0,2018-01-23#1,1,SCOREABLE,0.7156192692430005,0.7335423197492164,WITHIN_REFERENCE_RANGE,WARMUP,POPULATION_ONLY,,f9cd8b59e8578cf0
prism-personal-v3-provisional-9of10,rec2018-01-23_10h59m40.619s.wav,0,2018-01-23#1,1,SCOREABLE,0.40990436570742367,0.9655172413793104,WITHIN_REFERENCE_RANGE,WARMUP,POPULATION_ONLY,,f9cd8b59e8578cf0
prism-personal-v3-provisional-9of10,rec2018-01-23_10h59m57.587s.wav,0,2018-01-23#1,1,SCOREABLE,0.5461770142740527,0.8996865203761756,WITHIN_REFERENCE_RANGE,WARMUP,POPULATION_ONLY,,f9cd8b59e8578cf0
prism-personal-v3-provisional-9of10,rec2018-01-23_11h00m14.641s.wav,0,2018-01-23#1,1,SCOREABLE,0.6734750211349773,0.774294670846395,WITHIN_REFERENCE_RANGE,WARMUP,POPULATION_ONLY,,f9cd8b59e8578cf0
prism-personal-v3-provisional-9of10,rec2018-01-23_11h01m08.679s.wav,0,2018-01-23#1,1,SCOREABLE,1.1394066160966776,0.3573667711598746,WITHIN_REFERENCE_RANGE,WARMUP,POPULATION_ONLY,,f9cd8b59e8578cf0
prism-personal-v3-provisional-9of10,rec2018-01-23_11h01m26.075s.wav,0,2018-01-23#1,1,SCOREABLE,0.6524674602259309,0.7899686520376176,WITHIN_REFERENCE_RANGE,WARMUP,POPULATION_ONLY,,f9cd8b59e8578cf0
prism-personal-v3-provisional-9of10,rec2018-01-23_11h01m41.256s.wav,0,2018-01-23#1,1,SCOREABLE,0.7473525161406767,0.7084639498432602,WITHIN_REFERENCE_RANGE,WARMUP,POPULATION_ONLY,,f9cd8b59e8578cf0
prism-personal-v3-provisional-9of10,rec2018-01-23_11h01m57.075s.wav,0,2018-01-23#1,1,SCOREABLE,1.3774865001057204,0.18808777429467086,WITHIN_REFERENCE_RANGE,WARMUP,POPULATION_ONLY,,f9cd8b59e8578cf0
prism-personal-v3-provisional-9of10,rec2018-01-23_11h02m14.505s.wav,0,2018-01-23#1,1,SCOREABLE,0.9155273609460662,0.5454545454545454,WITHIN_REFERENCE_RANGE,WARMUP,POPULATION_ONLY,,f9cd8b59e8578cf0
prism-personal-v3-provisional-9of10,rec2018-01-23_11h02m29.845s.wav,0,2018-01-23#1,1,SCOREABLE,0.6404732118700553,0.8150470219435737,WITHIN_REFERENCE_RANGE,WARMUP,POPULATION_ONLY,,f9cd8b59e8578cf0
prism-personal-v3-provisional-9of10,rec2018-01-23_11h02m48.266s.wav,0,2018-01-23#1,1,SCOREABLE,0.9195147808313967,0.542319749216301,WITHIN_REFERENCE_RANGE,WARMUP,POPULATION_ONLY,,f9cd8b59e8578cf0
prism-personal-v3-provisional-9of10,rec2018-01-23_11h03m04.371s.wav,0,2018-01-23#1,1,SCOREABLE,1.177582042758818,0.329153605015674,WITHIN_REFERENCE_RANGE,WARMUP,POPULATION_ONLY,,f9cd8b59e8578cf0
prism-personal-v3-provisional-9of10,rec2018-01-23_11h03m19.651s.wav,0,2018-01-23#1,1,SCOREABLE,0.46262108945693503,0.9278996865203761,WITHIN_REFERENCE_RANGE,WARMUP,POPULATION_ONLY,,f9cd8b59e8578cf0
prism-personal-v3-provisional-9of10,rec2018-01-23_11h03m36.803s.wav,0,2018-01-23#1,1,SCOREABLE,0.4841980647874205,0.9247648902821317,WITHIN_REFERENCE_RANGE,WARMUP,POPULATION_ONLY,,f9cd8b59e8578cf0
prism-personal-v3-provisional-9of10,rec2018-01-23_11h03m51.751s.wav,0,2018-01-23#1,1,SCOREABLE,0.9590205092455603,0.5266457680250783,WITHIN_REFERENCE_RANGE,WARMUP,POPULATION_ONLY,,f9cd8b59e8578cf0
prism-personal-v3-provisional-9of10,rec2018-01-23_11h04m10.613s.wav,0,2018-01-23#1,1,SCOREABLE,0.7544220770594615,0.6959247648902821,WITHIN_REFERENCE_RANGE,WARMUP,POPULATION_ONLY,,f9cd8b59e8578cf0
prism-personal-v3-provisional-9of10,rec2018-01-23_11h04m27.250s.wav,0,2018-01-23#1,1,SCOREABLE,0.5771633950739117,0.8808777429467085,WITHIN_REFERENCE_RANGE,WARMUP,POPULATION_ONLY,,f9cd8b59e8578cf0
prism-personal-v3-provisional-9of10,rec2018-01-23_11h04m44.325s.wav,0,2018-01-23#1,1,SCOREABLE,1.041778156435174,0.45454545454545453,WITHIN_REFERENCE_RANGE,WARMUP,POPULATION_ONLY,,f9cd8b59e8578cf0
prism-personal-v3-provisional-9of10,rec2018-01-23_11h05m01.603s.wav,0,2018-01-23#1,1,SCOREABLE,0.32338256657889813,0.987460815047022,WITHIN_REFERENCE_RANGE,WARMUP,POPULATION_ONLY,,f9cd8b59e8578cf0
prism-personal-v3-provisional-9of10,rec2018-01-23_11h11m07.436s.wav,0,2018-01-23#1,1,SCOREABLE,0.7388132525385585,0.7147335423197492,WITHIN_REFERENCE_RANGE,WARMUP,POPULATION_ONLY,,f9cd8b59e8578cf0
prism-personal-v3-provisional-9of10,rec2018-01-23_11h11m22.731s.wav,0,2018-01-23#1,1,SCOREABLE,1.276437666391487,0.2664576802507837,WITHIN_REFERENCE_RANGE,WARMUP,POPULATION_ONLY,,f9cd8b59e8578cf0
prism-personal-v3-provisional-9of10,rec2018-01-23_11h11m37.608s.wav,0,2018-01-23#1,1,SCOREABLE,0.6875978837920803,0.768025078369906,WITHIN_REFERENCE_RANGE,WARMUP,POPULATION_ONLY,,f9cd8b59e8578cf0
prism-personal-v3-provisional-9of10,rec2018-01-23_11h11m52.435s.wav,0,2018-01-23#1,1,SCOREABLE,0.9420443404478233,0.5297805642633229,WITHIN_REFERENCE_RANGE,WARMUP,POPULATION_ONLY,,f9cd8b59e8578cf0
prism-personal-v3-provisional-9of10,rec2018-01-23_11h11m52.435s.wav,1,2018-01-23#1,1,NOT_SCOREABLE,,,NOT_ASSESSED,WARMUP,NOT_ASSESSED,,f9cd8b59e8578cf0
prism-personal-v3-provisional-9of10,rec2018-01-23_11h51m22.121s.wav,0,2018-01-23#2,2,SCOREABLE,0.6104394829263994,0.8463949843260188,WITHIN_REFERENCE_RANGE,WARMUP,POPULATION_ONLY,,158e2f03ebd1466c
prism-personal-v3-provisional-9of10,rec2018-01-23_11h51m22.121s.wav,1,2018-01-23#2,2,NOT_SCOREABLE,,,NOT_ASSESSED,WARMUP,NOT_ASSESSED,,158e2f03ebd1466c
prism-personal-v3-provisional-9of10,rec2018-01-23_11h51m37.745s.wav,0,2018-01-23#2,2,SCOREABLE,0.417760851955501,0.9561128526645768,WITHIN_REFERENCE_RANGE,WARMUP,POPULATION_ONLY,,158e2f03ebd1466c
prism-personal-v3-provisional-9of10,rec2018-01-23_11h51m52.565s.wav,0,2018-01-23#2,2,SCOREABLE,0.5876000550100453,0.8746081504702194,WITHIN_REFERENCE_RANGE,WARMUP,POPULATION_ONLY,,158e2f03ebd1466c
prism-personal-v3-provisional-9of10,rec2018-01-23_11h52m38.758s.wav,0,2018-01-23#2,2,SCOREABLE,0.6579950818898717,0.7836990595611285,WITHIN_REFERENCE_RANGE,WARMUP,POPULATION_ONLY,,158e2f03ebd1466c
prism-personal-v3-provisional-9of10,rec2018-01-23_11h52m53.640s.wav,0,2018-01-23#2,2,SCOREABLE,0.7616678389384032,0.6896551724137931,WITHIN_REFERENCE_RANGE,WARMUP,POPULATION_ONLY,,158e2f03ebd1466c
prism-personal-v3-provisional-9of10,rec2018-01-23_11h53m23.410s.wav,0,2018-01-23#2,2,SCOREABLE,0.6754322295822747,0.774294670846395,WITHIN_REFERENCE_RANGE,WARMUP,POPULATION_ONLY,,158e2f03ebd1466c
prism-personal-v3-provisional-9of10,rec2018-01-23_11h53m38.425s.wav,0,2018-01-23#2,2,SCOREABLE,0.9374045879217525,0.5360501567398119,WITHIN_REFERENCE_RANGE,WARMUP,POPULATION_ONLY,,158e2f03ebd1466c
prism-personal-v3-provisional-9of10,rec2018-01-23_11h53m56.835s.wav,0,2018-01-23#2,2,SCOREABLE,0.6300409184158817,0.8213166144200627,WITHIN_REFERENCE_RANGE,WARMUP,POPULATION_ONLY,,158e2f03ebd1466c
prism-personal-v3-provisional-9of10,rec2018-01-23_11h56m03.777s.wav,0,2018-01-23#2,2,SCOREABLE,0.9079251244313965,0.5517241379310345,WITHIN_REFERENCE_RANGE,WARMUP,POPULATION_ONLY,,158e2f03ebd1466c
prism-personal-v3-provisional-9of10,rec2018-01-23_11h56m18.749s.wav,0,2018-01-23#2,2,SCOREABLE,0.9172602433781273,0.5454545454545454,WITHIN_REFERENCE_RANGE,WARMUP,POPULATION_ONLY,,158e2f03ebd1466c
prism-personal-v3-provisional-9of10,rec2018-01-23_11h56m33.584s.wav,0,2018-01-23#2,2,SCOREABLE,0.4578236122516746,0.9373040752351097,WITHIN_REFERENCE_RANGE,WARMUP,POPULATION_ONLY,,158e2f03ebd1466c
prism-personal-v3-provisional-9of10,rec2018-01-23_11h57m24.977s.wav,0,2018-01-23#2,2,SCOREABLE,1.1689089102605432,0.335423197492163,WITHIN_REFERENCE_RANGE,WARMUP,POPULATION_ONLY,,158e2f03ebd1466c
prism-personal-v3-provisional-9of10,rec2018-01-23_11h57m41.504s.wav,0,2018-01-23#2,2,SCOREABLE,1.6287007710905286,0.09404388714733543,WITHIN_REFERENCE_RANGE,WARMUP,POPULATION_ONLY,,158e2f03ebd1466c
prism-personal-v3-provisional-9of10,rec2018-01-23_11h57m58.590s.wav,0,2018-01-23#2,2,SCOREABLE,1.405431882202403,0.1786833855799373,WITHIN_REFERENCE_RANGE,WARMUP,POPULATION_ONLY,,158e2f03ebd1466c
prism-personal-v3-provisional-9of10,rec2018-01-23_11h58m15.852s.wav,0,2018-01-23#2,2,SCOREABLE,0.5129724428959016,0.9153605015673981,WITHIN_REFERENCE_RANGE,WARMUP,POPULATION_ONLY,,158e2f03ebd1466c
prism-personal-v3-provisional-9of10,rec2018-01-23_11h58m34.582s.wav,0,2018-01-23#2,2,SCOREABLE,1.0720327164461896,0.4106583072100313,WITHIN_REFERENCE_RANGE,WARMUP,POPULATION_ONLY,,158e2f03ebd1466c
prism-personal-v3-provisional-9of10,rec2018-01-23_11h58m49.449s.wav,0,2018-01-23#2,2,SCOREABLE,0.49422105174291553,0.9216300940438872,WITHIN_REFERENCE_RANGE,WARMUP,POPULATION_ONLY,,158e2f03ebd1466c
prism-personal-v3-provisional-9of10,rec2018-01-23_11h59m04.620s.wav,0,2018-01-23#2,2,SCOREABLE,1.034118062072908,0.4670846394984326,WITHIN_REFERENCE_RANGE,WARMUP,POPULATION_ONLY,,158e2f03ebd1466c
prism-personal-v3-provisional-9of10,rec2018-01-23_11h59m04.620s.wav,1,2018-01-23#2,2,NOT_SCOREABLE,,,NOT_ASSESSED,WARMUP,NOT_ASSESSED,,158e2f03ebd1466c
prism-personal-v3-provisional-9of10,rec2018-01-23_12h02m44.138s.wav,0,2018-01-23#2,2,SCOREABLE,0.678558981975361,0.774294670846395,WITHIN_REFERENCE_RANGE,WARMUP,POPULATION_ONLY,,158e2f03ebd1466c
prism-personal-v3-provisional-9of10,rec2018-01-23_12h03m01.599s.wav,0,2018-01-23#2,2,SCOREABLE,1.508555224365867,0.14106583072100312,WITHIN_REFERENCE_RANGE,WARMUP,POPULATION_ONLY,,158e2f03ebd1466c
prism-personal-v3-provisional-9of10,rec2018-01-23_12h03m19.922s.wav,0,2018-01-23#2,2,SCOREABLE,0.9068494181873261,0.5517241379310345,WITHIN_REFERENCE_RANGE,WARMUP,POPULATION_ONLY,,158e2f03ebd1466c
prism-personal-v3-provisional-9of10,rec2018-01-23_12h03m36.988s.wav,0,2018-01-23#2,2,SCOREABLE,1.4556412991607683,0.15673981191222572,WITHIN_REFERENCE_RANGE,WARMUP,POPULATION_ONLY,,158e2f03ebd1466c
prism-personal-v3-provisional-9of10,rec2018-01-23_12h03m52.821s.wav,0,2018-01-23#2,2,SCOREABLE,0.722030908666123,0.7304075235109718,WITHIN_REFERENCE_RANGE,WARMUP,POPULATION_ONLY,,158e2f03ebd1466c
prism-personal-v3-provisional-9of10,rec2018-01-23_12h04m16.860s.wav,0,2018-01-23#2,2,SCOREABLE,0.8332352474500125,0.6206896551724138,WITHIN_REFERENCE_RANGE,WARMUP,POPULATION_ONLY,,158e2f03ebd1466c
prism-personal-v3-provisional-9of10,rec2018-01-23_12h04m31.917s.wav,0,2018-01-23#2,2,SCOREABLE,0.7657415742718778,0.6865203761755486,WITHIN_REFERENCE_RANGE,WARMUP,POPULATION_ONLY,,158e2f03ebd1466c
prism-personal-v3-provisional-9of10,rec2018-01-23_12h04m50.656s.wav,0,2018-01-23#2,2,SCOREABLE,0.872408595858446,0.5862068965517241,WITHIN_REFERENCE_RANGE,WARMUP,POPULATION_ONLY,,158e2f03ebd1466c
prism-personal-v3-provisional-9of10,rec2018-01-23_12h05m05.795s.wav,0,2018-01-23#2,2,SCOREABLE,0.7937657933425439,0.6677115987460815,WITHIN_REFERENCE_RANGE,WARMUP,POPULATION_ONLY,,158e2f03ebd1466c
prism-personal-v3-provisional-9of10,rec2018-01-23_12h37m08.326s.wav,0,2018-01-23#3,3,SCOREABLE,1.2257408286154667,0.30407523510971785,WITHIN_REFERENCE_RANGE,WARMUP,POPULATION_ONLY,,9d26964d371e4a61
prism-personal-v3-provisional-9of10,rec2018-01-23_12h37m25.023s.wav,0,2018-01-23#3,3,SCOREABLE,0.4007960155446375,0.9686520376175548,WITHIN_REFERENCE_RANGE,WARMUP,POPULATION_ONLY,,9d26964d371e4a61
prism-personal-v3-provisional-9of10,rec2018-01-23_12h37m39.981s.wav,0,2018-01-23#3,3,SCOREABLE,0.6006053206490122,0.8589341692789969,WITHIN_REFERENCE_RANGE,WARMUP,POPULATION_ONLY,,9d26964d371e4a61
prism-personal-v3-provisional-9of10,rec2018-01-23_12h37m54.913s.wav,0,2018-01-23#3,3,SCOREABLE,0.22901602113628075,0.9968652037617555,WITHIN_REFERENCE_RANGE,WARMUP,POPULATION_ONLY,,9d26964d371e4a61
prism-personal-v3-provisional-9of10,rec2018-01-23_12h38m10.740s.wav,0,2018-01-23#3,3,SCOREABLE,0.7148572732182024,0.7335423197492164,WITHIN_REFERENCE_RANGE,WARMUP,POPULATION_ONLY,,9d26964d371e4a61
prism-personal-v3-provisional-9of10,rec2018-01-23_12h39m14.259s.wav,0,2018-01-23#3,3,SCOREABLE,0.2868940899402254,0.9937304075235109,WITHIN_REFERENCE_RANGE,WARMUP,POPULATION_ONLY,,9d26964d371e4a61
prism-personal-v3-provisional-9of10,rec2018-01-23_12h39m29.011s.wav,0,2018-01-23#3,3,SCOREABLE,0.6062624435443309,0.8526645768025078,WITHIN_REFERENCE_RANGE,WARMUP,POPULATION_ONLY,,9d26964d371e4a61
prism-personal-v3-provisional-9of10,rec2018-01-23_12h39m44.218s.wav,0,2018-01-23#3,3,SCOREABLE,0.4104130429698768,0.9655172413793104,WITHIN_REFERENCE_RANGE,WARMUP,POPULATION_ONLY,,9d26964d371e4a61
prism-personal-v3-provisional-9of10,rec2018-01-23_12h39m59.067s.wav,0,2018-01-23#3,3,SCOREABLE,0.6564101340436282,0.7836990595611285,WITHIN_REFERENCE_RANGE,WARMUP,POPULATION_ONLY,,9d26964d371e4a61
prism-personal-v3-provisional-9of10,rec2018-01-23_12h40m15.223s.wav,0,2018-01-23#3,3,SCOREABLE,0.6966523854009258,0.7586206896551724,WITHIN_REFERENCE_RANGE,WARMUP,POPULATION_ONLY,,9d26964d371e4a61
prism-personal-v3-provisional-9of10,rec2018-01-23_12h40m30.209s.wav,0,2018-01-23#3,3,SCOREABLE,0.5597051427126375,0.8840125391849529,WITHIN_REFERENCE_RANGE,WARMUP,POPULATION_ONLY,,9d26964d371e4a61
prism-personal-v3-provisional-9of10,rec2018-01-23_12h40m47.865s.wav,0,2018-01-23#3,3,SCOREABLE,0.5176452075485041,0.9122257053291536,WITHIN_REFERENCE_RANGE,WARMUP,POPULATION_ONLY,,9d26964d371e4a61
prism-personal-v3-provisional-9of10,rec2018-01-23_12h41m04.075s.wav,0,2018-01-23#3,3,SCOREABLE,0.33606169081308934,0.9843260188087775,WITHIN_REFERENCE_RANGE,WARMUP,POPULATION_ONLY,,9d26964d371e4a61
prism-personal-v3-provisional-9of10,rec2018-01-23_12h41m19.889s.wav,0,2018-01-23#3,3,SCOREABLE,1.1391478721435988,0.3573667711598746,WITHIN_REFERENCE_RANGE,WARMUP,POPULATION_ONLY,,9d26964d371e4a61
prism-personal-v3-provisional-9of10,rec2018-01-23_12h41m54.714s.wav,0,2018-01-23#3,3,SCOREABLE,0.5360365503239772,0.9028213166144201,WITHIN_REFERENCE_RANGE,WARMUP,POPULATION_ONLY,,9d26964d371e4a61
prism-personal-v3-provisional-9of10,rec2018-01-23_12h42m11.121s.wav,0,2018-01-23#3,3,SCOREABLE,1.1704540427249555,0.335423197492163,WITHIN_REFERENCE_RANGE,WARMUP,POPULATION_ONLY,,9d26964d371e4a61
prism-personal-v3-provisional-9of10,rec2018-01-23_12h50m45.316s.wav,0,2018-01-23#3,3,SCOREABLE,1.4563087809290574,0.15673981191222572,WITHIN_REFERENCE_RANGE,WARMUP,POPULATION_ONLY,,9d26964d371e4a61
prism-personal-v3-provisional-9of10,rec2018-01-23_12h51m39.774s.wav,0,2018-01-23#3,3,SCOREABLE,2.24690338678174,0.009404388714733543,OUTSIDE_REFERENCE_RANGE,WARMUP,POPULATION_ONLY,,9d26964d371e4a61
prism-personal-v3-provisional-9of10,rec2018-01-23_12h51m39.774s.wav,1,2018-01-23#3,3,NOT_SCOREABLE,,,NOT_ASSESSED,WARMUP,NOT_ASSESSED,,9d26964d371e4a61
prism-personal-v3-provisional-9of10,rec2018-01-23_12h52m08.363s.wav,0,2018-01-23#3,3,SCOREABLE,1.9315676356032458,0.034482758620689655,OUTSIDE_REFERENCE_RANGE,WARMUP,POPULATION_ONLY,,9d26964d371e4a61
prism-personal-v3-provisional-9of10,rec2018-01-23_12h52m08.363s.wav,1,2018-01-23#3,3,NOT_SCOREABLE,,,NOT_ASSESSED,WARMUP,NOT_ASSESSED,,9d26964d371e4a61
prism-personal-v3-provisional-9of10,rec2018-01-23_12h52m08.363s.wav,2,2018-01-23#3,3,NOT_SCOREABLE,,,NOT_ASSESSED,WARMUP,NOT_ASSESSED,,9d26964d371e4a61
prism-personal-v3-provisional-9of10,rec2018-01-23_12h52m08.363s.wav,3,2018-01-23#3,3,NOT_SCOREABLE,,,NOT_ASSESSED,WARMUP,NOT_ASSESSED,,9d26964d371e4a61
prism-personal-v3-provisional-9of10,rec2018-01-23_12h52m08.363s.wav,4,2018-01-23#3,3,NOT_SCOREABLE,,,NOT_ASSESSED,WARMUP,NOT_ASSESSED,,9d26964d371e4a61
prism-personal-v3-provisional-9of10,rec2018-01-23_12h52m40.101s.wav,0,2018-01-23#3,3,SCOREABLE,0.9079504175908323,0.5517241379310345,WITHIN_REFERENCE_RANGE,WARMUP,POPULATION_ONLY,,9d26964d371e4a61
prism-personal-v3-provisional-9of10,rec2018-01-23_12h52m40.101s.wav,1,2018-01-23#3,3,SCOREABLE,1.6631738164377141,0.06896551724137931,WITHIN_REFERENCE_RANGE,WARMUP,POPULATION_ONLY,,9d26964d371e4a61
prism-personal-v3-provisional-9of10,rec2018-01-23_12h53m35.233s.wav,0,2018-01-23#3,3,SCOREABLE,1.3029119719142015,0.23824451410658307,WITHIN_REFERENCE_RANGE,WARMUP,POPULATION_ONLY,,9d26964d371e4a61
prism-personal-v3-provisional-9of10,rec2018-01-23_12h54m08.620s.wav,0,2018-01-23#3,3,SCOREABLE,0.5485714118589836,0.896551724137931,WITHIN_REFERENCE_RANGE,WARMUP,POPULATION_ONLY,,9d26964d371e4a61
prism-personal-v3-provisional-9of10,rec2018-01-23_12h54m08.620s.wav,1,2018-01-23#3,3,NOT_SCOREABLE,,,NOT_ASSESSED,WARMUP,NOT_ASSESSED,,9d26964d371e4a61
prism-personal-v3-provisional-9of10,rec2018-01-23_12h54m28.485s.wav,0,2018-01-23#3,3,NOT_SCOREABLE,,,NOT_ASSESSED,WARMUP,NOT_ASSESSED,,9d26964d371e4a61
prism-personal-v3-provisional-9of10,rec2018-01-23_12h54m28.485s.wav,1,2018-01-23#3,3,NOT_SCOREABLE,,,NOT_ASSESSED,WARMUP,NOT_ASSESSED,,9d26964d371e4a61
prism-personal-v3-provisional-9of10,rec2018-01-23_12h55m02.432s.wav,0,2018-01-23#3,3,SCOREABLE,0.7228911759639425,0.7304075235109718,WITHIN_REFERENCE_RANGE,WARMUP,POPULATION_ONLY,,9d26964d371e4a61
prism-personal-v3-provisional-9of10,rec2018-01-23_12h55m27.681s.wav,0,2018-01-23#3,3,SCOREABLE,0.3418479715160741,0.9811912225705329,WITHIN_REFERENCE_RANGE,WARMUP,POPULATION_ONLY,,9d26964d371e4a61
prism-personal-v3-provisional-9of10,rec2018-01-23_12h55m53.736s.wav,0,2018-01-23#3,3,SCOREABLE,0.5856881325167709,0.8746081504702194,WITHIN_REFERENCE_RANGE,WARMUP,POPULATION_ONLY,,9d26964d371e4a61
prism-personal-v3-provisional-9of10,rec2018-01-23_12h55m53.736s.wav,1,2018-01-23#3,3,NOT_SCOREABLE,,,NOT_ASSESSED,WARMUP,NOT_ASSESSED,,9d26964d371e4a61
prism-personal-v3-provisional-9of10,rec2018-01-23_12h56m34.401s.wav,0,2018-01-23#3,3,SCOREABLE,0.6470917754444846,0.7931034482758621,WITHIN_REFERENCE_RANGE,WARMUP,POPULATION_ONLY,,9d26964d371e4a61
prism-personal-v3-provisional-9of10,rec2018-01-23_12h57m02.652s.wav,0,2018-01-23#3,3,SCOREABLE,1.1579335106660076,0.3448275862068966,WITHIN_REFERENCE_RANGE,WARMUP,POPULATION_ONLY,,9d26964d371e4a61
prism-personal-v3-provisional-9of10,rec2018-01-23_12h57m37.371s.wav,0,2018-01-23#3,3,SCOREABLE,0.6500345456144364,0.7899686520376176,WITHIN_REFERENCE_RANGE,WARMUP,POPULATION_ONLY,,9d26964d371e4a61
prism-personal-v3-provisional-9of10,rec2018-02-01_17h36m45.706s.wav,0,2018-02-01#1,4,SCOREABLE,1.6267413082490858,0.09404388714733543,WITHIN_REFERENCE_RANGE,WARMUP,POPULATION_ONLY,,f440ad9c30c818f8
prism-personal-v3-provisional-9of10,rec2018-02-01_17h40m59.475s.wav,0,2018-02-01#1,4,SCOREABLE,0.7970012456636577,0.6614420062695925,WITHIN_REFERENCE_RANGE,WARMUP,POPULATION_ONLY,,f440ad9c30c818f8
prism-personal-v3-provisional-9of10,rec2018-02-02_00h11m42.617s.wav,0,2018-02-01#4,7,SCOREABLE,0.7905908974606508,0.6739811912225705,WITHIN_REFERENCE_RANGE,WARMUP,POPULATION_ONLY,,f440ad9c30c818f8
prism-personal-v3-provisional-9of10,rec2018-02-02_00h27m33.111s.wav,0,2018-02-01#4,7,SCOREABLE,0.7007783004329043,0.7586206896551724,WITHIN_REFERENCE_RANGE,WARMUP,POPULATION_ONLY,,f440ad9c30c818f8
prism-personal-v3-provisional-9of10,rec2018-02-02_00h33m01.131s.wav,0,2018-02-01#4,7,NOT_SCOREABLE,,,NOT_ASSESSED,WARMUP,NOT_ASSESSED,,f440ad9c30c818f8
prism-personal-v3-provisional-9of10,rec2018-02-02_00h33m01.131s.wav,1,2018-02-01#4,7,NOT_SCOREABLE,,,NOT_ASSESSED,WARMUP,NOT_ASSESSED,,f440ad9c30c818f8
prism-personal-v3-provisional-9of10,rec2018-02-02_00h39m43.100s.wav,0,2018-02-01#4,7,NOT_SCOREABLE,,,NOT_ASSESSED,WARMUP,NOT_ASSESSED,,f440ad9c30c818f8
prism-personal-v3-provisional-9of10,rec2018-02-02_00h39m43.100s.wav,1,2018-02-01#4,7,NOT_SCOREABLE,,,NOT_ASSESSED,WARMUP,NOT_ASSESSED,,f440ad9c30c818f8
prism-personal-v3-provisional-9of10,rec2018-02-02_01h32m24.455s.wav,0,2018-02-02#1,8,SCOREABLE,1.2104737215603452,0.3166144200626959,WITHIN_REFERENCE_RANGE,WARMUP,POPULATION_ONLY,,f440ad9c30c818f8
prism-personal-v3-provisional-9of10,rec2018-02-02_01h32m24.455s.wav,1,2018-02-02#1,8,NOT_SCOREABLE,,,NOT_ASSESSED,WARMUP,NOT_ASSESSED,,f440ad9c30c818f8
prism-personal-v3-provisional-9of10,rec2018-02-02_01h34m08.386s.wav,0,2018-02-02#1,8,SCOREABLE,0.8184351410686262,0.6363636363636364,WITHIN_REFERENCE_RANGE,WARMUP,POPULATION_ONLY,,f440ad9c30c818f8
prism-personal-v3-provisional-9of10,rec2018-02-02_01h35m12.866s.wav,0,2018-02-02#1,8,SCOREABLE,0.6212857316773884,0.8307210031347962,WITHIN_REFERENCE_RANGE,WARMUP,POPULATION_ONLY,,f440ad9c30c818f8
prism-personal-v3-provisional-9of10,rec2018-02-02_01h36m19.632s.wav,0,2018-02-02#1,8,SCOREABLE,0.6338940752309586,0.8213166144200627,WITHIN_REFERENCE_RANGE,WARMUP,POPULATION_ONLY,,f440ad9c30c818f8
prism-personal-v3-provisional-9of10,rec2018-02-02_01h40m26.773s.wav,0,2018-02-02#1,8,SCOREABLE,1.3033765613628354,0.23824451410658307,WITHIN_REFERENCE_RANGE,WARMUP,POPULATION_ONLY,,f440ad9c30c818f8
prism-personal-v3-provisional-9of10,rec2018-02-02_01h58m20.818s.wav,0,2018-02-02#1,8,SCOREABLE,1.7030538948544938,0.06896551724137931,WITHIN_REFERENCE_RANGE,WARMUP,POPULATION_ONLY,,f440ad9c30c818f8
prism-personal-v3-provisional-9of10,rec2018-02-02_01h58m59.251s.wav,0,2018-02-02#1,8,SCOREABLE,0.4069222603998801,0.9655172413793104,WITHIN_REFERENCE_RANGE,WARMUP,POPULATION_ONLY,,f440ad9c30c818f8
prism-personal-v3-provisional-9of10,rec2018-02-02_02h09m32.913s.wav,0,2018-02-02#1,8,SCOREABLE,0.9108733380051696,0.5454545454545454,WITHIN_REFERENCE_RANGE,WARMUP,POPULATION_ONLY,,f440ad9c30c818f8
prism-personal-v3-provisional-9of10,rec2018-02-02_10h27m54.823s.wav,0,2018-02-02#2,9,NOT_SCOREABLE,,,NOT_ASSESSED,WARMUP,NOT_ASSESSED,,f440ad9c30c818f8
prism-personal-v3-provisional-9of10,rec2018-02-02_10h27m54.823s.wav,1,2018-02-02#2,9,NOT_SCOREABLE,,,NOT_ASSESSED,WARMUP,NOT_ASSESSED,,f440ad9c30c818f8
prism-personal-v3-provisional-9of10,rec2018-02-02_10h27m54.823s.wav,2,2018-02-02#2,9,NOT_SCOREABLE,,,NOT_ASSESSED,WARMUP,NOT_ASSESSED,,f440ad9c30c818f8
prism-personal-v3-provisional-9of10,rec2018-02-02_10h27m54.823s.wav,3,2018-02-02#2,9,NOT_SCOREABLE,,,NOT_ASSESSED,WARMUP,NOT_ASSESSED,,f440ad9c30c818f8
prism-personal-v3-provisional-9of10,rec2018-02-02_10h29m51.284s.wav,0,2018-02-02#2,9,SCOREABLE,0.7808905533164997,0.6802507836990596,WITHIN_REFERENCE_RANGE,WARMUP,POPULATION_ONLY,,f440ad9c30c818f8
prism-personal-v3-provisional-9of10,rec2018-02-02_10h46m42.260s.wav,0,2018-02-02#2,9,SCOREABLE,0.849881480629314,0.6050156739811913,WITHIN_REFERENCE_RANGE,WARMUP,POPULATION_ONLY,,f440ad9c30c818f8
prism-personal-v3-provisional-9of10,rec2018-02-02_10h48m38.792s.wav,0,2018-02-02#2,9,SCOREABLE,0.24714587184211195,0.9968652037617555,WITHIN_REFERENCE_RANGE,WARMUP,POPULATION_ONLY,,f440ad9c30c818f8
prism-personal-v3-provisional-9of10,rec2018-02-02_10h57m01.870s.wav,0,2018-02-02#2,9,SCOREABLE,0.9585777561488372,0.5266457680250783,WITHIN_REFERENCE_RANGE,WARMUP,POPULATION_ONLY,,f440ad9c30c818f8
prism-personal-v3-provisional-9of10,rec2018-02-02_10h58m28.930s.wav,0,2018-02-02#2,9,SCOREABLE,0.6423644611676458,0.8087774294670846,WITHIN_REFERENCE_RANGE,WARMUP,POPULATION_ONLY,,f440ad9c30c818f8
prism-personal-v3-provisional-9of10,rec2018-02-02_10h59m19.989s.wav,0,2018-02-02#2,9,SCOREABLE,0.340596386824746,0.9811912225705329,WITHIN_REFERENCE_RANGE,WARMUP,POPULATION_ONLY,,f440ad9c30c818f8
prism-personal-v3-provisional-9of10,rec2018-02-02_11h00m10.171s.wav,0,2018-02-02#2,9,SCOREABLE,1.0079641893714937,0.49216300940438873,WITHIN_REFERENCE_RANGE,WARMUP,POPULATION_ONLY,,f440ad9c30c818f8
prism-personal-v3-provisional-9of10,rec2018-02-02_11h00m59.338s.wav,0,2018-02-02#2,9,SCOREABLE,0.6350131816895938,0.8213166144200627,WITHIN_REFERENCE_RANGE,WARMUP,POPULATION_ONLY,,f440ad9c30c818f8
prism-personal-v3-provisional-9of10,rec2018-02-02_11h01m45.212s.wav,0,2018-02-02#2,9,SCOREABLE,1.3570257084056188,0.1974921630094044,WITHIN_REFERENCE_RANGE,WARMUP,POPULATION_ONLY,,f440ad9c30c818f8
prism-personal-v3-provisional-9of10,rec2018-02-05_10h37m14.374s.wav,0,2018-02-05#1,13,SCOREABLE,1.818487815244324,0.050156739811912224,WITHIN_REFERENCE_RANGE,WARMUP,POPULATION_ONLY,,f440ad9c30c818f8
prism-personal-v3-provisional-9of10,rec2018-02-05_10h38m19.385s.wav,0,2018-02-05#1,13,SCOREABLE,0.9802810523461614,0.5141065830721003,WITHIN_REFERENCE_RANGE,WARMUP,POPULATION_ONLY,,f440ad9c30c818f8
prism-personal-v3-provisional-9of10,rec2018-02-05_10h39m00.035s.wav,0,2018-02-05#1,13,SCOREABLE,1.2901296796876194,0.25391849529780564,WITHIN_REFERENCE_RANGE,WARMUP,POPULATION_ONLY,,f440ad9c30c818f8
prism-personal-v3-provisional-9of10,rec2018-02-05_10h41m21.507s.wav,0,2018-02-05#1,13,SCOREABLE,0.8867160591876612,0.5642633228840125,WITHIN_REFERENCE_RANGE,WARMUP,POPULATION_ONLY,,f440ad9c30c818f8
prism-personal-v3-provisional-9of10,rec2018-02-05_10h42m50.893s.wav,0,2018-02-05#1,13,SCOREABLE,1.5487443537190484,0.12852664576802508,WITHIN_REFERENCE_RANGE,WARMUP,POPULATION_ONLY,,f440ad9c30c818f8
prism-personal-v3-provisional-9of10,rec2018-02-05_10h43m40.571s.wav,0,2018-02-05#1,13,SCOREABLE,1.473814327530059,0.14420062695924765,WITHIN_REFERENCE_RANGE,WARMUP,POPULATION_ONLY,,f440ad9c30c818f8
prism-personal-v3-provisional-9of10,rec2018-02-05_10h44m37.655s.wav,0,2018-02-05#1,13,SCOREABLE,0.9463024837678492,0.5266457680250783,WITHIN_REFERENCE_RANGE,WARMUP,POPULATION_ONLY,,f440ad9c30c818f8
prism-personal-v3-provisional-9of10,rec2018-02-05_10h45m35.939s.wav,0,2018-02-05#1,13,SCOREABLE,1.3821694974502325,0.18808777429467086,WITHIN_REFERENCE_RANGE,WARMUP,POPULATION_ONLY,,f440ad9c30c818f8
prism-personal-v3-provisional-9of10,rec2018-02-05_10h52m39.045s.wav,0,2018-02-05#1,13,SCOREABLE,1.4035777349319185,0.1786833855799373,WITHIN_REFERENCE_RANGE,WARMUP,POPULATION_ONLY,,f440ad9c30c818f8
prism-personal-v3-provisional-9of10,rec2018-02-05_10h53m45.411s.wav,0,2018-02-05#1,13,SCOREABLE,0.710942295519996,0.7460815047021944,WITHIN_REFERENCE_RANGE,WARMUP,POPULATION_ONLY,,f440ad9c30c818f8
prism-personal-v3-provisional-9of10,rec2018-02-05_10h53m45.411s.wav,1,2018-02-05#1,13,NOT_SCOREABLE,,,NOT_ASSESSED,WARMUP,NOT_ASSESSED,,f440ad9c30c818f8
prism-personal-v3-provisional-9of10,rec2018-02-05_10h54m35.447s.wav,0,2018-02-05#1,13,SCOREABLE,0.8104825224725593,0.64576802507837,WITHIN_REFERENCE_RANGE,WARMUP,POPULATION_ONLY,,f440ad9c30c818f8
prism-personal-v3-provisional-9of10,rec2018-02-05_10h55m27.871s.wav,0,2018-02-05#1,13,SCOREABLE,0.7976742524225339,0.6614420062695925,WITHIN_REFERENCE_RANGE,WARMUP,POPULATION_ONLY,,f440ad9c30c818f8
prism-personal-v3-provisional-9of10,rec2018-02-05_10h56m11.262s.wav,0,2018-02-05#1,13,SCOREABLE,0.9983357430092251,0.49843260188087773,WITHIN_REFERENCE_RANGE,WARMUP,POPULATION_ONLY,,f440ad9c30c818f8
prism-personal-v3-provisional-9of10,rec2018-02-05_10h58m35.817s.wav,0,2018-02-05#1,13,SCOREABLE,1.1042992039340975,0.3824451410658307,WITHIN_REFERENCE_RANGE,WARMUP,POPULATION_ONLY,,f440ad9c30c818f8
prism-personal-v3-provisional-9of10,rec2018-02-05_11h01m02.037s.wav,0,2018-02-05#1,13,SCOREABLE,1.402158867480274,0.1786833855799373,WITHIN_REFERENCE_RANGE,WARMUP,POPULATION_ONLY,,f440ad9c30c818f8
prism-personal-v3-provisional-9of10,rec2018-02-05_11h02m06.737s.wav,0,2018-02-05#1,13,SCOREABLE,0.2823258129909163,0.9937304075235109,WITHIN_REFERENCE_RANGE,WARMUP,POPULATION_ONLY,,f440ad9c30c818f8
prism-personal-v3-provisional-9of10,rec2018-02-05_11h03m04.776s.wav,0,2018-02-05#1,13,SCOREABLE,0.5949037262701411,0.8620689655172413,WITHIN_REFERENCE_RANGE,WARMUP,POPULATION_ONLY,,f440ad9c30c818f8
prism-personal-v3-provisional-9of10,rec2018-02-05_11h03m43.815s.wav,0,2018-02-05#1,13,SCOREABLE,0.8853272487919965,0.567398119122257,WITHIN_REFERENCE_RANGE,WARMUP,POPULATION_ONLY,,f440ad9c30c818f8
prism-personal-v3-provisional-9of10,rec2018-02-05_11h04m48.418s.wav,0,2018-02-05#1,13,SCOREABLE,0.7734920489271199,0.6833855799373041,WITHIN_REFERENCE_RANGE,WARMUP,POPULATION_ONLY,,f440ad9c30c818f8
prism-personal-v3-provisional-9of10,rec2018-02-05_11h05m32.273s.wav,0,2018-02-05#1,13,SCOREABLE,0.7623004008406533,0.6896551724137931,WITHIN_REFERENCE_RANGE,WARMUP,POPULATION_ONLY,,f440ad9c30c818f8
prism-personal-v3-provisional-9of10,rec2018-02-05_11h06m12.128s.wav,0,2018-02-05#1,13,NOT_SCOREABLE,,,NOT_ASSESSED,WARMUP,NOT_ASSESSED,,f440ad9c30c818f8
prism-personal-v3-provisional-9of10,rec2018-02-05_11h06m12.128s.wav,1,2018-02-05#1,13,SCOREABLE,0.7988511608619642,0.6614420062695925,WITHIN_REFERENCE_RANGE,WARMUP,POPULATION_ONLY,,f440ad9c30c818f8
prism-personal-v3-provisional-9of10,rec2018-02-05_11h06m59.857s.wav,0,2018-02-05#1,13,SCOREABLE,1.0147607025007037,0.48589341692789967,WITHIN_REFERENCE_RANGE,WARMUP,POPULATION_ONLY,,f440ad9c30c818f8
prism-personal-v3-provisional-9of10,rec2018-02-05_11h20m08.624s.wav,0,2018-02-05#1,13,NOT_SCOREABLE,,,NOT_ASSESSED,WARMUP,NOT_ASSESSED,,f440ad9c30c818f8
prism-personal-v3-provisional-9of10,rec2018-02-05_11h20m08.624s.wav,1,2018-02-05#1,13,SCOREABLE,1.0299073268648906,0.4670846394984326,WITHIN_REFERENCE_RANGE,WARMUP,POPULATION_ONLY,,f440ad9c30c818f8
prism-personal-v3-provisional-9of10,rec2018-02-05_11h20m47.521s.wav,0,2018-02-05#1,13,SCOREABLE,0.9966791828429749,0.5078369905956113,WITHIN_REFERENCE_RANGE,WARMUP,POPULATION_ONLY,,f440ad9c30c818f8
prism-personal-v3-provisional-9of10,rec2018-02-05_11h22m34.731s.wav,0,2018-02-05#1,13,SCOREABLE,0.6075212890179696,0.8495297805642633,WITHIN_REFERENCE_RANGE,WARMUP,POPULATION_ONLY,,f440ad9c30c818f8
prism-personal-v3-provisional-9of10,rec2018-02-05_11h23m35.644s.wav,0,2018-02-05#1,13,SCOREABLE,1.179641205548829,0.329153605015674,WITHIN_REFERENCE_RANGE,WARMUP,POPULATION_ONLY,,f440ad9c30c818f8
prism-personal-v3-provisional-9of10,rec2018-02-05_11h30m48.760s.wav,0,2018-02-05#1,13,SCOREABLE,0.6282315167635425,0.8244514106583072,WITHIN_REFERENCE_RANGE,WARMUP,POPULATION_ONLY,,f440ad9c30c818f8
prism-personal-v3-provisional-9of10,rec2018-02-06_10h28m57.917s.wav,0,2018-02-06#1,14,SCOREABLE,0.6794697657466328,0.774294670846395,WITHIN_REFERENCE_RANGE,WARMUP,POPULATION_ONLY,,2412a369513b00e8
prism-personal-v3-provisional-9of10,rec2018-02-06_10h30m00.277s.wav,0,2018-02-06#1,14,SCOREABLE,0.541827694397072,0.9028213166144201,WITHIN_REFERENCE_RANGE,WARMUP,POPULATION_ONLY,,2412a369513b00e8
prism-personal-v3-provisional-9of10,rec2018-02-06_10h32m03.907s.wav,0,2018-02-06#1,14,SCOREABLE,0.546894042319701,0.8996865203761756,WITHIN_REFERENCE_RANGE,WARMUP,POPULATION_ONLY,,2412a369513b00e8
prism-personal-v3-provisional-9of10,rec2018-02-06_10h32m43.911s.wav,0,2018-02-06#1,14,SCOREABLE,0.5246799480950186,0.9122257053291536,WITHIN_REFERENCE_RANGE,WARMUP,POPULATION_ONLY,,2412a369513b00e8
prism-personal-v3-provisional-9of10,rec2018-02-06_11h39m13.131s.wav,0,2018-02-06#2,15,SCOREABLE,1.3589453141903478,0.19435736677115986,WITHIN_REFERENCE_RANGE,WARMUP,POPULATION_ONLY,,2412a369513b00e8
prism-personal-v3-provisional-9of10,rec2018-02-06_12h10m09.167s.wav,0,2018-02-06#3,16,SCOREABLE,0.5985046581109743,0.8589341692789969,WITHIN_REFERENCE_RANGE,WARMUP,POPULATION_ONLY,,2412a369513b00e8
prism-personal-v3-provisional-9of10,rec2018-02-06_12h10m09.167s.wav,1,2018-02-06#3,16,SCOREABLE,1.0406124057361208,0.4608150470219436,WITHIN_REFERENCE_RANGE,WARMUP,POPULATION_ONLY,,2412a369513b00e8
prism-personal-v3-provisional-9of10,rec2018-02-06_12h11m01.614s.wav,0,2018-02-06#3,16,SCOREABLE,0.678336310363863,0.774294670846395,WITHIN_REFERENCE_RANGE,WARMUP,POPULATION_ONLY,,2412a369513b00e8
prism-personal-v3-provisional-9of10,rec2018-02-06_12h11m01.614s.wav,1,2018-02-06#3,16,SCOREABLE,0.8036281133636897,0.6551724137931034,WITHIN_REFERENCE_RANGE,WARMUP,POPULATION_ONLY,,2412a369513b00e8
prism-personal-v3-provisional-9of10,rec2018-02-06_12h12m08.951s.wav,0,2018-02-06#3,16,SCOREABLE,0.7246312717838154,0.7241379310344828,WITHIN_REFERENCE_RANGE,WARMUP,POPULATION_ONLY,,2412a369513b00e8
prism-personal-v3-provisional-9of10,rec2018-02-06_12h12m08.951s.wav,1,2018-02-06#3,16,NOT_SCOREABLE,,,NOT_ASSESSED,WARMUP,NOT_ASSESSED,,2412a369513b00e8
prism-personal-v3-provisional-9of10,rec2018-02-06_12h12m08.951s.wav,2,2018-02-06#3,16,NOT_SCOREABLE,,,NOT_ASSESSED,WARMUP,NOT_ASSESSED,,2412a369513b00e8
prism-personal-v3-provisional-9of10,rec2018-02-06_12h13m05.267s.wav,0,2018-02-06#3,16,SCOREABLE,0.6399848486492292,0.8181818181818182,WITHIN_REFERENCE_RANGE,WARMUP,POPULATION_ONLY,,2412a369513b00e8
prism-personal-v3-provisional-9of10,rec2018-02-06_12h13m05.267s.wav,1,2018-02-06#3,16,SCOREABLE,1.165120225460232,0.335423197492163,WITHIN_REFERENCE_RANGE,WARMUP,POPULATION_ONLY,,2412a369513b00e8
prism-personal-v3-provisional-9of10,rec2018-02-06_12h13m52.029s.wav,0,2018-02-06#3,16,SCOREABLE,0.6123203324113787,0.8432601880877743,WITHIN_REFERENCE_RANGE,WARMUP,POPULATION_ONLY,,2412a369513b00e8
prism-personal-v3-provisional-9of10,rec2018-02-06_12h13m52.029s.wav,1,2018-02-06#3,16,SCOREABLE,0.6214326122759679,0.8307210031347962,WITHIN_REFERENCE_RANGE,WARMUP,POPULATION_ONLY,,2412a369513b00e8
prism-personal-v3-provisional-9of10,rec2018-02-06_12h15m08.616s.wav,0,2018-02-06#3,16,SCOREABLE,1.146253702185933,0.3573667711598746,WITHIN_REFERENCE_RANGE,WARMUP,POPULATION_ONLY,,2412a369513b00e8
prism-personal-v3-provisional-9of10,rec2018-02-06_12h15m08.616s.wav,1,2018-02-06#3,16,SCOREABLE,1.4535043378288608,0.15987460815047022,WITHIN_REFERENCE_RANGE,WARMUP,POPULATION_ONLY,,2412a369513b00e8
prism-personal-v3-provisional-9of10,rec2018-02-06_12h16m57.870s.wav,0,2018-02-06#3,16,NOT_SCOREABLE,,,NOT_ASSESSED,WARMUP,NOT_ASSESSED,,2412a369513b00e8
prism-personal-v3-provisional-9of10,rec2018-02-06_12h17m38.883s.wav,0,2018-02-06#3,16,SCOREABLE,2.0291614064987806,0.025078369905956112,OUTSIDE_REFERENCE_RANGE,WARMUP,POPULATION_ONLY,,2412a369513b00e8
prism-personal-v3-provisional-9of10,rec2018-02-06_12h18m33.477s.wav,0,2018-02-06#3,16,SCOREABLE,0.6529156270930931,0.7899686520376176,WITHIN_REFERENCE_RANGE,WARMUP,POPULATION_ONLY,,2412a369513b00e8
prism-personal-v3-provisional-9of10,rec2018-02-06_12h19m34.374s.wav,0,2018-02-06#3,16,NOT_SCOREABLE,,,NOT_ASSESSED,WARMUP,NOT_ASSESSED,,2412a369513b00e8
prism-personal-v3-provisional-9of10,rec2018-02-06_12h19m34.374s.wav,1,2018-02-06#3,16,NOT_SCOREABLE,,,NOT_ASSESSED,WARMUP,NOT_ASSESSED,,2412a369513b00e8
prism-personal-v3-provisional-9of10,rec2018-02-06_12h20m19.800s.wav,0,2018-02-06#3,16,NOT_SCOREABLE,,,NOT_ASSESSED,WARMUP,NOT_ASSESSED,,2412a369513b00e8
prism-personal-v3-provisional-9of10,rec2018-02-06_12h20m19.800s.wav,1,2018-02-06#3,16,NOT_SCOREABLE,,,NOT_ASSESSED,WARMUP,NOT_ASSESSED,,2412a369513b00e8
prism-personal-v3-provisional-9of10,rec2018-02-06_12h21m35.410s.wav,0,2018-02-06#3,16,NOT_SCOREABLE,,,NOT_ASSESSED,WARMUP,NOT_ASSESSED,,2412a369513b00e8
prism-personal-v3-provisional-9of10,rec2018-02-06_12h21m35.410s.wav,1,2018-02-06#3,16,NOT_SCOREABLE,,,NOT_ASSESSED,WARMUP,NOT_ASSESSED,,2412a369513b00e8
prism-personal-v3-provisional-9of10,rec2018-02-08_14h33m35.005s.wav,0,2018-02-08#1,17,SCOREABLE,1.2976839343385955,0.2445141065830721,WITHIN_REFERENCE_RANGE,WARMUP,POPULATION_ONLY,,87b87e6eda932319
prism-personal-v3-provisional-9of10,rec2018-02-08_14h35m33.038s.wav,0,2018-02-08#1,17,NOT_SCOREABLE,,,NOT_ASSESSED,WARMUP,NOT_ASSESSED,,87b87e6eda932319
prism-personal-v3-provisional-9of10,rec2018-02-08_14h35m33.038s.wav,1,2018-02-08#1,17,SCOREABLE,1.0705271376156797,0.41379310344827586,WITHIN_REFERENCE_RANGE,WARMUP,POPULATION_ONLY,,87b87e6eda932319
prism-personal-v3-provisional-9of10,rec2018-02-08_14h36m13.041s.wav,0,2018-02-08#1,17,NOT_SCOREABLE,,,NOT_ASSESSED,WARMUP,NOT_ASSESSED,,87b87e6eda932319
prism-personal-v3-provisional-9of10,rec2018-02-08_14h36m13.041s.wav,1,2018-02-08#1,17,NOT_SCOREABLE,,,NOT_ASSESSED,WARMUP,NOT_ASSESSED,,87b87e6eda932319
prism-personal-v3-provisional-9of10,rec2018-02-08_14h37m48.457s.wav,0,2018-02-08#1,17,SCOREABLE,1.398557453831091,0.1786833855799373,WITHIN_REFERENCE_RANGE,WARMUP,POPULATION_ONLY,,87b87e6eda932319
prism-personal-v3-provisional-9of10,rec2018-02-08_14h50m50.378s.wav,0,2018-02-08#1,17,SCOREABLE,0.9330806616057862,0.5391849529780565,WITHIN_REFERENCE_RANGE,WARMUP,POPULATION_ONLY,,87b87e6eda932319
prism-personal-v3-provisional-9of10,rec2018-02-08_15h03m14.166s.wav,0,2018-02-08#1,17,NOT_SCOREABLE,,,NOT_ASSESSED,WARMUP,NOT_ASSESSED,,87b87e6eda932319
prism-personal-v3-provisional-9of10,rec2018-02-08_15h03m14.166s.wav,1,2018-02-08#1,17,SCOREABLE,0.7149259917735499,0.7335423197492164,WITHIN_REFERENCE_RANGE,WARMUP,POPULATION_ONLY,,87b87e6eda932319
prism-personal-v3-provisional-9of10,rec2018-02-08_15h04m25.148s.wav,0,2018-02-08#1,17,NOT_SCOREABLE,,,NOT_ASSESSED,WARMUP,NOT_ASSESSED,,87b87e6eda932319
prism-personal-v3-provisional-9of10,rec2018-02-08_15h06m27.101s.wav,0,2018-02-08#1,17,SCOREABLE,1.5843403153270197,0.11598746081504702,WITHIN_REFERENCE_RANGE,WARMUP,POPULATION_ONLY,,87b87e6eda932319
prism-personal-v3-provisional-9of10,rec2018-02-08_15h08m45.803s.wav,0,2018-02-08#1,17,SCOREABLE,1.7086123597922087,0.06583072100313479,WITHIN_REFERENCE_RANGE,WARMUP,POPULATION_ONLY,,87b87e6eda932319
prism-personal-v3-provisional-9of10,rec2018-02-08_15h20m25.156s.wav,0,2018-02-08#1,17,SCOREABLE,1.4181095085917759,0.1724137931034483,WITHIN_REFERENCE_RANGE,WARMUP,POPULATION_ONLY,,87b87e6eda932319
prism-personal-v3-provisional-9of10,rec2018-02-08_15h23m00.916s.wav,0,2018-02-08#1,17,NOT_SCOREABLE,,,NOT_ASSESSED,WARMUP,NOT_ASSESSED,,87b87e6eda932319
prism-personal-v3-provisional-9of10,rec2018-02-08_15h23m00.916s.wav,1,2018-02-08#1,17,SCOREABLE,1.2998965370983253,0.2413793103448276,WITHIN_REFERENCE_RANGE,WARMUP,POPULATION_ONLY,,87b87e6eda932319
prism-personal-v3-provisional-9of10,rec2018-02-08_15h25m08.376s.wav,0,2018-02-08#1,17,NOT_SCOREABLE,,,NOT_ASSESSED,WARMUP,NOT_ASSESSED,,87b87e6eda932319
prism-personal-v3-provisional-9of10,rec2018-02-08_15h25m08.376s.wav,1,2018-02-08#1,17,NOT_SCOREABLE,,,NOT_ASSESSED,WARMUP,NOT_ASSESSED,,87b87e6eda932319
prism-personal-v3-provisional-9of10,rec2018-02-09_10h49m08.773s.wav,0,2018-02-09#1,18,SCOREABLE,0.8812860830562461,0.5799373040752351,WITHIN_REFERENCE_RANGE,WARMUP,POPULATION_ONLY,,87b87e6eda932319
prism-personal-v3-provisional-9of10,rec2018-02-09_10h57m14.793s.wav,0,2018-02-09#1,18,SCOREABLE,1.277707116739813,0.2664576802507837,WITHIN_REFERENCE_RANGE,WARMUP,POPULATION_ONLY,,87b87e6eda932319
prism-personal-v3-provisional-9of10,rec2018-02-09_11h04m27.369s.wav,0,2018-02-09#1,18,NOT_SCOREABLE,,,NOT_ASSESSED,WARMUP,NOT_ASSESSED,,87b87e6eda932319
prism-personal-v3-provisional-9of10,rec2018-02-09_11h05m06.012s.wav,0,2018-02-09#1,18,SCOREABLE,0.9897470837282117,0.5109717868338558,WITHIN_REFERENCE_RANGE,WARMUP,POPULATION_ONLY,,87b87e6eda932319
prism-personal-v3-provisional-9of10,rec2018-02-09_11h05m43.714s.wav,0,2018-02-09#1,18,SCOREABLE,1.2179610605895412,0.3103448275862069,WITHIN_REFERENCE_RANGE,WARMUP,POPULATION_ONLY,,87b87e6eda932319
prism-personal-v3-provisional-9of10,rec2018-05-02_17h33m13.522s.wav,0,2018-05-02#1,19,NOT_SCOREABLE,,,NOT_ASSESSED,WARMUP,NOT_ASSESSED,,87b87e6eda932319
prism-personal-v3-provisional-9of10,rec2018-05-02_17h33m13.522s.wav,1,2018-05-02#1,19,NOT_SCOREABLE,,,NOT_ASSESSED,WARMUP,NOT_ASSESSED,,87b87e6eda932319
prism-personal-v3-provisional-9of10,rec2018-05-02_17h33m50.393s.wav,0,2018-05-02#1,19,SCOREABLE,1.0205612345138466,0.47962382445141066,WITHIN_REFERENCE_RANGE,WARMUP,POPULATION_ONLY,,87b87e6eda932319
prism-personal-v3-provisional-9of10,rec2018-05-02_17h34m27.816s.wav,0,2018-05-02#1,19,SCOREABLE,0.586879618895814,0.8746081504702194,WITHIN_REFERENCE_RANGE,WARMUP,POPULATION_ONLY,,87b87e6eda932319
prism-personal-v3-provisional-9of10,rec2018-05-02_17h35m57.328s.wav,0,2018-05-02#1,19,SCOREABLE,0.534414123470967,0.9028213166144201,WITHIN_REFERENCE_RANGE,WARMUP,POPULATION_ONLY,,87b87e6eda932319
prism-personal-v3-provisional-9of10,rec2018-05-02_17h38m14.494s.wav,0,2018-05-02#1,19,SCOREABLE,1.3110310226616158,0.23510971786833856,WITHIN_REFERENCE_RANGE,WARMUP,POPULATION_ONLY,,87b87e6eda932319
prism-personal-v3-provisional-9of10,rec2018-05-02_17h38m56.671s.wav,0,2018-05-02#1,19,SCOREABLE,0.4935093931214209,0.9216300940438872,WITHIN_REFERENCE_RANGE,WARMUP,POPULATION_ONLY,,87b87e6eda932319
prism-personal-v3-provisional-9of10,rec2018-05-02_17h40m15.391s.wav,0,2018-05-02#1,19,SCOREABLE,1.1504569184376319,0.3542319749216301,WITHIN_REFERENCE_RANGE,WARMUP,POPULATION_ONLY,,87b87e6eda932319
prism-personal-v3-provisional-9of10,rec2018-05-02_17h40m35.031s.wav,0,2018-05-02#1,19,SCOREABLE,1.0339933577430203,0.4670846394984326,WITHIN_REFERENCE_RANGE,WARMUP,POPULATION_ONLY,,87b87e6eda932319
prism-personal-v3-provisional-9of10,rec2018-05-02_17h41m00.892s.wav,0,2018-05-02#1,19,SCOREABLE,1.0340824981722587,0.4670846394984326,WITHIN_REFERENCE_RANGE,WARMUP,POPULATION_ONLY,,87b87e6eda932319
prism-personal-v3-provisional-9of10,rec2018-05-02_17h42m58.720s.wav,0,2018-05-02#1,19,SCOREABLE,1.206141344241252,0.31974921630094044,WITHIN_REFERENCE_RANGE,WARMUP,POPULATION_ONLY,,87b87e6eda932319
prism-personal-v3-provisional-9of10,rec2018-05-02_17h42m58.720s.wav,1,2018-05-02#1,19,SCOREABLE,1.1865298927796788,0.32601880877742945,WITHIN_REFERENCE_RANGE,WARMUP,POPULATION_ONLY,,87b87e6eda932319
prism-personal-v3-provisional-9of10,rec2018-05-02_17h42m58.720s.wav,2,2018-05-02#1,19,SCOREABLE,1.5107602449774895,0.14106583072100312,WITHIN_REFERENCE_RANGE,WARMUP,POPULATION_ONLY,,87b87e6eda932319
prism-personal-v3-provisional-9of10,rec2018-05-03_09h32m11.296s.wav,0,2018-05-03#1,20,SCOREABLE,1.095463749281672,0.3949843260188088,WITHIN_REFERENCE_RANGE,WARMUP,POPULATION_ONLY,,1aa98fe26d9b5c8a
prism-personal-v3-provisional-9of10,rec2018-05-03_09h32m39.426s.wav,0,2018-05-03#1,20,SCOREABLE,1.0117083934861766,0.48589341692789967,WITHIN_REFERENCE_RANGE,WARMUP,POPULATION_ONLY,,1aa98fe26d9b5c8a
prism-personal-v3-provisional-9of10,rec2018-05-03_09h32m52.456s.wav,0,2018-05-03#1,20,SCOREABLE,0.8523868609748012,0.6050156739811913,WITHIN_REFERENCE_RANGE,WARMUP,POPULATION_ONLY,,1aa98fe26d9b5c8a
prism-personal-v3-provisional-9of10,rec2018-05-03_09h33m56.681s.wav,0,2018-05-03#1,20,SCOREABLE,0.399143199319642,0.9686520376175548,WITHIN_REFERENCE_RANGE,WARMUP,POPULATION_ONLY,,1aa98fe26d9b5c8a
prism-personal-v3-provisional-9of10,rec2018-05-03_11h21m20.915s.wav,0,2018-05-03#2,21,SCOREABLE,0.5525223807372782,0.8840125391849529,WITHIN_REFERENCE_RANGE,WARMUP,POPULATION_ONLY,,1aa98fe26d9b5c8a
prism-personal-v3-provisional-9of10,rec2018-05-03_11h22m05.830s.wav,0,2018-05-03#2,21,SCOREABLE,2.075154388527031,0.0219435736677116,OUTSIDE_REFERENCE_RANGE,WARMUP,POPULATION_ONLY,,1aa98fe26d9b5c8a
prism-personal-v3-provisional-9of10,rec2018-05-03_11h22m05.830s.wav,1,2018-05-03#2,21,SCOREABLE,3.3856485676335364,0.006269592476489028,OUTSIDE_REFERENCE_RANGE,WARMUP,POPULATION_ONLY,,1aa98fe26d9b5c8a
prism-personal-v3-provisional-9of10,rec2018-05-03_11h22m59.308s.wav,0,2018-05-03#2,21,SCOREABLE,1.3957961759796529,0.1786833855799373,WITHIN_REFERENCE_RANGE,WARMUP,POPULATION_ONLY,,1aa98fe26d9b5c8a
prism-personal-v3-provisional-9of10,rec2018-05-03_11h30m44.236s.wav,0,2018-05-03#2,21,SCOREABLE,0.7223828702795322,0.7304075235109718,WITHIN_REFERENCE_RANGE,WARMUP,POPULATION_ONLY,,1aa98fe26d9b5c8a
prism-personal-v3-provisional-9of10,rec2018-05-03_11h31m05.117s.wav,0,2018-05-03#2,21,SCOREABLE,0.7613938756072991,0.6896551724137931,WITHIN_REFERENCE_RANGE,WARMUP,POPULATION_ONLY,,1aa98fe26d9b5c8a
prism-personal-v3-provisional-9of10,rec2018-05-03_11h31m22.631s.wav,0,2018-05-03#2,21,SCOREABLE,1.4040799621279165,0.1786833855799373,WITHIN_REFERENCE_RANGE,WARMUP,POPULATION_ONLY,,1aa98fe26d9b5c8a
prism-personal-v3-provisional-9of10,rec2018-05-03_11h31m40.430s.wav,0,2018-05-03#2,21,SCOREABLE,1.0551408928802033,0.438871473354232,WITHIN_REFERENCE_RANGE,WARMUP,POPULATION_ONLY,,1aa98fe26d9b5c8a
prism-personal-v3-provisional-9of10,rec2018-05-03_11h32m00.868s.wav,0,2018-05-03#2,21,SCOREABLE,0.6389502679559864,0.8213166144200627,WITHIN_REFERENCE_RANGE,WARMUP,POPULATION_ONLY,,1aa98fe26d9b5c8a
prism-personal-v3-provisional-9of10,rec2018-05-03_11h33m06.158s.wav,0,2018-05-03#2,21,SCOREABLE,1.5303115669273495,0.13166144200626959,WITHIN_REFERENCE_RANGE,WARMUP,POPULATION_ONLY,,1aa98fe26d9b5c8a
prism-personal-v3-provisional-9of10,rec2018-05-03_11h34m12.944s.wav,0,2018-05-03#2,21,SCOREABLE,1.0469467173554232,0.445141065830721,WITHIN_REFERENCE_RANGE,WARMUP,POPULATION_ONLY,,1aa98fe26d9b5c8a
prism-personal-v3-provisional-9of10,rec2018-05-03_11h34m42.301s.wav,0,2018-05-03#2,21,SCOREABLE,1.1392170877454992,0.3573667711598746,WITHIN_REFERENCE_RANGE,WARMUP,POPULATION_ONLY,,1aa98fe26d9b5c8a
prism-personal-v3-provisional-9of10,rec2018-05-03_11h35m02.168s.wav,0,2018-05-03#2,21,SCOREABLE,0.902747471747084,0.5517241379310345,WITHIN_REFERENCE_RANGE,WARMUP,POPULATION_ONLY,,1aa98fe26d9b5c8a
prism-personal-v3-provisional-9of10,rec2018-05-03_11h35m22.211s.wav,0,2018-05-03#2,21,SCOREABLE,1.0648109386126545,0.4200626959247649,WITHIN_REFERENCE_RANGE,WARMUP,POPULATION_ONLY,,1aa98fe26d9b5c8a
prism-personal-v3-provisional-9of10,rec2018-05-03_11h35m39.758s.wav,0,2018-05-03#2,21,SCOREABLE,0.9541566392533153,0.5266457680250783,WITHIN_REFERENCE_RANGE,WARMUP,POPULATION_ONLY,,1aa98fe26d9b5c8a
prism-personal-v3-provisional-9of10,rec2018-05-03_11h35m58.563s.wav,0,2018-05-03#2,21,SCOREABLE,1.145144041420218,0.3573667711598746,WITHIN_REFERENCE_RANGE,WARMUP,POPULATION_ONLY,,1aa98fe26d9b5c8a
prism-personal-v3-provisional-9of10,rec2018-05-03_11h36m16.780s.wav,0,2018-05-03#2,21,SCOREABLE,1.4632061238410197,0.1536050156739812,WITHIN_REFERENCE_RANGE,WARMUP,POPULATION_ONLY,,1aa98fe26d9b5c8a
prism-personal-v3-provisional-9of10,rec2018-05-03_11h36m35.115s.wav,0,2018-05-03#2,21,SCOREABLE,1.0001911514481898,0.4952978056426332,WITHIN_REFERENCE_RANGE,WARMUP,POPULATION_ONLY,,1aa98fe26d9b5c8a
prism-personal-v3-provisional-9of10,rec2018-05-03_11h36m53.106s.wav,0,2018-05-03#2,21,SCOREABLE,0.8841306768972406,0.567398119122257,WITHIN_REFERENCE_RANGE,WARMUP,POPULATION_ONLY,,1aa98fe26d9b5c8a
prism-personal-v3-provisional-9of10,rec2018-05-03_11h37m11.955s.wav,0,2018-05-03#2,21,SCOREABLE,1.1220571072646983,0.3667711598746082,WITHIN_REFERENCE_RANGE,WARMUP,POPULATION_ONLY,,1aa98fe26d9b5c8a
prism-personal-v3-provisional-9of10,rec2018-05-03_11h37m32.414s.wav,0,2018-05-03#2,21,SCOREABLE,1.3886661816898627,0.18181818181818182,WITHIN_REFERENCE_RANGE,WARMUP,POPULATION_ONLY,,1aa98fe26d9b5c8a
prism-personal-v3-provisional-9of10,rec2018-05-03_11h37m50.903s.wav,0,2018-05-03#2,21,SCOREABLE,0.8670252294895661,0.5862068965517241,WITHIN_REFERENCE_RANGE,WARMUP,POPULATION_ONLY,,1aa98fe26d9b5c8a
prism-personal-v3-provisional-9of10,rec2018-05-03_11h38m07.740s.wav,0,2018-05-03#2,21,SCOREABLE,0.886960174961278,0.5642633228840125,WITHIN_REFERENCE_RANGE,WARMUP,POPULATION_ONLY,,1aa98fe26d9b5c8a
prism-personal-v3-provisional-9of10,rec2018-05-03_11h38m25.235s.wav,0,2018-05-03#2,21,SCOREABLE,0.7504661380690273,0.7021943573667712,WITHIN_REFERENCE_RANGE,WARMUP,POPULATION_ONLY,,1aa98fe26d9b5c8a
prism-personal-v3-provisional-9of10,rec2018-05-03_11h38m46.135s.wav,0,2018-05-03#2,21,SCOREABLE,0.8772643326287856,0.5862068965517241,WITHIN_REFERENCE_RANGE,WARMUP,POPULATION_ONLY,,1aa98fe26d9b5c8a
prism-personal-v3-provisional-9of10,rec2018-05-03_11h39m04.979s.wav,0,2018-05-03#2,21,SCOREABLE,0.34394360586971434,0.9811912225705329,WITHIN_REFERENCE_RANGE,WARMUP,POPULATION_ONLY,,1aa98fe26d9b5c8a
prism-personal-v3-provisional-9of10,rec2018-05-03_11h39m23.236s.wav,0,2018-05-03#2,21,SCOREABLE,1.5028197771000027,0.14106583072100312,WITHIN_REFERENCE_RANGE,WARMUP,POPULATION_ONLY,,1aa98fe26d9b5c8a
prism-personal-v3-provisional-9of10,rec2018-05-03_11h39m41.633s.wav,0,2018-05-03#2,21,SCOREABLE,1.4082996178268736,0.1786833855799373,WITHIN_REFERENCE_RANGE,WARMUP,POPULATION_ONLY,,1aa98fe26d9b5c8a
prism-personal-v3-provisional-9of10,rec2018-05-03_11h40m00.485s.wav,0,2018-05-03#2,21,SCOREABLE,0.8497806266995763,0.6050156739811913,WITHIN_REFERENCE_RANGE,WARMUP,POPULATION_ONLY,,1aa98fe26d9b5c8a
prism-personal-v3-provisional-9of10,rec2018-05-03_11h40m20.470s.wav,0,2018-05-03#2,21,SCOREABLE,0.9647988757831902,0.5203761755485894,WITHIN_REFERENCE_RANGE,WARMUP,POPULATION_ONLY,,1aa98fe26d9b5c8a
prism-personal-v3-provisional-9of10,rec2018-05-03_11h40m45.441s.wav,0,2018-05-03#2,21,SCOREABLE,0.7133711089277562,0.7335423197492164,WITHIN_REFERENCE_RANGE,WARMUP,POPULATION_ONLY,,1aa98fe26d9b5c8a
prism-personal-v3-provisional-9of10,rec2018-05-03_11h41m04.101s.wav,0,2018-05-03#2,21,SCOREABLE,1.1403022161185137,0.3573667711598746,WITHIN_REFERENCE_RANGE,WARMUP,POPULATION_ONLY,,1aa98fe26d9b5c8a
prism-personal-v3-provisional-9of10,rec2018-05-03_11h41m23.831s.wav,0,2018-05-03#2,21,SCOREABLE,1.1838775263464767,0.329153605015674,WITHIN_REFERENCE_RANGE,WARMUP,POPULATION_ONLY,,1aa98fe26d9b5c8a
prism-personal-v3-provisional-9of10,rec2018-05-03_11h41m45.507s.wav,0,2018-05-03#2,21,SCOREABLE,1.6701426760855809,0.06896551724137931,WITHIN_REFERENCE_RANGE,WARMUP,POPULATION_ONLY,,1aa98fe26d9b5c8a
prism-personal-v3-provisional-9of10,rec2018-05-03_11h42m07.338s.wav,0,2018-05-03#2,21,SCOREABLE,0.8582657476514994,0.6050156739811913,WITHIN_REFERENCE_RANGE,WARMUP,POPULATION_ONLY,,1aa98fe26d9b5c8a
prism-personal-v3-provisional-9of10,rec2018-05-03_11h42m25.033s.wav,0,2018-05-03#2,21,SCOREABLE,0.37746376003591814,0.9749216300940439,WITHIN_REFERENCE_RANGE,WARMUP,POPULATION_ONLY,,1aa98fe26d9b5c8a
prism-personal-v3-provisional-9of10,rec2018-05-03_11h42m42.981s.wav,0,2018-05-03#2,21,SCOREABLE,0.9073094679068112,0.5517241379310345,WITHIN_REFERENCE_RANGE,WARMUP,POPULATION_ONLY,,1aa98fe26d9b5c8a
prism-personal-v3-provisional-9of10,rec2018-05-03_11h43m01.074s.wav,0,2018-05-03#2,21,SCOREABLE,1.3055637597881105,0.23824451410658307,WITHIN_REFERENCE_RANGE,WARMUP,POPULATION_ONLY,,1aa98fe26d9b5c8a
prism-personal-v3-provisional-9of10,rec2018-05-03_11h43m19.240s.wav,0,2018-05-03#2,21,SCOREABLE,0.880163684794375,0.5830721003134797,WITHIN_REFERENCE_RANGE,WARMUP,POPULATION_ONLY,,1aa98fe26d9b5c8a
prism-personal-v3-provisional-9of10,rec2018-05-03_11h43m36.628s.wav,0,2018-05-03#2,21,SCOREABLE,0.41455437491666236,0.9592476489028213,WITHIN_REFERENCE_RANGE,WARMUP,POPULATION_ONLY,,1aa98fe26d9b5c8a
prism-personal-v3-provisional-9of10,rec2018-05-03_11h43m55.823s.wav,0,2018-05-03#2,21,SCOREABLE,0.6755113355895398,0.774294670846395,WITHIN_REFERENCE_RANGE,WARMUP,POPULATION_ONLY,,1aa98fe26d9b5c8a
prism-personal-v3-provisional-9of10,rec2018-05-03_11h48m01.012s.wav,0,2018-05-03#2,21,SCOREABLE,0.9090261628127859,0.5517241379310345,WITHIN_REFERENCE_RANGE,WARMUP,POPULATION_ONLY,,1aa98fe26d9b5c8a
prism-personal-v3-provisional-9of10,rec2018-05-03_11h48m24.363s.wav,0,2018-05-03#2,21,SCOREABLE,1.1948053542469732,0.322884012539185,WITHIN_REFERENCE_RANGE,WARMUP,POPULATION_ONLY,,1aa98fe26d9b5c8a
prism-personal-v3-provisional-9of10,rec2018-05-03_11h48m41.938s.wav,0,2018-05-03#2,21,SCOREABLE,1.0477382793148238,0.445141065830721,WITHIN_REFERENCE_RANGE,WARMUP,POPULATION_ONLY,,1aa98fe26d9b5c8a
prism-personal-v3-provisional-9of10,rec2018-05-03_11h48m59.604s.wav,0,2018-05-03#2,21,SCOREABLE,0.5771888850521925,0.8808777429467085,WITHIN_REFERENCE_RANGE,WARMUP,POPULATION_ONLY,,1aa98fe26d9b5c8a
prism-personal-v3-provisional-9of10,rec2018-05-03_11h49m17.127s.wav,0,2018-05-03#2,21,SCOREABLE,0.7847741512670199,0.6802507836990596,WITHIN_REFERENCE_RANGE,WARMUP,POPULATION_ONLY,,1aa98fe26d9b5c8a
prism-personal-v3-provisional-9of10,rec2018-05-03_11h49m34.678s.wav,0,2018-05-03#2,21,SCOREABLE,0.7571049992780027,0.6896551724137931,WITHIN_REFERENCE_RANGE,WARMUP,POPULATION_ONLY,,1aa98fe26d9b5c8a
prism-personal-v3-provisional-9of10,rec2018-05-03_11h49m54.056s.wav,0,2018-05-03#2,21,SCOREABLE,1.141308902207257,0.3573667711598746,WITHIN_REFERENCE_RANGE,WARMUP,POPULATION_ONLY,,1aa98fe26d9b5c8a
prism-personal-v3-provisional-9of10,rec2018-05-03_11h50m12.379s.wav,0,2018-05-03#2,21,SCOREABLE,1.7874502161889403,0.050156739811912224,WITHIN_REFERENCE_RANGE,WARMUP,POPULATION_ONLY,,1aa98fe26d9b5c8a
prism-personal-v3-provisional-9of10,rec2018-05-03_11h50m30.421s.wav,0,2018-05-03#2,21,SCOREABLE,0.7074348211017969,0.7523510971786834,WITHIN_REFERENCE_RANGE,WARMUP,POPULATION_ONLY,,1aa98fe26d9b5c8a
prism-personal-v3-provisional-9of10,rec2018-05-03_11h50m48.244s.wav,0,2018-05-03#2,21,SCOREABLE,1.97009016922084,0.034482758620689655,OUTSIDE_REFERENCE_RANGE,WARMUP,POPULATION_ONLY,,1aa98fe26d9b5c8a
prism-personal-v3-provisional-9of10,rec2018-05-03_11h51m07.128s.wav,0,2018-05-03#2,21,SCOREABLE,0.48448158024618565,0.9247648902821317,WITHIN_REFERENCE_RANGE,WARMUP,POPULATION_ONLY,,1aa98fe26d9b5c8a
prism-personal-v3-provisional-9of10,rec2018-05-03_11h51m26.000s.wav,0,2018-05-03#2,21,SCOREABLE,0.7178481850640722,0.7304075235109718,WITHIN_REFERENCE_RANGE,WARMUP,POPULATION_ONLY,,1aa98fe26d9b5c8a
prism-personal-v3-provisional-9of10,rec2018-05-03_11h51m43.422s.wav,0,2018-05-03#2,21,SCOREABLE,2.066257762310141,0.0219435736677116,OUTSIDE_REFERENCE_RANGE,WARMUP,POPULATION_ONLY,,1aa98fe26d9b5c8a
prism-personal-v3-provisional-9of10,rec2018-05-03_11h52m00.607s.wav,0,2018-05-03#2,21,SCOREABLE,0.4516114973536068,0.9373040752351097,WITHIN_REFERENCE_RANGE,WARMUP,POPULATION_ONLY,,1aa98fe26d9b5c8a
prism-personal-v3-provisional-9of10,rec2018-05-03_11h52m17.833s.wav,0,2018-05-03#2,21,SCOREABLE,0.8797438199076625,0.5830721003134797,WITHIN_REFERENCE_RANGE,WARMUP,POPULATION_ONLY,,1aa98fe26d9b5c8a
prism-personal-v3-provisional-9of10,rec2018-05-03_11h52m35.208s.wav,0,2018-05-03#2,21,SCOREABLE,0.4430347864082447,0.9404388714733543,WITHIN_REFERENCE_RANGE,WARMUP,POPULATION_ONLY,,1aa98fe26d9b5c8a
prism-personal-v3-provisional-9of10,rec2018-05-03_15h21m36.500s.wav,0,2018-05-03#3,22,SCOREABLE,1.2035522717549403,0.31974921630094044,WITHIN_REFERENCE_RANGE,WARMUP,POPULATION_ONLY,,af03ecff2504968c
prism-personal-v3-provisional-9of10,rec2018-05-03_15h23m24.541s.wav,0,2018-05-03#3,22,SCOREABLE,1.6257594377103772,0.09404388714733543,WITHIN_REFERENCE_RANGE,WARMUP,POPULATION_ONLY,,af03ecff2504968c
prism-personal-v3-provisional-9of10,rec2018-05-03_15h24m03.886s.wav,0,2018-05-03#3,22,SCOREABLE,1.3458728927833328,0.20376175548589343,WITHIN_REFERENCE_RANGE,WARMUP,POPULATION_ONLY,,af03ecff2504968c
prism-personal-v3-provisional-9of10,rec2018-05-03_15h24m37.045s.wav,0,2018-05-03#3,22,SCOREABLE,0.8459088423328623,0.6112852664576802,WITHIN_REFERENCE_RANGE,WARMUP,POPULATION_ONLY,,af03ecff2504968c
prism-personal-v3-provisional-9of10,rec2018-05-03_15h25m08.571s.wav,0,2018-05-03#3,22,SCOREABLE,0.6465678148633782,0.7962382445141066,WITHIN_REFERENCE_RANGE,WARMUP,POPULATION_ONLY,,af03ecff2504968c
prism-personal-v3-provisional-9of10,rec2018-05-03_15h27m21.669s.wav,0,2018-05-03#3,22,SCOREABLE,1.0376219066896553,0.46394984326018807,WITHIN_REFERENCE_RANGE,WARMUP,POPULATION_ONLY,,af03ecff2504968c
prism-personal-v3-provisional-9of10,rec2018-05-03_15h27m45.362s.wav,0,2018-05-03#3,22,SCOREABLE,0.6338042417848899,0.8213166144200627,WITHIN_REFERENCE_RANGE,WARMUP,POPULATION_ONLY,,af03ecff2504968c
prism-personal-v3-provisional-9of10,rec2018-05-03_15h28m15.159s.wav,0,2018-05-03#3,22,SCOREABLE,1.7139426548243035,0.06583072100313479,WITHIN_REFERENCE_RANGE,WARMUP,POPULATION_ONLY,,af03ecff2504968c
prism-personal-v3-provisional-9of10,rec2018-05-03_15h28m42.685s.wav,0,2018-05-03#3,22,SCOREABLE,1.0159820197028617,0.4827586206896552,WITHIN_REFERENCE_RANGE,WARMUP,POPULATION_ONLY,,af03ecff2504968c
prism-personal-v3-provisional-9of10,rec2018-05-03_15h29m02.811s.wav,0,2018-05-03#3,22,SCOREABLE,2.12013303233424,0.018808777429467086,OUTSIDE_REFERENCE_RANGE,WARMUP,POPULATION_ONLY,,af03ecff2504968c
prism-personal-v3-provisional-9of10,rec2018-05-03_15h29m32.895s.wav,0,2018-05-03#3,22,SCOREABLE,1.9904104260378481,0.02821316614420063,OUTSIDE_REFERENCE_RANGE,WARMUP,POPULATION_ONLY,,af03ecff2504968c
prism-personal-v3-provisional-9of10,rec2018-05-03_15h29m50.911s.wav,0,2018-05-03#3,22,SCOREABLE,1.2081054169585637,0.3166144200626959,WITHIN_REFERENCE_RANGE,WARMUP,POPULATION_ONLY,,af03ecff2504968c
prism-personal-v3-provisional-9of10,rec2018-05-03_15h30m09.333s.wav,0,2018-05-03#3,22,SCOREABLE,0.8927905563422347,0.5579937304075235,WITHIN_REFERENCE_RANGE,WARMUP,POPULATION_ONLY,,af03ecff2504968c
prism-personal-v3-provisional-9of10,rec2018-05-03_15h30m28.140s.wav,0,2018-05-03#3,22,SCOREABLE,0.5006993637677886,0.9184952978056427,WITHIN_REFERENCE_RANGE,WARMUP,POPULATION_ONLY,,af03ecff2504968c
prism-personal-v3-provisional-9of10,rec2018-05-03_15h30m45.469s.wav,0,2018-05-03#3,22,SCOREABLE,0.6744175676572738,0.774294670846395,WITHIN_REFERENCE_RANGE,WARMUP,POPULATION_ONLY,,af03ecff2504968c
prism-personal-v3-provisional-9of10,rec2018-05-03_15h31m15.084s.wav,0,2018-05-03#3,22,SCOREABLE,0.9931435633781971,0.5109717868338558,WITHIN_REFERENCE_RANGE,WARMUP,POPULATION_ONLY,,af03ecff2504968c
prism-personal-v3-provisional-9of10,rec2018-05-03_15h31m38.884s.wav,0,2018-05-03#3,22,SCOREABLE,0.8161768414398398,0.6394984326018809,WITHIN_REFERENCE_RANGE,WARMUP,POPULATION_ONLY,,af03ecff2504968c
prism-personal-v3-provisional-9of10,rec2018-05-03_15h31m59.455s.wav,0,2018-05-03#3,22,SCOREABLE,0.5995190260236608,0.8589341692789969,WITHIN_REFERENCE_RANGE,WARMUP,POPULATION_ONLY,,af03ecff2504968c
prism-personal-v3-provisional-9of10,rec2018-05-03_15h32m17.555s.wav,0,2018-05-03#3,22,SCOREABLE,0.7893779155000619,0.6739811912225705,WITHIN_REFERENCE_RANGE,WARMUP,POPULATION_ONLY,,af03ecff2504968c
prism-personal-v3-provisional-9of10,rec2018-05-03_15h32m35.669s.wav,0,2018-05-03#3,22,SCOREABLE,0.8535352598072752,0.6050156739811913,WITHIN_REFERENCE_RANGE,WARMUP,POPULATION_ONLY,,af03ecff2504968c
prism-personal-v3-provisional-9of10,rec2018-05-03_15h33m11.807s.wav,0,2018-05-03#3,22,SCOREABLE,1.0864249570871718,0.4043887147335423,WITHIN_REFERENCE_RANGE,WARMUP,POPULATION_ONLY,,af03ecff2504968c
prism-personal-v3-provisional-9of10,rec2018-05-03_15h33m29.486s.wav,0,2018-05-03#3,22,SCOREABLE,0.6581577555842657,0.7836990595611285,WITHIN_REFERENCE_RANGE,WARMUP,POPULATION_ONLY,,af03ecff2504968c
prism-personal-v3-provisional-9of10,rec2018-05-03_15h33m51.966s.wav,0,2018-05-03#3,22,SCOREABLE,1.4768840012918354,0.14106583072100312,WITHIN_REFERENCE_RANGE,WARMUP,POPULATION_ONLY,,af03ecff2504968c
prism-personal-v3-provisional-9of10,rec2018-05-03_15h34m13.707s.wav,0,2018-05-03#3,22,SCOREABLE,0.41627879941479146,0.9592476489028213,WITHIN_REFERENCE_RANGE,WARMUP,POPULATION_ONLY,,af03ecff2504968c
prism-personal-v3-provisional-9of10,rec2018-05-03_15h34m32.131s.wav,0,2018-05-03#3,22,SCOREABLE,0.6269336655847155,0.8244514106583072,WITHIN_REFERENCE_RANGE,WARMUP,POPULATION_ONLY,,af03ecff2504968c
prism-personal-v3-provisional-9of10,rec2018-05-03_15h35m02.114s.wav,0,2018-05-03#3,22,SCOREABLE,1.6470207911914363,0.07523510971786834,WITHIN_REFERENCE_RANGE,WARMUP,POPULATION_ONLY,,af03ecff2504968c
prism-personal-v3-provisional-9of10,rec2018-05-03_15h35m21.837s.wav,0,2018-05-03#3,22,SCOREABLE,0.6235565251788638,0.8307210031347962,WITHIN_REFERENCE_RANGE,WARMUP,POPULATION_ONLY,,af03ecff2504968c
prism-personal-v3-provisional-9of10,rec2018-05-03_15h35m44.100s.wav,0,2018-05-03#3,22,SCOREABLE,0.5978408018957887,0.8620689655172413,WITHIN_REFERENCE_RANGE,WARMUP,POPULATION_ONLY,,af03ecff2504968c
prism-personal-v3-provisional-9of10,rec2018-05-03_15h36m09.330s.wav,0,2018-05-03#3,22,SCOREABLE,1.941114481610625,0.034482758620689655,OUTSIDE_REFERENCE_RANGE,WARMUP,POPULATION_ONLY,,af03ecff2504968c
prism-personal-v3-provisional-9of10,rec2018-05-03_15h36m33.401s.wav,0,2018-05-03#3,22,SCOREABLE,1.1165143216425093,0.3730407523510972,WITHIN_REFERENCE_RANGE,WARMUP,POPULATION_ONLY,,af03ecff2504968c
prism-personal-v3-provisional-9of10,rec2018-05-03_15h39m20.550s.wav,0,2018-05-03#3,22,SCOREABLE,1.050677914483972,0.44200626959247646,WITHIN_REFERENCE_RANGE,WARMUP,POPULATION_ONLY,,af03ecff2504968c
prism-personal-v3-provisional-9of10,rec2018-05-03_15h39m43.079s.wav,0,2018-05-03#3,22,SCOREABLE,1.0680994440159302,0.41379310344827586,WITHIN_REFERENCE_RANGE,WARMUP,POPULATION_ONLY,,af03ecff2504968c
prism-personal-v3-provisional-9of10,rec2018-05-03_15h40m01.822s.wav,0,2018-05-03#3,22,SCOREABLE,1.8871864433410561,0.04075235109717868,OUTSIDE_REFERENCE_RANGE,WARMUP,POPULATION_ONLY,,af03ecff2504968c
prism-personal-v3-provisional-9of10,rec2018-05-03_15h40m28.424s.wav,0,2018-05-03#3,22,SCOREABLE,1.5563867518102548,0.12852664576802508,WITHIN_REFERENCE_RANGE,WARMUP,POPULATION_ONLY,,af03ecff2504968c
prism-personal-v3-provisional-9of10,rec2018-05-03_15h40m49.846s.wav,0,2018-05-03#3,22,SCOREABLE,1.389928804382959,0.1786833855799373,WITHIN_REFERENCE_RANGE,WARMUP,POPULATION_ONLY,,af03ecff2504968c
prism-personal-v3-provisional-9of10,rec2018-05-03_15h41m19.370s.wav,0,2018-05-03#3,22,SCOREABLE,1.423003534578598,0.1724137931034483,WITHIN_REFERENCE_RANGE,WARMUP,POPULATION_ONLY,,af03ecff2504968c
prism-personal-v3-provisional-9of10,rec2018-05-03_15h41m44.230s.wav,0,2018-05-03#3,22,SCOREABLE,0.9973521421767566,0.5015673981191222,WITHIN_REFERENCE_RANGE,WARMUP,POPULATION_ONLY,,af03ecff2504968c
prism-personal-v3-provisional-9of10,rec2018-05-03_15h42m04.570s.wav,0,2018-05-03#3,22,SCOREABLE,0.9341260246607679,0.5391849529780565,WITHIN_REFERENCE_RANGE,WARMUP,POPULATION_ONLY,,af03ecff2504968c
prism-personal-v3-provisional-9of10,rec2018-05-03_15h42m24.025s.wav,0,2018-05-03#3,22,SCOREABLE,1.1988761036972715,0.322884012539185,WITHIN_REFERENCE_RANGE,WARMUP,POPULATION_ONLY,,af03ecff2504968c
prism-personal-v3-provisional-9of10,rec2018-05-03_15h42m44.455s.wav,0,2018-05-03#3,22,SCOREABLE,1.299777706680518,0.2413793103448276,WITHIN_REFERENCE_RANGE,WARMUP,POPULATION_ONLY,,af03ecff2504968c
prism-personal-v3-provisional-9of10,rec2018-05-03_15h44m07.780s.wav,0,2018-05-03#3,22,SCOREABLE,1.3252291333864075,0.21316614420062696,WITHIN_REFERENCE_RANGE,WARMUP,POPULATION_ONLY,,af03ecff2504968c
prism-personal-v3-provisional-9of10,rec2018-05-03_15h44m27.242s.wav,0,2018-05-03#3,22,SCOREABLE,0.9505079405760468,0.5266457680250783,WITHIN_REFERENCE_RANGE,WARMUP,POPULATION_ONLY,,af03ecff2504968c
prism-personal-v3-provisional-9of10,rec2018-05-03_15h44m47.231s.wav,0,2018-05-03#3,22,SCOREABLE,0.8329836332912998,0.6238244514106583,WITHIN_REFERENCE_RANGE,WARMUP,POPULATION_ONLY,,af03ecff2504968c
prism-personal-v3-provisional-9of10,rec2018-05-03_15h45m14.147s.wav,0,2018-05-03#3,22,SCOREABLE,1.0418784703698827,0.45141065830721006,WITHIN_REFERENCE_RANGE,WARMUP,POPULATION_ONLY,,af03ecff2504968c
prism-personal-v3-provisional-9of10,rec2018-05-03_15h46m16.542s.wav,0,2018-05-03#3,22,SCOREABLE,1.5103641566735304,0.14106583072100312,WITHIN_REFERENCE_RANGE,WARMUP,POPULATION_ONLY,,af03ecff2504968c
prism-personal-v3-provisional-9of10,rec2018-05-03_15h46m45.482s.wav,0,2018-05-03#3,22,SCOREABLE,0.8527900581034475,0.6050156739811913,WITHIN_REFERENCE_RANGE,WARMUP,POPULATION_ONLY,,af03ecff2504968c
prism-personal-v3-provisional-9of10,rec2018-05-03_15h47m08.625s.wav,0,2018-05-03#3,22,SCOREABLE,1.34070277522324,0.20376175548589343,WITHIN_REFERENCE_RANGE,WARMUP,POPULATION_ONLY,,af03ecff2504968c
prism-personal-v3-provisional-9of10,rec2018-05-03_15h47m37.180s.wav,0,2018-05-03#3,22,SCOREABLE,1.386029201850605,0.18808777429467086,WITHIN_REFERENCE_RANGE,WARMUP,POPULATION_ONLY,,af03ecff2504968c
prism-personal-v3-provisional-9of10,rec2018-05-03_15h47m57.575s.wav,0,2018-05-03#3,22,SCOREABLE,1.4489865845868095,0.15987460815047022,WITHIN_REFERENCE_RANGE,WARMUP,POPULATION_ONLY,,af03ecff2504968c
prism-personal-v3-provisional-9of10,rec2018-05-03_15h48m19.468s.wav,0,2018-05-03#3,22,SCOREABLE,0.6145657326930589,0.8401253918495298,WITHIN_REFERENCE_RANGE,WARMUP,POPULATION_ONLY,,af03ecff2504968c
prism-personal-v3-provisional-9of10,rec2018-05-03_15h48m42.154s.wav,0,2018-05-03#3,22,SCOREABLE,1.1082736034244904,0.3761755485893417,WITHIN_REFERENCE_RANGE,WARMUP,POPULATION_ONLY,,af03ecff2504968c
prism-personal-v3-provisional-9of10,rec2018-05-03_15h49m02.235s.wav,0,2018-05-03#3,22,SCOREABLE,0.9333524029086241,0.5391849529780565,WITHIN_REFERENCE_RANGE,WARMUP,POPULATION_ONLY,,af03ecff2504968c
prism-personal-v3-provisional-8of10,rec2018-01-22_17h41m33.475s.wav,0,2018-01-22#1,0,SCOREABLE,1.015959457162092,0.4827586206896552,WITHIN_REFERENCE_RANGE,WARMUP,POPULATION_ONLY,,4c25a586f8969fe9
prism-personal-v3-provisional-8of10,rec2018-01-22_17h41m49.809s.wav,0,2018-01-22#1,0,SCOREABLE,0.5554649595904608,0.8840125391849529,WITHIN_REFERENCE_RANGE,WARMUP,POPULATION_ONLY,,4c25a586f8969fe9
prism-personal-v3-provisional-8of10,rec2018-01-22_17h42m07.718s.wav,0,2018-01-22#1,0,SCOREABLE,0.697542313533739,0.7586206896551724,WITHIN_REFERENCE_RANGE,WARMUP,POPULATION_ONLY,,4c25a586f8969fe9
prism-personal-v3-provisional-8of10,rec2018-01-22_17h42m23.769s.wav,0,2018-01-22#1,0,SCOREABLE,0.86262979310142,0.5924764890282131,WITHIN_REFERENCE_RANGE,WARMUP,POPULATION_ONLY,,4c25a586f8969fe9
prism-personal-v3-provisional-8of10,rec2018-01-22_17h44m03.761s.wav,0,2018-01-22#1,0,SCOREABLE,0.5184562209946358,0.9122257053291536,WITHIN_REFERENCE_RANGE,WARMUP,POPULATION_ONLY,,4c25a586f8969fe9
prism-personal-v3-provisional-8of10,rec2018-01-22_17h44m21.408s.wav,0,2018-01-22#1,0,SCOREABLE,1.2669059324658403,0.26959247648902823,WITHIN_REFERENCE_RANGE,WARMUP,POPULATION_ONLY,,4c25a586f8969fe9
prism-personal-v3-provisional-8of10,rec2018-01-22_17h44m39.521s.wav,0,2018-01-22#1,0,SCOREABLE,0.46089455590999195,0.9278996865203761,WITHIN_REFERENCE_RANGE,WARMUP,POPULATION_ONLY,,4c25a586f8969fe9
prism-personal-v3-provisional-8of10,rec2018-01-22_17h44m56.745s.wav,0,2018-01-22#1,0,SCOREABLE,0.6890803649204392,0.7648902821316614,WITHIN_REFERENCE_RANGE,WARMUP,POPULATION_ONLY,,4c25a586f8969fe9
prism-personal-v3-provisional-8of10,rec2018-01-22_17h45m12.839s.wav,0,2018-01-22#1,0,SCOREABLE,0.6069979247243273,0.8495297805642633,WITHIN_REFERENCE_RANGE,WARMUP,POPULATION_ONLY,,4c25a586f8969fe9
prism-personal-v3-provisional-8of10,rec2018-01-23_10h42m07.256s.wav,0,2018-01-23#1,1,SCOREABLE,0.5954072372247942,0.8620689655172413,WITHIN_REFERENCE_RANGE,WARMUP,POPULATION_ONLY,,4c25a586f8969fe9
prism-personal-v3-provisional-8of10,rec2018-01-23_10h42m23.823s.wav,0,2018-01-23#1,1,SCOREABLE,0.7158985685148496,0.7335423197492164,WITHIN_REFERENCE_RANGE,WARMUP,POPULATION_ONLY,,4c25a586f8969fe9
prism-personal-v3-provisional-8of10,rec2018-01-23_10h42m45.728s.wav,0,2018-01-23#1,1,SCOREABLE,0.372769177298987,0.9749216300940439,WITHIN_REFERENCE_RANGE,WARMUP,POPULATION_ONLY,,4c25a586f8969fe9
prism-personal-v3-provisional-8of10,rec2018-01-23_10h43m05.349s.wav,0,2018-01-23#1,1,SCOREABLE,0.8494513333684979,0.6050156739811913,WITHIN_REFERENCE_RANGE,WARMUP,POPULATION_ONLY,,4c25a586f8969fe9
prism-personal-v3-provisional-8of10,rec2018-01-23_10h43m22.564s.wav,0,2018-01-23#1,1,SCOREABLE,1.5794089946307113,0.11598746081504702,WITHIN_REFERENCE_RANGE,WARMUP,POPULATION_ONLY,,4c25a586f8969fe9
prism-personal-v3-provisional-8of10,rec2018-01-23_10h43m40.126s.wav,0,2018-01-23#1,1,SCOREABLE,0.32163512620126045,0.987460815047022,WITHIN_REFERENCE_RANGE,WARMUP,POPULATION_ONLY,,4c25a586f8969fe9
prism-personal-v3-provisional-8of10,rec2018-01-23_10h43m56.234s.wav,0,2018-01-23#1,1,SCOREABLE,0.7583084502455218,0.6896551724137931,WITHIN_REFERENCE_RANGE,WARMUP,POPULATION_ONLY,,4c25a586f8969fe9
prism-personal-v3-provisional-8of10,rec2018-01-23_10h44m12.634s.wav,0,2018-01-23#1,1,SCOREABLE,1.161595401719369,0.335423197492163,WITHIN_REFERENCE_RANGE,WARMUP,POPULATION_ONLY,,4c25a586f8969fe9
prism-personal-v3-provisional-8of10,rec2018-01-23_10h44m30.273s.wav,0,2018-01-23#1,1,SCOREABLE,0.8222257033893473,0.6332288401253918,WITHIN_REFERENCE_RANGE,WARMUP,POPULATION_ONLY,,4c25a586f8969fe9
prism-personal-v3-provisional-8of10,rec2018-01-23_10h45m25.926s.wav,0,2018-01-23#1,1,SCOREABLE,0.7039346902384392,0.7554858934169278,WITHIN_REFERENCE_RANGE,WARMUP,POPULATION_ONLY,,4c25a586f8969fe9
prism-personal-v3-provisional-8of10,rec2018-01-23_10h45m44.127s.wav,0,2018-01-23#1,1,SCOREABLE,0.3228643621337493,0.987460815047022,WITHIN_REFERENCE_RANGE,WARMUP,POPULATION_ONLY,,4c25a586f8969fe9
prism-personal-v3-provisional-8of10,rec2018-01-23_10h45m44.127s.wav,1,2018-01-23#1,1,NOT_SCOREABLE,,,NOT_ASSESSED,WARMUP,NOT_ASSESSED,,4c25a586f8969fe9
prism-personal-v3-provisional-8of10,rec2018-01-23_10h46m04.850s.wav,0,2018-01-23#1,1,SCOREABLE,1.0118340323549277,0.48589341692789967,WITHIN_REFERENCE_RANGE,WARMUP,POPULATION_ONLY,,4c25a586f8969fe9
prism-personal-v3-provisional-8of10,rec2018-01-23_10h47m11.936s.wav,0,2018-01-23#1,1,SCOREABLE,1.025049111782093,0.47648902821316613,WITHIN_REFERENCE_RANGE,WARMUP,POPULATION_ONLY,,4c25a586f8969fe9
prism-personal-v3-provisional-8of10,rec2018-01-23_10h49m01.624s.wav,0,2018-01-23#1,1,SCOREABLE,0.7577927955133988,0.6896551724137931,WITHIN_REFERENCE_RANGE,WARMUP,POPULATION_ONLY,,4c25a586f8969fe9
prism-personal-v3-provisional-8of10,rec2018-01-23_10h49m24.634s.wav,0,2018-01-23#1,1,SCOREABLE,1.14417938527656,0.3573667711598746,WITHIN_REFERENCE_RANGE,WARMUP,POPULATION_ONLY,,4c25a586f8969fe9
prism-personal-v3-provisional-8of10,rec2018-01-23_10h50m00.411s.wav,0,2018-01-23#1,1,SCOREABLE,0.7285983183449216,0.7210031347962382,WITHIN_REFERENCE_RANGE,WARMUP,POPULATION_ONLY,,4c25a586f8969fe9
prism-personal-v3-provisional-8of10,rec2018-01-23_10h50m22.155s.wav,0,2018-01-23#1,1,SCOREABLE,0.6556793080324546,0.7836990595611285,WITHIN_REFERENCE_RANGE,WARMUP,POPULATION_ONLY,,4c25a586f8969fe9
prism-personal-v3-provisional-8of10,rec2018-01-23_10h50m40.883s.wav,0,2018-01-23#1,1,SCOREABLE,1.0134621876122323,0.48589341692789967,WITHIN_REFERENCE_RANGE,WARMUP,POPULATION_ONLY,,4c25a586f8969fe9
prism-personal-v3-provisional-8of10,rec2018-01-23_10h52m21.295s.wav,0,2018-01-23#1,1,SCOREABLE,1.310413665287406,0.23510971786833856,WITHIN_REFERENCE_RANGE,WARMUP,POPULATION_ONLY,,4c25a586f8969fe9
prism-personal-v3-provisional-8of10,rec2018-01-23_10h52m39.068s.wav,0,2018-01-23#1,1,SCOREABLE,1.096795238736867,0.3949843260188088,WITHIN_REFERENCE_RANGE,WARMUP,POPULATION_ONLY,,4c25a586f8969fe9
prism-personal-v3-provisional-8of10,rec2018-01-23_10h52m57.816s.wav,0,2018-01-23#1,1,SCOREABLE,1.0335198508263281,0.4670846394984326,WITHIN_REFERENCE_RANGE,WARMUP,POPULATION_ONLY,,4c25a586f8969fe9
prism-personal-v3-provisional-8of10,rec2018-01-23_10h52m57.816s.wav,1,2018-01-23#1,1,NOT_SCOREABLE,,,NOT_ASSESSED,WARMUP,NOT_ASSESSED,,4c25a586f8969fe9
prism-personal-v3-provisional-8of10,rec2018-01-23_10h53m20.922s.wav,0,2018-01-23#1,1,SCOREABLE,0.8178737146305046,0.6363636363636364,WITHIN_REFERENCE_RANGE,WARMUP,POPULATION_ONLY,,4c25a586f8969fe9
prism-personal-v3-provisional-8of10,rec2018-01-23_10h54m18.511s.wav,0,2018-01-23#1,1,SCOREABLE,1.4222927560037275,0.1724137931034483,WITHIN_REFERENCE_RANGE,WARMUP,POPULATION_ONLY,,4c25a586f8969fe9
prism-personal-v3-provisional-8of10,rec2018-01-23_10h54m39.487s.wav,0,2018-01-23#1,1,SCOREABLE,1.4931918873067724,0.14106583072100312,WITHIN_REFERENCE_RANGE,WARMUP,POPULATION_ONLY,,4c25a586f8969fe9
prism-personal-v3-provisional-8of10,rec2018-01-23_10h56m48.215s.wav,0,2018-01-23#1,1,SCOREABLE,0.7709212051488539,0.6865203761755486,WITHIN_REFERENCE_RANGE,WARMUP,POPULATION_ONLY,,4c25a586f8969fe9
prism-personal-v3-provisional-8of10,rec2018-01-23_10h57m38.405s.wav,0,2018-01-23#1,1,SCOREABLE,1.613046885050769,0.10658307210031348,WITHIN_REFERENCE_RANGE,WARMUP,POPULATION_ONLY,,4c25a586f8969fe9
prism-personal-v3-provisional-8of10,rec2018-01-23_10h57m54.607s.wav,0,2018-01-23#1,1,SCOREABLE,0.8902818671430642,0.5611285266457681,WITHIN_REFERENCE_RANGE,WARMUP,POPULATION_ONLY,,4c25a586f8969fe9
prism-personal-v3-provisional-8of10,rec2018-01-23_10h59m20.895s.wav,0,2018-01-23#1,1,SCOREABLE,0.7156192692430005,0.7335423197492164,WITHIN_REFERENCE_RANGE,WARMUP,POPULATION_ONLY,,4c25a586f8969fe9
prism-personal-v3-provisional-8of10,rec2018-01-23_10h59m40.619s.wav,0,2018-01-23#1,1,SCOREABLE,0.40990436570742367,0.9655172413793104,WITHIN_REFERENCE_RANGE,WARMUP,POPULATION_ONLY,,4c25a586f8969fe9
prism-personal-v3-provisional-8of10,rec2018-01-23_10h59m57.587s.wav,0,2018-01-23#1,1,SCOREABLE,0.5461770142740527,0.8996865203761756,WITHIN_REFERENCE_RANGE,WARMUP,POPULATION_ONLY,,4c25a586f8969fe9
prism-personal-v3-provisional-8of10,rec2018-01-23_11h00m14.641s.wav,0,2018-01-23#1,1,SCOREABLE,0.6734750211349773,0.774294670846395,WITHIN_REFERENCE_RANGE,WARMUP,POPULATION_ONLY,,4c25a586f8969fe9
prism-personal-v3-provisional-8of10,rec2018-01-23_11h01m08.679s.wav,0,2018-01-23#1,1,SCOREABLE,1.1394066160966776,0.3573667711598746,WITHIN_REFERENCE_RANGE,WARMUP,POPULATION_ONLY,,4c25a586f8969fe9
prism-personal-v3-provisional-8of10,rec2018-01-23_11h01m26.075s.wav,0,2018-01-23#1,1,SCOREABLE,0.6524674602259309,0.7899686520376176,WITHIN_REFERENCE_RANGE,WARMUP,POPULATION_ONLY,,4c25a586f8969fe9
prism-personal-v3-provisional-8of10,rec2018-01-23_11h01m41.256s.wav,0,2018-01-23#1,1,SCOREABLE,0.7473525161406767,0.7084639498432602,WITHIN_REFERENCE_RANGE,WARMUP,POPULATION_ONLY,,4c25a586f8969fe9
prism-personal-v3-provisional-8of10,rec2018-01-23_11h01m57.075s.wav,0,2018-01-23#1,1,SCOREABLE,1.3774865001057204,0.18808777429467086,WITHIN_REFERENCE_RANGE,WARMUP,POPULATION_ONLY,,4c25a586f8969fe9
prism-personal-v3-provisional-8of10,rec2018-01-23_11h02m14.505s.wav,0,2018-01-23#1,1,SCOREABLE,0.9155273609460662,0.5454545454545454,WITHIN_REFERENCE_RANGE,WARMUP,POPULATION_ONLY,,4c25a586f8969fe9
prism-personal-v3-provisional-8of10,rec2018-01-23_11h02m29.845s.wav,0,2018-01-23#1,1,SCOREABLE,0.6404732118700553,0.8150470219435737,WITHIN_REFERENCE_RANGE,WARMUP,POPULATION_ONLY,,4c25a586f8969fe9
prism-personal-v3-provisional-8of10,rec2018-01-23_11h02m48.266s.wav,0,2018-01-23#1,1,SCOREABLE,0.9195147808313967,0.542319749216301,WITHIN_REFERENCE_RANGE,WARMUP,POPULATION_ONLY,,4c25a586f8969fe9
prism-personal-v3-provisional-8of10,rec2018-01-23_11h03m04.371s.wav,0,2018-01-23#1,1,SCOREABLE,1.177582042758818,0.329153605015674,WITHIN_REFERENCE_RANGE,WARMUP,POPULATION_ONLY,,4c25a586f8969fe9
prism-personal-v3-provisional-8of10,rec2018-01-23_11h03m19.651s.wav,0,2018-01-23#1,1,SCOREABLE,0.46262108945693503,0.9278996865203761,WITHIN_REFERENCE_RANGE,WARMUP,POPULATION_ONLY,,4c25a586f8969fe9
prism-personal-v3-provisional-8of10,rec2018-01-23_11h03m36.803s.wav,0,2018-01-23#1,1,SCOREABLE,0.4841980647874205,0.9247648902821317,WITHIN_REFERENCE_RANGE,WARMUP,POPULATION_ONLY,,4c25a586f8969fe9
prism-personal-v3-provisional-8of10,rec2018-01-23_11h03m51.751s.wav,0,2018-01-23#1,1,SCOREABLE,0.9590205092455603,0.5266457680250783,WITHIN_REFERENCE_RANGE,WARMUP,POPULATION_ONLY,,4c25a586f8969fe9
prism-personal-v3-provisional-8of10,rec2018-01-23_11h04m10.613s.wav,0,2018-01-23#1,1,SCOREABLE,0.7544220770594615,0.6959247648902821,WITHIN_REFERENCE_RANGE,WARMUP,POPULATION_ONLY,,4c25a586f8969fe9
prism-personal-v3-provisional-8of10,rec2018-01-23_11h04m27.250s.wav,0,2018-01-23#1,1,SCOREABLE,0.5771633950739117,0.8808777429467085,WITHIN_REFERENCE_RANGE,WARMUP,POPULATION_ONLY,,4c25a586f8969fe9
prism-personal-v3-provisional-8of10,rec2018-01-23_11h04m44.325s.wav,0,2018-01-23#1,1,SCOREABLE,1.041778156435174,0.45454545454545453,WITHIN_REFERENCE_RANGE,WARMUP,POPULATION_ONLY,,4c25a586f8969fe9
prism-personal-v3-provisional-8of10,rec2018-01-23_11h05m01.603s.wav,0,2018-01-23#1,1,SCOREABLE,0.32338256657889813,0.987460815047022,WITHIN_REFERENCE_RANGE,WARMUP,POPULATION_ONLY,,4c25a586f8969fe9
prism-personal-v3-provisional-8of10,rec2018-01-23_11h11m07.436s.wav,0,2018-01-23#1,1,SCOREABLE,0.7388132525385585,0.7147335423197492,WITHIN_REFERENCE_RANGE,WARMUP,POPULATION_ONLY,,4c25a586f8969fe9
prism-personal-v3-provisional-8of10,rec2018-01-23_11h11m22.731s.wav,0,2018-01-23#1,1,SCOREABLE,1.276437666391487,0.2664576802507837,WITHIN_REFERENCE_RANGE,WARMUP,POPULATION_ONLY,,4c25a586f8969fe9
prism-personal-v3-provisional-8of10,rec2018-01-23_11h11m37.608s.wav,0,2018-01-23#1,1,SCOREABLE,0.6875978837920803,0.768025078369906,WITHIN_REFERENCE_RANGE,WARMUP,POPULATION_ONLY,,4c25a586f8969fe9
prism-personal-v3-provisional-8of10,rec2018-01-23_11h11m52.435s.wav,0,2018-01-23#1,1,SCOREABLE,0.9420443404478233,0.5297805642633229,WITHIN_REFERENCE_RANGE,WARMUP,POPULATION_ONLY,,4c25a586f8969fe9
prism-personal-v3-provisional-8of10,rec2018-01-23_11h11m52.435s.wav,1,2018-01-23#1,1,NOT_SCOREABLE,,,NOT_ASSESSED,WARMUP,NOT_ASSESSED,,4c25a586f8969fe9
prism-personal-v3-provisional-8of10,rec2018-01-23_11h51m22.121s.wav,0,2018-01-23#2,2,SCOREABLE,0.6104394829263994,0.8463949843260188,WITHIN_REFERENCE_RANGE,WARMUP,POPULATION_ONLY,,1b5b5ac445a0c01c
prism-personal-v3-provisional-8of10,rec2018-01-23_11h51m22.121s.wav,1,2018-01-23#2,2,NOT_SCOREABLE,,,NOT_ASSESSED,WARMUP,NOT_ASSESSED,,1b5b5ac445a0c01c
prism-personal-v3-provisional-8of10,rec2018-01-23_11h51m37.745s.wav,0,2018-01-23#2,2,SCOREABLE,0.417760851955501,0.9561128526645768,WITHIN_REFERENCE_RANGE,WARMUP,POPULATION_ONLY,,1b5b5ac445a0c01c
prism-personal-v3-provisional-8of10,rec2018-01-23_11h51m52.565s.wav,0,2018-01-23#2,2,SCOREABLE,0.5876000550100453,0.8746081504702194,WITHIN_REFERENCE_RANGE,WARMUP,POPULATION_ONLY,,1b5b5ac445a0c01c
prism-personal-v3-provisional-8of10,rec2018-01-23_11h52m38.758s.wav,0,2018-01-23#2,2,SCOREABLE,0.6579950818898717,0.7836990595611285,WITHIN_REFERENCE_RANGE,WARMUP,POPULATION_ONLY,,1b5b5ac445a0c01c
prism-personal-v3-provisional-8of10,rec2018-01-23_11h52m53.640s.wav,0,2018-01-23#2,2,SCOREABLE,0.7616678389384032,0.6896551724137931,WITHIN_REFERENCE_RANGE,WARMUP,POPULATION_ONLY,,1b5b5ac445a0c01c
prism-personal-v3-provisional-8of10,rec2018-01-23_11h53m23.410s.wav,0,2018-01-23#2,2,SCOREABLE,0.6754322295822747,0.774294670846395,WITHIN_REFERENCE_RANGE,WARMUP,POPULATION_ONLY,,1b5b5ac445a0c01c
prism-personal-v3-provisional-8of10,rec2018-01-23_11h53m38.425s.wav,0,2018-01-23#2,2,SCOREABLE,0.9374045879217525,0.5360501567398119,WITHIN_REFERENCE_RANGE,WARMUP,POPULATION_ONLY,,1b5b5ac445a0c01c
prism-personal-v3-provisional-8of10,rec2018-01-23_11h53m56.835s.wav,0,2018-01-23#2,2,SCOREABLE,0.6300409184158817,0.8213166144200627,WITHIN_REFERENCE_RANGE,WARMUP,POPULATION_ONLY,,1b5b5ac445a0c01c
prism-personal-v3-provisional-8of10,rec2018-01-23_11h56m03.777s.wav,0,2018-01-23#2,2,SCOREABLE,0.9079251244313965,0.5517241379310345,WITHIN_REFERENCE_RANGE,WARMUP,POPULATION_ONLY,,1b5b5ac445a0c01c
prism-personal-v3-provisional-8of10,rec2018-01-23_11h56m18.749s.wav,0,2018-01-23#2,2,SCOREABLE,0.9172602433781273,0.5454545454545454,WITHIN_REFERENCE_RANGE,WARMUP,POPULATION_ONLY,,1b5b5ac445a0c01c
prism-personal-v3-provisional-8of10,rec2018-01-23_11h56m33.584s.wav,0,2018-01-23#2,2,SCOREABLE,0.4578236122516746,0.9373040752351097,WITHIN_REFERENCE_RANGE,WARMUP,POPULATION_ONLY,,1b5b5ac445a0c01c
prism-personal-v3-provisional-8of10,rec2018-01-23_11h57m24.977s.wav,0,2018-01-23#2,2,SCOREABLE,1.1689089102605432,0.335423197492163,WITHIN_REFERENCE_RANGE,WARMUP,POPULATION_ONLY,,1b5b5ac445a0c01c
prism-personal-v3-provisional-8of10,rec2018-01-23_11h57m41.504s.wav,0,2018-01-23#2,2,SCOREABLE,1.6287007710905286,0.09404388714733543,WITHIN_REFERENCE_RANGE,WARMUP,POPULATION_ONLY,,1b5b5ac445a0c01c
prism-personal-v3-provisional-8of10,rec2018-01-23_11h57m58.590s.wav,0,2018-01-23#2,2,SCOREABLE,1.405431882202403,0.1786833855799373,WITHIN_REFERENCE_RANGE,WARMUP,POPULATION_ONLY,,1b5b5ac445a0c01c
prism-personal-v3-provisional-8of10,rec2018-01-23_11h58m15.852s.wav,0,2018-01-23#2,2,SCOREABLE,0.5129724428959016,0.9153605015673981,WITHIN_REFERENCE_RANGE,WARMUP,POPULATION_ONLY,,1b5b5ac445a0c01c
prism-personal-v3-provisional-8of10,rec2018-01-23_11h58m34.582s.wav,0,2018-01-23#2,2,SCOREABLE,1.0720327164461896,0.4106583072100313,WITHIN_REFERENCE_RANGE,WARMUP,POPULATION_ONLY,,1b5b5ac445a0c01c
prism-personal-v3-provisional-8of10,rec2018-01-23_11h58m49.449s.wav,0,2018-01-23#2,2,SCOREABLE,0.49422105174291553,0.9216300940438872,WITHIN_REFERENCE_RANGE,WARMUP,POPULATION_ONLY,,1b5b5ac445a0c01c
prism-personal-v3-provisional-8of10,rec2018-01-23_11h59m04.620s.wav,0,2018-01-23#2,2,SCOREABLE,1.034118062072908,0.4670846394984326,WITHIN_REFERENCE_RANGE,WARMUP,POPULATION_ONLY,,1b5b5ac445a0c01c
prism-personal-v3-provisional-8of10,rec2018-01-23_11h59m04.620s.wav,1,2018-01-23#2,2,NOT_SCOREABLE,,,NOT_ASSESSED,WARMUP,NOT_ASSESSED,,1b5b5ac445a0c01c
prism-personal-v3-provisional-8of10,rec2018-01-23_12h02m44.138s.wav,0,2018-01-23#2,2,SCOREABLE,0.678558981975361,0.774294670846395,WITHIN_REFERENCE_RANGE,WARMUP,POPULATION_ONLY,,1b5b5ac445a0c01c
prism-personal-v3-provisional-8of10,rec2018-01-23_12h03m01.599s.wav,0,2018-01-23#2,2,SCOREABLE,1.508555224365867,0.14106583072100312,WITHIN_REFERENCE_RANGE,WARMUP,POPULATION_ONLY,,1b5b5ac445a0c01c
prism-personal-v3-provisional-8of10,rec2018-01-23_12h03m19.922s.wav,0,2018-01-23#2,2,SCOREABLE,0.9068494181873261,0.5517241379310345,WITHIN_REFERENCE_RANGE,WARMUP,POPULATION_ONLY,,1b5b5ac445a0c01c
prism-personal-v3-provisional-8of10,rec2018-01-23_12h03m36.988s.wav,0,2018-01-23#2,2,SCOREABLE,1.4556412991607683,0.15673981191222572,WITHIN_REFERENCE_RANGE,WARMUP,POPULATION_ONLY,,1b5b5ac445a0c01c
prism-personal-v3-provisional-8of10,rec2018-01-23_12h03m52.821s.wav,0,2018-01-23#2,2,SCOREABLE,0.722030908666123,0.7304075235109718,WITHIN_REFERENCE_RANGE,WARMUP,POPULATION_ONLY,,1b5b5ac445a0c01c
prism-personal-v3-provisional-8of10,rec2018-01-23_12h04m16.860s.wav,0,2018-01-23#2,2,SCOREABLE,0.8332352474500125,0.6206896551724138,WITHIN_REFERENCE_RANGE,WARMUP,POPULATION_ONLY,,1b5b5ac445a0c01c
prism-personal-v3-provisional-8of10,rec2018-01-23_12h04m31.917s.wav,0,2018-01-23#2,2,SCOREABLE,0.7657415742718778,0.6865203761755486,WITHIN_REFERENCE_RANGE,WARMUP,POPULATION_ONLY,,1b5b5ac445a0c01c
prism-personal-v3-provisional-8of10,rec2018-01-23_12h04m50.656s.wav,0,2018-01-23#2,2,SCOREABLE,0.872408595858446,0.5862068965517241,WITHIN_REFERENCE_RANGE,WARMUP,POPULATION_ONLY,,1b5b5ac445a0c01c
prism-personal-v3-provisional-8of10,rec2018-01-23_12h05m05.795s.wav,0,2018-01-23#2,2,SCOREABLE,0.7937657933425439,0.6677115987460815,WITHIN_REFERENCE_RANGE,WARMUP,POPULATION_ONLY,,1b5b5ac445a0c01c
prism-personal-v3-provisional-8of10,rec2018-01-23_12h37m08.326s.wav,0,2018-01-23#3,3,SCOREABLE,1.2257408286154667,0.30407523510971785,WITHIN_REFERENCE_RANGE,WARMUP,POPULATION_ONLY,,fc746b6cbad2afe1
prism-personal-v3-provisional-8of10,rec2018-01-23_12h37m25.023s.wav,0,2018-01-23#3,3,SCOREABLE,0.4007960155446375,0.9686520376175548,WITHIN_REFERENCE_RANGE,WARMUP,POPULATION_ONLY,,fc746b6cbad2afe1
prism-personal-v3-provisional-8of10,rec2018-01-23_12h37m39.981s.wav,0,2018-01-23#3,3,SCOREABLE,0.6006053206490122,0.8589341692789969,WITHIN_REFERENCE_RANGE,WARMUP,POPULATION_ONLY,,fc746b6cbad2afe1
prism-personal-v3-provisional-8of10,rec2018-01-23_12h37m54.913s.wav,0,2018-01-23#3,3,SCOREABLE,0.22901602113628075,0.9968652037617555,WITHIN_REFERENCE_RANGE,WARMUP,POPULATION_ONLY,,fc746b6cbad2afe1
prism-personal-v3-provisional-8of10,rec2018-01-23_12h38m10.740s.wav,0,2018-01-23#3,3,SCOREABLE,0.7148572732182024,0.7335423197492164,WITHIN_REFERENCE_RANGE,WARMUP,POPULATION_ONLY,,fc746b6cbad2afe1
prism-personal-v3-provisional-8of10,rec2018-01-23_12h39m14.259s.wav,0,2018-01-23#3,3,SCOREABLE,0.2868940899402254,0.9937304075235109,WITHIN_REFERENCE_RANGE,WARMUP,POPULATION_ONLY,,fc746b6cbad2afe1
prism-personal-v3-provisional-8of10,rec2018-01-23_12h39m29.011s.wav,0,2018-01-23#3,3,SCOREABLE,0.6062624435443309,0.8526645768025078,WITHIN_REFERENCE_RANGE,WARMUP,POPULATION_ONLY,,fc746b6cbad2afe1
prism-personal-v3-provisional-8of10,rec2018-01-23_12h39m44.218s.wav,0,2018-01-23#3,3,SCOREABLE,0.4104130429698768,0.9655172413793104,WITHIN_REFERENCE_RANGE,WARMUP,POPULATION_ONLY,,fc746b6cbad2afe1
prism-personal-v3-provisional-8of10,rec2018-01-23_12h39m59.067s.wav,0,2018-01-23#3,3,SCOREABLE,0.6564101340436282,0.7836990595611285,WITHIN_REFERENCE_RANGE,WARMUP,POPULATION_ONLY,,fc746b6cbad2afe1
prism-personal-v3-provisional-8of10,rec2018-01-23_12h40m15.223s.wav,0,2018-01-23#3,3,SCOREABLE,0.6966523854009258,0.7586206896551724,WITHIN_REFERENCE_RANGE,WARMUP,POPULATION_ONLY,,fc746b6cbad2afe1
prism-personal-v3-provisional-8of10,rec2018-01-23_12h40m30.209s.wav,0,2018-01-23#3,3,SCOREABLE,0.5597051427126375,0.8840125391849529,WITHIN_REFERENCE_RANGE,WARMUP,POPULATION_ONLY,,fc746b6cbad2afe1
prism-personal-v3-provisional-8of10,rec2018-01-23_12h40m47.865s.wav,0,2018-01-23#3,3,SCOREABLE,0.5176452075485041,0.9122257053291536,WITHIN_REFERENCE_RANGE,WARMUP,POPULATION_ONLY,,fc746b6cbad2afe1
prism-personal-v3-provisional-8of10,rec2018-01-23_12h41m04.075s.wav,0,2018-01-23#3,3,SCOREABLE,0.33606169081308934,0.9843260188087775,WITHIN_REFERENCE_RANGE,WARMUP,POPULATION_ONLY,,fc746b6cbad2afe1
prism-personal-v3-provisional-8of10,rec2018-01-23_12h41m19.889s.wav,0,2018-01-23#3,3,SCOREABLE,1.1391478721435988,0.3573667711598746,WITHIN_REFERENCE_RANGE,WARMUP,POPULATION_ONLY,,fc746b6cbad2afe1
prism-personal-v3-provisional-8of10,rec2018-01-23_12h41m54.714s.wav,0,2018-01-23#3,3,SCOREABLE,0.5360365503239772,0.9028213166144201,WITHIN_REFERENCE_RANGE,WARMUP,POPULATION_ONLY,,fc746b6cbad2afe1
prism-personal-v3-provisional-8of10,rec2018-01-23_12h42m11.121s.wav,0,2018-01-23#3,3,SCOREABLE,1.1704540427249555,0.335423197492163,WITHIN_REFERENCE_RANGE,WARMUP,POPULATION_ONLY,,fc746b6cbad2afe1
prism-personal-v3-provisional-8of10,rec2018-01-23_12h50m45.316s.wav,0,2018-01-23#3,3,SCOREABLE,1.4563087809290574,0.15673981191222572,WITHIN_REFERENCE_RANGE,WARMUP,POPULATION_ONLY,,fc746b6cbad2afe1
prism-personal-v3-provisional-8of10,rec2018-01-23_12h51m39.774s.wav,0,2018-01-23#3,3,SCOREABLE,2.24690338678174,0.009404388714733543,OUTSIDE_REFERENCE_RANGE,WARMUP,POPULATION_ONLY,,fc746b6cbad2afe1
prism-personal-v3-provisional-8of10,rec2018-01-23_12h51m39.774s.wav,1,2018-01-23#3,3,NOT_SCOREABLE,,,NOT_ASSESSED,WARMUP,NOT_ASSESSED,,fc746b6cbad2afe1
prism-personal-v3-provisional-8of10,rec2018-01-23_12h52m08.363s.wav,0,2018-01-23#3,3,SCOREABLE,1.9315676356032458,0.034482758620689655,OUTSIDE_REFERENCE_RANGE,WARMUP,POPULATION_ONLY,,fc746b6cbad2afe1
prism-personal-v3-provisional-8of10,rec2018-01-23_12h52m08.363s.wav,1,2018-01-23#3,3,NOT_SCOREABLE,,,NOT_ASSESSED,WARMUP,NOT_ASSESSED,,fc746b6cbad2afe1
prism-personal-v3-provisional-8of10,rec2018-01-23_12h52m08.363s.wav,2,2018-01-23#3,3,NOT_SCOREABLE,,,NOT_ASSESSED,WARMUP,NOT_ASSESSED,,fc746b6cbad2afe1
prism-personal-v3-provisional-8of10,rec2018-01-23_12h52m08.363s.wav,3,2018-01-23#3,3,NOT_SCOREABLE,,,NOT_ASSESSED,WARMUP,NOT_ASSESSED,,fc746b6cbad2afe1
prism-personal-v3-provisional-8of10,rec2018-01-23_12h52m08.363s.wav,4,2018-01-23#3,3,NOT_SCOREABLE,,,NOT_ASSESSED,WARMUP,NOT_ASSESSED,,fc746b6cbad2afe1
prism-personal-v3-provisional-8of10,rec2018-01-23_12h52m40.101s.wav,0,2018-01-23#3,3,SCOREABLE,0.9079504175908323,0.5517241379310345,WITHIN_REFERENCE_RANGE,WARMUP,POPULATION_ONLY,,fc746b6cbad2afe1
prism-personal-v3-provisional-8of10,rec2018-01-23_12h52m40.101s.wav,1,2018-01-23#3,3,SCOREABLE,1.6631738164377141,0.06896551724137931,WITHIN_REFERENCE_RANGE,WARMUP,POPULATION_ONLY,,fc746b6cbad2afe1
prism-personal-v3-provisional-8of10,rec2018-01-23_12h53m35.233s.wav,0,2018-01-23#3,3,SCOREABLE,1.3029119719142015,0.23824451410658307,WITHIN_REFERENCE_RANGE,WARMUP,POPULATION_ONLY,,fc746b6cbad2afe1
prism-personal-v3-provisional-8of10,rec2018-01-23_12h54m08.620s.wav,0,2018-01-23#3,3,SCOREABLE,0.5485714118589836,0.896551724137931,WITHIN_REFERENCE_RANGE,WARMUP,POPULATION_ONLY,,fc746b6cbad2afe1
prism-personal-v3-provisional-8of10,rec2018-01-23_12h54m08.620s.wav,1,2018-01-23#3,3,NOT_SCOREABLE,,,NOT_ASSESSED,WARMUP,NOT_ASSESSED,,fc746b6cbad2afe1
prism-personal-v3-provisional-8of10,rec2018-01-23_12h54m28.485s.wav,0,2018-01-23#3,3,NOT_SCOREABLE,,,NOT_ASSESSED,WARMUP,NOT_ASSESSED,,fc746b6cbad2afe1
prism-personal-v3-provisional-8of10,rec2018-01-23_12h54m28.485s.wav,1,2018-01-23#3,3,NOT_SCOREABLE,,,NOT_ASSESSED,WARMUP,NOT_ASSESSED,,fc746b6cbad2afe1
prism-personal-v3-provisional-8of10,rec2018-01-23_12h55m02.432s.wav,0,2018-01-23#3,3,SCOREABLE,0.7228911759639425,0.7304075235109718,WITHIN_REFERENCE_RANGE,WARMUP,POPULATION_ONLY,,fc746b6cbad2afe1
prism-personal-v3-provisional-8of10,rec2018-01-23_12h55m27.681s.wav,0,2018-01-23#3,3,SCOREABLE,0.3418479715160741,0.9811912225705329,WITHIN_REFERENCE_RANGE,WARMUP,POPULATION_ONLY,,fc746b6cbad2afe1
prism-personal-v3-provisional-8of10,rec2018-01-23_12h55m53.736s.wav,0,2018-01-23#3,3,SCOREABLE,0.5856881325167709,0.8746081504702194,WITHIN_REFERENCE_RANGE,WARMUP,POPULATION_ONLY,,fc746b6cbad2afe1
prism-personal-v3-provisional-8of10,rec2018-01-23_12h55m53.736s.wav,1,2018-01-23#3,3,NOT_SCOREABLE,,,NOT_ASSESSED,WARMUP,NOT_ASSESSED,,fc746b6cbad2afe1
prism-personal-v3-provisional-8of10,rec2018-01-23_12h56m34.401s.wav,0,2018-01-23#3,3,SCOREABLE,0.6470917754444846,0.7931034482758621,WITHIN_REFERENCE_RANGE,WARMUP,POPULATION_ONLY,,fc746b6cbad2afe1
prism-personal-v3-provisional-8of10,rec2018-01-23_12h57m02.652s.wav,0,2018-01-23#3,3,SCOREABLE,1.1579335106660076,0.3448275862068966,WITHIN_REFERENCE_RANGE,WARMUP,POPULATION_ONLY,,fc746b6cbad2afe1
prism-personal-v3-provisional-8of10,rec2018-01-23_12h57m37.371s.wav,0,2018-01-23#3,3,SCOREABLE,0.6500345456144364,0.7899686520376176,WITHIN_REFERENCE_RANGE,WARMUP,POPULATION_ONLY,,fc746b6cbad2afe1
prism-personal-v3-provisional-8of10,rec2018-02-01_17h36m45.706s.wav,0,2018-02-01#1,4,SCOREABLE,1.6267413082490858,0.09404388714733543,WITHIN_REFERENCE_RANGE,WARMUP,POPULATION_ONLY,,9e7bd0a9c5be0d72
prism-personal-v3-provisional-8of10,rec2018-02-01_17h40m59.475s.wav,0,2018-02-01#1,4,SCOREABLE,0.7970012456636577,0.6614420062695925,WITHIN_REFERENCE_RANGE,WARMUP,POPULATION_ONLY,,9e7bd0a9c5be0d72
prism-personal-v3-provisional-8of10,rec2018-02-02_00h11m42.617s.wav,0,2018-02-01#4,7,SCOREABLE,0.7905908974606508,0.6739811912225705,WITHIN_REFERENCE_RANGE,WARMUP,POPULATION_ONLY,,9e7bd0a9c5be0d72
prism-personal-v3-provisional-8of10,rec2018-02-02_00h27m33.111s.wav,0,2018-02-01#4,7,SCOREABLE,0.7007783004329043,0.7586206896551724,WITHIN_REFERENCE_RANGE,WARMUP,POPULATION_ONLY,,9e7bd0a9c5be0d72
prism-personal-v3-provisional-8of10,rec2018-02-02_00h33m01.131s.wav,0,2018-02-01#4,7,NOT_SCOREABLE,,,NOT_ASSESSED,WARMUP,NOT_ASSESSED,,9e7bd0a9c5be0d72
prism-personal-v3-provisional-8of10,rec2018-02-02_00h33m01.131s.wav,1,2018-02-01#4,7,NOT_SCOREABLE,,,NOT_ASSESSED,WARMUP,NOT_ASSESSED,,9e7bd0a9c5be0d72
prism-personal-v3-provisional-8of10,rec2018-02-02_00h39m43.100s.wav,0,2018-02-01#4,7,NOT_SCOREABLE,,,NOT_ASSESSED,WARMUP,NOT_ASSESSED,,9e7bd0a9c5be0d72
prism-personal-v3-provisional-8of10,rec2018-02-02_00h39m43.100s.wav,1,2018-02-01#4,7,NOT_SCOREABLE,,,NOT_ASSESSED,WARMUP,NOT_ASSESSED,,9e7bd0a9c5be0d72
prism-personal-v3-provisional-8of10,rec2018-02-02_01h32m24.455s.wav,0,2018-02-02#1,8,SCOREABLE,1.2104737215603452,0.3166144200626959,WITHIN_REFERENCE_RANGE,WARMUP,POPULATION_ONLY,,9e7bd0a9c5be0d72
prism-personal-v3-provisional-8of10,rec2018-02-02_01h32m24.455s.wav,1,2018-02-02#1,8,NOT_SCOREABLE,,,NOT_ASSESSED,WARMUP,NOT_ASSESSED,,9e7bd0a9c5be0d72
prism-personal-v3-provisional-8of10,rec2018-02-02_01h34m08.386s.wav,0,2018-02-02#1,8,SCOREABLE,0.8184351410686262,0.6363636363636364,WITHIN_REFERENCE_RANGE,WARMUP,POPULATION_ONLY,,9e7bd0a9c5be0d72
prism-personal-v3-provisional-8of10,rec2018-02-02_01h35m12.866s.wav,0,2018-02-02#1,8,SCOREABLE,0.6212857316773884,0.8307210031347962,WITHIN_REFERENCE_RANGE,WARMUP,POPULATION_ONLY,,9e7bd0a9c5be0d72
prism-personal-v3-provisional-8of10,rec2018-02-02_01h36m19.632s.wav,0,2018-02-02#1,8,SCOREABLE,0.6338940752309586,0.8213166144200627,WITHIN_REFERENCE_RANGE,WARMUP,POPULATION_ONLY,,9e7bd0a9c5be0d72
prism-personal-v3-provisional-8of10,rec2018-02-02_01h40m26.773s.wav,0,2018-02-02#1,8,SCOREABLE,1.3033765613628354,0.23824451410658307,WITHIN_REFERENCE_RANGE,WARMUP,POPULATION_ONLY,,9e7bd0a9c5be0d72
prism-personal-v3-provisional-8of10,rec2018-02-02_01h58m20.818s.wav,0,2018-02-02#1,8,SCOREABLE,1.7030538948544938,0.06896551724137931,WITHIN_REFERENCE_RANGE,WARMUP,POPULATION_ONLY,,9e7bd0a9c5be0d72
prism-personal-v3-provisional-8of10,rec2018-02-02_01h58m59.251s.wav,0,2018-02-02#1,8,SCOREABLE,0.4069222603998801,0.9655172413793104,WITHIN_REFERENCE_RANGE,WARMUP,POPULATION_ONLY,,9e7bd0a9c5be0d72
prism-personal-v3-provisional-8of10,rec2018-02-02_02h09m32.913s.wav,0,2018-02-02#1,8,SCOREABLE,0.9108733380051696,0.5454545454545454,WITHIN_REFERENCE_RANGE,WARMUP,POPULATION_ONLY,,9e7bd0a9c5be0d72
prism-personal-v3-provisional-8of10,rec2018-02-02_10h27m54.823s.wav,0,2018-02-02#2,9,NOT_SCOREABLE,,,NOT_ASSESSED,WARMUP,NOT_ASSESSED,,9e7bd0a9c5be0d72
prism-personal-v3-provisional-8of10,rec2018-02-02_10h27m54.823s.wav,1,2018-02-02#2,9,NOT_SCOREABLE,,,NOT_ASSESSED,WARMUP,NOT_ASSESSED,,9e7bd0a9c5be0d72
prism-personal-v3-provisional-8of10,rec2018-02-02_10h27m54.823s.wav,2,2018-02-02#2,9,NOT_SCOREABLE,,,NOT_ASSESSED,WARMUP,NOT_ASSESSED,,9e7bd0a9c5be0d72
prism-personal-v3-provisional-8of10,rec2018-02-02_10h27m54.823s.wav,3,2018-02-02#2,9,NOT_SCOREABLE,,,NOT_ASSESSED,WARMUP,NOT_ASSESSED,,9e7bd0a9c5be0d72
prism-personal-v3-provisional-8of10,rec2018-02-02_10h29m51.284s.wav,0,2018-02-02#2,9,SCOREABLE,0.7808905533164997,0.6802507836990596,WITHIN_REFERENCE_RANGE,WARMUP,POPULATION_ONLY,,9e7bd0a9c5be0d72
prism-personal-v3-provisional-8of10,rec2018-02-02_10h46m42.260s.wav,0,2018-02-02#2,9,SCOREABLE,0.849881480629314,0.6050156739811913,WITHIN_REFERENCE_RANGE,WARMUP,POPULATION_ONLY,,9e7bd0a9c5be0d72
prism-personal-v3-provisional-8of10,rec2018-02-02_10h48m38.792s.wav,0,2018-02-02#2,9,SCOREABLE,0.24714587184211195,0.9968652037617555,WITHIN_REFERENCE_RANGE,WARMUP,POPULATION_ONLY,,9e7bd0a9c5be0d72
prism-personal-v3-provisional-8of10,rec2018-02-02_10h57m01.870s.wav,0,2018-02-02#2,9,SCOREABLE,0.9585777561488372,0.5266457680250783,WITHIN_REFERENCE_RANGE,WARMUP,POPULATION_ONLY,,9e7bd0a9c5be0d72
prism-personal-v3-provisional-8of10,rec2018-02-02_10h58m28.930s.wav,0,2018-02-02#2,9,SCOREABLE,0.6423644611676458,0.8087774294670846,WITHIN_REFERENCE_RANGE,WARMUP,POPULATION_ONLY,,9e7bd0a9c5be0d72
prism-personal-v3-provisional-8of10,rec2018-02-02_10h59m19.989s.wav,0,2018-02-02#2,9,SCOREABLE,0.340596386824746,0.9811912225705329,WITHIN_REFERENCE_RANGE,WARMUP,POPULATION_ONLY,,9e7bd0a9c5be0d72
prism-personal-v3-provisional-8of10,rec2018-02-02_11h00m10.171s.wav,0,2018-02-02#2,9,SCOREABLE,1.0079641893714937,0.49216300940438873,WITHIN_REFERENCE_RANGE,WARMUP,POPULATION_ONLY,,9e7bd0a9c5be0d72
prism-personal-v3-provisional-8of10,rec2018-02-02_11h00m59.338s.wav,0,2018-02-02#2,9,SCOREABLE,0.6350131816895938,0.8213166144200627,WITHIN_REFERENCE_RANGE,WARMUP,POPULATION_ONLY,,9e7bd0a9c5be0d72
prism-personal-v3-provisional-8of10,rec2018-02-02_11h01m45.212s.wav,0,2018-02-02#2,9,SCOREABLE,1.3570257084056188,0.1974921630094044,WITHIN_REFERENCE_RANGE,WARMUP,POPULATION_ONLY,,9e7bd0a9c5be0d72
prism-personal-v3-provisional-8of10,rec2018-02-05_10h37m14.374s.wav,0,2018-02-05#1,13,SCOREABLE,1.818487815244324,0.050156739811912224,WITHIN_REFERENCE_RANGE,WARMUP,POPULATION_ONLY,,9e7bd0a9c5be0d72
prism-personal-v3-provisional-8of10,rec2018-02-05_10h38m19.385s.wav,0,2018-02-05#1,13,SCOREABLE,0.9802810523461614,0.5141065830721003,WITHIN_REFERENCE_RANGE,WARMUP,POPULATION_ONLY,,9e7bd0a9c5be0d72
prism-personal-v3-provisional-8of10,rec2018-02-05_10h39m00.035s.wav,0,2018-02-05#1,13,SCOREABLE,1.2901296796876194,0.25391849529780564,WITHIN_REFERENCE_RANGE,WARMUP,POPULATION_ONLY,,9e7bd0a9c5be0d72
prism-personal-v3-provisional-8of10,rec2018-02-05_10h41m21.507s.wav,0,2018-02-05#1,13,SCOREABLE,0.8867160591876612,0.5642633228840125,WITHIN_REFERENCE_RANGE,WARMUP,POPULATION_ONLY,,9e7bd0a9c5be0d72
prism-personal-v3-provisional-8of10,rec2018-02-05_10h42m50.893s.wav,0,2018-02-05#1,13,SCOREABLE,1.5487443537190484,0.12852664576802508,WITHIN_REFERENCE_RANGE,WARMUP,POPULATION_ONLY,,9e7bd0a9c5be0d72
prism-personal-v3-provisional-8of10,rec2018-02-05_10h43m40.571s.wav,0,2018-02-05#1,13,SCOREABLE,1.473814327530059,0.14420062695924765,WITHIN_REFERENCE_RANGE,WARMUP,POPULATION_ONLY,,9e7bd0a9c5be0d72
prism-personal-v3-provisional-8of10,rec2018-02-05_10h44m37.655s.wav,0,2018-02-05#1,13,SCOREABLE,0.9463024837678492,0.5266457680250783,WITHIN_REFERENCE_RANGE,WARMUP,POPULATION_ONLY,,9e7bd0a9c5be0d72
prism-personal-v3-provisional-8of10,rec2018-02-05_10h45m35.939s.wav,0,2018-02-05#1,13,SCOREABLE,1.3821694974502325,0.18808777429467086,WITHIN_REFERENCE_RANGE,WARMUP,POPULATION_ONLY,,9e7bd0a9c5be0d72
prism-personal-v3-provisional-8of10,rec2018-02-05_10h52m39.045s.wav,0,2018-02-05#1,13,SCOREABLE,1.4035777349319185,0.1786833855799373,WITHIN_REFERENCE_RANGE,WARMUP,POPULATION_ONLY,,9e7bd0a9c5be0d72
prism-personal-v3-provisional-8of10,rec2018-02-05_10h53m45.411s.wav,0,2018-02-05#1,13,SCOREABLE,0.710942295519996,0.7460815047021944,WITHIN_REFERENCE_RANGE,WARMUP,POPULATION_ONLY,,9e7bd0a9c5be0d72
prism-personal-v3-provisional-8of10,rec2018-02-05_10h53m45.411s.wav,1,2018-02-05#1,13,NOT_SCOREABLE,,,NOT_ASSESSED,WARMUP,NOT_ASSESSED,,9e7bd0a9c5be0d72
prism-personal-v3-provisional-8of10,rec2018-02-05_10h54m35.447s.wav,0,2018-02-05#1,13,SCOREABLE,0.8104825224725593,0.64576802507837,WITHIN_REFERENCE_RANGE,WARMUP,POPULATION_ONLY,,9e7bd0a9c5be0d72
prism-personal-v3-provisional-8of10,rec2018-02-05_10h55m27.871s.wav,0,2018-02-05#1,13,SCOREABLE,0.7976742524225339,0.6614420062695925,WITHIN_REFERENCE_RANGE,WARMUP,POPULATION_ONLY,,9e7bd0a9c5be0d72
prism-personal-v3-provisional-8of10,rec2018-02-05_10h56m11.262s.wav,0,2018-02-05#1,13,SCOREABLE,0.9983357430092251,0.49843260188087773,WITHIN_REFERENCE_RANGE,WARMUP,POPULATION_ONLY,,9e7bd0a9c5be0d72
prism-personal-v3-provisional-8of10,rec2018-02-05_10h58m35.817s.wav,0,2018-02-05#1,13,SCOREABLE,1.1042992039340975,0.3824451410658307,WITHIN_REFERENCE_RANGE,WARMUP,POPULATION_ONLY,,9e7bd0a9c5be0d72
prism-personal-v3-provisional-8of10,rec2018-02-05_11h01m02.037s.wav,0,2018-02-05#1,13,SCOREABLE,1.402158867480274,0.1786833855799373,WITHIN_REFERENCE_RANGE,WARMUP,POPULATION_ONLY,,9e7bd0a9c5be0d72
prism-personal-v3-provisional-8of10,rec2018-02-05_11h02m06.737s.wav,0,2018-02-05#1,13,SCOREABLE,0.2823258129909163,0.9937304075235109,WITHIN_REFERENCE_RANGE,WARMUP,POPULATION_ONLY,,9e7bd0a9c5be0d72
prism-personal-v3-provisional-8of10,rec2018-02-05_11h03m04.776s.wav,0,2018-02-05#1,13,SCOREABLE,0.5949037262701411,0.8620689655172413,WITHIN_REFERENCE_RANGE,WARMUP,POPULATION_ONLY,,9e7bd0a9c5be0d72
prism-personal-v3-provisional-8of10,rec2018-02-05_11h03m43.815s.wav,0,2018-02-05#1,13,SCOREABLE,0.8853272487919965,0.567398119122257,WITHIN_REFERENCE_RANGE,WARMUP,POPULATION_ONLY,,9e7bd0a9c5be0d72
prism-personal-v3-provisional-8of10,rec2018-02-05_11h04m48.418s.wav,0,2018-02-05#1,13,SCOREABLE,0.7734920489271199,0.6833855799373041,WITHIN_REFERENCE_RANGE,WARMUP,POPULATION_ONLY,,9e7bd0a9c5be0d72
prism-personal-v3-provisional-8of10,rec2018-02-05_11h05m32.273s.wav,0,2018-02-05#1,13,SCOREABLE,0.7623004008406533,0.6896551724137931,WITHIN_REFERENCE_RANGE,WARMUP,POPULATION_ONLY,,9e7bd0a9c5be0d72
prism-personal-v3-provisional-8of10,rec2018-02-05_11h06m12.128s.wav,0,2018-02-05#1,13,NOT_SCOREABLE,,,NOT_ASSESSED,WARMUP,NOT_ASSESSED,,9e7bd0a9c5be0d72
prism-personal-v3-provisional-8of10,rec2018-02-05_11h06m12.128s.wav,1,2018-02-05#1,13,SCOREABLE,0.7988511608619642,0.6614420062695925,WITHIN_REFERENCE_RANGE,WARMUP,POPULATION_ONLY,,9e7bd0a9c5be0d72
prism-personal-v3-provisional-8of10,rec2018-02-05_11h06m59.857s.wav,0,2018-02-05#1,13,SCOREABLE,1.0147607025007037,0.48589341692789967,WITHIN_REFERENCE_RANGE,WARMUP,POPULATION_ONLY,,9e7bd0a9c5be0d72
prism-personal-v3-provisional-8of10,rec2018-02-05_11h20m08.624s.wav,0,2018-02-05#1,13,NOT_SCOREABLE,,,NOT_ASSESSED,WARMUP,NOT_ASSESSED,,9e7bd0a9c5be0d72
prism-personal-v3-provisional-8of10,rec2018-02-05_11h20m08.624s.wav,1,2018-02-05#1,13,SCOREABLE,1.0299073268648906,0.4670846394984326,WITHIN_REFERENCE_RANGE,WARMUP,POPULATION_ONLY,,9e7bd0a9c5be0d72
prism-personal-v3-provisional-8of10,rec2018-02-05_11h20m47.521s.wav,0,2018-02-05#1,13,SCOREABLE,0.9966791828429749,0.5078369905956113,WITHIN_REFERENCE_RANGE,WARMUP,POPULATION_ONLY,,9e7bd0a9c5be0d72
prism-personal-v3-provisional-8of10,rec2018-02-05_11h22m34.731s.wav,0,2018-02-05#1,13,SCOREABLE,0.6075212890179696,0.8495297805642633,WITHIN_REFERENCE_RANGE,WARMUP,POPULATION_ONLY,,9e7bd0a9c5be0d72
prism-personal-v3-provisional-8of10,rec2018-02-05_11h23m35.644s.wav,0,2018-02-05#1,13,SCOREABLE,1.179641205548829,0.329153605015674,WITHIN_REFERENCE_RANGE,WARMUP,POPULATION_ONLY,,9e7bd0a9c5be0d72
prism-personal-v3-provisional-8of10,rec2018-02-05_11h30m48.760s.wav,0,2018-02-05#1,13,SCOREABLE,0.6282315167635425,0.8244514106583072,WITHIN_REFERENCE_RANGE,WARMUP,POPULATION_ONLY,,9e7bd0a9c5be0d72
prism-personal-v3-provisional-8of10,rec2018-02-06_10h28m57.917s.wav,0,2018-02-06#1,14,SCOREABLE,0.6794697657466328,0.774294670846395,WITHIN_REFERENCE_RANGE,WARMUP,POPULATION_ONLY,,b9840a2cb8485b00
prism-personal-v3-provisional-8of10,rec2018-02-06_10h30m00.277s.wav,0,2018-02-06#1,14,SCOREABLE,0.541827694397072,0.9028213166144201,WITHIN_REFERENCE_RANGE,WARMUP,POPULATION_ONLY,,b9840a2cb8485b00
prism-personal-v3-provisional-8of10,rec2018-02-06_10h32m03.907s.wav,0,2018-02-06#1,14,SCOREABLE,0.546894042319701,0.8996865203761756,WITHIN_REFERENCE_RANGE,WARMUP,POPULATION_ONLY,,b9840a2cb8485b00
prism-personal-v3-provisional-8of10,rec2018-02-06_10h32m43.911s.wav,0,2018-02-06#1,14,SCOREABLE,0.5246799480950186,0.9122257053291536,WITHIN_REFERENCE_RANGE,WARMUP,POPULATION_ONLY,,b9840a2cb8485b00
prism-personal-v3-provisional-8of10,rec2018-02-06_11h39m13.131s.wav,0,2018-02-06#2,15,SCOREABLE,1.3589453141903478,0.19435736677115986,WITHIN_REFERENCE_RANGE,WARMUP,POPULATION_ONLY,,b9840a2cb8485b00
prism-personal-v3-provisional-8of10,rec2018-02-06_12h10m09.167s.wav,0,2018-02-06#3,16,SCOREABLE,0.5985046581109743,0.8589341692789969,WITHIN_REFERENCE_RANGE,WARMUP,POPULATION_ONLY,,b9840a2cb8485b00
prism-personal-v3-provisional-8of10,rec2018-02-06_12h10m09.167s.wav,1,2018-02-06#3,16,SCOREABLE,1.0406124057361208,0.4608150470219436,WITHIN_REFERENCE_RANGE,WARMUP,POPULATION_ONLY,,b9840a2cb8485b00
prism-personal-v3-provisional-8of10,rec2018-02-06_12h11m01.614s.wav,0,2018-02-06#3,16,SCOREABLE,0.678336310363863,0.774294670846395,WITHIN_REFERENCE_RANGE,WARMUP,POPULATION_ONLY,,b9840a2cb8485b00
prism-personal-v3-provisional-8of10,rec2018-02-06_12h11m01.614s.wav,1,2018-02-06#3,16,SCOREABLE,0.8036281133636897,0.6551724137931034,WITHIN_REFERENCE_RANGE,WARMUP,POPULATION_ONLY,,b9840a2cb8485b00
prism-personal-v3-provisional-8of10,rec2018-02-06_12h12m08.951s.wav,0,2018-02-06#3,16,SCOREABLE,0.7246312717838154,0.7241379310344828,WITHIN_REFERENCE_RANGE,WARMUP,POPULATION_ONLY,,b9840a2cb8485b00
prism-personal-v3-provisional-8of10,rec2018-02-06_12h12m08.951s.wav,1,2018-02-06#3,16,NOT_SCOREABLE,,,NOT_ASSESSED,WARMUP,NOT_ASSESSED,,b9840a2cb8485b00
prism-personal-v3-provisional-8of10,rec2018-02-06_12h12m08.951s.wav,2,2018-02-06#3,16,NOT_SCOREABLE,,,NOT_ASSESSED,WARMUP,NOT_ASSESSED,,b9840a2cb8485b00
prism-personal-v3-provisional-8of10,rec2018-02-06_12h13m05.267s.wav,0,2018-02-06#3,16,SCOREABLE,0.6399848486492292,0.8181818181818182,WITHIN_REFERENCE_RANGE,WARMUP,POPULATION_ONLY,,b9840a2cb8485b00
prism-personal-v3-provisional-8of10,rec2018-02-06_12h13m05.267s.wav,1,2018-02-06#3,16,SCOREABLE,1.165120225460232,0.335423197492163,WITHIN_REFERENCE_RANGE,WARMUP,POPULATION_ONLY,,b9840a2cb8485b00
prism-personal-v3-provisional-8of10,rec2018-02-06_12h13m52.029s.wav,0,2018-02-06#3,16,SCOREABLE,0.6123203324113787,0.8432601880877743,WITHIN_REFERENCE_RANGE,WARMUP,POPULATION_ONLY,,b9840a2cb8485b00
prism-personal-v3-provisional-8of10,rec2018-02-06_12h13m52.029s.wav,1,2018-02-06#3,16,SCOREABLE,0.6214326122759679,0.8307210031347962,WITHIN_REFERENCE_RANGE,WARMUP,POPULATION_ONLY,,b9840a2cb8485b00
prism-personal-v3-provisional-8of10,rec2018-02-06_12h15m08.616s.wav,0,2018-02-06#3,16,SCOREABLE,1.146253702185933,0.3573667711598746,WITHIN_REFERENCE_RANGE,WARMUP,POPULATION_ONLY,,b9840a2cb8485b00
prism-personal-v3-provisional-8of10,rec2018-02-06_12h15m08.616s.wav,1,2018-02-06#3,16,SCOREABLE,1.4535043378288608,0.15987460815047022,WITHIN_REFERENCE_RANGE,WARMUP,POPULATION_ONLY,,b9840a2cb8485b00
prism-personal-v3-provisional-8of10,rec2018-02-06_12h16m57.870s.wav,0,2018-02-06#3,16,NOT_SCOREABLE,,,NOT_ASSESSED,WARMUP,NOT_ASSESSED,,b9840a2cb8485b00
prism-personal-v3-provisional-8of10,rec2018-02-06_12h17m38.883s.wav,0,2018-02-06#3,16,SCOREABLE,2.0291614064987806,0.025078369905956112,OUTSIDE_REFERENCE_RANGE,WARMUP,POPULATION_ONLY,,b9840a2cb8485b00
prism-personal-v3-provisional-8of10,rec2018-02-06_12h18m33.477s.wav,0,2018-02-06#3,16,SCOREABLE,0.6529156270930931,0.7899686520376176,WITHIN_REFERENCE_RANGE,WARMUP,POPULATION_ONLY,,b9840a2cb8485b00
prism-personal-v3-provisional-8of10,rec2018-02-06_12h19m34.374s.wav,0,2018-02-06#3,16,NOT_SCOREABLE,,,NOT_ASSESSED,WARMUP,NOT_ASSESSED,,b9840a2cb8485b00
prism-personal-v3-provisional-8of10,rec2018-02-06_12h19m34.374s.wav,1,2018-02-06#3,16,NOT_SCOREABLE,,,NOT_ASSESSED,WARMUP,NOT_ASSESSED,,b9840a2cb8485b00
prism-personal-v3-provisional-8of10,rec2018-02-06_12h20m19.800s.wav,0,2018-02-06#3,16,NOT_SCOREABLE,,,NOT_ASSESSED,WARMUP,NOT_ASSESSED,,b9840a2cb8485b00
prism-personal-v3-provisional-8of10,rec2018-02-06_12h20m19.800s.wav,1,2018-02-06#3,16,NOT_SCOREABLE,,,NOT_ASSESSED,WARMUP,NOT_ASSESSED,,b9840a2cb8485b00
prism-personal-v3-provisional-8of10,rec2018-02-06_12h21m35.410s.wav,0,2018-02-06#3,16,NOT_SCOREABLE,,,NOT_ASSESSED,WARMUP,NOT_ASSESSED,,b9840a2cb8485b00
prism-personal-v3-provisional-8of10,rec2018-02-06_12h21m35.410s.wav,1,2018-02-06#3,16,NOT_SCOREABLE,,,NOT_ASSESSED,WARMUP,NOT_ASSESSED,,b9840a2cb8485b00
prism-personal-v3-provisional-8of10,rec2018-02-08_14h33m35.005s.wav,0,2018-02-08#1,17,SCOREABLE,1.2976839343385955,0.2445141065830721,WITHIN_REFERENCE_RANGE,WARMUP,POPULATION_ONLY,,b6ab66e2f8562d66
prism-personal-v3-provisional-8of10,rec2018-02-08_14h35m33.038s.wav,0,2018-02-08#1,17,NOT_SCOREABLE,,,NOT_ASSESSED,WARMUP,NOT_ASSESSED,,b6ab66e2f8562d66
prism-personal-v3-provisional-8of10,rec2018-02-08_14h35m33.038s.wav,1,2018-02-08#1,17,SCOREABLE,1.0705271376156797,0.41379310344827586,WITHIN_REFERENCE_RANGE,WARMUP,POPULATION_ONLY,,b6ab66e2f8562d66
prism-personal-v3-provisional-8of10,rec2018-02-08_14h36m13.041s.wav,0,2018-02-08#1,17,NOT_SCOREABLE,,,NOT_ASSESSED,WARMUP,NOT_ASSESSED,,b6ab66e2f8562d66
prism-personal-v3-provisional-8of10,rec2018-02-08_14h36m13.041s.wav,1,2018-02-08#1,17,NOT_SCOREABLE,,,NOT_ASSESSED,WARMUP,NOT_ASSESSED,,b6ab66e2f8562d66
prism-personal-v3-provisional-8of10,rec2018-02-08_14h37m48.457s.wav,0,2018-02-08#1,17,SCOREABLE,1.398557453831091,0.1786833855799373,WITHIN_REFERENCE_RANGE,WARMUP,POPULATION_ONLY,,b6ab66e2f8562d66
prism-personal-v3-provisional-8of10,rec2018-02-08_14h50m50.378s.wav,0,2018-02-08#1,17,SCOREABLE,0.9330806616057862,0.5391849529780565,WITHIN_REFERENCE_RANGE,WARMUP,POPULATION_ONLY,,b6ab66e2f8562d66
prism-personal-v3-provisional-8of10,rec2018-02-08_15h03m14.166s.wav,0,2018-02-08#1,17,NOT_SCOREABLE,,,NOT_ASSESSED,WARMUP,NOT_ASSESSED,,b6ab66e2f8562d66
prism-personal-v3-provisional-8of10,rec2018-02-08_15h03m14.166s.wav,1,2018-02-08#1,17,SCOREABLE,0.7149259917735499,0.7335423197492164,WITHIN_REFERENCE_RANGE,WARMUP,POPULATION_ONLY,,b6ab66e2f8562d66
prism-personal-v3-provisional-8of10,rec2018-02-08_15h04m25.148s.wav,0,2018-02-08#1,17,NOT_SCOREABLE,,,NOT_ASSESSED,WARMUP,NOT_ASSESSED,,b6ab66e2f8562d66
prism-personal-v3-provisional-8of10,rec2018-02-08_15h06m27.101s.wav,0,2018-02-08#1,17,SCOREABLE,1.5843403153270197,0.11598746081504702,WITHIN_REFERENCE_RANGE,WARMUP,POPULATION_ONLY,,b6ab66e2f8562d66
prism-personal-v3-provisional-8of10,rec2018-02-08_15h08m45.803s.wav,0,2018-02-08#1,17,SCOREABLE,1.7086123597922087,0.06583072100313479,WITHIN_REFERENCE_RANGE,WARMUP,POPULATION_ONLY,,b6ab66e2f8562d66
prism-personal-v3-provisional-8of10,rec2018-02-08_15h20m25.156s.wav,0,2018-02-08#1,17,SCOREABLE,1.4181095085917759,0.1724137931034483,WITHIN_REFERENCE_RANGE,WARMUP,POPULATION_ONLY,,b6ab66e2f8562d66
prism-personal-v3-provisional-8of10,rec2018-02-08_15h23m00.916s.wav,0,2018-02-08#1,17,NOT_SCOREABLE,,,NOT_ASSESSED,WARMUP,NOT_ASSESSED,,b6ab66e2f8562d66
prism-personal-v3-provisional-8of10,rec2018-02-08_15h23m00.916s.wav,1,2018-02-08#1,17,SCOREABLE,1.2998965370983253,0.2413793103448276,WITHIN_REFERENCE_RANGE,WARMUP,POPULATION_ONLY,,b6ab66e2f8562d66
prism-personal-v3-provisional-8of10,rec2018-02-08_15h25m08.376s.wav,0,2018-02-08#1,17,NOT_SCOREABLE,,,NOT_ASSESSED,WARMUP,NOT_ASSESSED,,b6ab66e2f8562d66
prism-personal-v3-provisional-8of10,rec2018-02-08_15h25m08.376s.wav,1,2018-02-08#1,17,NOT_SCOREABLE,,,NOT_ASSESSED,WARMUP,NOT_ASSESSED,,b6ab66e2f8562d66
prism-personal-v3-provisional-8of10,rec2018-02-09_10h49m08.773s.wav,0,2018-02-09#1,18,SCOREABLE,0.8812860830562461,0.5799373040752351,WITHIN_REFERENCE_RANGE,WARMUP,POPULATION_ONLY,,b6ab66e2f8562d66
prism-personal-v3-provisional-8of10,rec2018-02-09_10h57m14.793s.wav,0,2018-02-09#1,18,SCOREABLE,1.277707116739813,0.2664576802507837,WITHIN_REFERENCE_RANGE,WARMUP,POPULATION_ONLY,,b6ab66e2f8562d66
prism-personal-v3-provisional-8of10,rec2018-02-09_11h04m27.369s.wav,0,2018-02-09#1,18,NOT_SCOREABLE,,,NOT_ASSESSED,WARMUP,NOT_ASSESSED,,b6ab66e2f8562d66
prism-personal-v3-provisional-8of10,rec2018-02-09_11h05m06.012s.wav,0,2018-02-09#1,18,SCOREABLE,0.9897470837282117,0.5109717868338558,WITHIN_REFERENCE_RANGE,WARMUP,POPULATION_ONLY,,b6ab66e2f8562d66
prism-personal-v3-provisional-8of10,rec2018-02-09_11h05m43.714s.wav,0,2018-02-09#1,18,SCOREABLE,1.2179610605895412,0.3103448275862069,WITHIN_REFERENCE_RANGE,WARMUP,POPULATION_ONLY,,b6ab66e2f8562d66
prism-personal-v3-provisional-8of10,rec2018-05-02_17h33m13.522s.wav,0,2018-05-02#1,19,NOT_SCOREABLE,,,NOT_ASSESSED,WARMUP,NOT_ASSESSED,,b6ab66e2f8562d66
prism-personal-v3-provisional-8of10,rec2018-05-02_17h33m13.522s.wav,1,2018-05-02#1,19,NOT_SCOREABLE,,,NOT_ASSESSED,WARMUP,NOT_ASSESSED,,b6ab66e2f8562d66
prism-personal-v3-provisional-8of10,rec2018-05-02_17h33m50.393s.wav,0,2018-05-02#1,19,SCOREABLE,1.0205612345138466,0.47962382445141066,WITHIN_REFERENCE_RANGE,WARMUP,POPULATION_ONLY,,b6ab66e2f8562d66
prism-personal-v3-provisional-8of10,rec2018-05-02_17h34m27.816s.wav,0,2018-05-02#1,19,SCOREABLE,0.586879618895814,0.8746081504702194,WITHIN_REFERENCE_RANGE,WARMUP,POPULATION_ONLY,,b6ab66e2f8562d66
prism-personal-v3-provisional-8of10,rec2018-05-02_17h35m57.328s.wav,0,2018-05-02#1,19,SCOREABLE,0.534414123470967,0.9028213166144201,WITHIN_REFERENCE_RANGE,WARMUP,POPULATION_ONLY,,b6ab66e2f8562d66
prism-personal-v3-provisional-8of10,rec2018-05-02_17h38m14.494s.wav,0,2018-05-02#1,19,SCOREABLE,1.3110310226616158,0.23510971786833856,WITHIN_REFERENCE_RANGE,WARMUP,POPULATION_ONLY,,b6ab66e2f8562d66
prism-personal-v3-provisional-8of10,rec2018-05-02_17h38m56.671s.wav,0,2018-05-02#1,19,SCOREABLE,0.4935093931214209,0.9216300940438872,WITHIN_REFERENCE_RANGE,WARMUP,POPULATION_ONLY,,b6ab66e2f8562d66
prism-personal-v3-provisional-8of10,rec2018-05-02_17h40m15.391s.wav,0,2018-05-02#1,19,SCOREABLE,1.1504569184376319,0.3542319749216301,WITHIN_REFERENCE_RANGE,WARMUP,POPULATION_ONLY,,b6ab66e2f8562d66
prism-personal-v3-provisional-8of10,rec2018-05-02_17h40m35.031s.wav,0,2018-05-02#1,19,SCOREABLE,1.0339933577430203,0.4670846394984326,WITHIN_REFERENCE_RANGE,WARMUP,POPULATION_ONLY,,b6ab66e2f8562d66
prism-personal-v3-provisional-8of10,rec2018-05-02_17h41m00.892s.wav,0,2018-05-02#1,19,SCOREABLE,1.0340824981722587,0.4670846394984326,WITHIN_REFERENCE_RANGE,WARMUP,POPULATION_ONLY,,b6ab66e2f8562d66
prism-personal-v3-provisional-8of10,rec2018-05-02_17h42m58.720s.wav,0,2018-05-02#1,19,SCOREABLE,1.206141344241252,0.31974921630094044,WITHIN_REFERENCE_RANGE,WARMUP,POPULATION_ONLY,,b6ab66e2f8562d66
prism-personal-v3-provisional-8of10,rec2018-05-02_17h42m58.720s.wav,1,2018-05-02#1,19,SCOREABLE,1.1865298927796788,0.32601880877742945,WITHIN_REFERENCE_RANGE,WARMUP,POPULATION_ONLY,,b6ab66e2f8562d66
prism-personal-v3-provisional-8of10,rec2018-05-02_17h42m58.720s.wav,2,2018-05-02#1,19,SCOREABLE,1.5107602449774895,0.14106583072100312,WITHIN_REFERENCE_RANGE,WARMUP,POPULATION_ONLY,,b6ab66e2f8562d66
prism-personal-v3-provisional-8of10,rec2018-05-03_09h32m11.296s.wav,0,2018-05-03#1,20,SCOREABLE,1.095463749281672,0.3949843260188088,WITHIN_REFERENCE_RANGE,WARMUP,POPULATION_ONLY,,2203d7c390267969
prism-personal-v3-provisional-8of10,rec2018-05-03_09h32m39.426s.wav,0,2018-05-03#1,20,SCOREABLE,1.0117083934861766,0.48589341692789967,WITHIN_REFERENCE_RANGE,WARMUP,POPULATION_ONLY,,2203d7c390267969
prism-personal-v3-provisional-8of10,rec2018-05-03_09h32m52.456s.wav,0,2018-05-03#1,20,SCOREABLE,0.8523868609748012,0.6050156739811913,WITHIN_REFERENCE_RANGE,WARMUP,POPULATION_ONLY,,2203d7c390267969
prism-personal-v3-provisional-8of10,rec2018-05-03_09h33m56.681s.wav,0,2018-05-03#1,20,SCOREABLE,0.399143199319642,0.9686520376175548,WITHIN_REFERENCE_RANGE,WARMUP,POPULATION_ONLY,,2203d7c390267969
prism-personal-v3-provisional-8of10,rec2018-05-03_11h21m20.915s.wav,0,2018-05-03#2,21,SCOREABLE,0.5525223807372782,0.8840125391849529,WITHIN_REFERENCE_RANGE,WARMUP,POPULATION_ONLY,,2203d7c390267969
prism-personal-v3-provisional-8of10,rec2018-05-03_11h22m05.830s.wav,0,2018-05-03#2,21,SCOREABLE,2.075154388527031,0.0219435736677116,OUTSIDE_REFERENCE_RANGE,WARMUP,POPULATION_ONLY,,2203d7c390267969
prism-personal-v3-provisional-8of10,rec2018-05-03_11h22m05.830s.wav,1,2018-05-03#2,21,SCOREABLE,3.3856485676335364,0.006269592476489028,OUTSIDE_REFERENCE_RANGE,WARMUP,POPULATION_ONLY,,2203d7c390267969
prism-personal-v3-provisional-8of10,rec2018-05-03_11h22m59.308s.wav,0,2018-05-03#2,21,SCOREABLE,1.3957961759796529,0.1786833855799373,WITHIN_REFERENCE_RANGE,WARMUP,POPULATION_ONLY,,2203d7c390267969
prism-personal-v3-provisional-8of10,rec2018-05-03_11h30m44.236s.wav,0,2018-05-03#2,21,SCOREABLE,0.7223828702795322,0.7304075235109718,WITHIN_REFERENCE_RANGE,WARMUP,POPULATION_ONLY,,2203d7c390267969
prism-personal-v3-provisional-8of10,rec2018-05-03_11h31m05.117s.wav,0,2018-05-03#2,21,SCOREABLE,0.7613938756072991,0.6896551724137931,WITHIN_REFERENCE_RANGE,WARMUP,POPULATION_ONLY,,2203d7c390267969
prism-personal-v3-provisional-8of10,rec2018-05-03_11h31m22.631s.wav,0,2018-05-03#2,21,SCOREABLE,1.4040799621279165,0.1786833855799373,WITHIN_REFERENCE_RANGE,WARMUP,POPULATION_ONLY,,2203d7c390267969
prism-personal-v3-provisional-8of10,rec2018-05-03_11h31m40.430s.wav,0,2018-05-03#2,21,SCOREABLE,1.0551408928802033,0.438871473354232,WITHIN_REFERENCE_RANGE,WARMUP,POPULATION_ONLY,,2203d7c390267969
prism-personal-v3-provisional-8of10,rec2018-05-03_11h32m00.868s.wav,0,2018-05-03#2,21,SCOREABLE,0.6389502679559864,0.8213166144200627,WITHIN_REFERENCE_RANGE,WARMUP,POPULATION_ONLY,,2203d7c390267969
prism-personal-v3-provisional-8of10,rec2018-05-03_11h33m06.158s.wav,0,2018-05-03#2,21,SCOREABLE,1.5303115669273495,0.13166144200626959,WITHIN_REFERENCE_RANGE,WARMUP,POPULATION_ONLY,,2203d7c390267969
prism-personal-v3-provisional-8of10,rec2018-05-03_11h34m12.944s.wav,0,2018-05-03#2,21,SCOREABLE,1.0469467173554232,0.445141065830721,WITHIN_REFERENCE_RANGE,WARMUP,POPULATION_ONLY,,2203d7c390267969
prism-personal-v3-provisional-8of10,rec2018-05-03_11h34m42.301s.wav,0,2018-05-03#2,21,SCOREABLE,1.1392170877454992,0.3573667711598746,WITHIN_REFERENCE_RANGE,WARMUP,POPULATION_ONLY,,2203d7c390267969
prism-personal-v3-provisional-8of10,rec2018-05-03_11h35m02.168s.wav,0,2018-05-03#2,21,SCOREABLE,0.902747471747084,0.5517241379310345,WITHIN_REFERENCE_RANGE,WARMUP,POPULATION_ONLY,,2203d7c390267969
prism-personal-v3-provisional-8of10,rec2018-05-03_11h35m22.211s.wav,0,2018-05-03#2,21,SCOREABLE,1.0648109386126545,0.4200626959247649,WITHIN_REFERENCE_RANGE,WARMUP,POPULATION_ONLY,,2203d7c390267969
prism-personal-v3-provisional-8of10,rec2018-05-03_11h35m39.758s.wav,0,2018-05-03#2,21,SCOREABLE,0.9541566392533153,0.5266457680250783,WITHIN_REFERENCE_RANGE,WARMUP,POPULATION_ONLY,,2203d7c390267969
prism-personal-v3-provisional-8of10,rec2018-05-03_11h35m58.563s.wav,0,2018-05-03#2,21,SCOREABLE,1.145144041420218,0.3573667711598746,WITHIN_REFERENCE_RANGE,WARMUP,POPULATION_ONLY,,2203d7c390267969
prism-personal-v3-provisional-8of10,rec2018-05-03_11h36m16.780s.wav,0,2018-05-03#2,21,SCOREABLE,1.4632061238410197,0.1536050156739812,WITHIN_REFERENCE_RANGE,WARMUP,POPULATION_ONLY,,2203d7c390267969
prism-personal-v3-provisional-8of10,rec2018-05-03_11h36m35.115s.wav,0,2018-05-03#2,21,SCOREABLE,1.0001911514481898,0.4952978056426332,WITHIN_REFERENCE_RANGE,WARMUP,POPULATION_ONLY,,2203d7c390267969
prism-personal-v3-provisional-8of10,rec2018-05-03_11h36m53.106s.wav,0,2018-05-03#2,21,SCOREABLE,0.8841306768972406,0.567398119122257,WITHIN_REFERENCE_RANGE,WARMUP,POPULATION_ONLY,,2203d7c390267969
prism-personal-v3-provisional-8of10,rec2018-05-03_11h37m11.955s.wav,0,2018-05-03#2,21,SCOREABLE,1.1220571072646983,0.3667711598746082,WITHIN_REFERENCE_RANGE,WARMUP,POPULATION_ONLY,,2203d7c390267969
prism-personal-v3-provisional-8of10,rec2018-05-03_11h37m32.414s.wav,0,2018-05-03#2,21,SCOREABLE,1.3886661816898627,0.18181818181818182,WITHIN_REFERENCE_RANGE,WARMUP,POPULATION_ONLY,,2203d7c390267969
prism-personal-v3-provisional-8of10,rec2018-05-03_11h37m50.903s.wav,0,2018-05-03#2,21,SCOREABLE,0.8670252294895661,0.5862068965517241,WITHIN_REFERENCE_RANGE,WARMUP,POPULATION_ONLY,,2203d7c390267969
prism-personal-v3-provisional-8of10,rec2018-05-03_11h38m07.740s.wav,0,2018-05-03#2,21,SCOREABLE,0.886960174961278,0.5642633228840125,WITHIN_REFERENCE_RANGE,WARMUP,POPULATION_ONLY,,2203d7c390267969
prism-personal-v3-provisional-8of10,rec2018-05-03_11h38m25.235s.wav,0,2018-05-03#2,21,SCOREABLE,0.7504661380690273,0.7021943573667712,WITHIN_REFERENCE_RANGE,WARMUP,POPULATION_ONLY,,2203d7c390267969
prism-personal-v3-provisional-8of10,rec2018-05-03_11h38m46.135s.wav,0,2018-05-03#2,21,SCOREABLE,0.8772643326287856,0.5862068965517241,WITHIN_REFERENCE_RANGE,WARMUP,POPULATION_ONLY,,2203d7c390267969
prism-personal-v3-provisional-8of10,rec2018-05-03_11h39m04.979s.wav,0,2018-05-03#2,21,SCOREABLE,0.34394360586971434,0.9811912225705329,WITHIN_REFERENCE_RANGE,WARMUP,POPULATION_ONLY,,2203d7c390267969
prism-personal-v3-provisional-8of10,rec2018-05-03_11h39m23.236s.wav,0,2018-05-03#2,21,SCOREABLE,1.5028197771000027,0.14106583072100312,WITHIN_REFERENCE_RANGE,WARMUP,POPULATION_ONLY,,2203d7c390267969
prism-personal-v3-provisional-8of10,rec2018-05-03_11h39m41.633s.wav,0,2018-05-03#2,21,SCOREABLE,1.4082996178268736,0.1786833855799373,WITHIN_REFERENCE_RANGE,WARMUP,POPULATION_ONLY,,2203d7c390267969
prism-personal-v3-provisional-8of10,rec2018-05-03_11h40m00.485s.wav,0,2018-05-03#2,21,SCOREABLE,0.8497806266995763,0.6050156739811913,WITHIN_REFERENCE_RANGE,WARMUP,POPULATION_ONLY,,2203d7c390267969
prism-personal-v3-provisional-8of10,rec2018-05-03_11h40m20.470s.wav,0,2018-05-03#2,21,SCOREABLE,0.9647988757831902,0.5203761755485894,WITHIN_REFERENCE_RANGE,WARMUP,POPULATION_ONLY,,2203d7c390267969
prism-personal-v3-provisional-8of10,rec2018-05-03_11h40m45.441s.wav,0,2018-05-03#2,21,SCOREABLE,0.7133711089277562,0.7335423197492164,WITHIN_REFERENCE_RANGE,WARMUP,POPULATION_ONLY,,2203d7c390267969
prism-personal-v3-provisional-8of10,rec2018-05-03_11h41m04.101s.wav,0,2018-05-03#2,21,SCOREABLE,1.1403022161185137,0.3573667711598746,WITHIN_REFERENCE_RANGE,WARMUP,POPULATION_ONLY,,2203d7c390267969
prism-personal-v3-provisional-8of10,rec2018-05-03_11h41m23.831s.wav,0,2018-05-03#2,21,SCOREABLE,1.1838775263464767,0.329153605015674,WITHIN_REFERENCE_RANGE,WARMUP,POPULATION_ONLY,,2203d7c390267969
prism-personal-v3-provisional-8of10,rec2018-05-03_11h41m45.507s.wav,0,2018-05-03#2,21,SCOREABLE,1.6701426760855809,0.06896551724137931,WITHIN_REFERENCE_RANGE,WARMUP,POPULATION_ONLY,,2203d7c390267969
prism-personal-v3-provisional-8of10,rec2018-05-03_11h42m07.338s.wav,0,2018-05-03#2,21,SCOREABLE,0.8582657476514994,0.6050156739811913,WITHIN_REFERENCE_RANGE,WARMUP,POPULATION_ONLY,,2203d7c390267969
prism-personal-v3-provisional-8of10,rec2018-05-03_11h42m25.033s.wav,0,2018-05-03#2,21,SCOREABLE,0.37746376003591814,0.9749216300940439,WITHIN_REFERENCE_RANGE,WARMUP,POPULATION_ONLY,,2203d7c390267969
prism-personal-v3-provisional-8of10,rec2018-05-03_11h42m42.981s.wav,0,2018-05-03#2,21,SCOREABLE,0.9073094679068112,0.5517241379310345,WITHIN_REFERENCE_RANGE,WARMUP,POPULATION_ONLY,,2203d7c390267969
prism-personal-v3-provisional-8of10,rec2018-05-03_11h43m01.074s.wav,0,2018-05-03#2,21,SCOREABLE,1.3055637597881105,0.23824451410658307,WITHIN_REFERENCE_RANGE,WARMUP,POPULATION_ONLY,,2203d7c390267969
prism-personal-v3-provisional-8of10,rec2018-05-03_11h43m19.240s.wav,0,2018-05-03#2,21,SCOREABLE,0.880163684794375,0.5830721003134797,WITHIN_REFERENCE_RANGE,WARMUP,POPULATION_ONLY,,2203d7c390267969
prism-personal-v3-provisional-8of10,rec2018-05-03_11h43m36.628s.wav,0,2018-05-03#2,21,SCOREABLE,0.41455437491666236,0.9592476489028213,WITHIN_REFERENCE_RANGE,WARMUP,POPULATION_ONLY,,2203d7c390267969
prism-personal-v3-provisional-8of10,rec2018-05-03_11h43m55.823s.wav,0,2018-05-03#2,21,SCOREABLE,0.6755113355895398,0.774294670846395,WITHIN_REFERENCE_RANGE,WARMUP,POPULATION_ONLY,,2203d7c390267969
prism-personal-v3-provisional-8of10,rec2018-05-03_11h48m01.012s.wav,0,2018-05-03#2,21,SCOREABLE,0.9090261628127859,0.5517241379310345,WITHIN_REFERENCE_RANGE,WARMUP,POPULATION_ONLY,,2203d7c390267969
prism-personal-v3-provisional-8of10,rec2018-05-03_11h48m24.363s.wav,0,2018-05-03#2,21,SCOREABLE,1.1948053542469732,0.322884012539185,WITHIN_REFERENCE_RANGE,WARMUP,POPULATION_ONLY,,2203d7c390267969
prism-personal-v3-provisional-8of10,rec2018-05-03_11h48m41.938s.wav,0,2018-05-03#2,21,SCOREABLE,1.0477382793148238,0.445141065830721,WITHIN_REFERENCE_RANGE,WARMUP,POPULATION_ONLY,,2203d7c390267969
prism-personal-v3-provisional-8of10,rec2018-05-03_11h48m59.604s.wav,0,2018-05-03#2,21,SCOREABLE,0.5771888850521925,0.8808777429467085,WITHIN_REFERENCE_RANGE,WARMUP,POPULATION_ONLY,,2203d7c390267969
prism-personal-v3-provisional-8of10,rec2018-05-03_11h49m17.127s.wav,0,2018-05-03#2,21,SCOREABLE,0.7847741512670199,0.6802507836990596,WITHIN_REFERENCE_RANGE,WARMUP,POPULATION_ONLY,,2203d7c390267969
prism-personal-v3-provisional-8of10,rec2018-05-03_11h49m34.678s.wav,0,2018-05-03#2,21,SCOREABLE,0.7571049992780027,0.6896551724137931,WITHIN_REFERENCE_RANGE,WARMUP,POPULATION_ONLY,,2203d7c390267969
prism-personal-v3-provisional-8of10,rec2018-05-03_11h49m54.056s.wav,0,2018-05-03#2,21,SCOREABLE,1.141308902207257,0.3573667711598746,WITHIN_REFERENCE_RANGE,WARMUP,POPULATION_ONLY,,2203d7c390267969
prism-personal-v3-provisional-8of10,rec2018-05-03_11h50m12.379s.wav,0,2018-05-03#2,21,SCOREABLE,1.7874502161889403,0.050156739811912224,WITHIN_REFERENCE_RANGE,WARMUP,POPULATION_ONLY,,2203d7c390267969
prism-personal-v3-provisional-8of10,rec2018-05-03_11h50m30.421s.wav,0,2018-05-03#2,21,SCOREABLE,0.7074348211017969,0.7523510971786834,WITHIN_REFERENCE_RANGE,WARMUP,POPULATION_ONLY,,2203d7c390267969
prism-personal-v3-provisional-8of10,rec2018-05-03_11h50m48.244s.wav,0,2018-05-03#2,21,SCOREABLE,1.97009016922084,0.034482758620689655,OUTSIDE_REFERENCE_RANGE,WARMUP,POPULATION_ONLY,,2203d7c390267969
prism-personal-v3-provisional-8of10,rec2018-05-03_11h51m07.128s.wav,0,2018-05-03#2,21,SCOREABLE,0.48448158024618565,0.9247648902821317,WITHIN_REFERENCE_RANGE,WARMUP,POPULATION_ONLY,,2203d7c390267969
prism-personal-v3-provisional-8of10,rec2018-05-03_11h51m26.000s.wav,0,2018-05-03#2,21,SCOREABLE,0.7178481850640722,0.7304075235109718,WITHIN_REFERENCE_RANGE,WARMUP,POPULATION_ONLY,,2203d7c390267969
prism-personal-v3-provisional-8of10,rec2018-05-03_11h51m43.422s.wav,0,2018-05-03#2,21,SCOREABLE,2.066257762310141,0.0219435736677116,OUTSIDE_REFERENCE_RANGE,WARMUP,POPULATION_ONLY,,2203d7c390267969
prism-personal-v3-provisional-8of10,rec2018-05-03_11h52m00.607s.wav,0,2018-05-03#2,21,SCOREABLE,0.4516114973536068,0.9373040752351097,WITHIN_REFERENCE_RANGE,WARMUP,POPULATION_ONLY,,2203d7c390267969
prism-personal-v3-provisional-8of10,rec2018-05-03_11h52m17.833s.wav,0,2018-05-03#2,21,SCOREABLE,0.8797438199076625,0.5830721003134797,WITHIN_REFERENCE_RANGE,WARMUP,POPULATION_ONLY,,2203d7c390267969
prism-personal-v3-provisional-8of10,rec2018-05-03_11h52m35.208s.wav,0,2018-05-03#2,21,SCOREABLE,0.4430347864082447,0.9404388714733543,WITHIN_REFERENCE_RANGE,WARMUP,POPULATION_ONLY,,2203d7c390267969
prism-personal-v3-provisional-8of10,rec2018-05-03_15h21m36.500s.wav,0,2018-05-03#3,22,SCOREABLE,1.2035522717549403,0.31974921630094044,WITHIN_REFERENCE_RANGE,WARMUP,POPULATION_ONLY,,ae8c780336b175de
prism-personal-v3-provisional-8of10,rec2018-05-03_15h23m24.541s.wav,0,2018-05-03#3,22,SCOREABLE,1.6257594377103772,0.09404388714733543,WITHIN_REFERENCE_RANGE,WARMUP,POPULATION_ONLY,,ae8c780336b175de
prism-personal-v3-provisional-8of10,rec2018-05-03_15h24m03.886s.wav,0,2018-05-03#3,22,SCOREABLE,1.3458728927833328,0.20376175548589343,WITHIN_REFERENCE_RANGE,WARMUP,POPULATION_ONLY,,ae8c780336b175de
prism-personal-v3-provisional-8of10,rec2018-05-03_15h24m37.045s.wav,0,2018-05-03#3,22,SCOREABLE,0.8459088423328623,0.6112852664576802,WITHIN_REFERENCE_RANGE,WARMUP,POPULATION_ONLY,,ae8c780336b175de
prism-personal-v3-provisional-8of10,rec2018-05-03_15h25m08.571s.wav,0,2018-05-03#3,22,SCOREABLE,0.6465678148633782,0.7962382445141066,WITHIN_REFERENCE_RANGE,WARMUP,POPULATION_ONLY,,ae8c780336b175de
prism-personal-v3-provisional-8of10,rec2018-05-03_15h27m21.669s.wav,0,2018-05-03#3,22,SCOREABLE,1.0376219066896553,0.46394984326018807,WITHIN_REFERENCE_RANGE,WARMUP,POPULATION_ONLY,,ae8c780336b175de
prism-personal-v3-provisional-8of10,rec2018-05-03_15h27m45.362s.wav,0,2018-05-03#3,22,SCOREABLE,0.6338042417848899,0.8213166144200627,WITHIN_REFERENCE_RANGE,WARMUP,POPULATION_ONLY,,ae8c780336b175de
prism-personal-v3-provisional-8of10,rec2018-05-03_15h28m15.159s.wav,0,2018-05-03#3,22,SCOREABLE,1.7139426548243035,0.06583072100313479,WITHIN_REFERENCE_RANGE,WARMUP,POPULATION_ONLY,,ae8c780336b175de
prism-personal-v3-provisional-8of10,rec2018-05-03_15h28m42.685s.wav,0,2018-05-03#3,22,SCOREABLE,1.0159820197028617,0.4827586206896552,WITHIN_REFERENCE_RANGE,WARMUP,POPULATION_ONLY,,ae8c780336b175de
prism-personal-v3-provisional-8of10,rec2018-05-03_15h29m02.811s.wav,0,2018-05-03#3,22,SCOREABLE,2.12013303233424,0.018808777429467086,OUTSIDE_REFERENCE_RANGE,WARMUP,POPULATION_ONLY,,ae8c780336b175de
prism-personal-v3-provisional-8of10,rec2018-05-03_15h29m32.895s.wav,0,2018-05-03#3,22,SCOREABLE,1.9904104260378481,0.02821316614420063,OUTSIDE_REFERENCE_RANGE,WARMUP,POPULATION_ONLY,,ae8c780336b175de
prism-personal-v3-provisional-8of10,rec2018-05-03_15h29m50.911s.wav,0,2018-05-03#3,22,SCOREABLE,1.2081054169585637,0.3166144200626959,WITHIN_REFERENCE_RANGE,WARMUP,POPULATION_ONLY,,ae8c780336b175de
prism-personal-v3-provisional-8of10,rec2018-05-03_15h30m09.333s.wav,0,2018-05-03#3,22,SCOREABLE,0.8927905563422347,0.5579937304075235,WITHIN_REFERENCE_RANGE,WARMUP,POPULATION_ONLY,,ae8c780336b175de
prism-personal-v3-provisional-8of10,rec2018-05-03_15h30m28.140s.wav,0,2018-05-03#3,22,SCOREABLE,0.5006993637677886,0.9184952978056427,WITHIN_REFERENCE_RANGE,WARMUP,POPULATION_ONLY,,ae8c780336b175de
prism-personal-v3-provisional-8of10,rec2018-05-03_15h30m45.469s.wav,0,2018-05-03#3,22,SCOREABLE,0.6744175676572738,0.774294670846395,WITHIN_REFERENCE_RANGE,WARMUP,POPULATION_ONLY,,ae8c780336b175de
prism-personal-v3-provisional-8of10,rec2018-05-03_15h31m15.084s.wav,0,2018-05-03#3,22,SCOREABLE,0.9931435633781971,0.5109717868338558,WITHIN_REFERENCE_RANGE,WARMUP,POPULATION_ONLY,,ae8c780336b175de
prism-personal-v3-provisional-8of10,rec2018-05-03_15h31m38.884s.wav,0,2018-05-03#3,22,SCOREABLE,0.8161768414398398,0.6394984326018809,WITHIN_REFERENCE_RANGE,WARMUP,POPULATION_ONLY,,ae8c780336b175de
prism-personal-v3-provisional-8of10,rec2018-05-03_15h31m59.455s.wav,0,2018-05-03#3,22,SCOREABLE,0.5995190260236608,0.8589341692789969,WITHIN_REFERENCE_RANGE,WARMUP,POPULATION_ONLY,,ae8c780336b175de
prism-personal-v3-provisional-8of10,rec2018-05-03_15h32m17.555s.wav,0,2018-05-03#3,22,SCOREABLE,0.7893779155000619,0.6739811912225705,WITHIN_REFERENCE_RANGE,WARMUP,POPULATION_ONLY,,ae8c780336b175de
prism-personal-v3-provisional-8of10,rec2018-05-03_15h32m35.669s.wav,0,2018-05-03#3,22,SCOREABLE,0.8535352598072752,0.6050156739811913,WITHIN_REFERENCE_RANGE,WARMUP,POPULATION_ONLY,,ae8c780336b175de
prism-personal-v3-provisional-8of10,rec2018-05-03_15h33m11.807s.wav,0,2018-05-03#3,22,SCOREABLE,1.0864249570871718,0.4043887147335423,WITHIN_REFERENCE_RANGE,WARMUP,POPULATION_ONLY,,ae8c780336b175de
prism-personal-v3-provisional-8of10,rec2018-05-03_15h33m29.486s.wav,0,2018-05-03#3,22,SCOREABLE,0.6581577555842657,0.7836990595611285,WITHIN_REFERENCE_RANGE,WARMUP,POPULATION_ONLY,,ae8c780336b175de
prism-personal-v3-provisional-8of10,rec2018-05-03_15h33m51.966s.wav,0,2018-05-03#3,22,SCOREABLE,1.4768840012918354,0.14106583072100312,WITHIN_REFERENCE_RANGE,WARMUP,POPULATION_ONLY,,ae8c780336b175de
prism-personal-v3-provisional-8of10,rec2018-05-03_15h34m13.707s.wav,0,2018-05-03#3,22,SCOREABLE,0.41627879941479146,0.9592476489028213,WITHIN_REFERENCE_RANGE,WARMUP,POPULATION_ONLY,,ae8c780336b175de
prism-personal-v3-provisional-8of10,rec2018-05-03_15h34m32.131s.wav,0,2018-05-03#3,22,SCOREABLE,0.6269336655847155,0.8244514106583072,WITHIN_REFERENCE_RANGE,WARMUP,POPULATION_ONLY,,ae8c780336b175de
prism-personal-v3-provisional-8of10,rec2018-05-03_15h35m02.114s.wav,0,2018-05-03#3,22,SCOREABLE,1.6470207911914363,0.07523510971786834,WITHIN_REFERENCE_RANGE,WARMUP,POPULATION_ONLY,,ae8c780336b175de
prism-personal-v3-provisional-8of10,rec2018-05-03_15h35m21.837s.wav,0,2018-05-03#3,22,SCOREABLE,0.6235565251788638,0.8307210031347962,WITHIN_REFERENCE_RANGE,WARMUP,POPULATION_ONLY,,ae8c780336b175de
prism-personal-v3-provisional-8of10,rec2018-05-03_15h35m44.100s.wav,0,2018-05-03#3,22,SCOREABLE,0.5978408018957887,0.8620689655172413,WITHIN_REFERENCE_RANGE,WARMUP,POPULATION_ONLY,,ae8c780336b175de
prism-personal-v3-provisional-8of10,rec2018-05-03_15h36m09.330s.wav,0,2018-05-03#3,22,SCOREABLE,1.941114481610625,0.034482758620689655,OUTSIDE_REFERENCE_RANGE,WARMUP,POPULATION_ONLY,,ae8c780336b175de
prism-personal-v3-provisional-8of10,rec2018-05-03_15h36m33.401s.wav,0,2018-05-03#3,22,SCOREABLE,1.1165143216425093,0.3730407523510972,WITHIN_REFERENCE_RANGE,WARMUP,POPULATION_ONLY,,ae8c780336b175de
prism-personal-v3-provisional-8of10,rec2018-05-03_15h39m20.550s.wav,0,2018-05-03#3,22,SCOREABLE,1.050677914483972,0.44200626959247646,WITHIN_REFERENCE_RANGE,WARMUP,POPULATION_ONLY,,ae8c780336b175de
prism-personal-v3-provisional-8of10,rec2018-05-03_15h39m43.079s.wav,0,2018-05-03#3,22,SCOREABLE,1.0680994440159302,0.41379310344827586,WITHIN_REFERENCE_RANGE,WARMUP,POPULATION_ONLY,,ae8c780336b175de
prism-personal-v3-provisional-8of10,rec2018-05-03_15h40m01.822s.wav,0,2018-05-03#3,22,SCOREABLE,1.8871864433410561,0.04075235109717868,OUTSIDE_REFERENCE_RANGE,WARMUP,POPULATION_ONLY,,ae8c780336b175de
prism-personal-v3-provisional-8of10,rec2018-05-03_15h40m28.424s.wav,0,2018-05-03#3,22,SCOREABLE,1.5563867518102548,0.12852664576802508,WITHIN_REFERENCE_RANGE,WARMUP,POPULATION_ONLY,,ae8c780336b175de
prism-personal-v3-provisional-8of10,rec2018-05-03_15h40m49.846s.wav,0,2018-05-03#3,22,SCOREABLE,1.389928804382959,0.1786833855799373,WITHIN_REFERENCE_RANGE,WARMUP,POPULATION_ONLY,,ae8c780336b175de
prism-personal-v3-provisional-8of10,rec2018-05-03_15h41m19.370s.wav,0,2018-05-03#3,22,SCOREABLE,1.423003534578598,0.1724137931034483,WITHIN_REFERENCE_RANGE,WARMUP,POPULATION_ONLY,,ae8c780336b175de
prism-personal-v3-provisional-8of10,rec2018-05-03_15h41m44.230s.wav,0,2018-05-03#3,22,SCOREABLE,0.9973521421767566,0.5015673981191222,WITHIN_REFERENCE_RANGE,WARMUP,POPULATION_ONLY,,ae8c780336b175de
prism-personal-v3-provisional-8of10,rec2018-05-03_15h42m04.570s.wav,0,2018-05-03#3,22,SCOREABLE,0.9341260246607679,0.5391849529780565,WITHIN_REFERENCE_RANGE,WARMUP,POPULATION_ONLY,,ae8c780336b175de
prism-personal-v3-provisional-8of10,rec2018-05-03_15h42m24.025s.wav,0,2018-05-03#3,22,SCOREABLE,1.1988761036972715,0.322884012539185,WITHIN_REFERENCE_RANGE,WARMUP,POPULATION_ONLY,,ae8c780336b175de
prism-personal-v3-provisional-8of10,rec2018-05-03_15h42m44.455s.wav,0,2018-05-03#3,22,SCOREABLE,1.299777706680518,0.2413793103448276,WITHIN_REFERENCE_RANGE,WARMUP,POPULATION_ONLY,,ae8c780336b175de
prism-personal-v3-provisional-8of10,rec2018-05-03_15h44m07.780s.wav,0,2018-05-03#3,22,SCOREABLE,1.3252291333864075,0.21316614420062696,WITHIN_REFERENCE_RANGE,WARMUP,POPULATION_ONLY,,ae8c780336b175de
prism-personal-v3-provisional-8of10,rec2018-05-03_15h44m27.242s.wav,0,2018-05-03#3,22,SCOREABLE,0.9505079405760468,0.5266457680250783,WITHIN_REFERENCE_RANGE,WARMUP,POPULATION_ONLY,,ae8c780336b175de
prism-personal-v3-provisional-8of10,rec2018-05-03_15h44m47.231s.wav,0,2018-05-03#3,22,SCOREABLE,0.8329836332912998,0.6238244514106583,WITHIN_REFERENCE_RANGE,WARMUP,POPULATION_ONLY,,ae8c780336b175de
prism-personal-v3-provisional-8of10,rec2018-05-03_15h45m14.147s.wav,0,2018-05-03#3,22,SCOREABLE,1.0418784703698827,0.45141065830721006,WITHIN_REFERENCE_RANGE,WARMUP,POPULATION_ONLY,,ae8c780336b175de
prism-personal-v3-provisional-8of10,rec2018-05-03_15h46m16.542s.wav,0,2018-05-03#3,22,SCOREABLE,1.5103641566735304,0.14106583072100312,WITHIN_REFERENCE_RANGE,WARMUP,POPULATION_ONLY,,ae8c780336b175de
prism-personal-v3-provisional-8of10,rec2018-05-03_15h46m45.482s.wav,0,2018-05-03#3,22,SCOREABLE,0.8527900581034475,0.6050156739811913,WITHIN_REFERENCE_RANGE,WARMUP,POPULATION_ONLY,,ae8c780336b175de
prism-personal-v3-provisional-8of10,rec2018-05-03_15h47m08.625s.wav,0,2018-05-03#3,22,SCOREABLE,1.34070277522324,0.20376175548589343,WITHIN_REFERENCE_RANGE,WARMUP,POPULATION_ONLY,,ae8c780336b175de
prism-personal-v3-provisional-8of10,rec2018-05-03_15h47m37.180s.wav,0,2018-05-03#3,22,SCOREABLE,1.386029201850605,0.18808777429467086,WITHIN_REFERENCE_RANGE,WARMUP,POPULATION_ONLY,,ae8c780336b175de
prism-personal-v3-provisional-8of10,rec2018-05-03_15h47m57.575s.wav,0,2018-05-03#3,22,SCOREABLE,1.4489865845868095,0.15987460815047022,WITHIN_REFERENCE_RANGE,WARMUP,POPULATION_ONLY,,ae8c780336b175de
prism-personal-v3-provisional-8of10,rec2018-05-03_15h48m19.468s.wav,0,2018-05-03#3,22,SCOREABLE,0.6145657326930589,0.8401253918495298,WITHIN_REFERENCE_RANGE,WARMUP,POPULATION_ONLY,,ae8c780336b175de
prism-personal-v3-provisional-8of10,rec2018-05-03_15h48m42.154s.wav,0,2018-05-03#3,22,SCOREABLE,1.1082736034244904,0.3761755485893417,WITHIN_REFERENCE_RANGE,WARMUP,POPULATION_ONLY,,ae8c780336b175de
prism-personal-v3-provisional-8of10,rec2018-05-03_15h49m02.235s.wav,0,2018-05-03#3,22,SCOREABLE,0.9333524029086241,0.5391849529780565,WITHIN_REFERENCE_RANGE,WARMUP,POPULATION_ONLY,,ae8c780336b175de
