recording_file,event_id,start_s,end_s,duration_s,confidence,n_events_in_recording,session,in_too_short,in_close_neighbor,in_recording_boundary,in_nonfinite_feature,population,exclusion_group,z_duration_s,z_mean_rms,z_spectral_centroid_mean,z_spectral_centroid_std,z_spectral_flatness_mean,z_spectral_flatness_std,z_spectral_rolloff_std,mean_abs_z,rms_z,max_abs_z,max_abs_z_feature,annotation_status
rec2018-01-22_17h41m33.475s.wav,0,2.496,4.04,1.544,0.8478618302766014,1,2018-01-22#1,False,False,False,False,usable,usable,-0.3113034274507362,-0.2205028511050031,0.29431305797073126,-0.07073095033049528,1.9901694145209192,0.683442187129535,-0.4746402072853005,0.5778717279703887,0.8358319399367933,1.9901694145209192,spectral_flatness_mean,matched_inhale
rec2018-01-22_17h41m49.809s.wav,0,0.6880000000000001,2.232,1.544,0.9337995206608491,1,2018-01-22#1,False,False,False,False,usable,usable,-0.3113034274507362,-0.21080244575897414,0.28949421451943735,-0.016591864110458605,0.8662274212218787,-0.5564808763094011,-0.6860917821902485,0.4195702902230192,0.5008810137917279,0.8662274212218787,spectral_flatness_mean,matched_inhale
rec2018-01-22_17h42m07.718s.wav,0,2.048,3.608,1.56,0.908583119858143,1,2018-01-22#1,False,False,False,False,usable,usable,-0.2594195228756134,-0.5632864248962447,0.5818586291604491,0.2039793090881109,1.1649493893369751,-0.054298652368147925,-0.5359907258971773,0.4805403790889598,0.587014065273119,1.1649493893369751,spectral_flatness_mean,matched_inhale
rec2018-01-22_17h42m23.769s.wav,0,2.912,4.632000000000001,1.7200000000000006,0.8991530801480015,1,2018-01-22#1,False,False,False,False,usable,usable,0.25941952287561626,-0.49885160031953574,0.6901593146361011,0.8107967083147316,1.1862916792927967,0.23321939325804278,-0.6762700330732118,0.622144035967148,0.6937355384507812,1.1862916792927967,spectral_flatness_mean,matched_inhale
rec2018-01-22_17h44m03.761s.wav,0,2.56,4.2,1.64,0.8749377157661941,1,2018-01-22#1,False,False,False,False,usable,usable,0.0,0.11817462328483848,-0.44297730402032304,-0.26282617654642687,0.05581367540534787,-0.5748476257054093,0.8871726455887244,0.33454457865015286,0.4471995391586459,0.8871726455887244,spectral_rolloff_std,matched_inhale
rec2018-01-22_17h44m21.408s.wav,0,4.704,6.248,1.5440000000000005,0.9089284388458028,1,2018-01-22#1,False,False,False,False,usable,usable,-0.31130342745073475,0.05223868146415113,0.42519919878966805,-0.04107208773742257,1.1439210081240851,-0.8453760646514293,-2.2449444027382963,0.7234364101365411,1.0243542435341777,2.2449444027382963,spectral_rolloff_std,matched_inhale
rec2018-01-22_17h44m39.521s.wav,0,4.336,6.184,1.848,0.8498581504592528,1,2018-01-22#1,False,False,False,False,usable,usable,0.6744907594765966,-0.03647670211971494,-0.44212679695845275,-0.6172503009697329,0.48111896861743,0.40573312854466453,0.17912942843071106,0.4051894407310432,0.45684079107728975,0.6744907594765966,duration_s,matched_inhale
rec2018-01-22_17h44m56.745s.wav,0,2.848,4.84,1.992,0.9268389958723456,1,2018-01-22#1,False,False,False,False,usable,usable,1.1414459006527011,0.3272475317097846,-0.06456957667024726,1.0308834911035158,0.49074249948915266,0.35776905833814526,-0.7365327765323965,0.5927415477851348,0.6957202972874018,1.1414459006527011,duration_s,matched_inhale
rec2018-01-22_17h45m12.839s.wav,0,0.752,2.04,1.288,0.922130362711091,1,2018-01-22#1,False,False,False,False,usable,usable,-1.1414459006527005,0.16004104639896244,-0.04270611196548264,0.3133381059838712,1.0463689849030096,0.6396424648167147,0.5893155379362202,0.5618368789509944,0.684506057567573,1.1414459006527005,duration_s,matched_inhale
rec2018-01-23_10h42m07.256s.wav,0,3.344,4.952,1.608,0.9419005985340376,1,2018-01-23#1,False,False,False,False,usable,usable,0.05395926075812684,-0.2512728538445273,0.25520031782447483,-0.07814744197668982,1.158265542672475,0.08164724496619018,-0.6209041175330229,0.35705668279650105,0.5170038873753194,1.158265542672475,spectral_flatness_mean,matched_inhale
rec2018-01-23_10h42m23.823s.wav,0,1.44,3.0000000000000004,1.5600000000000005,0.9466804855091628,1,2018-01-23#1,False,False,False,False,usable,usable,-0.10791852151625443,-0.8300045641693915,0.9300134679959664,0.552927354010117,0.8849703491980715,-0.05290426688270695,0.7824305674549688,0.5915955844610681,0.6834133518697417,0.9300134679959664,spectral_centroid_mean,matched_inhale
rec2018-01-23_10h42m45.728s.wav,0,0.5760000000000001,2.68,2.104,0.9660719970862072,1,2018-01-23#1,False,False,False,False,usable,usable,1.7266963442600807,-0.2510885209007385,0.49706635431173446,0.02876886181365054,0.5918844122693983,0.2784923558946871,0.4998686419338919,0.553409355912026,0.7531061514607502,1.7266963442600807,duration_s,matched_inhale
rec2018-01-23_10h43m05.349s.wav,0,2.192,4.152,1.96,0.97122547433183,1,2018-01-23#1,False,False,False,False,usable,usable,1.2410629974369323,-0.9974875617500307,1.2876851627029586,-0.07642045264731064,1.509215655419674,0.44147693753406403,0.18044527771510516,0.8191134350294395,0.978656969121408,1.509215655419674,spectral_flatness_mean,matched_inhale
rec2018-01-23_10h43m22.564s.wav,0,2.848,4.808000000000001,1.9600000000000009,0.9490245452551084,1,2018-01-23#1,False,False,False,False,usable,usable,1.2410629974369354,-0.10795470822766215,1.470899682281926,0.9957258516304714,1.1113062958327373,-1.1300819875715222,-2.516511366923208,1.2247918414149233,1.3913931287548136,2.516511366923208,spectral_rolloff_std,matched_inhale
rec2018-01-23_10h43m40.126s.wav,0,0.8320000000000001,2.664,1.832,0.9650137326092396,1,2018-01-23#1,False,False,False,False,usable,usable,0.8093889113719124,-0.5326807924907424,0.7336236158021853,-0.12668406589070316,-0.027981067337016427,-0.3747008452262808,0.38551249867458154,0.42722454239906027,0.5046802734590025,0.8093889113719124,duration_s,no_inhale_annotation_in_recording
rec2018-01-23_10h43m56.234s.wav,0,0.768,2.4400000000000004,1.6720000000000004,0.960628387107644,1,2018-01-23#1,False,False,False,False,usable,usable,0.26979630379063796,-0.9091911241006152,1.0239549712140108,-0.3173174501468388,1.1868923845183554,0.7006979510560404,0.738714905575925,0.7352235843432033,0.8012475590054956,1.1868923845183554,spectral_flatness_mean,matched_inhale
rec2018-01-23_10h44m12.634s.wav,0,0.8320000000000001,3.208,2.3760000000000003,0.9789226085600192,1,2018-01-23#1,False,False,False,False,usable,usable,2.64400377714825,-1.2417866454834372,1.9488073798103056,0.24848067365778595,1.6994983533564874,0.5788770654466961,0.4973743549197717,1.2655468928318192,1.5053788063452052,2.64400377714825,duration_s,matched_inhale
rec2018-01-23_10h44m30.273s.wav,0,2.64,4.376,1.7360000000000002,0.9735949383568518,1,2018-01-23#1,False,False,False,False,usable,usable,0.48563334682314757,-1.018798365199689,1.5783591284351497,0.35545258572130817,1.0367733327948585,0.48071386766044805,-0.09919152138885233,0.7221317354319219,0.8624862449886044,1.5783591284351497,spectral_centroid_mean,matched_inhale
rec2018-01-23_10h45m25.926s.wav,0,4.6080000000000005,6.136,1.5279999999999996,0.9120199900297892,1,2018-01-23#1,False,False,False,False,usable,usable,-0.2158370430325126,-0.5871384895288815,0.8116264375920048,-0.1377465877876211,1.4179321141857348,0.2327806286532099,0.2678743988177497,0.5244193856568165,0.6767046018055946,1.4179321141857348,spectral_flatness_mean,matched_inhale
rec2018-01-23_10h45m44.127s.wav,0,2.512,4.28,1.7680000000000002,0.9651438708257194,2,2018-01-23#1,False,False,False,False,usable,usable,0.5935518683394028,-0.3032849075660865,0.4148241510496397,-0.5835447992998057,-0.094462163112848,-0.6633573040503741,-0.15758391695958787,0.4015155871968207,0.45208846615801324,0.6633573040503741,spectral_flatness_std,matched_inhale
rec2018-01-23_10h45m44.127s.wav,1,4.5120000000000005,4.712000000000001,0.2000000000000001,0.490061342716217,2,2018-01-23#1,True,False,False,False,excluded,too_short,-4.694455685957097,1.8018384861927448,-1.1407424045812709,-2.2204152436552667,-0.21133826133146774,-0.37400456765978174,-0.3026450769769564,1.5350628180506551,2.131136870497535,4.694455685957097,duration_s,outside_inhale_annotations
rec2018-01-23_10h46m04.850s.wav,0,1.968,3.688,1.7200000000000002,0.9688474430392184,1,2018-01-23#1,False,False,False,False,usable,usable,0.43167408606501995,-1.0934986921872325,1.5035206780304364,-0.254471094467616,1.4847350280529068,-0.04863972555239879,-0.8800874988025478,0.8138038290225941,0.9775165183520292,1.5035206780304364,spectral_centroid_mean,matched_inhale
rec2018-01-23_10h47m11.936s.wav,0,4.416,6.008,1.5919999999999996,0.8973581384528767,1,2018-01-23#1,False,False,False,False,usable,usable,-2.2465055132034706e-15,0.2262011795546744,0.24351112768125724,-0.43795059186004665,1.0262073285169153,-0.7642522672325098,-1.7937681361689735,0.6416986615734828,0.8583249883393367,1.7937681361689735,spectral_rolloff_std,matched_inhale
rec2018-01-23_10h49m01.624s.wav,0,2.576,5.736000000000001,3.1600000000000006,0.9740512146744676,1,2018-01-23#1,False,False,False,False,usable,usable,5.2880075542965,-0.034922474684707494,1.2682383762567404,0.6328818690617214,0.07937680643593006,0.25055005890920085,0.8749901135958407,1.2041381790343773,2.097886529038287,5.2880075542965,duration_s,matched_inhale
rec2018-01-23_10h49m24.634s.wav,0,3.024,5.5440000000000005,2.5200000000000005,0.9844007626788256,1,2018-01-23#1,False,False,False,False,usable,usable,3.129637123971398,0.07873386694848881,0.3665306989415174,-1.1817921127451516,-0.6324334917781524,2.042699928813648,1.8278993834555173,1.322818086664839,1.6581235598149098,3.129637123971398,duration_s,matched_inhale
rec2018-01-23_10h50m00.411s.wav,0,5.488,8.184,2.695999999999999,0.9774037740033144,1,2018-01-23#1,False,False,False,False,usable,usable,3.7231889923107953,-0.09028029103278133,0.8185325630004721,-0.32425791089160366,-0.10452672989963172,0.22606374743710753,1.2972034773869505,0.9405791017084775,1.5301817384963863,3.7231889923107953,duration_s,matched_inhale
rec2018-01-23_10h50m22.155s.wav,0,2.496,5.256,2.76,0.978876142768386,1,2018-01-23#1,False,False,False,False,usable,usable,3.939026035343309,-0.2848166617457423,1.1761525853312766,-0.022159309455126328,-0.6327446182385493,-0.24779111303188037,0.6514901908976112,0.9934543591490707,1.5976356742449414,3.939026035343309,duration_s,matched_inhale
rec2018-01-23_10h50m40.883s.wav,0,3.36,6.008,2.648,0.9607704034099332,1,2018-01-23#1,False,False,False,False,usable,usable,3.561311210036417,-0.20433115304437616,0.8296275208175526,-1.8726548093856956,0.08613445177250796,0.13396128896464127,0.1259396879242269,0.973422874563631,1.5566003335550762,3.561311210036417,duration_s,matched_inhale
rec2018-01-23_10h52m21.295s.wav,0,2.72,5.384,2.664,0.9701798877408429,1,2018-01-23#1,False,False,False,False,usable,usable,3.615270470794545,-0.14591676133744516,-0.2236329892251435,-1.7940264733281714,-1.8464067083082472,-0.13351192193977549,-0.043097817029642105,1.1145518774232814,1.6813649033163836,3.615270470794545,duration_s,matched_inhale
rec2018-01-23_10h52m39.068s.wav,0,3.984,7.08,3.096,0.955536655999802,1,2018-01-23#1,False,False,False,False,usable,usable,5.072170511263988,-0.07891580595794533,0.46896893810452445,-1.3681928067141018,-1.1439029402472023,-0.07376693753536047,1.2176810082322782,1.3462284211507713,2.091538304577559,5.072170511263988,duration_s,matched_inhale
rec2018-01-23_10h52m57.816s.wav,0,5.6000000000000005,8.632,3.031999999999999,0.9758602685472938,2,2018-01-23#1,False,False,False,False,usable,usable,4.856333468231475,-0.20951641481386235,0.9141365687566635,-1.5269683287415947,-0.12327397017401745,0.7131252736055583,1.156296966050289,1.3570929986247802,2.0232899879487043,4.856333468231475,duration_s,matched_inhale
rec2018-01-23_10h52m57.816s.wav,1,11.584,12.0,0.4160000000000003,0.7605880051851273,2,2018-01-23#1,True,False,True,False,excluded,too_short+recording_boundary,-3.966005665722374,0.014217336621789568,-1.0655995364820745,-2.4621714281363434,-2.895116044240819,-1.9533181857282533,-2.7034652711819587,2.151413352587659,2.4620858434520407,3.966005665722374,duration_s,outside_inhale_annotations
rec2018-01-23_10h53m20.922s.wav,0,2.128,4.712000000000001,2.5840000000000005,0.9588367571433384,1,2018-01-23#1,False,False,False,False,usable,usable,3.3454741670039083,-0.6253610026943054,1.058774289575463,-0.22709615975553607,-0.2406568516992631,0.6039227359853512,1.38044094519759,1.068818021701631,1.4679482786874878,3.3454741670039083,duration_s,matched_inhale
rec2018-01-23_10h54m18.511s.wav,0,3.44,5.848,2.408,0.9421242111020808,1,2018-01-23#1,False,False,False,False,usable,usable,2.7519222986645033,-0.1218151092401118,-0.34327251309534645,-2.0979000360198476,-1.704734312319314,-1.6458565170869144,-0.528648537842124,1.31344990346688,1.6036283798714477,2.7519222986645033,duration_s,matched_inhale
rec2018-01-23_10h54m39.487s.wav,0,3.392,6.680000000000001,3.2880000000000007,0.9732032746234268,1,2018-01-23#1,False,False,False,False,usable,usable,5.719681640361521,-1.0836318524323338,0.3169701503043208,-1.0703727136490462,-2.5788017372193983,-0.9354979370660084,1.2310586157486625,1.848002092397327,2.5121437625647975,5.719681640361521,duration_s,matched_inhale
rec2018-01-23_10h56m48.215s.wav,0,0.992,3.2880000000000003,2.2960000000000003,0.8942506864215388,1,2018-01-23#1,False,False,False,False,usable,usable,2.3742074733576115,1.00391096635755,-0.4915126971843066,0.6311713272497721,-0.7898215160880078,-0.628208623159754,-0.8594525821603073,0.9683264550796157,1.1365224636850761,2.3742074733576115,duration_s,matched_inhale
rec2018-01-23_10h57m38.405s.wav,0,2.192,4.408,2.216,0.8576029323217437,1,2018-01-23#1,False,False,False,False,usable,usable,2.1044111695669736,1.1499902758363376,-0.023371078755015554,2.6324034292637735,-0.07450944144980845,-0.8067615241052024,-1.5011447008882715,1.1846559456950545,1.4924078939507155,2.6324034292637735,spectral_centroid_std,matched_inhale
rec2018-01-23_10h57m54.607s.wav,0,2.88,5.112,2.232,0.9713886538520456,1,2018-01-23#1,False,False,False,False,usable,usable,2.1583704303251015,-0.4984125800597774,1.3171518968790905,-0.5249133157638917,1.4151688621689027,0.35065831226884914,-0.47158918934039673,0.9623235124008584,1.150494405952777,2.1583704303251015,duration_s,matched_inhale
rec2018-01-23_10h59m20.895s.wav,0,2.064,3.928,1.8640000000000003,0.9457393334025428,1,2018-01-23#1,False,False,False,False,usable,usable,0.9173074328881683,-0.34685594882264226,0.6896504236681938,-0.1144028612742956,1.241780010282765,0.01827303123212416,-0.7967416603445292,0.5892873383589597,0.7198825765494014,1.241780010282765,spectral_flatness_mean,matched_inhale
rec2018-01-23_10h59m40.619s.wav,0,2.336,4.2,1.8640000000000003,0.964741215251741,1,2018-01-23#1,False,False,False,False,usable,usable,0.9173074328881683,-0.39045811122554874,0.32377068433536316,0.5893805351243492,0.2638437917221092,-0.10581983779741334,0.4251902526109507,0.4308243779577004,0.4939209696311015,0.9173074328881683,duration_s,matched_inhale
rec2018-01-23_10h59m57.587s.wav,0,2.24,4.296,2.056,0.9405378938740137,1,2018-01-23#1,False,False,False,False,usable,usable,1.5648185619856978,-0.06446984860716787,0.575074792664185,0.6224886044808822,0.7665824543643223,0.2672020411480376,-0.3840710809581934,0.6063867691726409,0.7538067920838327,1.5648185619856978,duration_s,matched_inhale
rec2018-01-23_11h00m14.641s.wav,0,2.432,4.2,1.7680000000000002,0.9540309087194576,1,2018-01-23#1,False,False,False,False,usable,usable,0.5935518683394028,-0.8968350714242443,0.8636403007854963,0.552442543853708,0.7595719519559778,0.25784331874566063,0.7898403003368955,0.6733893364916266,0.7045732980628783,0.8968350714242443,mean_rms,matched_inhale
rec2018-01-23_11h01m08.679s.wav,0,3.04,5.032,1.992,0.9634282151154712,1,2018-01-23#1,False,False,False,False,usable,usable,1.3489815189531875,-0.3682558066295587,1.1833968278100022,0.06313438303788939,1.4227230340106256,-0.09478075198664569,-1.6446450592646964,0.8751310545275152,1.0755569370198943,1.6446450592646964,spectral_rolloff_std,matched_inhale
rec2018-01-23_11h01m26.075s.wav,0,2.112,3.928,1.8160000000000005,0.931933766486598,1,2018-01-23#1,False,False,False,False,usable,usable,0.7554296506137863,-0.47678051062237153,0.6178202042075063,-0.9143251298683562,0.5834749099523576,0.35579847153849287,0.701654346826929,0.6293261748042571,0.6519246456768003,0.9143251298683562,spectral_centroid_std,matched_inhale
rec2018-01-23_11h01m41.256s.wav,0,1.664,3.5280000000000005,1.8640000000000003,0.9702371807325454,1,2018-01-23#1,False,False,False,False,usable,usable,0.9173074328881683,-0.5343335647555876,0.9050141477348441,0.7536023392602861,1.1427519861763478,0.11664097171031187,0.28877847995409434,0.6654898460685199,0.7480271773969568,1.1427519861763478,spectral_flatness_mean,matched_inhale
rec2018-01-23_11h01m57.075s.wav,0,3.92,5.5440000000000005,1.6240000000000006,0.9466365416844684,1,2018-01-23#1,False,False,False,False,usable,usable,0.10791852151625593,-0.9100773585914136,1.3237850573437946,-0.14421946910852215,1.23492881317545,-0.024061203661973042,-2.2890404970075204,0.8620044172007042,1.1574866769548988,2.2890404970075204,spectral_rolloff_std,matched_inhale
rec2018-01-23_11h02m14.505s.wav,0,1.728,3.3840000000000003,1.6560000000000004,0.9493634610072428,1,2018-01-23#1,False,False,False,False,usable,usable,0.21583704303251036,-0.6476901858100482,1.0454832557704923,-1.042787485678489,1.2195232421518338,-0.023660355066592583,-0.6718057225018408,0.6952553271445439,0.809377967830007,1.2195232421518338,spectral_flatness_mean,matched_inhale
rec2018-01-23_11h02m29.845s.wav,0,2.864,4.680000000000001,1.8160000000000007,0.9418049472219804,1,2018-01-23#1,False,False,False,False,usable,usable,0.755429650613787,-0.7058120387412465,0.950367890963013,-0.6611300886274329,0.8408518686994959,0.0974512977935071,0.4624442045071006,0.6390695771350832,0.690705640852664,0.950367890963013,spectral_centroid_mean,matched_inhale
rec2018-01-23_11h02m48.266s.wav,0,0.592,2.28,1.6880000000000002,0.9522300888883308,1,2018-01-23#1,False,False,False,False,usable,usable,0.3237555645487648,-0.5971518380650778,1.2885512366603313,-0.2386759952361425,1.567996104009886,-0.046216852356757765,-0.57017608181245,0.6617890960984871,0.8421559956771301,1.567996104009886,spectral_flatness_mean,matched_inhale
rec2018-01-23_11h03m04.371s.wav,0,2.224,4.12,1.896,0.9691776516281556,1,2018-01-23#1,False,False,False,False,usable,usable,1.025225954404422,-0.991775634426858,1.8795484227211194,-0.5002463473131642,1.4828880488077625,-0.30822551637663537,-1.0166561005263406,1.0292237177966144,1.143003900065889,1.8795484227211194,spectral_centroid_mean,matched_inhale
rec2018-01-23_11h03m19.651s.wav,0,2.352,3.96,1.6080000000000003,0.9298992592297244,1,2018-01-23#1,False,False,False,False,usable,usable,0.05395926075812759,0.30216358872359944,0.14709047371882733,-0.8767460770257901,0.2524037466146997,0.11472919317493772,-0.22705787202170466,0.28202145886252666,0.38040569387536105,0.8767460770257901,spectral_centroid_std,matched_inhale
rec2018-01-23_11h03m36.803s.wav,0,1.76,3.272,1.5120000000000002,0.9459984482052816,1,2018-01-23#1,False,False,False,False,usable,usable,-0.26979630379063796,-0.6397322692938309,0.7781932868873631,0.006354811642253128,0.7102135031329702,-0.5149602581766817,-0.5311859969027619,0.4929194899752142,0.5528392233528753,0.7781932868873631,spectral_centroid_mean,matched_inhale
rec2018-01-23_11h03m51.751s.wav,0,1.264,2.8560000000000003,1.5920000000000003,0.9368076222864063,1,2018-01-23#1,False,False,False,False,usable,usable,0.0,-1.0537833215705368,1.0273338952915443,0.9001477614576545,1.3340375590954754,1.4986127365003055,0.830174005061682,0.949155611282457,1.0481838330758357,1.4986127365003055,spectral_flatness_std,matched_inhale
rec2018-01-23_11h04m10.613s.wav,0,1.84,3.4800000000000004,1.6400000000000003,0.9262493089005188,1,2018-01-23#1,False,False,False,False,usable,usable,0.16187778227438276,-0.7702792540206451,0.8550278636503766,0.0020244152694228468,1.5240412054647143,1.0204953668865455,0.2521381878620179,0.6551262964897292,0.826204518697569,1.5240412054647143,spectral_flatness_mean,matched_inhale
rec2018-01-23_11h04m27.250s.wav,0,1.728,3.768,2.04,0.9566051071060117,1,2018-01-23#1,False,False,False,False,usable,usable,1.5108593012275702,-0.8576233845916222,1.0309150156237152,-0.12278326300865701,0.6246403619848903,0.4275211574443752,0.6769079535504998,0.7501786339187614,0.8558395624415386,1.5108593012275702,duration_s,matched_inhale
rec2018-01-23_11h04m44.325s.wav,0,2.576,4.152,1.576,0.955098676270452,1,2018-01-23#1,False,False,False,False,usable,usable,-0.05395926075812834,-1.2745351883985834,1.7155290675825965,0.13226878127078587,1.6757987496299962,0.9935750051984029,0.04707933699319048,0.841820769975955,1.0945054829005545,1.7155290675825965,spectral_centroid_mean,matched_inhale
rec2018-01-23_11h05m01.603s.wav,0,3.184,4.696000000000001,1.5120000000000005,0.9624236075274916,1,2018-01-23#1,False,False,False,False,usable,usable,-0.2697963037906372,-0.506158393993918,0.706989875816056,-0.13420919671909504,0.31462262371569794,0.39307840700150215,0.37316881761919035,0.38543194552229953,0.4208131845754754,0.706989875816056,spectral_centroid_mean,matched_inhale
rec2018-01-23_11h11m07.436s.wav,0,2.272,4.024,1.7519999999999998,0.9288572389252332,1,2018-01-23#1,False,False,False,False,usable,usable,0.5395926075812737,0.1613317833070064,-0.015057442751752083,-1.0048882936575187,0.7149092674424776,-0.415715175620012,-0.8625935688100163,0.5305840198814367,0.6273751860662733,1.0048882936575187,spectral_centroid_std,matched_inhale
rec2018-01-23_11h11m22.731s.wav,0,0.944,2.536,1.592,0.9682158434932884,1,2018-01-23#1,False,False,False,False,usable,usable,-7.488351710678235e-16,-0.8118930145649502,1.2001510341319375,-1.0947577246582534,1.2722099956869324,0.3108084241826102,-1.7647199568288054,0.9220771642933558,1.0775225501932477,1.7647199568288054,spectral_rolloff_std,matched_inhale
rec2018-01-23_11h11m37.608s.wav,0,1.232,2.8880000000000003,1.6560000000000004,0.9688568141149438,1,2018-01-23#1,False,False,False,False,usable,usable,0.21583704303251036,-0.4959803427754741,0.9296888306760196,0.49995381646758136,0.8446955100229684,-0.37522286288376533,-0.7460409375513452,0.5867741919156664,0.6344555654862208,0.9296888306760196,spectral_centroid_mean,matched_inhale
rec2018-01-23_11h11m52.435s.wav,0,0.992,2.696,1.7040000000000002,0.953059500769565,2,2018-01-23#1,False,False,False,False,usable,usable,0.3777148253068924,0.449412095731574,0.009082543427154423,1.6592884106024308,-0.4416790256260447,0.007896945949843198,0.06563098212540111,0.4301006898241915,0.6863371092201974,1.6592884106024308,spectral_centroid_std,no_inhale_annotation_in_recording
rec2018-01-23_11h11m52.435s.wav,1,7.44,7.800000000000001,0.3600000000000003,0.6187256845560941,2,2018-01-23#1,True,False,False,False,excluded,too_short,-4.15486307837582,-4.832420266644996,3.985538115981818,6.067150240846969,-0.49330089271937116,-1.3001406070335277,-0.8963100560782342,3.1042461796686767,3.704188402295963,6.067150240846969,spectral_centroid_std,no_inhale_annotation_in_recording
rec2018-01-23_11h51m22.121s.wav,0,2.48,4.184,1.7040000000000002,0.9012937037568344,2,2018-01-23#2,False,False,False,False,usable,usable,0.155651713725367,0.25761279278242155,-0.25375103095160806,-0.07245474744523339,0.2070878281880292,-0.9294815348314921,-1.2643510959618414,0.4486272491265704,0.6170941198371849,1.2643510959618414,spectral_rolloff_std,matched_inhale
rec2018-01-23_11h51m22.121s.wav,1,4.5920000000000005,4.824,0.2319999999999993,0.6976695656776428,2,2018-01-23#2,True,False,False,False,excluded,too_short,-4.6176675071859306,-1.4723773236933906,-0.45378491994666215,0.2784991641036292,0.1976219554846878,0.6898436746015353,-0.9694582378424199,1.2398932546940367,1.898458725832335,4.6176675071859306,duration_s,outside_inhale_annotations
rec2018-01-23_11h51m37.745s.wav,0,0.112,1.4,1.2879999999999998,0.8905125178288722,1,2018-01-23#2,False,False,False,False,usable,usable,-1.1933298052278263,0.3176036566979298,-0.3900579303496803,0.4280101055323718,0.3211751388197626,1.0572644034990386,-0.527044918904639,0.6049265655758926,0.6927155447434761,1.1933298052278263,duration_s,matched_inhale
rec2018-01-23_11h51m52.565s.wav,0,1.952,3.2880000000000003,1.3360000000000003,0.9337632697489526,1,2018-01-23#2,False,False,False,False,usable,usable,-1.0376780915024564,-0.7503298766713878,0.17271966818347065,0.23136554142080015,0.897632371418683,1.4480406029234731,0.6707672797995827,0.7440762045599791,0.8515219188964515,1.4480406029234731,spectral_flatness_std,matched_inhale
rec2018-01-23_11h52m38.758s.wav,0,1.856,3.4160000000000004,1.5600000000000005,0.9404251367546792,1,2018-01-23#2,False,False,False,False,usable,usable,-0.3113034274507369,-0.02126480878407225,0.08341333290466128,-0.4991884334650292,0.9378378248491088,0.26016142846636164,-0.724971238471095,0.40544864205586645,0.510785941108184,0.9378378248491088,spectral_flatness_mean,matched_inhale
rec2018-01-23_11h52m53.640s.wav,0,1.088,2.552,1.464,0.9516322165727616,1,2018-01-23#2,False,False,False,False,usable,usable,-0.6226068549014753,-0.22132090750856057,-0.25032462676909417,0.33879509960104837,0.42520411882717984,2.464097967588039,1.4707146820640817,0.8275806081799255,1.1357593929506526,2.464097967588039,spectral_flatness_std,matched_inhale
rec2018-01-23_11h53m23.410s.wav,0,2.832,4.408,1.5760000000000003,0.9453993021756754,1,2018-01-23#2,False,False,False,False,usable,usable,-0.2594195228756148,0.25913541052786065,-0.7863742085797147,-0.5375520158605203,-0.2750542357014815,0.5672114354939033,0.8878331040808233,0.510368561874274,0.564095670881115,0.8878331040808233,spectral_rolloff_std,matched_inhale
rec2018-01-23_11h53m38.425s.wav,0,1.664,3.112,1.448,0.9265407497369792,1,2018-01-23#2,False,False,False,False,usable,usable,-0.6744907594765981,0.21278296268772082,-0.8366205682272926,-0.7697305876526732,-1.0492751716250608,-0.5040531491975732,0.9597665508237125,0.7152456785272331,0.7624053404159579,1.0492751716250608,spectral_flatness_mean,matched_inhale
rec2018-01-23_11h53m56.835s.wav,0,0.848,2.4400000000000004,1.5920000000000003,0.9405362558635798,1,2018-01-23#2,False,False,False,False,usable,usable,-0.20753561830049197,0.7325107990973165,-0.5756926653825455,0.3304777607317478,-0.3853121923987328,0.21007680502720094,1.0324946914210453,0.49630007605129717,0.5705791213952566,1.0324946914210453,spectral_rolloff_std,matched_inhale
rec2018-01-23_11h56m03.777s.wav,0,2.432,4.008,1.576,0.912288340343826,1,2018-01-23#2,False,False,False,False,usable,usable,-0.25941952287561554,0.2877931042073075,-0.22254288755549492,1.444471363511057,-0.3213327431977706,-0.6954791601596853,-0.9365518861539256,0.5953700953801224,0.7319466848274461,1.444471363511057,spectral_centroid_std,matched_inhale
rec2018-01-23_11h56m18.749s.wav,0,0.88,2.3120000000000003,1.4320000000000004,0.8469862701036991,1,2018-01-23#2,False,False,False,False,usable,usable,-0.7263746640517195,1.5083994592732677,-0.8743677769548595,0.6441845752542091,-0.7054042816208653,-1.3278812724321685,-1.3480041585018805,1.01923088401271,1.0730704239456348,1.5083994592732677,mean_rms,unannotated_recording
rec2018-01-23_11h56m33.584s.wav,0,2.096,3.544,1.448,0.8675620548332794,1,2018-01-23#2,False,False,False,False,usable,usable,-0.6744907594765981,0.27491760265759646,-0.5532682948772131,-0.32146648326381694,-0.24574847041331854,-0.45611133182490243,-0.6111158077455205,0.4481598214655666,0.47537299145809025,0.6744907594765981,duration_s,no_inhale_annotation_in_recording
rec2018-01-23_11h57m24.977s.wav,0,2.32,3.8,1.4800000000000004,0.9459051033596934,1,2018-01-23#2,False,False,False,False,usable,usable,-0.570722950326351,-0.13199292934084061,0.43091470407782556,0.19400698670969374,0.4180677157109349,-1.2588612344451824,-2.413266789293175,0.7739761871291433,1.0790102496085305,2.413266789293175,spectral_rolloff_std,matched_inhale
rec2018-01-23_11h57m41.504s.wav,0,2.688,3.976,1.2880000000000005,0.9324938508047572,1,2018-01-23#2,False,False,False,False,usable,usable,-1.193329805227824,0.519627368411327,0.39090833909859574,2.257505551900042,-0.04216589813244038,-1.6259427071692936,-2.2907791848897863,1.1886084078327583,1.4558417396509893,2.2907791848897863,spectral_rolloff_std,matched_inhale
rec2018-01-23_11h57m58.590s.wav,0,3.136,4.728000000000001,1.5920000000000003,0.9602383910255,1,2018-01-23#2,False,False,False,False,usable,usable,-0.20753561830049197,-0.4346984205421947,0.9055944972411207,0.7694351484473013,0.7965152283951362,-0.8352878878369141,-2.557076246374784,0.9294490067339919,1.165880837159572,2.557076246374784,spectral_rolloff_std,matched_inhale
rec2018-01-23_11h58m15.852s.wav,0,2.032,3.592,1.56,0.9516390638295994,1,2018-01-23#2,False,False,False,False,usable,usable,-0.31130342745073836,0.005140841957030699,0.0885116572003324,-0.22369519150897904,-0.05470169269880694,-0.8642425154784612,-1.0679075301243948,0.3736432652026776,0.5405214410976855,1.0679075301243948,spectral_rolloff_std,matched_inhale
rec2018-01-23_11h58m34.582s.wav,0,1.872,3.56,1.688,0.9495278133990916,1,2018-01-23#2,False,False,False,False,usable,usable,0.10376780915024347,0.10355543949321042,-0.01463652533627688,0.3309369511245828,-0.07203384976897081,-1.1215491575953902,-2.2768901678596483,0.5747671286183318,0.9694265761388042,2.2768901678596483,spectral_rolloff_std,matched_inhale
rec2018-01-23_11h58m49.449s.wav,0,2.464,3.912,1.4480000000000004,0.8402588712541681,1,2018-01-23#2,False,False,False,False,usable,usable,-0.6744907594765966,0.29898175265368204,-0.5079262342282223,-0.3301414791556237,-0.5523649048148838,-0.9722793018111813,-0.5259244382330885,0.5517298386247541,0.5901986193826004,0.9722793018111813,spectral_flatness_std,matched_inhale
rec2018-01-23_11h59m04.620s.wav,0,2.848,4.44,1.5920000000000003,0.9387156333435666,2,2018-01-23#2,False,False,False,False,usable,usable,-0.20753561830049197,-0.5498595194882897,0.0031178213961988756,0.21237574753609711,0.4517782350636425,2.122291937933688,2.1230260445165765,0.8099978463192835,1.171445744867566,2.1230260445165765,spectral_rolloff_std,matched_inhale
rec2018-01-23_11h59m04.620s.wav,1,5.056,5.304,0.2480000000000002,0.5993275940418243,2,2018-01-23#2,True,False,False,False,excluded,too_short,-4.5657836026108045,-4.564225263498572,0.09093800546331464,-2.3788299136379054,-2.444146472642203,-2.427259638625491,-2.973376009997783,2.7777941294965816,3.117967283584989,4.5657836026108045,duration_s,outside_inhale_annotations
rec2018-01-23_12h02m44.138s.wav,0,2.48,3.976,1.4960000000000004,0.9422488256198605,1,2018-01-23#2,False,False,False,False,usable,usable,-0.5188390457512282,-0.23085252212048918,0.20851939959404356,0.16662313137136117,0.9023605027588274,0.23392599912519058,-1.0166436562402057,0.4682520367087637,0.5727465936869252,1.0166436562402057,spectral_rolloff_std,matched_inhale
rec2018-01-23_12h03m01.599s.wav,0,1.84,3.16,1.32,0.8929287111255485,1,2018-01-23#2,False,False,False,False,usable,usable,-1.0895619960775798,0.015846877005334645,0.37039016393214896,-0.2595315090741076,0.8670705761180064,-1.3096893037482888,-3.044470273212507,0.9937943855954247,1.3694544610038948,3.044470273212507,spectral_rolloff_std,matched_inhale
rec2018-01-23_12h03m19.922s.wav,0,2.48,3.976,1.4960000000000004,0.9167577093694268,1,2018-01-23#2,False,False,False,False,usable,usable,-0.5188390457512282,0.304171681714891,0.13671868712964563,-0.18915208845000933,0.5602657852646793,-1.255290177051759,-1.8262954568587597,0.6843904174601388,0.8977106719565365,1.8262954568587597,spectral_rolloff_std,matched_inhale
rec2018-01-23_12h03m36.988s.wav,0,2.608,4.008,1.4,0.8953363126830051,1,2018-01-23#2,False,False,False,False,usable,usable,-0.8301424732019664,0.10336918375212928,0.2641675060763505,2.456166278650793,0.3886168390747326,0.48068394823528027,-1.199768802767656,0.8175592902512727,1.1099475057992205,2.456166278650793,spectral_centroid_std,matched_inhale
rec2018-01-23_12h03m52.821s.wav,0,2.352,3.848,1.4960000000000004,0.9374690070384886,1,2018-01-23#2,False,False,False,False,usable,usable,-0.5188390457512282,-0.04366274978605529,0.15470834113730622,0.9581452232024689,-0.43812407406493914,-1.0019519168011384,-0.9804398900040056,0.5851244629638773,0.6938711342323168,1.0019519168011384,spectral_flatness_std,matched_inhale
rec2018-01-23_12h04m16.860s.wav,0,2.336,3.8,1.4640000000000004,0.9289853282272816,1,2018-01-23#2,False,False,False,False,usable,usable,-0.6226068549014738,0.5420743965174848,-0.8784113467100091,-0.8981498799198143,-0.9083139120377345,-0.5490372019556896,0.24670347962411954,0.6636138673809037,0.7017429593265048,0.9083139120377345,spectral_flatness_mean,matched_inhale
rec2018-01-23_12h04m31.917s.wav,0,2.4,3.992,1.5920000000000003,0.9388013536279852,1,2018-01-23#2,False,False,False,False,usable,usable,-0.20753561830049197,-0.27876061828084026,-0.2959288279790365,0.09638914012354431,-0.04889003125987996,0.8511179355901947,1.5843257726768338,0.48042113488726024,0.7024979290400017,1.5843257726768338,spectral_rolloff_std,matched_inhale
rec2018-01-23_12h04m50.656s.wav,0,1.968,3.4480000000000004,1.4800000000000004,0.9346277110370588,1,2018-01-23#2,False,False,False,False,usable,usable,-0.570722950326351,0.017783294451401414,0.032323788854335914,-1.2329008214061214,0.35116513774901903,-0.6912564791887048,-1.1091482806903894,0.5721858218094747,0.7249130565493105,1.2329008214061214,spectral_centroid_std,matched_inhale
rec2018-01-23_12h05m05.795s.wav,0,2.4,3.832,1.4320000000000004,0.9345254110984312,1,2018-01-23#2,False,False,False,False,usable,usable,-0.7263746640517195,0.06678231709522857,-0.707287226980204,0.4533319937035748,-0.4923897119678946,0.07948034131625935,1.294961639249154,0.5458011277662908,0.6722601057681566,1.294961639249154,spectral_rolloff_std,matched_inhale
rec2018-01-23_12h37m08.326s.wav,0,2.368,3.784,1.4160000000000004,0.8749033971266313,1,2018-01-23#3,False,False,False,False,usable,usable,-0.84311344934574,0.5868436414472157,0.12442550863570433,1.487589733173588,0.4962075405234468,-1.0712155549629467,-1.840856038730763,0.9214644952599149,1.073452794438571,1.840856038730763,spectral_rolloff_std,matched_inhale
rec2018-01-23_12h37m25.023s.wav,0,0.672,2.28,1.608,0.9324734023447788,1,2018-01-23#3,False,False,False,False,usable,usable,-0.16862268986914705,-0.31197156309920365,0.382667453632259,0.026391132260146482,0.7128443301411276,1.1108608973488268,0.17658008813569204,0.41284830778377174,0.5406649661629171,1.1108608973488268,spectral_flatness_std,matched_inhale
rec2018-01-23_12h37m39.981s.wav,0,1.2,2.664,1.4640000000000002,0.9210524022579192,1,2018-01-23#3,False,False,False,False,usable,usable,-0.6744907594765921,0.00913435558511693,-0.5387340487923649,0.27146638747312296,-0.566548924270213,-0.2864316125991852,0.8092982917402494,0.450872054276692,0.5178160281728277,0.8092982917402494,spectral_rolloff_std,matched_inhale
rec2018-01-23_12h37m54.913s.wav,0,2.16,3.624,1.464,0.95547012463212,1,2018-01-23#3,False,False,False,False,usable,usable,-0.6744907594765929,-0.5641245883833161,-0.04587816435178974,-0.19534740229449873,-0.194812835287271,1.147165404152582,0.3304946592257021,0.4503305447388219,0.5702890212664591,1.147165404152582,spectral_flatness_std,matched_inhale
rec2018-01-23_12h38m10.740s.wav,0,0.928,2.4240000000000004,1.4960000000000004,0.8924845798713404,1,2018-01-23#3,False,False,False,False,usable,usable,-0.5620756328971589,-0.6574062738988514,0.397594966738352,0.9744747783474205,0.8599361120637155,1.0306380852431354,0.40270214993012443,0.6978325713026798,0.7386927525232355,1.0306380852431354,spectral_flatness_std,matched_inhale
rec2018-01-23_12h39m14.259s.wav,0,2.16,3.624,1.464,0.887351430207491,1,2018-01-23#3,False,False,False,False,usable,usable,-0.6744907594765929,-0.3615296972830541,0.20733620229411054,0.34848351889069845,0.41654493139821513,1.0244421464877436,0.10252484103912476,0.44790744240993424,0.5323228484349287,1.0244421464877436,spectral_flatness_std,matched_inhale
rec2018-01-23_12h39m29.011s.wav,0,1.152,2.8720000000000003,1.7200000000000002,0.9634817602733772,1,2018-01-23#3,False,False,False,False,usable,usable,0.22483025315886637,-0.722219426190109,0.33464742801440067,-0.23259645978884008,0.4165104259366345,1.5466614968684138,1.0755471684861573,0.6504303797776316,0.7982734931384782,1.5466614968684138,spectral_flatness_std,matched_inhale
rec2018-01-23_12h39m44.218s.wav,0,0.4,2.024,1.624,0.9385259674655066,1,2018-01-23#3,False,False,False,False,usable,usable,-0.11241512657943085,-0.37960079711812295,0.08285424931445526,0.042693101665606824,-0.0029529674004058195,1.095613346556328,0.8169098987537371,0.3618627839125838,0.5389328822863807,1.095613346556328,spectral_flatness_std,matched_inhale
rec2018-01-23_12h39m59.067s.wav,0,0.784,2.648,1.864,0.9427090971242814,1,2018-01-23#3,False,False,False,False,usable,usable,0.7306983227663114,-0.026963609917537344,-0.07152909487420621,-0.5086242236314662,-0.6748960736303684,-0.5895217944321276,0.960822714789023,0.5090079762915771,0.600554866412034,0.960822714789023,spectral_rolloff_std,no_inhale_annotation_in_recording
rec2018-01-23_12h40m15.223s.wav,0,1.456,3.064,1.608,0.9483071056644568,1,2018-01-23#3,False,False,False,False,usable,usable,-0.16862268986914705,-0.6130591169668957,0.30197824808227963,0.33570745809627656,0.802976596420445,2.3575244806773803,1.069329335612488,0.8070282751035588,1.0659887275981863,2.3575244806773803,spectral_flatness_std,matched_inhale
rec2018-01-23_12h40m30.209s.wav,0,2.208,3.784,1.576,0.9393412326944286,1,2018-01-23#3,False,False,False,False,usable,usable,-0.28103781644857945,0.06481459470976611,-0.18458207613812777,-0.6725638924902796,-0.6997335049387376,-0.43892593410341324,0.40657536560189117,0.39260474063297063,0.4499495844379886,0.6997335049387376,spectral_flatness_mean,matched_inhale
rec2018-01-23_12h40m47.865s.wav,0,2.144,3.848,1.7040000000000002,0.9454400959767794,1,2018-01-23#3,False,False,False,False,usable,usable,0.16862268986915016,0.12834207130702607,-0.3687176371982021,0.08668917023464265,-0.5559439957051527,-0.35940236002527687,0.7391401308525707,0.3438368650274316,0.4093452826181595,0.7391401308525707,spectral_rolloff_std,matched_inhale
rec2018-01-23_12h41m04.075s.wav,0,1.248,3.5280000000000005,2.28,0.964954529099792,1,2018-01-23#3,False,False,False,False,usable,usable,2.1920949682989304,-0.18685281634437562,0.5362011088574861,-0.272939220302439,0.05278785534620577,1.0840686502187642,0.24410718537598772,0.652721686392027,0.9591500319217149,2.1920949682989304,duration_s,matched_inhale
rec2018-01-23_12h41m19.889s.wav,0,2.464,4.5840000000000005,2.120000000000001,0.974894604407066,1,2018-01-23#3,False,False,False,False,usable,usable,1.6300193354017731,-1.2796824451118103,1.61904452226901,0.6086962887742529,1.4044773029146709,1.4055716250203107,-0.04010824897816051,1.1410856812099985,1.2669515319553812,1.6300193354017731,duration_s,matched_inhale
rec2018-01-23_12h41m54.714s.wav,0,2.368,4.056,1.6880000000000002,0.9606764050240212,1,2018-01-23#3,False,False,False,False,usable,usable,0.11241512657943396,-0.2702053736786163,0.36359833678862813,-0.1794939106839964,0.8944620768886714,0.028763967242829005,-0.4919867997114424,0.33441794165337396,0.4297857777063577,0.8944620768886714,spectral_flatness_mean,matched_inhale
rec2018-01-23_12h42m11.121s.wav,0,2.336,3.928,1.5920000000000003,0.8885744843970645,1,2018-01-23#3,False,False,False,False,usable,usable,-0.2248302531588625,0.07294502701549795,0.13669005822887864,1.7961174524799925,-0.22376916854202736,-0.8092652548466998,-1.3700985454147478,0.6619593942409582,0.9167290153010083,1.7961174524799925,spectral_centroid_std,matched_inhale
rec2018-01-23_12h50m45.316s.wav,0,3.856,5.128,1.2720000000000002,0.961267137352158,1,2018-01-23#3,False,False,False,False,usable,usable,-1.3489815189531857,-0.4331986647279165,0.43938091615356256,-1.8594427155705098,-1.5754993725614892,-0.6324549523132562,-1.3721525167248223,1.094444379572106,1.220245589588362,1.8594427155705098,spectral_centroid_std,matched_inhale
rec2018-01-23_12h51m39.774s.wav,0,3.056,3.608,0.552,0.9254792099413665,2,2018-01-23#3,False,False,False,False,usable,usable,-3.8783218669904134,-0.8968664971463538,0.5122072230039719,-1.8825107464348725,-2.7690171594664315,-2.6807372107538177,-2.8545424892380415,2.2106004561477,2.4684921312072508,3.8783218669904134,duration_s,no_inhale_annotation_in_recording
rec2018-01-23_12h51m39.774s.wav,1,4.208,4.488,0.2800000000000002,0.6752308706442515,2,2018-01-23#3,True,False,False,False,excluded,too_short,-4.833850442915588,-3.4172658938796574,-0.14584714510050772,-0.007331619740162399,-1.1707283047492416,-0.025477006910279498,-1.9285588233806745,1.6470084623823014,2.3951061537164224,4.833850442915588,duration_s,no_inhale_annotation_in_recording
rec2018-01-23_12h52m08.363s.wav,0,2.432,3.208,0.7760000000000002,0.8902927128707662,5,2018-01-23#3,False,False,False,False,usable,usable,-3.0914159809343866,-0.49486638306624225,-1.1904978963502477,-2.141959913417968,-2.636390542113235,-2.6939105644376724,-1.0405772736473056,1.898516936281008,2.1077250192814097,3.0914159809343866,duration_s,no_inhale_annotation_in_recording
rec2018-01-23_12h52m08.363s.wav,1,3.76,4.248,0.488,0.6223810315132141,5,2018-01-23#3,True,True,False,False,excluded,too_short+close_neighbor,-4.103152120149279,-1.080988334454861,-0.5147310915264298,-1.407721592693963,-1.6074759338627747,-0.9123739309069069,0.20734567411192872,1.4048269539580203,1.8404354521903343,4.103152120149279,duration_s,no_inhale_annotation_in_recording
rec2018-01-23_12h52m08.363s.wav,2,4.32,4.680000000000001,0.3600000000000003,0.6277933120727539,5,2018-01-23#3,True,True,False,False,excluded,too_short+close_neighbor,-4.552812626467007,0.716460810712539,-1.3058197386541317,-3.1070274731329968,-1.6582352181235047,-3.1089746801647036,-2.3275121938649552,2.3966918201599765,2.6841594701078244,4.552812626467007,duration_s,no_inhale_annotation_in_recording
rec2018-01-23_12h52m08.363s.wav,3,8.368,8.808,0.4399999999999995,0.8870213329792023,5,2018-01-23#3,True,True,False,False,excluded,too_short+close_neighbor,-4.271774810018428,-3.3435917243099547,0.1565373006712876,1.1398948208126143,-2.5683068907239592,-1.1524055560729196,2.3408483093182375,2.1390513445610573,2.511554425713425,4.271774810018428,duration_s,no_inhale_annotation_in_recording
rec2018-01-23_12h52m08.363s.wav,4,8.928,10.088,1.1599999999999984,0.8298420642243057,5,2018-01-23#3,False,True,False,False,excluded,close_neighbor,-1.7424344619812056,-3.5442355039793063,-1.4444389839245386,-2.188834574417865,-3.823225521252672,-3.373837023036756,-3.3566401190974484,2.781949455384256,2.9213975732740605,3.823225521252672,spectral_flatness_mean,no_inhale_annotation_in_recording
rec2018-01-23_12h52m40.101s.wav,0,2.496,3.4320000000000004,0.9360000000000004,0.6813785433769226,2,2018-01-23#3,False,False,False,False,usable,usable,-2.5293403480372243,1.814806728648727,-0.6249477445067243,1.2892934901564537,0.30881788018818523,1.1023012889136583,-0.979369238039962,1.2355538169272762,1.4148964709609992,2.5293403480372243,duration_s,no_inhale_annotation_in_recording
rec2018-01-23_12h52m40.101s.wav,1,7.376,9.288,1.912,0.8573407289687167,2,2018-01-23#3,False,False,False,False,usable,usable,0.8993210126354593,-2.230617278703631,-0.25720780398056015,0.07649165831975487,-3.262727679757521,-2.879044450503377,0.0029422647239601813,1.3726217355177521,1.8818963108369389,3.262727679757521,spectral_flatness_mean,no_inhale_annotation_in_recording
rec2018-01-23_12h53m35.233s.wav,0,2.576,3.4000000000000004,0.8240000000000003,0.7225180566310883,1,2018-01-23#3,False,False,False,False,usable,usable,-2.922793291065238,0.9920069793084867,-0.838771014616553,-2.0649318677177724,0.1683711500550257,-1.9663706425459304,-1.144352665603502,1.4425139444160726,1.6775315314848436,2.922793291065238,duration_s,no_inhale_annotation_in_recording
rec2018-01-23_12h54m08.620s.wav,0,2.16,3.4640000000000004,1.3040000000000005,0.7273056383643831,2,2018-01-23#3,False,False,False,False,usable,usable,-1.2365663923737527,-0.9750835637971172,0.3367872734110405,0.7020276929704301,0.7676565059000044,0.5937098111874729,0.11383947563562881,0.6750958164679212,0.7597838250382629,1.2365663923737527,duration_s,matched_inhale
rec2018-01-23_12h54m08.620s.wav,1,3.808,4.008,0.1999999999999997,0.4526659846305847,2,2018-01-23#3,True,False,False,False,excluded,too_short,-5.11488825936417,-4.896603941783453,-0.13321570727163823,-0.3304483614050614,-1.2937392751224523,-0.5790568835199168,-2.041673784009906,2.0556608874966567,2.8395989314224677,5.11488825936417,duration_s,outside_inhale_annotations
rec2018-01-23_12h54m28.485s.wav,0,3.856,4.2,0.3440000000000003,0.6213038086891174,2,2018-01-23#3,True,True,False,False,excluded,too_short+close_neighbor,-4.6090201897567225,-0.9319889069335537,0.022511213890039194,-1.5687908052234927,0.30744966362467746,-1.2732759612391369,-2.234238291078626,1.5638964331066068,2.113928620500269,4.6090201897567225,duration_s,no_inhale_annotation_in_recording
rec2018-01-23_12h54m28.485s.wav,1,4.368,4.5680000000000005,0.2000000000000001,0.5637931823730469,2,2018-01-23#3,True,True,False,False,excluded,too_short+close_neighbor,-5.114888259364168,-1.3904020087387803,0.40068227076562835,1.0188978930291792,1.4329818146543964,-0.8966922425212663,-0.9426271768431912,1.5995959522738015,2.1725573707257286,5.114888259364168,duration_s,no_inhale_annotation_in_recording
rec2018-01-23_12h55m02.432s.wav,0,2.832,3.88,1.0480000000000005,0.7083445621861352,1,2018-01-23#3,False,False,False,False,usable,usable,-2.135887405009211,-0.10175829826243368,0.16266251992488345,-1.0924218586835976,0.7128448302202809,0.043292041157402705,-0.5544542271755366,0.6861887400619066,0.9717183464426351,2.135887405009211,duration_s,unannotated_recording
rec2018-01-23_12h55m27.681s.wav,0,2.512,3.752,1.2400000000000002,0.8192505592649634,1,2018-01-23#3,False,False,False,False,usable,usable,-1.4613966455326182,-1.0769072516984397,-0.010818163279383395,-0.5646811698210202,0.3009031274284557,0.9079775395090152,-0.2252070245380308,0.6496987031152804,0.8088859489439071,1.4613966455326182,duration_s,matched_inhale
rec2018-01-23_12h55m53.736s.wav,0,2.8000000000000003,3.784,0.984,0.8149808287620545,2,2018-01-23#3,False,False,False,False,usable,usable,-2.3607176581680775,0.29871958348887845,-0.3008100517493971,-0.4598401584974318,0.9866631706253072,0.04517339907907606,-0.3633705775024382,0.6878992284443723,1.0051115030251232,2.3607176581680775,duration_s,no_inhale_annotation_in_recording
rec2018-01-23_12h55m53.736s.wav,1,6.640000000000001,6.872,0.2319999999999993,0.5414541363716125,2,2018-01-23#3,True,False,False,False,excluded,too_short,-5.002473132784739,-4.43826764876361,0.6186693191766888,2.956648205106045,1.0406192108736882,8.254907696933952,3.2545603088592414,3.6523065032139947,4.369799435287667,8.254907696933952,spectral_flatness_std,no_inhale_annotation_in_recording
rec2018-01-23_12h56m34.401s.wav,0,2.56,3.64,1.08,0.7597423781241689,1,2018-01-23#3,False,False,False,False,usable,usable,-2.02347227842978,0.23529403779929534,-0.6984332406597237,-0.24605674688285264,0.6269747385647805,0.5108354246291317,-0.8374832074252501,0.7397928106272592,0.9299450472794002,2.02347227842978,duration_s,matched_inhale
rec2018-01-23_12h57m02.652s.wav,0,2.816,3.832,1.0160000000000005,0.6747571318707568,1,2018-01-23#3,False,False,False,False,usable,usable,-2.2483025315886436,0.21248747801276763,0.14018759168452635,-1.2381588854289036,1.3328629676831056,-0.20865998182204926,-1.4147490481746037,0.9707726406277999,1.223244090595339,2.2483025315886436,duration_s,unannotated_recording
rec2018-01-23_12h57m37.371s.wav,0,2.848,4.04,1.1920000000000002,0.7312926328371442,1,2018-01-23#3,False,False,False,False,usable,usable,-1.630019335401767,0.9928190609267226,-1.058918067118524,0.2958123816116379,0.042612244734277126,-0.4208147285107337,-0.555571279903515,0.7137952997438824,0.8733372320091889,1.630019335401767,duration_s,matched_inhale
rec2018-02-01_17h36m45.706s.wav,0,2.592,4.072,1.48,0.884433458984634,1,2018-02-01#1,False,False,False,False,usable,usable,-0.5188390457512277,-0.45353986006640884,0.6044584180540353,3.1319949529903397,0.12256481354210975,-0.3097220424889431,0.679490238110487,0.8315156244290788,1.266170355587951,3.1319949529903397,spectral_centroid_std,matched_inhale
rec2018-02-01_17h40m59.475s.wav,0,3.136,4.6000000000000005,1.4640000000000004,0.8752980679273605,1,2018-02-01#1,False,False,False,False,usable,usable,-0.5707229503263491,-0.159262912974655,-0.3236496806867622,-1.2196687287529435,0.7272220358283792,0.6659302848456947,0.6702213858174909,0.6195254256046105,0.6933296499873437,1.2196687287529435,spectral_centroid_std,matched_inhale
rec2018-02-02_00h11m42.617s.wav,0,1.92,3.4640000000000004,1.5440000000000005,0.855046564691207,1,2018-02-01#4,False,False,False,False,usable,usable,-0.2967759341697006,-0.11566778600121537,-0.37138593954401994,-0.07760142504967475,0.08505476195093076,0.20863668402755486,1.5347264813212063,0.3842641445806146,0.6154618985540825,1.5347264813212063,spectral_rolloff_std,matched_inhale
rec2018-02-02_00h27m33.111s.wav,0,2.192,4.008,1.816,0.9137525523410124,1,2018-02-01#4,False,False,False,False,usable,usable,0.6205314987184672,-0.07635881884101615,0.49987677397611036,1.2009311999708718,-0.19726122875226992,-0.359877096418935,0.48411379436423213,0.49127863014884315,0.5959137316676366,1.2009311999708718,spectral_centroid_std,matched_inhale
rec2018-02-02_00h33m01.131s.wav,0,4.24,4.488,0.2480000000000002,0.609777107834816,2,2018-02-01#4,True,True,False,False,excluded,too_short+close_neighbor,-4.667476055578037,1.3801830755328401,-0.7901391228742612,-2.424651406055829,1.2976157582927736,-1.0765602321533618,-3.0966526775923016,2.104754046868486,2.4676634037957563,4.667476055578037,duration_s,unannotated_recording
rec2018-02-02_00h33m01.131s.wav,1,4.5280000000000005,5.352,0.8239999999999998,0.6225966502880228,2,2018-02-01#4,False,True,False,False,excluded,close_neighbor,-2.7249426682854447,1.3156207806143139,-1.575116300824173,1.7045625085854545,0.7393922818212977,7.112112417541875,0.9725544631112893,2.3063287743976923,3.0849265205537697,7.112112417541875,spectral_flatness_std,unannotated_recording
rec2018-02-02_00h39m43.100s.wav,0,2.048,3.048,1.0,0.6794351596458286,2,2018-02-01#4,False,True,False,False,excluded,close_neighbor,-2.1313907999460406,0.999167237537149,-0.6263678880087831,-1.2928011704015343,-0.1818323071119361,-0.4394048872804684,0.5228811788549547,0.8848350670201237,1.0759964071938661,2.1313907999460406,duration_s,unannotated_recording
rec2018-02-02_00h39m43.100s.wav,1,3.072,3.3840000000000003,0.3120000000000003,0.5544548204966954,2,2018-02-01#4,True,True,False,False,excluded,too_short+close_neighbor,-4.4516390125455265,-2.3930427662408187,-0.8939347435205233,-2.47857061446555,-1.3304631045912525,-0.29617373414244935,0.6199965965837156,1.780545796012834,2.227375840018599,4.4516390125455265,duration_s,unannotated_recording
rec2018-02-02_01h32m24.455s.wav,0,2.816,3.4000000000000004,0.5840000000000005,0.6513926699047997,2,2018-02-02#1,False,False,False,False,usable,usable,-3.709699177121266,0.32981761212873617,-0.638142399113,-2.0564083535630164,0.15562237846990903,0.24198404631430365,-1.162775077326829,1.1849212920052943,1.6878350107230622,3.709699177121266,duration_s,no_inhale_annotation_in_recording
rec2018-02-02_01h32m24.455s.wav,1,3.6,4.072,0.472,0.7521946132183075,2,2018-02-02#1,True,False,False,False,excluded,too_short,-4.103152120149281,-1.0522586415255906,0.8816065443873126,3.334937522535846,0.682934619020262,0.4698931653486115,-0.5694370759459735,1.5848885269875541,2.0994421644207737,4.103152120149281,duration_s,no_inhale_annotation_in_recording
rec2018-02-02_01h34m08.386s.wav,0,7.472,8.632,1.1599999999999993,0.8434036022326985,1,2018-02-02#1,False,False,False,False,usable,usable,-1.686226898691488,-0.24790150787311727,0.6029137436355438,-0.009594291095153083,0.9216390091536893,-0.19622619783502418,-1.2369980705282466,0.7002142455446089,0.9013086322963891,1.686226898691488,duration_s,no_inhale_annotation_in_recording
rec2018-02-02_01h35m12.866s.wav,0,4.272,5.752000000000001,1.4800000000000004,0.7846499710907171,1,2018-02-02#1,False,False,False,False,usable,usable,-0.56207563289716,-0.00719947856115822,-0.18765185491085762,-0.48324271863294604,0.3671523145758165,0.670081299982403,1.087120450136355,0.4806462499566709,0.579452726672911,1.087120450136355,spectral_rolloff_std,no_inhale_annotation_in_recording
rec2018-02-02_01h36m19.632s.wav,0,3.76,5.32,1.56,0.8015075873496921,1,2018-02-02#1,False,False,False,False,usable,usable,-0.2810378164485804,-0.2748554812326009,0.06754248165521515,-0.039027479623903474,1.0611353786236943,1.0497165019619576,0.7293223856076355,0.5003767893076553,0.6459143120125193,1.0611353786236943,spectral_flatness_mean,no_inhale_annotation_in_recording
rec2018-02-02_01h40m26.773s.wav,0,4.352,5.16,0.8079999999999998,0.6570700742304325,1,2018-02-02#1,False,False,False,False,usable,usable,-2.922793291065242,-0.19833168266298706,-1.3383308353008225,-2.2015606795571965,0.3558607866461642,0.1798161112233375,-0.3998314682242145,1.0852178363828522,1.4899132700282305,2.922793291065242,duration_s,no_inhale_annotation_in_recording
rec2018-02-02_01h58m20.818s.wav,0,2.768,3.4480000000000004,0.6800000000000002,0.6014097113358347,1,2018-02-02#1,False,False,False,False,usable,usable,-3.3724537973829705,1.9296002750314838,-1.0585886748447135,-2.953148995531829,-0.21407299594850446,-1.6279755125618616,-1.390827985310896,1.7923811766588942,2.055273176525757,3.3724537973829705,duration_s,unannotated_recording
rec2018-02-02_01h58m59.251s.wav,0,2.8000000000000003,4.184,1.384,0.8319357220331828,1,2018-02-02#1,False,False,False,False,usable,usable,-0.899321012635459,0.04618313891901264,0.25810810804349715,0.14746112267550776,0.7110773784380784,0.3022660027722019,-0.31575933877379053,0.3828823003225068,0.4774897872965768,0.899321012635459,duration_s,unannotated_recording
rec2018-02-02_02h09m32.913s.wav,0,3.376,4.472,1.0960000000000003,0.7479002350255063,1,2018-02-02#1,False,False,False,False,usable,usable,-1.911057151850349,0.8011663755242409,-0.676093889145877,-1.5644501990320179,-0.5013806296420239,-0.3969598155196133,-0.4742653480308936,0.9036247726778595,1.0577943104377412,1.911057151850349,duration_s,no_inhale_annotation_in_recording
rec2018-02-02_10h27m54.823s.wav,0,2.24,2.8080000000000003,0.5680000000000001,0.6111863187768243,4,2018-02-02#2,False,True,False,False,excluded,close_neighbor,-3.424337701958108,-1.0782373825219984,-0.9578891794047141,-0.8555867364011023,-1.1109754553679845,0.5378189651318745,2.036747918929765,1.4287990485307922,1.6991646132562614,3.424337701958108,duration_s,no_inhale_annotation_in_recording
rec2018-02-02_10h27m54.823s.wav,1,2.928,3.576,0.6480000000000001,0.649980923959187,4,2018-02-02#2,False,True,False,False,excluded,close_neighbor,-3.164918179082494,2.065752548315869,-0.4821571210626906,-2.6660758448254174,0.08385674706300979,-2.2333216718455597,-1.894821541810264,1.7987005220007577,2.077415389034607,3.164918179082494,duration_s,no_inhale_annotation_in_recording
rec2018-02-02_10h27m54.823s.wav,2,3.616,4.216,0.6000000000000001,0.7523928142729259,4,2018-02-02#2,False,True,False,False,excluded,close_neighbor,-3.320569892807862,-1.1028371830823052,-0.024503757660129494,-1.6861363432601049,-1.3376790235286975,-0.7468883879131387,-0.956052413079547,1.3106667144759694,1.6189659009096056,3.320569892807862,duration_s,no_inhale_annotation_in_recording
rec2018-02-02_10h27m54.823s.wav,3,4.848,5.192,0.3440000000000003,0.6201128032472398,4,2018-02-02#2,True,False,False,False,excluded,too_short,-4.150712366009826,0.3333301528169208,-0.1439773118828965,1.6493915128781231,-0.1257939938027124,-0.8504246208697728,1.36677341694965,1.2314861964585575,1.8003118659655215,4.150712366009826,duration_s,no_inhale_annotation_in_recording
rec2018-02-02_10h29m51.284s.wav,0,2.56,4.5360000000000005,1.9760000000000004,0.8965559463415828,1,2018-02-02#2,False,False,False,False,usable,usable,1.1414459006527018,0.08971829931593611,-0.6170728497611018,-0.6564627857209107,-0.22098527843094315,1.7132224185378466,1.2832400303407312,0.8174496518228817,0.9822234930743685,1.7132224185378466,spectral_flatness_std,no_inhale_annotation_in_recording
rec2018-02-02_10h46m42.260s.wav,0,2.576,4.168,1.592,0.8354722796515985,1,2018-02-02#2,False,False,False,False,usable,usable,-0.10376780915024718,0.8807975721966965,-1.0743587944484216,0.3804407339990219,-0.5604150694938115,-0.712406973175904,1.1592314236271897,0.6959169108701845,0.779281750970354,1.1592314236271897,spectral_rolloff_std,matched_inhale
rec2018-02-02_10h48m38.792s.wav,0,2.864,4.760000000000001,1.8960000000000008,0.7457035189477083,1,2018-02-02#2,False,False,False,False,usable,usable,0.8820263777770888,0.8852338776326764,-0.38415373770132216,0.17032939097873653,-0.2937261139196892,-0.43701587524511776,0.01059556070110301,0.43758299056510486,0.5365985352125032,0.8852338776326764,mean_rms,matched_inhale
rec2018-02-02_10h57m01.870s.wav,0,2.832,4.760000000000001,1.9280000000000008,0.9071378724290692,1,2018-02-02#2,False,False,False,False,usable,usable,0.9857941869273346,0.475313850815427,-0.7410856663245886,0.8026056066202709,-0.6277299381674257,-0.5349291925774087,1.473146964916813,0.80580077233561,0.8653201931699357,1.473146964916813,spectral_rolloff_std,matched_inhale
rec2018-02-02_10h58m28.930s.wav,0,2.528,4.6000000000000005,2.0720000000000005,0.904436143273014,1,2018-02-02#2,False,False,False,False,usable,usable,1.452749328103439,-0.2396430911157782,-0.017511154791429184,0.08814806278328413,-0.860210704301241,-0.3319125187150747,0.9652007752458666,0.5650536621508733,0.7519239185818638,1.452749328103439,duration_s,matched_inhale
rec2018-02-02_10h59m19.989s.wav,0,2.4,4.04,1.64,0.8993932532740163,1,2018-02-02#2,False,False,False,False,usable,usable,0.05188390457512071,0.39992521065111325,-0.44788553156370714,-0.4954614311639916,-0.08919299588410642,1.0164311563581596,-0.15547760022222665,0.3794654043454893,0.48901892500987604,1.0164311563581596,spectral_flatness_std,matched_inhale
rec2018-02-02_11h00m10.171s.wav,0,3.616,5.144,1.528,0.8245993781657446,1,2018-02-02#2,False,False,False,False,usable,usable,-0.3113034274507387,-0.49197918577468724,0.13258944939760273,-1.2725047694391984,-0.419593804646075,-0.3868342193136249,-1.5078206922498323,0.6460893640388228,0.8084398208561336,1.5078206922498323,spectral_rolloff_std,no_inhale_annotation_in_recording
rec2018-02-02_11h00m59.338s.wav,0,2.72,4.36,1.64,0.8713628723380271,1,2018-02-02#2,False,False,False,False,usable,usable,0.05188390457512071,-0.9793247496895622,0.1959273534557563,0.17362742805929243,-0.7251279403797325,-0.17587502174552214,1.0218246457495626,0.4747987205220784,0.6130918221103012,1.0218246457495626,spectral_rolloff_std,matched_inhale
rec2018-02-02_11h01m45.212s.wav,0,3.184,4.728000000000001,1.5440000000000005,0.884332635122187,1,2018-02-02#2,False,False,False,False,usable,usable,-0.2594195228756144,0.2310702788412565,-0.09668618197301612,-2.302977613046183,-0.12149591034117266,-0.9426382271690508,-1.4271404878507323,0.7687754602995751,1.09373567727452,2.302977613046183,spectral_centroid_std,matched_inhale
rec2018-02-05_10h37m14.374s.wav,0,1.184,2.4080000000000004,1.2240000000000004,0.7694828528624315,1,2018-02-05#1,False,False,False,False,usable,usable,-1.4613966455326248,-0.3994433233079135,0.7997106866086654,3.2249240935701997,1.2115214016304956,1.035216838498961,1.1974167141943441,1.3328042433347436,1.5724490685564096,3.2249240935701997,spectral_centroid_std,unannotated_recording
rec2018-02-05_10h38m19.385s.wav,0,1.344,2.232,0.8880000000000001,0.6960483545606787,1,2018-02-05#1,False,False,False,False,usable,usable,-2.6417554746166694,1.5643466626640783,-1.2926221880005666,-1.0857020877873151,-0.20382968701467444,-0.6618493339519285,-1.0339745018932522,1.212011419418355,1.40531480793039,2.6417554746166694,duration_s,unannotated_recording
rec2018-02-05_10h39m00.035s.wav,0,1.648,2.52,0.8719999999999999,0.6643615267997565,1,2018-02-05#1,False,False,False,False,usable,usable,-2.6979630379063866,-0.6859364319753314,0.20285192054535667,1.0357853543788518,1.98116798014905,1.3220263260844636,-1.2477854733218832,1.3105023606230461,1.5162577195420561,2.6979630379063866,duration_s,matched_inhale
rec2018-02-05_10h41m21.507s.wav,0,1.392,2.744,1.352,0.7054648546323384,1,2018-02-05#1,False,False,False,False,usable,usable,-1.0117361392148951,-0.17116611549743516,-0.8427450506619205,0.6988450793672303,0.020791028625114165,3.0605374042376945,1.3985803306103115,1.0292001640306574,1.3925752060039311,3.0605374042376945,spectral_flatness_std,matched_inhale
rec2018-02-05_10h42m50.893s.wav,0,2.272,3.4640000000000004,1.1920000000000002,0.7277269675618127,1,2018-02-05#1,False,False,False,False,usable,usable,-1.5738117721120584,0.31281769250590347,-0.05302889889521969,-2.1317267221961878,1.3192206823131711,-0.475694707649876,-1.86049138940357,1.1038274092965694,1.3389690148234155,2.1317267221961878,spectral_centroid_std,unannotated_recording
rec2018-02-05_10h43m40.571s.wav,0,2.912,4.136,1.2240000000000002,0.735396799674401,1,2018-02-05#1,False,False,False,False,usable,usable,-1.4613966455326257,0.9445434117673646,-0.9098999474408143,2.7376975767899943,-0.1692206979320999,3.997992739121188,0.9680558148310676,1.598400976202165,2.0107021515560306,3.997992739121188,spectral_flatness_std,no_inhale_annotation_in_recording
rec2018-02-05_10h44m37.655s.wav,0,3.008,4.376,1.3680000000000003,0.6891214513417446,1,2018-02-05#1,False,False,False,False,usable,usable,-0.955528575925178,1.8419699280635906,-1.1878415056473748,1.177667917835873,-0.8282457359589399,0.46613347441726677,-0.5079025160030913,0.9950413791216163,1.086606356861808,1.8419699280635906,mean_rms,unannotated_recording
rec2018-02-05_10h45m35.939s.wav,0,2.624,3.544,0.92,0.575786864316022,1,2018-02-05#1,False,False,False,False,usable,usable,-2.5293403480372367,0.5456180317572601,0.4249458576194566,2.603672919617493,1.0594292067511377,2.407306247156551,0.22704546515475774,1.3996225822991275,1.7164754811618592,2.603672919617493,spectral_centroid_std,no_inhale_annotation_in_recording
rec2018-02-05_10h52m39.045s.wav,0,0.848,2.8720000000000003,2.0240000000000005,0.9717126385025356,1,2018-02-05#1,False,False,False,False,usable,usable,1.3489815189531928,0.4739726378458118,-0.367752029428462,-2.4002472081921145,-1.501513567382149,-1.2225188357134311,-0.45464021685684286,1.1099465734817149,1.3036554342626079,2.4002472081921145,spectral_centroid_std,no_inhale_annotation_in_recording
rec2018-02-05_10h53m45.411s.wav,0,0.496,2.7920000000000003,2.2960000000000003,0.9803768509265148,2,2018-02-05#1,False,False,False,False,usable,usable,2.30451009487837,0.24254559413086135,0.45480747225150336,-1.3960454907322615,0.03726813786109319,0.0938717901376984,-0.10288347799245275,0.6617045797120343,1.0382797468316387,2.30451009487837,duration_s,no_inhale_annotation_in_recording
rec2018-02-05_10h53m45.411s.wav,1,4.016,4.216,0.2000000000000001,0.4180362522602081,2,2018-02-05#1,True,False,False,False,excluded,too_short,-5.058680696074473,0.83196763875627,1.0241720912684662,-2.1722483491061326,-0.15647120358147035,-1.8718612822634042,-1.9333359475243699,1.8641053155106548,2.3699351312122663,5.058680696074473,duration_s,no_inhale_annotation_in_recording
rec2018-02-05_10h54m35.447s.wav,0,3.408,5.720000000000001,2.3120000000000007,0.9202998562862998,1,2018-02-05#1,False,False,False,False,usable,usable,2.360717658168088,-0.4060814327434363,0.9108046158570596,-1.1217643420691428,0.7842671402736924,0.7211358000309355,0.018183234311126322,0.9032791747790687,1.1314499356653123,2.360717658168088,duration_s,matched_inhale
rec2018-02-05_10h55m27.871s.wav,0,0.864,2.8880000000000003,2.0240000000000005,0.9528268104014188,1,2018-02-05#1,False,False,False,False,usable,usable,1.3489815189531928,-0.9289284757412498,0.8469574804473351,-1.1141317505438006,-0.015516290839066573,2.251893080422924,0.8074925178481288,1.0448430163993854,1.2168221580408578,2.251893080422924,spectral_flatness_std,matched_inhale
rec2018-02-05_10h56m11.262s.wav,0,1.344,4.328,2.984,0.9798908335821968,1,2018-02-05#1,False,False,False,False,usable,usable,4.721435316336172,-1.522931258212061,1.7144081835026759,0.4854560011869711,-0.627954404134961,0.03171001942954056,0.6396757995279726,1.3919387117614794,2.0209846044455544,4.721435316336172,duration_s,matched_inhale
rec2018-02-05_10h58m35.817s.wav,0,1.952,4.6000000000000005,2.648000000000001,0.97821260582317,1,2018-02-05#1,False,False,False,False,usable,usable,3.5410764872521323,-1.260620495214914,1.6058479735537052,-1.439550267755067,-0.29309342117137627,0.1816857828008133,0.540886807552779,1.2661087479001123,1.6557653139809287,3.5410764872521323,duration_s,matched_inhale
rec2018-02-05_11h01m02.037s.wav,0,2.384,3.704,1.3200000000000005,0.8469881784748023,1,2018-02-05#1,False,False,False,False,usable,usable,-1.1241512657943264,0.6980939550442502,-0.31764872887215945,2.5711813204395764,-1.2213190956377329,-1.6855130872672137,0.4292667915314846,1.1495963206552489,1.361709535579553,2.5711813204395764,spectral_centroid_std,no_inhale_annotation_in_recording
rec2018-02-05_11h02m06.737s.wav,0,1.104,2.4560000000000004,1.3520000000000003,0.861350122323403,1,2018-02-05#1,False,False,False,False,usable,usable,-1.0117361392148945,0.7765024437153202,-0.2468578855229781,0.21283725162994716,-0.478408703453974,-0.3265834842493178,0.00906817462084536,0.4374277260581824,0.543588403026129,1.0117361392148945,duration_s,no_inhale_annotation_in_recording
rec2018-02-05_11h03m04.776s.wav,0,2.528,4.04,1.512,0.9807284854980836,1,2018-02-05#1,False,False,False,False,usable,usable,-0.44966050631773197,1.341031835128969,-0.7601017555920777,-0.3399653743214819,-0.7850116618767135,0.23519785545926863,0.4045024419704319,0.6164959186666678,0.710037791189225,1.341031835128969,mean_rms,matched_inhale
rec2018-02-05_11h03m43.815s.wav,0,3.232,4.6160000000000005,1.3840000000000003,0.9782076946894328,1,2018-02-05#1,False,False,False,False,usable,usable,-0.8993210126354616,-0.04089848983999944,0.6765073711729445,1.6532615330669644,0.30307286456792104,1.6443922765953205,0.18761727245740706,0.772152974333717,0.987960832920677,1.6532615330669644,spectral_centroid_std,matched_inhale
rec2018-02-05_11h04m48.418s.wav,0,1.36,2.4720000000000004,1.1120000000000003,0.957307912152389,1,2018-02-05#1,False,False,False,False,usable,usable,-1.8548495885606398,-0.24975308115394992,0.29049680126251237,1.4517691606644167,-0.12005974121652765,1.4544485180318405,0.5718438575225377,0.8561743926303464,1.0791336416365105,1.8548495885606398,duration_s,matched_inhale
rec2018-02-05_11h05m32.273s.wav,0,1.968,3.4960000000000004,1.5280000000000005,0.9355266179357256,1,2018-02-05#1,False,False,False,False,usable,usable,-0.39345294302801403,0.8157385773105034,-0.3134114692853485,-0.9842356295487928,-1.1612872222813748,-1.5798784528279781,0.11632013669684751,0.7663320615684085,0.9059577001311272,1.5798784528279781,spectral_flatness_std,unannotated_recording
rec2018-02-05_11h06m12.128s.wav,0,0.256,0.632,0.376,0.8551827420790991,2,2018-02-05#1,True,False,False,False,excluded,too_short,-4.440397499887593,-3.33252381521903,3.63728737956328,-2.8830311103996977,-0.5655958381832811,-1.3680865054919074,-4.056098544061627,2.8975743846866306,3.1849661926640596,4.440397499887593,duration_s,outside_inhale_annotations
rec2018-02-05_11h06m12.128s.wav,1,1.824,3.256,1.4320000000000002,0.9486066569120456,2,2018-02-05#1,False,False,False,False,usable,usable,-0.7306983227663132,0.2944330199765884,0.14112071603758095,-1.3444570601998123,-0.37193009773308094,0.27230172171305017,-0.8289392110743705,0.569125735642971,0.691552200928808,1.3444570601998123,spectral_centroid_std,matched_inhale
rec2018-02-05_11h06m59.857s.wav,0,1.648,2.9360000000000004,1.2880000000000005,0.7300328702207596,1,2018-02-05#1,False,False,False,False,usable,usable,-1.2365663923737593,0.9106600447067775,-0.49771984641092165,-1.5152248892900877,-1.3408506120451216,1.1522137117113798,-0.008616529456639418,0.9516931465706697,1.0708861961856266,1.5152248892900877,spectral_centroid_std,unannotated_recording
rec2018-02-05_11h20m08.624s.wav,0,0.4,0.8560000000000001,0.456,0.5395156272820064,2,2018-02-05#1,True,False,False,False,excluded,too_short,-4.159359683439011,-2.7441448579898147,1.5355774764773502,0.13467335609527623,0.31030829273556887,-1.1907503588248083,-2.6114504067018167,1.812323490323378,2.253270320388355,4.159359683439011,duration_s,outside_inhale_annotations
rec2018-02-05_11h20m08.624s.wav,1,3.344,4.328,0.9840000000000004,0.7612186801433564,2,2018-02-05#1,False,False,False,False,usable,usable,-2.30451009487837,1.1464826628240226,-0.722295684068481,-0.6642158010058132,1.3058813786495873,0.25609954919597877,-1.2402432141486872,1.0913897692529915,1.2476949800976498,2.30451009487837,duration_s,matched_inhale
rec2018-02-05_11h20m47.521s.wav,0,5.5840000000000005,7.08,1.4959999999999996,0.9311994314193726,1,2018-02-05#1,False,False,False,False,usable,usable,-0.5058680696074499,0.8484965621112929,-0.44072033840480196,-0.40616596432237734,1.1611482816325287,0.20748615429665737,-1.4681319653457605,0.7197167622458384,0.8351031955781287,1.4681319653457605,spectral_rolloff_std,matched_inhale
rec2018-02-05_11h22m34.731s.wav,0,6.5760000000000005,8.168,1.5919999999999987,0.932743720032952,1,2018-02-05#1,False,False,False,False,usable,usable,-0.16862268986915466,1.3871035858323255,-1.1143107476914862,-0.1525696619767456,0.20012059754917716,-1.122923659153783,-0.4719485499641528,0.659657070290975,0.822990812759699,1.3871035858323255,mean_rms,matched_inhale
rec2018-02-05_11h23m35.644s.wav,0,5.392,7.176,1.7839999999999998,0.932170993089676,1,2018-02-05#1,False,False,False,False,usable,usable,0.5058680696074452,1.2658770796276713,-1.094883047430529,2.1363679467556564,-0.3740319818551345,-0.4752680255098735,0.2860475291307442,0.8769062399881505,1.0736311540412167,2.1363679467556564,spectral_centroid_std,matched_inhale
rec2018-02-05_11h30m48.760s.wav,0,3.824,5.816000000000001,1.9920000000000004,0.9419403234414296,1,2018-02-05#1,False,False,False,False,usable,usable,1.23656639237376,1.5392431288643262,-0.9656925111875589,-0.5890817619064387,-0.6242923792496126,-1.1782785745539244,0.06058540288023467,0.8848200215736935,0.997117070498957,1.5392431288643262,mean_rms,matched_inhale
rec2018-02-06_10h28m57.917s.wav,0,1.68,2.9200000000000004,1.2400000000000004,0.8426486922032905,1,2018-02-06#1,False,False,False,False,usable,usable,-1.4051890822429027,0.5003431372968351,-0.7476972651909682,-1.1280313427099125,0.24848535370167887,0.04057409146707641,0.014710157586144836,0.583575775742217,0.7671853137134758,1.4051890822429027,duration_s,matched_inhale
rec2018-02-06_10h30m00.277s.wav,0,5.408,6.776000000000001,1.3680000000000003,0.8467826495567957,1,2018-02-06#1,False,False,False,False,usable,usable,-0.9555285759251737,0.7807444733429316,-0.5132894559713357,-0.1793594198716004,0.4944598594703677,-1.3417095369513972,-0.8074688302362538,0.7246514502527229,0.8031112363045216,1.3417095369513972,spectral_flatness_std,matched_inhale
rec2018-02-06_10h32m03.907s.wav,0,5.5200000000000005,6.648000000000001,1.128,0.875330215793545,1,2018-02-06#1,False,False,False,False,usable,usable,-1.798642025270918,-0.07130690129126371,-0.1896968206173195,-0.36148372826776065,0.9884404730729316,-0.050496130365161006,-0.26843735707163835,0.5326433479938562,0.7980759202570727,1.798642025270918,duration_s,matched_inhale
rec2018-02-06_10h32m43.911s.wav,0,5.904,6.984,1.08,0.8556148558855057,1,2018-02-06#1,False,False,False,False,usable,usable,-1.967264715140066,-0.14365755473441993,-0.90863631379647,-0.4992129708314052,-0.23210890926442249,-0.4643503962272552,-0.010702680974002027,0.603704791566863,0.8648048398404043,1.967264715140066,duration_s,matched_inhale
rec2018-02-06_11h39m13.131s.wav,0,7.136,8.2,1.0639999999999992,0.8236956238746643,1,2018-02-06#2,False,False,False,False,usable,usable,-1.8678205647044241,0.6992241106283127,-0.6888379199372793,-1.3788655106747258,1.3429552817153563,-0.3535729805059488,-1.803360287426666,1.162090950798959,1.2836380699729477,1.8678205647044241,duration_s,matched_inhale
rec2018-02-06_12h10m09.167s.wav,0,1.264,2.104,0.8400000000000001,0.6970022112131119,2,2018-02-06#3,False,False,False,False,usable,usable,-2.810378164485823,0.6648206336851317,-1.0397558658352164,0.5391453378809276,-0.12998887845080062,-0.784303068164527,-0.41694525616884354,0.9121910292387527,1.2257856731899734,2.810378164485823,duration_s,no_inhale_annotation_in_recording
rec2018-02-06_12h10m09.167s.wav,1,9.536,10.152,0.6159999999999997,0.677831766280261,2,2018-02-06#3,False,False,False,False,usable,usable,-3.597284050541854,0.5744994156694253,-0.9496365942214955,1.9007284898409182,-0.23254702474312214,-0.8827582894255109,-0.1653956422386095,1.1861213580972763,1.6320791562912589,3.597284050541854,duration_s,no_inhale_annotation_in_recording
rec2018-02-06_12h11m01.614s.wav,0,1.056,1.576,0.52,0.6061815654530245,2,2018-02-06#3,False,False,False,False,usable,usable,-3.934529430280151,0.05841587374258902,-0.836365289756475,0.9335582935041024,0.6625200249658383,1.7112534108979813,-0.14380125469728267,1.1829205111206313,1.7089249777886142,3.934529430280151,duration_s,no_inhale_annotation_in_recording
rec2018-02-06_12h11m01.614s.wav,1,8.944,9.624,0.6799999999999979,0.5698623680151426,2,2018-02-06#3,False,False,False,False,usable,usable,-3.3724537973829944,1.720199929470019,-1.4856856117947697,0.7440083634364956,-0.1637079229866838,-0.926580436114849,0.06251228126629411,1.210735477493158,1.6027922942137844,3.3724537973829944,duration_s,no_inhale_annotation_in_recording
rec2018-02-06_12h12m08.951s.wav,0,1.552,2.104,0.552,0.7069392696670864,3,2018-02-06#3,False,False,False,False,usable,usable,-3.8221143037007184,2.1101396747083614,-1.2840901366806243,0.4932236637622653,0.3034922337253156,-1.5022530841499806,-0.549110464527541,1.4377747944649724,1.8362927881223408,3.8221143037007184,duration_s,unannotated_recording
rec2018-02-06_12h12m08.951s.wav,1,2.8000000000000003,3.096,0.2959999999999998,0.5231948345899582,3,2018-02-06#3,True,False,False,False,excluded,too_short,-4.721435316336182,-0.8523822824091066,-1.2628025806766023,-0.8361771207189186,-1.0937216704071602,-1.3537201406137562,-0.25655846500728086,1.4823996537384294,2.0144824607993423,4.721435316336182,duration_s,unannotated_recording
rec2018-02-06_12h12m08.951s.wav,2,9.92,10.152,0.2319999999999993,0.5995945533116659,3,2018-02-06#3,True,False,False,False,excluded,too_short,-4.946265569495049,0.6808862337111967,-0.7793773381196839,2.541945335776468,-0.27355857715300563,-2.1834745724031523,0.36144839945170915,1.6809937180157521,2.2981702262393497,4.946265569495049,duration_s,unannotated_recording
rec2018-02-06_12h13m05.267s.wav,0,0.864,1.976,1.112,0.7586561706331041,2,2018-02-06#3,False,False,False,False,usable,usable,-1.8548495885606435,0.051338201870213304,-0.7038681938011144,0.5007919401093531,0.9194080640367241,1.8186823758793567,0.4237730654484324,0.8961016328151196,1.103360191947935,1.8548495885606435,duration_s,unannotated_recording
rec2018-02-06_12h13m05.267s.wav,1,7.888,8.68,0.7919999999999998,0.7212484494635933,2,2018-02-06#3,False,False,False,False,usable,usable,-2.9790008543549726,0.1347865102004483,-0.438143387125819,-0.512209771912256,1.2227896849708626,-1.0542616481364135,-1.8558718318048923,1.1710090983579522,1.483137815780808,2.9790008543549726,duration_s,unannotated_recording
rec2018-02-06_12h13m52.029s.wav,0,1.632,2.568,0.936,0.8035755893017383,2,2018-02-06#3,False,False,False,False,usable,usable,-2.473132784747524,-0.7055034846686186,-0.5939551156575368,-0.7641833048890195,0.04997912483907525,-0.6020586652951654,-0.7535465479204623,0.8489084325739145,1.1008882575979266,2.473132784747524,duration_s,matched_inhale
rec2018-02-06_12h13m52.029s.wav,1,9.072,9.944,0.8719999999999981,0.7791639372359874,2,2018-02-06#3,False,False,False,False,usable,usable,-2.697963037906397,-0.4080406196648709,-0.5262843620847188,-1.0705307603251046,0.2419572963477715,-0.5763487520140725,-0.28354300024743323,0.8292382612271955,1.155090032976786,2.697963037906397,duration_s,outside_inhale_annotations
rec2018-02-06_12h15m08.616s.wav,0,2.752,3.688,0.936,0.7298012505406919,2,2018-02-06#3,False,False,False,False,usable,usable,-2.473132784747524,-0.9229691588037826,-0.5671998728990469,2.221485359718432,-0.4645809152599047,-0.3473013388770181,0.16439560518965762,1.0230092907850523,1.3410257428109278,2.473132784747524,duration_s,matched_inhale
rec2018-02-06_12h15m08.616s.wav,1,10.144,11.0,0.8559999999999999,0.7765681544939677,2,2018-02-06#3,False,False,False,False,usable,usable,-2.754170601196107,-0.9594924563171703,0.09574413810240713,2.714255295920431,0.3243162077129492,1.3595435036103884,1.114865393179087,1.3317696565769344,1.6509259138581442,2.754170601196107,duration_s,outside_inhale_annotations
rec2018-02-06_12h16m57.870s.wav,0,11.44,11.736,0.2959999999999994,0.7482584459441048,1,2018-02-06#3,True,False,False,False,excluded,too_short,-4.7214353163361835,0.7327013565544233,0.3818047503910774,0.3263865302254424,0.9772793867252886,-0.5075553826507654,-1.393741192788429,1.2915577022388012,1.9359865605137228,4.7214353163361835,duration_s,no_inhale_annotation_in_recording
rec2018-02-06_12h17m38.883s.wav,0,0.768,1.784,1.016,0.8817145824432373,1,2018-02-06#3,False,False,False,False,usable,usable,-2.1920949682989423,-0.7678504837130075,0.7707400407248376,3.9479355001659804,0.9259267783939623,-0.3556778433831372,-0.005937828301025401,1.2808804918544134,1.795191673978528,3.9479355001659804,spectral_centroid_std,matched_inhale
rec2018-02-06_12h18m33.477s.wav,0,1.936,2.9040000000000004,0.9680000000000004,0.6129617455758547,1,2018-02-06#3,False,False,False,False,usable,usable,-2.36071765816809,0.6805976116336816,-0.8311284946115834,1.0211658727154052,0.17903052268302752,-1.1760187411096872,-0.33406220288384764,0.9403887291150461,1.1524151563186775,2.36071765816809,duration_s,unannotated_recording
rec2018-02-06_12h19m34.374s.wav,0,2.912,3.192,0.2800000000000002,0.5943920115629832,2,2018-02-06#3,True,True,False,False,excluded,too_short+close_neighbor,-4.777642879625897,0.8216880190102755,-1.6461346844850169,-0.9190339794771931,-0.5449862460059995,-1.0322350842200023,-0.21028118728819115,1.4217145828732247,2.0164382671249483,4.777642879625897,duration_s,unannotated_recording
rec2018-02-06_12h19m34.374s.wav,1,3.344,3.944,0.6000000000000005,0.7227418147600614,2,2018-02-06#3,False,True,False,False,excluded,close_neighbor,-3.653491613831567,0.44867408077412746,-1.3054123806259892,-0.9576670780645685,0.28753323846357887,0.7489141188014599,-0.09008652639537196,1.0702541481366663,1.5502165941661157,3.653491613831567,duration_s,unannotated_recording
rec2018-02-06_12h20m19.800s.wav,0,2.4,2.712,0.3120000000000003,0.5577349066734314,2,2018-02-06#3,True,True,False,False,excluded,too_short+close_neighbor,-4.665227753046464,-1.1441467906738543,-1.7423536137845805,1.3068137904162602,-1.5064058417665778,-1.7099887680880765,0.6669748831113314,1.8202730629838777,2.186162845407835,4.665227753046464,duration_s,unannotated_recording
rec2018-02-06_12h20m19.800s.wav,1,2.768,3.544,0.7759999999999998,0.7171157399813334,2,2018-02-06#3,False,True,False,False,excluded,close_neighbor,-3.0352084176446894,0.8965059612971084,-1.58067095118026,-0.9168548710974419,-1.1818493116440956,-1.4333219119416551,-1.3510164730261467,1.4850611282616282,1.6314665443273668,3.0352084176446894,duration_s,unannotated_recording
rec2018-02-06_12h21m35.410s.wav,0,2.816,3.3040000000000003,0.4880000000000004,0.6792135834693909,2,2018-02-06#3,True,True,False,False,excluded,too_short+close_neighbor,-4.046944556859582,1.5893460880049346,-0.9820438034228511,-0.5232053267713634,0.19603909940724423,-1.6900379472302725,-0.560977888588891,1.3697992443264486,1.8264442763630537,4.046944556859582,duration_s,unannotated_recording
rec2018-02-06_12h21m35.410s.wav,1,3.392,3.976,0.5840000000000005,0.8003438040614128,2,2018-02-06#3,False,True,False,False,excluded,close_neighbor,-3.709699177121284,-0.11858714593168374,-1.2176811569742225,1.1340748438636534,-1.6643437948277864,-1.6031587262661204,0.6219875145320686,1.4385046227881173,1.7837292669600053,3.709699177121284,duration_s,unannotated_recording
rec2018-02-08_14h33m35.005s.wav,0,2.16,3.5280000000000005,1.3680000000000003,0.6193161793783599,1,2018-02-08#1,False,False,False,False,usable,usable,-0.9555285759251732,1.046114127892817,-0.8873494520141861,1.4924338775431765,0.4302204397976646,-0.2647727229701331,1.9105729141033696,0.9981417300352172,1.129324743790929,1.9105729141033696,spectral_rolloff_std,unannotated_recording
rec2018-02-08_14h35m33.038s.wav,0,3.648,3.848,0.2000000000000001,0.5410417318344116,2,2018-02-08#1,True,False,False,False,excluded,too_short,-5.058680696074453,-0.009431326260284832,-0.21935314587857802,-0.030731441313576243,0.9024498861181197,0.24636716419078364,0.019928382434931655,0.9267060060386755,1.9462384700389133,5.058680696074453,duration_s,unannotated_recording
rec2018-02-08_14h35m33.038s.wav,1,4.672,5.928,1.2560000000000002,0.7599560413787614,2,2018-02-08#1,False,False,False,False,usable,usable,-1.3489815189531866,0.07289677139820669,0.5253570755784137,-1.3530829829396962,1.5434560892608007,-0.1476765191862102,-0.5279826299808152,0.788490512471047,0.9720912218140463,1.5434560892608007,spectral_flatness_mean,unannotated_recording
rec2018-02-08_14h36m13.041s.wav,0,3.664,3.992,0.3280000000000003,0.5973939961857266,2,2018-02-08#1,True,True,False,False,excluded,too_short+close_neighbor,-4.609020189756723,-5.299305611496746,-1.7162036563754193,1.0437427675386666,-3.1494458510005674,-1.5286515364410094,1.4073068449400232,2.6790966367927367,3.107519871735907,5.299305611496746,mean_rms,unannotated_recording
rec2018-02-08_14h36m13.041s.wav,1,4.0,6.04,2.04,0.9232310796606128,2,2018-02-08#1,False,True,False,False,excluded,close_neighbor,1.4051890822429043,-0.55773947019547,0.9173525574555124,1.0746422226492196,1.3752971119462591,0.5507729953390406,0.009827360734829751,0.841545828651891,0.9619111119002832,1.4051890822429043,duration_s,unannotated_recording
rec2018-02-08_14h37m48.457s.wav,0,4.192,5.656000000000001,1.4640000000000004,0.7844189666211605,1,2018-02-08#1,False,False,False,False,usable,usable,-0.6182831961868759,1.2281777984481805,-0.5446909524064016,-1.8485192183485388,0.12300715611846641,-1.1504347905699952,-2.0688524633989336,1.0831379393539131,1.26621978641982,2.0688524633989336,spectral_rolloff_std,unannotated_recording
rec2018-02-08_14h50m50.378s.wav,0,0.592,2.168,1.576,0.6937602174125219,1,2018-02-08#1,False,False,False,False,usable,usable,-0.22483025315886404,1.8375221761649985,-1.5586268605083544,-0.6222187762271258,-0.8005238258264374,-1.1699716066354435,0.15052907981497446,0.9091746540480283,1.0873191965524465,1.8375221761649985,mean_rms,unannotated_recording
rec2018-02-08_15h03m14.166s.wav,0,2.128,2.3760000000000003,0.2480000000000002,0.5225927829742432,2,2018-02-08#1,True,False,False,False,excluded,too_short,-4.8900580062053045,1.9510740163427112,-1.0605768157685411,-0.963934119040313,1.1490174788603038,0.003605968052165279,-1.5661248310698466,1.6549130336198836,2.189140419875269,4.8900580062053045,duration_s,unannotated_recording
rec2018-02-08_15h03m14.166s.wav,1,2.688,4.088,1.4,0.6674971529122057,2,2018-02-08#1,False,False,False,False,usable,usable,-0.8431134493457423,1.441196036925466,-0.8768103490597806,-0.8226571410834712,-0.05823302512721861,-0.9994809886731494,-0.8021655946533277,0.8348080835525937,0.9164582788798065,1.441196036925466,mean_rms,unannotated_recording
rec2018-02-08_15h04m25.148s.wav,0,9.072,9.272,0.1999999999999993,0.4761245846748352,1,2018-02-08#1,True,False,False,False,excluded,too_short,-5.058680696074456,-1.0383295168160203,-0.2233321949532025,-0.49520579254515534,0.7293300284991836,-0.533628581979928,-2.394388841138787,1.4961279502866758,2.188060598963223,5.058680696074456,duration_s,unannotated_recording
rec2018-02-08_15h06m27.101s.wav,0,1.92,3.64,1.7200000000000002,0.8075224148730437,1,2018-02-08#1,False,False,False,False,usable,usable,0.2810378164485818,0.8255901575230385,0.6289704380629141,0.5428764602874397,1.3897524469683196,-0.42895652003645873,-2.772612284896836,0.9813994463176555,1.2679395246879566,2.772612284896836,spectral_rolloff_std,unannotated_recording
rec2018-02-08_15h08m45.803s.wav,0,4.032,6.648000000000001,2.6160000000000005,0.8120058557471713,1,2018-02-08#1,False,False,False,False,usable,usable,3.4286613606726877,0.4425541947954284,0.7380791899450688,3.0853387487164783,1.323015127590491,-0.36074966304185063,-0.3692579373618873,1.3925223174462702,1.8528938678257971,3.4286613606726877,duration_s,unannotated_recording
rec2018-02-08_15h20m25.156s.wav,0,3.168,5.192,2.024,0.9223712972972704,1,2018-02-08#1,False,False,False,False,usable,usable,1.3489815189531882,-0.2529081771870447,1.0519412038579454,-0.8023283096235129,1.6516370410932102,-0.3660693341184314,-1.9521616063646205,1.0608610273139933,1.2134291025036619,1.9521616063646205,spectral_rolloff_std,unannotated_recording
rec2018-02-08_15h23m00.916s.wav,0,4.128,4.504,0.3760000000000003,0.5958696727951368,2,2018-02-08#1,True,False,False,False,excluded,too_short,-4.440397499887575,-0.2623139650604888,-0.6175968102215048,-0.6658675875176284,0.27564606097232647,-1.038775567356415,-0.18971857395460573,1.0700451521386491,1.764805639033273,4.440397499887575,duration_s,unannotated_recording
rec2018-02-08_15h23m00.916s.wav,1,4.88,7.16,2.28,0.9132561447056196,2,2018-02-08#1,False,False,False,False,usable,usable,2.248302531588646,1.2200152192461426,-0.2525222838808992,-0.19641944131374095,0.15104910522355633,-0.9999329993799194,-2.6048043583560965,1.0961494198555715,1.4369281267576741,2.6048043583560965,spectral_rolloff_std,unannotated_recording
rec2018-02-08_15h25m08.376s.wav,0,4.992,6.104,1.112,0.80172025142832,2,2018-02-08#1,False,True,False,False,excluded,close_neighbor,-1.8548495885606324,1.2426366115419323,0.10278959178418667,-1.557996548208745,1.9866609844859586,-1.4753793538330722,-3.1206301774862073,1.6201346937001049,1.823827627294183,3.1206301774862073,spectral_rolloff_std,unannotated_recording
rec2018-02-08_15h25m08.376s.wav,1,6.112,7.208,1.096,0.7350317149792077,2,2018-02-08#1,False,True,False,False,excluded,close_neighbor,-1.9110571518503485,1.1777788135534573,-0.18520967856231274,1.0144119998492551,0.15942339367238625,-1.3917907338216733,-2.5658876366721155,1.2007942011402213,1.4466174008450483,2.5658876366721155,spectral_rolloff_std,unannotated_recording
rec2018-02-09_10h49m08.773s.wav,0,2.992,4.728000000000001,1.7360000000000009,0.6700429071982702,1,2018-02-09#1,False,False,False,False,usable,usable,0.31130342745074013,0.6295290795679372,-0.7902723715269517,-1.5249639717198689,0.3580738315509263,0.9090634877759439,-0.3195748118864898,0.6918258544969798,0.801784044334696,1.5249639717198689,spectral_centroid_std,unannotated_recording
rec2018-02-09_10h57m14.793s.wav,0,8.288,9.448,1.1599999999999984,0.8542097367224146,1,2018-02-09#1,False,False,False,False,usable,usable,-1.5565171372536897,0.9708378232698429,-0.01526508440353554,0.8597481190165382,1.0182190035994505,-0.9695023484778692,-2.220363863142011,1.0872076255947054,1.254215290037796,2.220363863142011,spectral_rolloff_std,unannotated_recording
rec2018-02-09_11h04m27.369s.wav,0,3.792,3.992,0.2000000000000001,0.510915994644165,1,2018-02-09#1,True,False,False,False,excluded,too_short,-4.669551411761053,2.2942649534325237,-1.771110189678503,-2.6000039398911405,0.08481340992161711,-2.8354918671111795,-1.5527350123018948,2.2582815405854157,2.6028393100185587,4.669551411761053,duration_s,unannotated_recording
rec2018-02-09_11h05m06.012s.wav,0,2.368,3.848,1.4800000000000004,0.8745245455223837,1,2018-02-09#1,False,False,False,False,usable,usable,-0.5188390457512265,0.1438036197551297,0.3616222993239333,-1.0653309096857284,0.6310738736474707,-0.9713284623359305,-1.537193046473142,0.7470273224246515,0.8668720245655441,1.537193046473142,spectral_rolloff_std,unannotated_recording
rec2018-02-09_11h05m43.714s.wav,0,1.648,3.064,1.416,0.8011328562513574,1,2018-02-09#1,False,False,False,False,usable,usable,-0.7263746640517195,-0.934520699538762,1.3747644753693937,0.937214627006546,1.4858652303892816,1.215764747622697,-1.066004735807808,1.1057870256837439,1.1333605662215305,1.4858652303892816,spectral_flatness_mean,unannotated_recording
rec2018-05-02_17h33m13.522s.wav,0,0.768,1.8,1.032,0.8902111413343897,2,2018-05-02#1,False,True,False,False,excluded,close_neighbor,-1.9197044692795462,0.5865459544975131,0.16589039195832547,1.214211207531116,0.21773067450561828,-0.2850456236217574,0.7639247658136658,0.7361504410296489,0.9444097617588287,1.9197044692795462,duration_s,unannotated_recording
rec2018-05-02_17h33m13.522s.wav,1,1.824,2.712,0.8880000000000001,0.9578546570105986,2,2018-05-02#1,False,True,False,False,excluded,close_neighbor,-2.3866596104556512,0.6591724602389016,-0.2696510646549342,-1.9152507699851724,-0.7129324430531496,-1.68376501363963,-0.8441549339683828,1.2102266137136888,1.410546220399025,2.3866596104556512,duration_s,unannotated_recording
rec2018-05-02_17h33m50.393s.wav,0,2.64,4.248,1.608,0.9861947271261322,1,2018-05-02#1,False,False,False,False,usable,usable,-0.05188390457512431,2.302336414550665,-1.3244806791447865,-0.09890738702067838,-1.6131298708620487,-1.4819814051554576,0.10190482199484142,0.9963749261862288,1.302542464577578,2.302336414550665,mean_rms,matched_inhale
rec2018-05-02_17h34m27.816s.wav,0,2.128,3.928,1.8000000000000005,0.9750870979658448,1,2018-05-02#1,False,False,False,False,usable,usable,0.5707229503263509,0.11989312188210269,-0.4837390957871968,-0.3501823432938339,-0.7769882323837266,-0.5455557111659608,-0.7025201072084176,0.5070859374353699,0.5466268616749635,0.7769882323837266,spectral_flatness_mean,matched_inhale
rec2018-05-02_17h35m57.328s.wav,0,2.896,4.696000000000001,1.8000000000000007,0.9794313417802945,1,2018-05-02#1,False,False,False,False,usable,usable,0.5707229503263516,1.3388648262802438,-0.8076810185691142,-0.0036870961553283396,-0.7067639272407743,0.4082810006750933,-0.2534282199210942,0.5842041484525714,0.707215911517831,1.3388648262802438,mean_rms,matched_inhale
rec2018-05-02_17h38m14.494s.wav,0,1.488,3.3680000000000003,1.8800000000000003,0.9891545873767924,1,2018-05-02#1,False,False,False,False,usable,usable,0.8301424732019645,1.3586872065188236,-0.9619618769709409,-1.831091141734934,-1.2782497345324053,-1.6842620664604573,-1.0807684665417143,1.28930899513732,1.333746305051952,1.831091141734934,spectral_centroid_std,matched_inhale
rec2018-05-02_17h38m56.671s.wav,0,7.328,8.728,1.3999999999999997,0.9607514268473576,1,2018-05-02#1,False,False,False,False,usable,usable,-0.7263746640517224,-0.4659918294077652,0.20930004494059354,-0.35387402902228987,-0.9280918550095181,-0.714477156985136,0.06085138373134271,0.4941372804497668,0.5718812145604866,0.9280918550095181,spectral_flatness_mean,matched_inhale
rec2018-05-02_17h40m15.391s.wav,0,2.624,4.184,1.56,0.9338268173295398,1,2018-05-02#1,False,False,False,False,usable,usable,-0.2075356183004929,0.19460088752864999,-1.3290010073110416,1.6867711803407779,-0.5135805744460998,3.8777017553397797,0.7178723784094825,1.2181519145251891,1.7116432326881161,3.8777017553397797,spectral_flatness_std,unannotated_recording
rec2018-05-02_17h40m35.031s.wav,0,3.68,5.832,2.152,0.986578591470796,1,2018-05-02#1,False,False,False,False,usable,usable,1.7121688509790518,-0.6589558980984945,-0.408080383025776,-0.35764498919563736,-2.05970162944176,-0.6774232010899972,-0.09507829529067482,0.8527218924459131,1.0935197081733286,2.05970162944176,spectral_flatness_mean,matched_inhale
rec2018-05-02_17h41m00.892s.wav,0,3.344,5.32,1.9760000000000004,0.9746136031367562,1,2018-05-02#1,False,False,False,False,usable,usable,1.1414459006527018,0.6353737727667862,-0.8991230238968746,-0.9839441877713727,-1.5157754361770526,-1.06731013018752,-0.6357610756834913,0.982676218162257,1.0228870335798257,1.5157754361770526,spectral_flatness_mean,matched_inhale
rec2018-05-02_17h42m58.720s.wav,0,3.152,4.84,1.6879999999999995,0.9724335049061064,3,2018-05-02#1,False,False,False,False,usable,usable,0.2075356183004879,-1.9320809975820503,-0.5665669914364949,1.1041811986581358,-2.016804236755968,-1.1514849202030284,0.6950774536046793,1.0962473452201207,1.2645028275796155,2.016804236755968,spectral_flatness_mean,matched_inhale
rec2018-05-02_17h42m58.720s.wav,1,6.896,8.184,1.2879999999999994,0.95159301550492,3,2018-05-02#1,False,False,False,False,usable,usable,-1.089561996077583,-3.528909655836712,0.4452080701605806,0.30192840592184245,-1.8571884061019408,3.1739214357706955,1.4484780460769102,1.692170859420895,2.054637068979188,3.528909655836712,mean_rms,matched_inhale
rec2018-05-02_17h42m58.720s.wav,2,11.216,12.328,1.1119999999999983,0.9189288390093836,3,2018-05-02#1,False,False,False,False,usable,usable,-1.6602849464039375,-3.3228566948358598,0.6246978358165317,1.174020315672519,-1.8370321399218674,2.6375209614818584,2.0505787636719486,1.9009988082577889,2.073732693090311,3.3228566948358598,mean_rms,matched_inhale
rec2018-05-03_09h32m11.296s.wav,0,2.096,3.768,1.6720000000000002,0.823901737152144,1,2018-05-03#1,False,False,False,False,usable,usable,0.10376780915024646,0.3891052959695066,-0.3234425465009966,2.021503153783451,-0.18436849284077741,-0.17320307338489185,0.784136708481948,0.5685038685874025,0.847864729320671,2.021503153783451,spectral_centroid_std,matched_inhale
rec2018-05-03_09h32m39.426s.wav,0,2.432,3.848,1.4160000000000004,0.7652435674295797,1,2018-05-03#1,False,False,False,False,usable,usable,-0.726374664051718,0.8355422631468233,-1.200039430232485,-1.6252434622538525,-0.22966379227411787,0.3752296092230154,0.09556884653897138,0.7268088668172833,0.8872057333755018,1.6252434622538525,spectral_centroid_std,matched_inhale
rec2018-05-03_09h32m52.456s.wav,0,2.896,4.12,1.2240000000000002,0.7734057664871216,1,2018-05-03#1,False,False,False,False,usable,usable,-1.3489815189531924,1.118075957808283,-1.2997197935974552,-0.8079740973950476,-0.6782204398882645,0.2970798568053329,0.3800132504042104,0.847152130693112,0.9338543895919448,1.3489815189531924,duration_s,matched_inhale
rec2018-05-03_09h33m56.681s.wav,0,1.728,3.3360000000000003,1.6080000000000003,0.8309977201854482,1,2018-05-03#1,False,False,False,False,usable,usable,-0.1037678091502443,0.2804091472703885,-0.053821008093661075,0.1570872308911157,0.2491931641005049,-0.7600450424059757,-0.7369887587405644,0.3344731658074935,0.43092728540410963,0.7600450424059757,spectral_flatness_std,matched_inhale
rec2018-05-03_11h21m20.915s.wav,0,1.888,3.624,1.736,0.9849389797633455,1,2018-05-03#2,False,False,False,False,usable,usable,0.5518560759353955,1.9196587392479483,-1.1221662781145416,-0.0829209938230441,-0.9437748394452601,1.1734530081249765,0.16624216838904743,0.8514388718686019,1.0386190845176557,1.9196587392479483,mean_rms,matched_inhale
rec2018-05-03_11h22m05.830s.wav,0,1.36,1.864,0.504,0.9322609841823578,2,2018-05-03#2,False,False,False,False,usable,usable,-4.169579240400755,3.694089896528387,-2.063981744352714,2.6823667058622247,-2.3134857051290894,-0.7291961600134919,1.7398313089655184,2.4846472516074547,2.7097116115036832,4.169579240400755,duration_s,no_inhale_annotation_in_recording
rec2018-05-03_11h22m05.830s.wav,1,2.512,3.096,0.5840000000000001,0.8087048387527466,2,2018-05-03#2,False,False,False,False,usable,usable,-3.8629925315477576,10.336915325840158,-4.603223963175524,-2.802024240913195,-4.133449767627571,-3.402359361369194,-2.6090991270182258,4.535723473927375,5.1586874703082275,10.336915325840158,mean_rms,no_inhale_annotation_in_recording
rec2018-05-03_11h22m59.308s.wav,0,0.976,3.128,2.152,0.9574886545902346,1,2018-05-03#2,False,False,False,False,usable,usable,2.1461069619709794,2.2324550496286886,-2.7694507446866576,0.36312736898515585,-1.798332558977972,-1.2457273326322422,0.13984731494667804,1.5278639045469105,1.7807198947788985,2.7694507446866576,spectral_centroid_mean,matched_inhale
rec2018-05-03_11h30m44.236s.wav,0,3.728,5.4,1.6720000000000002,0.9772963549501152,1,2018-05-03#2,False,False,False,False,usable,usable,0.30658670885299877,0.83889948482085,-0.7236845953706583,1.0023682395066955,0.5268677234516115,0.12885675878154787,0.6656826592923217,0.5989923100109548,0.6615497283983822,1.0023682395066955,spectral_centroid_std,matched_inhale
rec2018-05-03_11h31m05.117s.wav,0,2.976,4.856,1.88,0.9811230127541524,1,2018-05-03#2,False,False,False,False,usable,usable,1.1037121518707893,1.5674570343045342,-1.465514410008409,-0.708849825555004,-0.691331926016824,-0.8192180271893051,-0.25050614188505443,0.9437985024042742,1.0376562852914442,1.5674570343045342,mean_rms,matched_inhale
rec2018-05-03_11h31m22.631s.wav,0,4.496,6.328,1.832,0.9831141337607672,1,2018-05-03#2,False,False,False,False,usable,usable,0.919760126558992,2.6804073366651293,-2.1997014160653987,1.2535390965947888,-1.7177435115987425,-1.7211717322173765,1.0398683721741981,1.647455941696375,1.749897544031806,2.6804073366651293,mean_rms,matched_inhale
rec2018-05-03_11h31m40.430s.wav,0,4.176,5.928,1.7519999999999998,0.9826036953196232,1,2018-05-03#2,False,False,False,False,usable,usable,0.6131734177059941,2.6826874707718726,-1.9305011950434456,0.23360275257623897,-1.6533435216468138,-1.729713563482676,-0.3042364492255328,1.3067511957789393,1.5662608998776029,2.6826874707718726,mean_rms,matched_inhale
rec2018-05-03_11h32m00.868s.wav,0,3.36,5.192,1.8320000000000003,0.9864310633788989,1,2018-05-03#2,False,False,False,False,usable,usable,0.9197601265589929,0.5849646714302275,-0.7689620196853536,0.435782708520238,-0.15160639477649895,0.3076999183152975,1.1056002974894892,0.6106251623965855,0.6875803610664944,1.1056002974894892,spectral_rolloff_std,matched_inhale
rec2018-05-03_11h33m06.158s.wav,0,1.712,3.544,1.832,0.9794971954475328,1,2018-05-03#2,False,False,False,False,usable,usable,0.919760126558992,2.607062733467675,-2.648811427474103,1.2730338184796621,-1.3903406828334284,-0.4058099420347726,1.2520360833235564,1.4995506877388844,1.6879774518337554,2.648811427474103,spectral_centroid_mean,matched_inhale
rec2018-05-03_11h34m12.944s.wav,0,4.848,6.712000000000001,1.8640000000000008,0.9833340815135412,1,2018-05-03#2,False,False,False,False,usable,usable,1.0423948101001934,2.3905489785854197,-1.7570413439423966,0.010974272396577847,-1.867206485179211,-1.7240139777931884,-0.05048899134165837,1.2632384084769495,1.5282978145769814,2.3905489785854197,mean_rms,matched_inhale
rec2018-05-03_11h34m42.301s.wav,0,3.536,5.096,1.56,0.9866180551606556,1,2018-05-03#2,False,False,False,False,usable,usable,-0.12263468354119711,2.0842440172458083,-1.9746291484543388,0.20765322873603087,-1.7793558574653536,-1.2347438201017347,-0.5857572267369175,1.1412882831830544,1.3802279120189025,2.0842440172458083,mean_rms,matched_inhale
rec2018-05-03_11h35m02.168s.wav,0,4.336,6.12,1.7839999999999998,0.9658768343925476,1,2018-05-03#2,False,False,False,False,usable,usable,0.7358081012471929,2.4650680910752274,-1.7990556784056944,0.17514591763682102,-1.323027956973015,-1.3725239665225886,-0.1364506547709563,1.1438686238044993,1.3906881891847336,2.4650680910752274,mean_rms,matched_inhale
rec2018-05-03_11h35m22.211s.wav,0,4.72,6.5840000000000005,1.8640000000000008,0.977025428272429,1,2018-05-03#2,False,False,False,False,usable,usable,1.0423948101001934,2.8118024523684304,-2.059107049377015,0.37665726130169636,-1.5474154938533837,-1.7370517451168415,0.02749378546303524,1.3717032282257995,1.6382574317428353,2.8118024523684304,mean_rms,matched_inhale
rec2018-05-03_11h35m39.758s.wav,0,4.336,6.056,1.7199999999999998,0.9874747594197592,1,2018-05-03#2,False,False,False,False,usable,usable,0.49053873416479526,1.3317644514901712,-1.156938945883916,0.9375496854825518,-1.1997157009635824,1.27581913246771,1.111297673208281,1.0719463319515725,1.1041316356309587,1.3317644514901712,mean_rms,matched_inhale
rec2018-05-03_11h35m58.563s.wav,0,4.288,6.456,2.168,0.9764056866688112,1,2018-05-03#2,False,False,False,False,usable,usable,2.2074243037415786,2.122651455169734,-1.4836174038137293,-0.9470613685185421,-1.8993855408717326,-1.5470092770666874,-0.4892372805148989,1.5280552328138433,1.6351790354737918,2.2074243037415786,duration_s,matched_inhale
rec2018-05-03_11h36m16.780s.wav,0,4.368,6.28,1.912,0.9832535805525604,1,2018-05-03#2,False,False,False,False,usable,usable,1.2263468354119882,1.723254042180905,-1.4883689411925933,1.7234998547174025,-1.1070552926490957,-0.08438825020739037,1.8512007074823063,1.3148734176916688,1.4302278422921657,1.8512007074823063,spectral_rolloff_std,matched_inhale
rec2018-05-03_11h36m35.115s.wav,0,4.0,6.104,2.104,0.9696106359362602,1,2018-05-03#2,False,False,False,False,usable,usable,1.962154936659181,2.1839852681715035,-1.6488350793627513,0.15650399328569026,-1.7952547562506616,-1.381851272814249,0.344508146778173,1.3532990647603156,1.5405997305832928,2.1839852681715035,mean_rms,matched_inhale
rec2018-05-03_11h36m53.106s.wav,0,4.6080000000000005,6.5840000000000005,1.976,0.9844157759632384,1,2018-05-03#2,False,False,False,False,usable,usable,1.4716162024943857,1.9436253278291746,-1.639543131913891,-0.1439469159913696,-1.4386353724918284,-0.9432084746776476,0.25847179864844466,1.1198638891495345,1.2916367075944215,1.9436253278291746,mean_rms,matched_inhale
rec2018-05-03_11h37m11.955s.wav,0,3.76,5.704000000000001,1.9440000000000004,0.9867810254747216,1,2018-05-03#2,False,False,False,False,usable,usable,1.3489815189531886,2.069654400585152,-1.6670448097519979,-1.3134292096929725,-1.2652744219122478,-1.1031121821078507,-0.3594117988269711,1.3038440488329113,1.3915206406318168,2.069654400585152,mean_rms,matched_inhale
rec2018-05-03_11h37m32.414s.wav,0,4.224,6.072,1.848,0.9695011807175784,1,2018-05-03#2,False,False,False,False,usable,usable,0.9810774683295914,2.6161381187242156,-2.5028415249162217,-0.3208629925591167,-2.072639075646636,-1.3725597461679246,-0.3246373219959632,1.4558223211913817,1.7095948893347068,2.6161381187242156,mean_rms,matched_inhale
rec2018-05-03_11h37m50.903s.wav,0,3.872,5.720000000000001,1.8480000000000008,0.9658343895123556,1,2018-05-03#2,False,False,False,False,usable,usable,0.981077468329594,1.700817962505041,-1.5712270264845094,-0.5249378780904032,-1.255033480676365,-0.9280191766501241,0.3607565502044965,1.045981363277219,1.1443078259315709,1.700817962505041,mean_rms,matched_inhale
rec2018-05-03_11h38m07.740s.wav,0,3.616,5.416,1.8000000000000005,0.9733203953445548,1,2018-05-03#2,False,False,False,False,usable,usable,0.7971254430177949,1.5640649079106514,-1.5089866958323443,-0.35088241638038054,-1.2179549045970306,-0.47190333281149055,0.8242579097197162,0.9621679443242012,1.0601465756659643,1.5640649079106514,mean_rms,matched_inhale
rec2018-05-03_11h38m25.235s.wav,0,3.952,5.864,1.912,0.9822356965806748,1,2018-05-03#2,False,False,False,False,usable,usable,1.2263468354119882,1.4800738902701422,-1.3402478859433216,-0.32444806941833404,-1.2844866223789102,-1.165485048827331,0.11072156208674853,0.990258559190968,1.109478434305995,1.4800738902701422,mean_rms,matched_inhale
rec2018-05-03_11h38m46.135s.wav,0,3.44,5.5120000000000005,2.0720000000000005,0.987365648403006,1,2018-05-03#2,False,False,False,False,usable,usable,1.839520253117984,1.768608971739538,-1.1635026593304976,1.1120959117742413,-1.1766291891825582,-1.2254590021389042,0.580633002747745,1.2666355700044958,1.3269540260333332,1.839520253117984,duration_s,matched_inhale
rec2018-05-03_11h39m04.979s.wav,0,4.4,6.184,1.7839999999999998,0.9801850086450576,1,2018-05-03#2,False,False,False,False,usable,usable,0.7358081012471929,0.781494981368854,-0.6416710193141854,0.0015376498030648194,-0.16380284753492005,-0.2000669183687632,-0.47150627909254106,0.4279839709613603,0.5145134102195341,0.781494981368854,mean_rms,matched_inhale
rec2018-05-03_11h39m23.236s.wav,0,4.0,5.896,1.896,0.9800219569250802,1,2018-05-03#2,False,False,False,False,usable,usable,1.1650294936413887,0.6083848150770124,0.13327176785939507,2.836756727741702,-0.16436358522918484,-0.06021882025928888,0.7568585951210308,0.8178405435612861,1.218655730609884,2.836756727741702,spectral_centroid_std,matched_inhale
rec2018-05-03_11h39m41.633s.wav,0,4.24,5.928,1.6879999999999995,0.9724956605028598,1,2018-05-03#2,False,False,False,False,usable,usable,0.3679040506235956,3.6906560921310287,-2.256590842367436,-0.5661121946869553,-2.0554628805713313,-0.002009530236473012,-0.942574265685968,1.411615693757541,1.8625005835332082,3.6906560921310287,mean_rms,matched_inhale
rec2018-05-03_11h40m00.485s.wav,0,4.816,6.6000000000000005,1.7840000000000007,0.9883299779891968,1,2018-05-03#2,False,False,False,False,usable,usable,0.7358081012471963,1.7701116953092506,-1.7081149359728904,-0.5164990246503917,-0.9829092724444076,0.13563811968527836,-0.2248111907781798,0.8676989057267993,1.061951388553714,1.7701116953092506,mean_rms,matched_inhale
rec2018-05-03_11h40m20.470s.wav,0,4.384,6.232,1.848,0.9758561184773078,1,2018-05-03#2,False,False,False,False,usable,usable,0.9810774683295914,1.3373035739241421,-1.1661569987746776,-1.4026519138564981,-0.9995614415561559,-0.7098466396310553,-0.11030887577062905,0.9581295588346785,1.0415251015592366,1.4026519138564981,spectral_centroid_std,matched_inhale
rec2018-05-03_11h40m45.441s.wav,0,4.128,5.832,1.7039999999999995,0.9748669423555072,1,2018-05-03#2,False,False,False,False,usable,usable,0.429221392394195,1.4086916264029363,-1.1484011920994817,-0.45508730369066464,-1.2156915584140129,-0.8347933540465112,-0.28076283449441025,0.8246641802203161,0.9218139363214529,1.4086916264029363,mean_rms,matched_inhale
rec2018-05-03_11h41m04.101s.wav,0,5.296,7.08,1.7839999999999998,0.9787498307228087,1,2018-05-03#2,False,False,False,False,usable,usable,0.7358081012471929,1.7139772132409077,-1.1740730999274618,1.6264053104299538,-1.6377277110960993,-0.9702089690623988,0.13798787929074108,1.1423126120421079,1.261816801357157,1.7139772132409077,mean_rms,matched_inhale
rec2018-05-03_11h41m23.831s.wav,0,4.048,5.736000000000001,1.6880000000000006,0.9820856788056962,1,2018-05-03#2,False,False,False,False,usable,usable,0.3679040506235999,2.085016796893562,-1.694064413568204,-0.8031916915049042,-1.6225616872312767,-1.3575141257786665,-1.0118447521078011,1.2774425025297163,1.3885758581748298,2.085016796893562,mean_rms,matched_inhale
rec2018-05-03_11h41m45.507s.wav,0,4.96,6.648000000000001,1.6880000000000006,0.985384982317052,1,2018-05-03#2,False,False,False,False,usable,usable,0.3679040506235999,3.3903440803743323,-1.215398924777979,2.8106174732843687,-1.3296273664611193,0.22484963380008538,1.0002726778529147,1.4770020295963426,1.84489888312917,3.3903440803743323,mean_rms,matched_inhale
rec2018-05-03_11h42m07.338s.wav,0,3.392,5.208,1.8160000000000005,0.9734814015089296,1,2018-05-03#2,False,False,False,False,usable,usable,0.8584427847883943,1.529483742250133,-1.6518905606937646,0.37411867356656553,-1.3087748314785432,-0.8406933616555365,-0.13914485199288354,0.9575069723465458,1.0943993732155803,1.6518905606937646,spectral_centroid_mean,matched_inhale
rec2018-05-03_11h42m25.033s.wav,0,4.048,6.2,2.152,0.9871244495961724,1,2018-05-03#2,False,False,False,False,usable,usable,2.1461069619709794,0.8102070737345628,-0.5068380822987162,-0.26578882874750015,-0.26023994115395394,1.8720136854110994,0.6274914641089065,0.9269551482036741,1.1683715615317414,2.1461069619709794,duration_s,matched_inhale
rec2018-05-03_11h42m42.981s.wav,0,5.008,6.888,1.88,0.9806636448176402,1,2018-05-03#2,False,False,False,False,usable,usable,1.1037121518707893,1.2492512663895199,-1.5480816087858968,0.7077039160031686,-1.4186856741459966,0.24352185667759155,0.30296424869986827,0.9391315317961187,1.0582985005353422,1.5480816087858968,spectral_centroid_mean,matched_inhale
rec2018-05-03_11h43m01.074s.wav,0,4.432,6.28,1.848,0.9851940583724242,1,2018-05-03#2,False,False,False,False,usable,usable,0.9810774683295914,0.585280150762084,-0.4478033679527523,2.0231177713268167,-0.40435007245801585,0.2893069443884463,1.5900022771134699,0.9029911503330251,1.0937421971733103,2.0231177713268167,spectral_centroid_std,matched_inhale
rec2018-05-03_11h43m19.240s.wav,0,4.16,5.752000000000001,1.5920000000000003,0.98748744008216,1,2018-05-03#2,False,False,False,False,usable,usable,2.5528471740948474e-15,1.0812130815760421,-0.5201918845841599,0.7784714557027682,-0.46942990927496164,-0.8971251300795564,-1.450618434079188,0.7424356993280969,0.8598281316581224,1.450618434079188,spectral_rolloff_std,matched_inhale
rec2018-05-03_11h43m36.628s.wav,0,3.264,5.32,2.056,0.9883021528904254,1,2018-05-03#2,False,False,False,False,usable,usable,1.778202911347383,0.777731226110657,-0.5164185704030221,0.5737996515076041,-0.5115230358306693,-0.21174813398318662,0.5238256857494068,0.6990356021331328,0.8403818920501785,1.778202911347383,duration_s,matched_inhale
rec2018-05-03_11h43m55.823s.wav,0,3.904,5.896,1.992,0.9867991277601866,1,2018-05-03#2,False,False,False,False,usable,usable,1.5329335442649852,1.5560523117427068,-1.164974685845057,-0.027480043891478356,-0.8724488415712733,-1.0533471679111148,-0.7314943905446412,0.9912472836816081,1.1042060172804449,1.5560523117427068,mean_rms,matched_inhale
rec2018-05-03_11h48m01.012s.wav,0,4.096,5.800000000000001,1.7040000000000006,0.984089948629078,1,2018-05-03#2,False,False,False,False,usable,usable,0.42922139239419926,1.520910229618764,-1.2106638084120287,1.0843033470958958,-0.39082764637406375,-0.22028465420738777,1.13712492292735,0.8561908572899555,0.9734433877560615,1.520910229618764,mean_rms,matched_inhale
rec2018-05-03_11h48m24.363s.wav,0,3.648,5.224,1.576,0.987802276666137,1,2018-05-03#2,False,False,False,False,usable,usable,-0.06131734177059771,1.0242363565208197,-0.9645233812356456,1.7985214796526665,-0.2658000007548168,1.4233687992342197,1.386616633195664,0.9891977131949187,1.1487346369333469,1.7985214796526665,spectral_centroid_std,matched_inhale
rec2018-05-03_11h48m41.938s.wav,0,3.824,5.6240000000000006,1.8000000000000005,0.9882930706043056,1,2018-05-03#2,False,False,False,False,usable,usable,0.7971254430177949,1.3538207982454868,-1.5174634572831056,0.798335340291522,-1.2724266828709827,-0.7578838882982791,1.1857553321525103,1.097544420308526,1.134381376066685,1.5174634572831056,spectral_centroid_mean,matched_inhale
rec2018-05-03_11h48m59.604s.wav,0,3.568,5.5440000000000005,1.9760000000000004,0.9860179823424134,1,2018-05-03#2,False,False,False,False,usable,usable,1.4716162024943875,1.0226705370847329,-0.8983220676833532,-0.22473373744479294,-1.167018873898664,-0.4644469106306638,0.2643023265188586,0.7875872365364934,0.9036826852647634,1.4716162024943875,duration_s,matched_inhale
rec2018-05-03_11h49m17.127s.wav,0,4.5120000000000005,6.424,1.912,0.9885743779164774,1,2018-05-03#2,False,False,False,False,usable,usable,1.2263468354119882,0.9945980863001276,-0.8027224493016876,0.4205836620898192,-1.2830461628413101,-0.7759048098194027,1.0391087220783612,0.9346158182632422,0.9741214743558625,1.2830461628413101,spectral_flatness_mean,matched_inhale
rec2018-05-03_11h49m34.678s.wav,0,4.928,6.696000000000001,1.768000000000001,0.986707435713874,1,2018-05-03#2,False,False,False,False,usable,usable,0.6744907594765978,0.5451396025270158,-0.9832233961532445,1.0535174749570368,-0.7269153828706103,-0.6911084480324767,0.7145751051235748,0.7698528813057939,0.7878901962387321,1.0535174749570368,spectral_centroid_std,matched_inhale
rec2018-05-03_11h49m54.056s.wav,0,4.656,6.392,1.7360000000000009,0.9780081338489178,1,2018-05-03#2,False,False,False,False,usable,usable,0.551856075935399,0.9874914078465905,-0.8853107608100593,1.279228384494612,-1.302649139285986,-0.7755984466062756,1.4823526034479848,1.0377838312038439,1.0820418386042225,1.4823526034479848,spectral_rolloff_std,matched_inhale
rec2018-05-03_11h50m12.379s.wav,0,4.4,6.152,1.7519999999999998,0.975544650943912,1,2018-05-03#2,False,False,False,False,usable,usable,0.6131734177059941,-0.005822185540900879,-0.295419886923482,2.2813094534430336,0.14777260233528666,0.060728959733711625,2.6604346160930885,0.8663801602536425,1.3507192985877572,2.6604346160930885,spectral_rolloff_std,matched_inhale
rec2018-05-03_11h50m30.421s.wav,0,4.416,6.376,1.96,0.978794502782392,1,2018-05-03#2,False,False,False,False,usable,usable,1.4102988607237863,0.3758470255811911,0.004725732929998808,1.0633347470767658,-0.6741263615569486,-0.31655538053417676,0.8655171523969424,0.6729150372571157,0.8075253716911077,1.4102988607237863,duration_s,matched_inhale
rec2018-05-03_11h50m48.244s.wav,0,4.896,6.936,2.04,0.9881146940691716,1,2018-05-03#2,False,False,False,False,usable,usable,1.7168855695767835,0.48964765634556673,-0.2830220221753759,2.3127980022306804,-0.950057440294263,0.2277254227933915,3.038481741372246,1.2883739792554725,1.638964230902362,3.038481741372246,spectral_rolloff_std,matched_inhale
rec2018-05-03_11h51m07.128s.wav,0,4.656,7.064,2.4080000000000004,0.9783535841986428,1,2018-05-03#2,False,False,False,False,usable,usable,3.12718443030057,0.5862196424237348,0.16061275435686917,0.5421586052510816,-1.054601571809264,-0.735030757958403,-0.025219102872682975,0.8901466949960865,1.3145210444408362,3.12718443030057,duration_s,matched_inhale
rec2018-05-03_11h51m26.000s.wav,0,4.288,6.376,2.088,0.9768763925848888,1,2018-05-03#2,False,False,False,False,usable,usable,1.9008375948885816,0.2931879674683807,-0.12121405266445584,0.8607012596993493,-1.0986143139730333,0.04461554055417336,0.8670526698378546,0.7408890570122612,0.9573301073461522,1.9008375948885816,duration_s,matched_inhale
rec2018-05-03_11h51m43.422s.wav,0,4.32,6.184,1.864,0.9887061743509202,1,2018-05-03#2,False,False,False,False,usable,usable,1.0423948101001907,0.2861096532116537,0.13644219628078597,3.697141109583655,-0.4461720760839514,-0.0632533814287396,1.5782140439970347,1.0356753243837158,1.5833844678541684,3.697141109583655,spectral_centroid_std,matched_inhale
rec2018-05-03_11h52m00.607s.wav,0,3.072,4.888,1.816,0.986949455504324,1,2018-05-03#2,False,False,False,False,usable,usable,0.8584427847883925,0.32338483870786305,-0.15642891485294644,-0.7902933763679042,-0.3057320300960044,-0.3428632033476392,0.017298256929564805,0.3992062007271878,0.49307517174269877,0.8584427847883925,duration_s,matched_inhale
rec2018-05-03_11h52m17.833s.wav,0,3.344,5.272,1.9280000000000004,0.9889063014896636,1,2018-05-03#2,False,False,False,False,usable,usable,1.2876641771825892,0.34240911071042246,0.4639663363755383,1.5723099031003969,-0.34464048199722097,-0.15422788166142878,-0.4399718379511965,0.6578842469969705,0.8279824656940281,1.5723099031003969,spectral_centroid_std,matched_inhale
rec2018-05-03_11h52m35.208s.wav,0,2.816,4.392,1.5760000000000003,0.9791574272616156,1,2018-05-03#2,False,False,False,False,usable,usable,-0.061317341770596855,0.588822781057402,-0.6656269312929246,-0.008630564543746605,-0.7880643451140242,-0.6357961911673753,0.587472414228591,0.47653293845352296,0.5560076860238626,0.7880643451140242,spectral_flatness_mean,matched_inhale
rec2018-05-03_15h21m36.500s.wav,0,3.968,6.168,2.2,0.9883310950937724,1,2018-05-03#3,False,False,False,False,usable,usable,1.663743873375602,-1.137292131943965,2.02205200914569,0.3034975676924379,-1.7091148554214364,-1.1437963547129366,0.3884664231890071,1.1954233164972963,1.3428398491301903,2.02205200914569,spectral_centroid_mean,matched_inhale
rec2018-05-03_15h23m24.541s.wav,0,2.368,4.344,1.9760000000000004,0.9821535285030092,1,2018-05-03#3,False,False,False,False,usable,usable,1.03421916453078,-2.657415072856759,3.621237430460631,0.40931225983386205,-1.1500240301257132,-0.8817309000851128,0.44360336078603896,1.4567917455255568,1.8403862092848344,3.621237430460631,spectral_centroid_mean,matched_inhale
rec2018-05-03_15h24m03.886s.wav,0,3.024,5.0,1.976,0.9754885749093124,1,2018-05-03#3,False,False,False,False,usable,usable,1.0342191645307788,-2.698852656978022,3.0830126702070393,-0.8017469452271421,-0.39155477998913046,1.5251561735487207,-0.3944858012499453,1.4184325988186828,1.737659171744406,3.0830126702070393,spectral_centroid_mean,matched_inhale
rec2018-05-03_15h24m37.045s.wav,0,2.384,4.04,1.656,0.946729391415914,1,2018-05-03#3,False,False,False,False,usable,usable,0.13489815189531798,-2.0151097981609696,2.1603642933415244,-0.15805051397974546,0.06735201984302377,0.3013630839435784,0.15926999339224676,0.713772550650915,1.1270531606602292,2.1603642933415244,spectral_centroid_mean,matched_inhale
rec2018-05-03_15h25m08.571s.wav,0,2.976,4.632000000000001,1.6560000000000006,0.9822329969509788,1,2018-05-03#3,False,False,False,False,usable,usable,0.13489815189531984,-1.762898369180984,1.6613023918709269,-0.3487870368943262,0.0227443417909375,0.5361283880097385,-0.00022382045522705672,0.63814035715678,0.9483472246414776,1.762898369180984,mean_rms,matched_inhale
rec2018-05-03_15h27m21.669s.wav,0,2.848,4.456,1.6080000000000003,0.9837208946099442,1,2018-05-03#3,False,False,False,False,usable,usable,0.0,-1.4670940808040343,1.748977504406619,-1.3131355758079317,0.8865687586186446,2.0218410573123067,-0.23852085421616562,1.0965911187379576,1.301995721739264,2.0218410573123067,spectral_flatness_std,matched_inhale
rec2018-05-03_15h27m45.362s.wav,0,3.552,5.064,1.512,0.9738487321210196,1,2018-05-03#3,False,False,False,False,usable,usable,-0.26979630379063907,-1.760009013306923,1.583775194803721,-0.29272953906029425,0.4119907468127662,0.6754278508917838,-0.12754917323920906,0.731611117415048,0.9566805835050064,1.760009013306923,mean_rms,matched_inhale
rec2018-05-03_15h28m15.159s.wav,0,2.896,4.5200000000000005,1.6240000000000006,0.978381926814715,1,2018-05-03#3,False,False,False,False,usable,usable,0.044966050631773696,-2.188276575024479,3.323358806533449,0.07442363463985557,1.4471607049537438,0.932265631001078,-1.5547187806729466,1.3664528833510463,1.7411561326786764,3.323358806533449,spectral_centroid_mean,matched_inhale
rec2018-05-03_15h28m42.685s.wav,0,3.44,5.144,1.7040000000000002,0.9844727334223295,1,2018-05-03#3,False,False,False,False,usable,usable,0.26979630379063785,0.3665697190544125,0.1958100270115404,1.731163384594286,-0.9588144731869582,0.655503685064978,0.2131929459747053,0.6272643626682168,0.8138877724183606,1.731163384594286,spectral_centroid_std,matched_inhale
rec2018-05-03_15h29m02.811s.wav,0,3.184,4.84,1.6559999999999997,0.9670846909284592,1,2018-05-03#3,False,False,False,False,usable,usable,0.13489815189531734,-1.7558570510027751,1.2096823609500782,3.6169827740287577,-0.3377208768857135,0.35457806274147735,1.8747272009895186,1.3263494969276626,1.7485304183941526,3.6169827740287577,spectral_centroid_std,matched_inhale
rec2018-05-03_15h29m32.895s.wav,0,3.136,4.792000000000001,1.6560000000000006,0.9852119859146036,1,2018-05-03#3,False,False,False,False,usable,usable,0.13489815189531984,-2.7695500776956026,3.649774480591135,0.09929102273959702,1.934913662780336,1.471591682333729,-1.8021052809208615,1.6945891941366544,2.076273241585583,3.649774480591135,spectral_centroid_mean,matched_inhale
rec2018-05-03_15h29m50.911s.wav,0,2.848,4.392,1.5440000000000005,0.981267065861646,1,2018-05-03#3,False,False,False,False,usable,usable,-0.17986420252709168,-1.7443819714041349,1.5207420591258505,1.9074675372383283,0.896612522685235,2.4730671355898135,0.4530320919630449,1.3107382172190714,1.5189997441381176,2.4730671355898135,spectral_flatness_std,matched_inhale
rec2018-05-03_15h30m09.333s.wav,0,4.384,6.264,1.88,0.989292339896256,1,2018-05-03#3,False,False,False,False,usable,usable,0.7644228607401404,-1.6231211278678443,2.051908141993263,-0.34310588074795884,-0.015251279383502212,0.7234337566723507,0.725971391818921,0.8924592056034257,1.1082506574320892,2.051908141993263,spectral_centroid_mean,matched_inhale
rec2018-05-03_15h30m28.140s.wav,0,2.896,4.456,1.5600000000000005,0.9830885224564132,1,2018-05-03#3,False,False,False,False,usable,usable,-0.1348981518953186,-1.4892616679965787,1.0968508049146042,-0.6158645540780258,0.19893591522965015,0.28200283731073555,0.12579844749660832,0.5633731969887888,0.7515122860294421,1.4892616679965787,mean_rms,matched_inhale
rec2018-05-03_15h30m45.469s.wav,0,2.768,4.408,1.64,0.9836964567939004,1,2018-05-03#3,False,False,False,False,usable,usable,0.08993210126354491,-1.6809448426369402,1.5495716969200304,0.01987304125932957,0.4635616798466298,0.2850299868727434,-0.5811413517959557,0.6671506715135963,0.9156642806256683,1.6809448426369402,mean_rms,matched_inhale
rec2018-05-03_15h31m15.084s.wav,0,2.72,4.248,1.528,0.981472372299149,1,2018-05-03#3,False,False,False,False,usable,usable,-0.224830253158866,-2.451583081764485,1.812392223162531,0.898103233840316,1.1796666552491633,2.2082594280760905,0.16412464835699,1.2769942176583489,1.5328369244236453,2.451583081764485,mean_rms,matched_inhale
rec2018-05-03_15h31m38.884s.wav,0,3.408,5.048,1.64,0.9853728662480364,1,2018-05-03#3,False,False,False,False,usable,usable,0.08993210126354491,-2.0940580774194966,1.662358145690688,-0.12197937075047642,0.9248132287354396,1.5150859082204997,-0.5876113693188957,0.9994054573427201,1.2344769004702016,2.0940580774194966,mean_rms,matched_inhale
rec2018-05-03_15h31m59.455s.wav,0,3.504,5.288,1.7840000000000005,0.9795184832811356,1,2018-05-03#3,False,False,False,False,usable,usable,0.49462655694950386,-1.68726458429013,1.1705280359739416,-0.8498032165470891,0.09162532766587779,2.2605714182109837,0.05594290541809941,0.9443374350079464,1.2133499403518682,2.2605714182109837,spectral_flatness_std,matched_inhale
rec2018-05-03_15h32m17.555s.wav,0,3.68,5.304,1.624,0.9853017932838865,1,2018-05-03#3,False,False,False,False,usable,usable,0.044966050631772454,-1.606390067782231,1.41224201962804,-0.44927518659631727,1.0621748346466127,2.1159496415938244,-0.4630048460647156,1.0220003781347875,1.2304829750647894,2.1159496415938244,spectral_flatness_std,matched_inhale
rec2018-05-03_15h32m35.669s.wav,0,3.776,5.464,1.6880000000000002,0.9824281531445525,1,2018-05-03#3,False,False,False,False,usable,usable,0.22483025315886476,-2.285059932551447,2.1006569041074323,-0.38639810033603766,-0.07407796524872728,0.29948106890217174,0.3001436588229199,0.8100925547325145,1.1963858151176348,2.285059932551447,mean_rms,matched_inhale
rec2018-05-03_15h33m11.807s.wav,0,2.688,4.152,1.464,0.9822374500334264,1,2018-05-03#3,False,False,False,False,usable,usable,-0.4046944556859583,-0.40117062483190774,-0.10895050258834459,2.009848182849896,-0.496463674232217,2.1831761195772437,0.4430691902450476,0.8639103928586592,1.1701721399056249,2.1831761195772437,spectral_flatness_std,matched_inhale
rec2018-05-03_15h33m29.486s.wav,0,3.696,5.176,1.48,0.9797479900313012,1,2018-05-03#3,False,False,False,False,usable,usable,-0.35972840505418524,-0.9077789508300389,0.4380713934197631,-0.5992470296891937,-1.0705504077185781,-0.7975852145723173,-0.13934547504977582,0.6160438394762646,0.6872417134234712,1.0705504077185781,spectral_flatness_mean,matched_inhale
rec2018-05-03_15h33m51.966s.wav,0,3.584,5.272,1.6880000000000002,0.9860346583609886,1,2018-05-03#3,False,False,False,False,usable,usable,0.22483025315886476,-2.2378799289924873,1.7126710326902592,2.34195044103166,0.6497774506004178,1.0915342949233464,1.0471916553275227,1.3294050081035083,1.5206623260501508,2.34195044103166,spectral_centroid_std,matched_inhale
rec2018-05-03_15h34m13.707s.wav,0,3.3280000000000003,5.0,1.6719999999999997,0.9850767017692648,1,2018-05-03#3,False,False,False,False,usable,usable,0.17986420252709043,-0.8276687076829546,0.04487380424336407,0.2948054558527601,-0.5286657809674244,1.6630637872628118,0.47167622879226456,0.5729454239040956,0.7628946444220216,1.6630637872628118,spectral_flatness_std,matched_inhale
rec2018-05-03_15h34m32.131s.wav,0,3.04,4.488,1.4480000000000004,0.983156996437266,1,2018-05-03#3,False,False,False,False,usable,usable,-0.44966050631773014,-0.4148537407962021,-0.19449825898606324,0.8037356351997366,-0.17830553516979908,3.0054812606909573,0.8314805685948324,0.8397165008221888,1.242933692601071,3.0054812606909573,spectral_flatness_std,matched_inhale
rec2018-05-03_15h35m02.114s.wav,0,2.896,4.312,1.4160000000000004,0.9844831754634906,1,2018-05-03#3,False,False,False,False,usable,usable,-0.5395926075812763,-0.6486756425971407,0.24720670748197257,3.0332943188311225,0.1503887978723601,3.3423107173894997,1.1677955406225975,1.3041806189108527,1.7940906968287644,3.3423107173894997,spectral_flatness_std,matched_inhale
rec2018-05-03_15h35m21.837s.wav,0,2.976,4.5200000000000005,1.5440000000000005,0.9831075030214648,1,2018-05-03#3,False,False,False,False,usable,usable,-0.17986420252709168,-0.7931714942209771,0.21633992807945274,0.4195972801410425,-0.753730082577114,2.2089780334378344,0.8295841989196419,0.7716093171290221,1.0014446654186537,2.2089780334378344,spectral_flatness_std,matched_inhale
rec2018-05-03_15h35m44.100s.wav,0,3.408,5.128,1.7200000000000002,0.9861173747728268,1,2018-05-03#3,False,False,False,False,usable,usable,0.3147623544224109,-1.1306509441126757,0.7102949557036415,-0.16970915289886804,-0.4667375141311371,0.43919498628441095,0.9513215367018545,0.5975244920364284,0.6789188702980612,1.1306509441126757,mean_rms,matched_inhale
rec2018-05-03_15h36m09.330s.wav,0,2.88,4.392,1.5120000000000005,0.9814656699996396,1,2018-05-03#3,False,False,False,False,usable,usable,-0.26979630379063785,-1.2659352583900672,-0.7787799748480073,2.7145112699616702,-1.4276120150546172,0.2591128742416331,2.0678236402719516,1.254795905222655,1.5133483199439866,2.7145112699616702,spectral_centroid_std,matched_inhale
rec2018-05-03_15h36m33.401s.wav,0,1.872,3.256,1.384,0.9737179676691692,1,2018-05-03#3,False,False,False,False,usable,usable,-0.6295247088448237,-1.5306660095813995,0.45239721690248275,2.0115519590510536,0.21970577110800296,3.7857685476965326,0.8848299411016058,1.3592063077551284,1.7789837574547038,3.7857685476965326,spectral_flatness_std,matched_inhale
rec2018-05-03_15h39m20.550s.wav,0,3.056,4.808000000000001,1.752000000000001,0.9747276300070236,1,2018-05-03#3,False,False,False,False,usable,usable,0.4046944556859589,-1.9784551745814962,2.3199367286491954,-0.602846970217587,0.44847822298574863,2.3203918879839365,-0.7315050045282246,1.2580440635188783,1.5092119124464196,2.3203918879839365,spectral_flatness_std,matched_inhale
rec2018-05-03_15h39m43.079s.wav,0,3.712,5.144,1.432,0.9871108478460556,1,2018-05-03#3,False,False,False,False,usable,usable,-0.49462655694950447,-2.0141454596266866,2.354043916426924,0.2064495785497364,0.7026182156365056,0.8158946395590164,-0.8189290601573483,1.0581010609865316,1.2936980646691016,2.354043916426924,spectral_centroid_mean,matched_inhale
rec2018-05-03_15h40m01.822s.wav,0,5.824,7.464,1.6400000000000006,0.9824248847070632,1,2018-05-03#3,False,False,False,False,usable,usable,0.08993210126354678,-2.3195852039340963,3.0611161409267087,-0.7531469328898792,2.110943183379571,1.8927348907400245,-1.7780553981878555,1.715073407331669,1.9466540202180407,3.0611161409267087,spectral_centroid_mean,matched_inhale
rec2018-05-03_15h40m28.424s.wav,0,3.024,4.728000000000001,1.7040000000000006,0.9860961098419992,1,2018-05-03#3,False,False,False,False,usable,usable,0.26979630379063907,-2.8245170691722823,3.186227845029705,0.8753015724840079,1.4966696034047768,0.8512746948216096,-0.4830844323589374,1.4266959315802799,1.779524275088601,3.186227845029705,spectral_centroid_mean,matched_inhale
rec2018-05-03_15h40m49.846s.wav,0,2.896,4.488,1.5920000000000003,0.9737035340883516,1,2018-05-03#3,False,False,False,False,usable,usable,-0.04496605063177308,-2.412407515008421,2.9588092069767007,0.8359647223351813,1.058393936199843,1.692132385805994,-0.6169003641622279,1.374224883017163,1.6749923965302531,2.9588092069767007,spectral_centroid_mean,matched_inhale
rec2018-05-03_15h41m19.370s.wav,0,3.632,5.4,1.7680000000000002,0.9848711797685334,1,2018-05-03#3,False,False,False,False,usable,usable,0.44966050631773014,-2.1873610328739703,2.384516921598751,-1.3393258360753424,1.0216716590086732,1.8361765368598948,-1.28738655803943,1.5008712929676844,1.6274071800085663,2.384516921598751,spectral_centroid_mean,matched_inhale
rec2018-05-03_15h41m44.230s.wav,0,5.184,6.92,1.7359999999999998,0.9809916707658276,1,2018-05-03#3,False,False,False,False,usable,usable,0.35972840505418274,-2.769140798026719,2.3405690353993944,0.4584857681316569,0.29446531153453454,1.486747663355606,0.5941739135754835,1.1861872707253682,1.5182785819808609,2.769140798026719,mean_rms,matched_inhale
rec2018-05-03_15h42m04.570s.wav,0,2.512,4.12,1.608,0.9837761943259936,1,2018-05-03#3,False,False,False,False,usable,usable,-6.240293092231874e-16,-1.7551958600026705,1.6434679546546271,-0.5848468599736565,1.3342143912418114,1.088813254275646,-0.07821357616874348,0.9263931280453079,1.1398937909514957,1.7551958600026705,mean_rms,matched_inhale
rec2018-05-03_15h42m24.025s.wav,0,2.864,4.6000000000000005,1.7360000000000009,0.9808324815071736,1,2018-05-03#3,False,False,False,False,usable,usable,0.35972840505418585,-2.189518442991462,1.8080082846684586,1.9339641103801837,0.35458239957665616,0.31941045620299807,-0.05385934045308086,1.0027244913324322,1.3181783545834527,2.189518442991462,mean_rms,matched_inhale
rec2018-05-03_15h42m44.455s.wav,0,2.832,4.696000000000001,1.8640000000000008,0.9846717669850304,1,2018-05-03#3,False,False,False,False,usable,usable,0.7194568101083698,-3.200081791620152,2.3304174625851104,-1.2006009539199722,-0.3697275669615505,-0.7887194780316604,-1.2626765656002004,1.410240089832431,1.6896135979760531,3.200081791620152,mean_rms,matched_inhale
rec2018-05-03_15h44m07.780s.wav,0,3.536,5.208,1.6720000000000002,0.9839558428333652,1,2018-05-03#3,False,False,False,False,usable,usable,0.17986420252709168,-1.6032853978647752,2.0320231529007025,-1.8466406888469187,0.14476711964836791,2.0755556659053207,-0.9514945959629258,1.2619472605223003,1.4820982198672772,2.0755556659053207,spectral_flatness_std,matched_inhale
rec2018-05-03_15h44m27.242s.wav,0,2.608,3.976,1.3680000000000003,0.9852421203175108,1,2018-05-03#3,False,False,False,False,usable,usable,-0.6744907594765955,-1.8725273747357725,1.083216219787316,0.9265351010977536,1.2165013158336568,1.320986096491794,0.9276248405053694,1.1459831011326085,1.1999100436165422,1.8725273747357725,mean_rms,matched_inhale
rec2018-05-03_15h44m47.231s.wav,0,3.792,5.768000000000001,1.9760000000000004,0.967204470445614,1,2018-05-03#3,False,False,False,False,usable,usable,1.03421916453078,-2.5834836718047285,2.052123925395226,-0.10776955115118464,-0.11790548179806089,1.8302573433760922,0.47109236796839205,1.1709787865749235,1.4905653629640685,2.5834836718047285,mean_rms,matched_inhale
rec2018-05-03_15h45m14.147s.wav,0,3.04,4.92,1.88,0.9838783780358872,1,2018-05-03#3,False,False,False,False,usable,usable,0.7644228607401404,-2.1976924472279675,2.0626107549074675,-1.2426715904279428,-0.2785171547701232,0.1978832591680246,-0.20877779299476837,0.9932251228909191,1.2746488573692774,2.1976924472279675,mean_rms,matched_inhale
rec2018-05-03_15h46m16.542s.wav,0,2.576,4.088,1.512,0.977988747229059,1,2018-05-03#3,False,False,False,False,usable,usable,-0.26979630379063907,-2.7413662013614455,2.4724175704585267,0.02373303183948876,2.1620384938381263,3.2991376121548464,-0.9323222856958238,1.7001159284484135,2.0746509128799757,3.2991376121548464,spectral_flatness_std,matched_inhale
rec2018-05-03_15h46m45.482s.wav,0,2.448,4.152,1.7040000000000002,0.984722754202391,1,2018-05-03#3,False,False,False,False,usable,usable,0.26979630379063785,-2.0030186642172194,1.836078413652345,-0.4552306588631267,0.8118047027879189,0.7061265283549997,-0.4120046245176741,0.927722842311989,1.1333062925245323,2.0030186642172194,mean_rms,matched_inhale
rec2018-05-03_15h47m08.625s.wav,0,3.152,4.776000000000001,1.6240000000000006,0.9823214696513282,1,2018-05-03#3,False,False,False,False,usable,usable,0.044966050631773696,-2.3065590092863255,1.0825310770082088,2.244953402134208,0.44425330979304345,0.17074954309068696,1.1476037228273819,1.0630880163959469,1.3668230334740727,2.3065590092863255,mean_rms,matched_inhale
rec2018-05-03_15h47m37.180s.wav,0,3.376,4.936,1.56,0.9825566036756648,1,2018-05-03#3,False,False,False,False,usable,usable,-0.13489815189531984,-1.8920544676114863,2.2365285195421056,1.636459514335047,1.4584070716711979,1.771457019089423,-0.009234896237313175,1.3055770914831275,1.5373085767510566,2.2365285195421056,spectral_centroid_mean,matched_inhale
rec2018-05-03_15h47m57.575s.wav,0,3.696,5.176,1.48,0.982640055226691,1,2018-05-03#3,False,False,False,False,usable,usable,-0.35972840505418524,-2.5550198262186816,2.394118673428376,1.7703143682484284,1.2880117720853914,2.8968883074831506,0.43096232416646757,1.6707205252406685,1.918333083642178,2.8968883074831506,spectral_flatness_std,matched_inhale
rec2018-05-03_15h48m19.468s.wav,0,3.024,4.328,1.3040000000000005,0.9768876501492092,1,2018-05-03#3,False,False,False,False,usable,usable,-0.8543549620036872,-1.5155751179453008,1.0628448037038947,-0.28968964362768096,0.6108054986964927,-0.052174763270849,-0.7520425124810808,0.7339267573898552,0.860383885198083,1.5155751179453008,mean_rms,matched_inhale
rec2018-05-03_15h48m42.154s.wav,0,2.64,4.312,1.6720000000000002,0.9858944044318252,1,2018-05-03#3,False,False,False,False,usable,usable,0.17986420252709168,-1.5462717030662867,1.27779311170799,1.5154734695659784,0.4786451367075111,1.2797188292737556,1.2388573571545396,1.0738034014290219,1.1804521763537679,1.5462717030662867,mean_rms,matched_inhale
rec2018-05-03_15h49m02.235s.wav,0,3.2,4.904,1.7039999999999995,0.979347661608144,1,2018-05-03#3,False,False,False,False,usable,usable,0.26979630379063596,-1.9872177851972432,2.1932865010813685,-0.7148600653951642,0.21586316213722315,1.0346117432304507,0.019237207490008984,0.9192675383317278,1.2224532473920806,2.1932865010813685,spectral_centroid_mean,matched_inhale
