recording_file,recording_duration_s,n_windows,n_inhale_candidates,longest_inhale_candidate_s,inhale_window_time_s,mean_p_inhale,p95_p_inhale,max_p_inhale,recording_mean_rms,recording_p95_rms,frac_windows_drug,frac_windows_exhale,frac_windows_inhale,frac_windows_noise,session,recording_group,stage1_events,annotation_status
rec2018-01-22_17h41m33.475s.wav,12.0,739,1,1.544,1.36,0.0993935992797854,0.8745311558246613,0.9846252202987671,0.053839944303035736,0.222296342253685,0.07577807848443843,0.2895805142083897,0.11502029769959404,0.5196211096075778,2018-01-22#1,usable_event,1,annotated_with_inhale
rec2018-01-22_17h41m49.809s.wav,12.0,739,1,1.544,1.36,0.11155378137543337,0.9664164423942566,0.9874169230461121,0.036848898977041245,0.23049287497997284,0.06630581867388363,0.17185385656292287,0.11502029769959404,0.6468200270635994,2018-01-22#1,usable_event,1,annotated_with_inhale
rec2018-01-22_17h42m07.718s.wav,12.0,739,1,1.56,1.3760000000000001,0.11079778665135331,0.9329849004745484,0.9745699763298035,0.03654257580637932,0.21818910539150238,0.06495263870094722,0.2625169147496617,0.11637347767253045,0.5561569688768606,2018-01-22#1,usable_event,1,annotated_with_inhale
rec2018-01-22_17h42m23.769s.wav,12.0,739,1,1.7200000000000006,1.536,0.11956823813365675,0.9488424420356751,0.9897542595863342,0.042133696377277374,0.22047081589698792,0.08119079837618404,0.3004059539918809,0.12990527740189445,0.4884979702300406,2018-01-22#1,usable_event,1,annotated_with_inhale
rec2018-01-22_17h44m03.761s.wav,12.0,739,1,1.6400000000000001,1.456,0.109319132434447,0.9166368246078491,0.980003833770752,0.03827642649412155,0.2506442368030548,0.06089309878213803,0.20162381596752368,0.12313937753721245,0.6143437077131259,2018-01-22#1,usable_event,1,annotated_with_inhale
rec2018-01-22_17h44m21.408s.wav,12.0,739,1,1.5440000000000005,1.36,0.11040013021128181,0.9449732899665833,0.9854579567909241,0.040429938584566116,0.22864140570163727,0.09336941813261164,0.2530446549391069,0.11502029769959404,0.5385656292286874,2018-01-22#1,usable_event,1,annotated_with_inhale
rec2018-01-22_17h44m39.521s.wav,12.0,739,1,1.8479999999999999,1.6640000000000001,0.12494134538232704,0.9251805365085602,0.9831579923629761,0.041341524571180344,0.24673570692539215,0.07171853856562922,0.2395128552097429,0.14073071718538566,0.5480378890392422,2018-01-22#1,usable_event,1,annotated_with_inhale
rec2018-01-22_17h44m56.745s.wav,12.0,739,1,1.992,1.808,0.1440298474142079,0.9826243996620179,0.9948825240135193,0.04639500007033348,0.25403982400894165,0.04871447902571042,0.2706359945872801,0.15290933694181327,0.5277401894451962,2018-01-22#1,usable_event,1,annotated_with_inhale
rec2018-01-22_17h45m12.839s.wav,12.0,739,1,1.288,1.104,0.08813806962431876,0.9358262598514557,0.9858847260475159,0.028506990522146225,0.22912150621414185,0.08525033829499323,0.08795669824086604,0.09336941813261164,0.7334235453315291,2018-01-22#1,usable_event,1,annotated_with_inhale
rec2018-01-23_10h42m07.256s.wav,12.0,739,1,1.608,1.424,0.114856205022583,0.9837337136268616,0.9919159412384033,0.041215647011995316,0.2375446856021881,0.07577807848443843,0.2787550744248985,0.12043301759133965,0.5250338294993234,2018-01-23#1,usable_event,1,annotated_with_inhale
rec2018-01-23_10h42m23.823s.wav,12.0,739,1,1.5600000000000005,1.3760000000000001,0.11195234148828236,0.9811717987060548,0.9956548810005188,0.03367375209927559,0.21380116045475006,0.06901217861975643,0.2327469553450609,0.11637347767253045,0.5818673883626523,2018-01-23#1,usable_event,1,annotated_with_inhale
rec2018-01-23_10h42m45.728s.wav,12.0,739,1,2.104,1.92,0.15979509335236516,0.9874216139316558,0.9956285357475281,0.04438189044594765,0.2337394803762436,0.05953991880920163,0.14343707713125844,0.16238159675236807,0.6346414073071719,2018-01-23#1,usable_event,1,annotated_with_inhale
rec2018-01-23_10h43m05.349s.wav,12.0,739,1,1.96,1.776,0.1475521358340556,0.994158411026001,0.9973201155662537,0.038459017872810364,0.20852318406105042,0.05412719891745602,0.2679296346414073,0.15020297699594046,0.5277401894451962,2018-01-23#1,usable_event,1,annotated_with_inhale
rec2018-01-23_10h43m22.564s.wav,12.0,739,1,1.9600000000000009,1.712,0.1435314404711292,0.9820815801620484,0.9953882694244385,0.045836396515369415,0.22147870063781738,0.04871447902571042,0.28416779431664413,0.14479025710419485,0.5223274695534507,2018-01-23#1,usable_event,1,annotated_with_inhale
rec2018-01-23_10h43m40.126s.wav,12.0,739,1,1.832,1.6480000000000001,0.13629750071307833,0.9897880673408508,0.9971593022346497,0.03738109767436981,0.22605358064174652,0.05953991880920163,0.18538565629228687,0.13937753721244925,0.6156968876860622,2018-01-23#1,usable_event,1,annotated_without_inhale
rec2018-01-23_10h43m56.234s.wav,12.0,739,1,1.6720000000000004,1.488,0.12478542482203957,0.9861455619335174,0.9978858828544617,0.03563936799764633,0.2043607532978058,0.05142083897158322,0.16238159675236807,0.12584573748308525,0.6603518267929634,2018-01-23#1,usable_event,1,annotated_with_inhale
rec2018-01-23_10h44m12.634s.wav,12.0,739,1,2.3760000000000003,2.192,0.18538674225360718,0.9937008619308472,0.9971426725387573,0.04200946167111397,0.18674767017364502,0.06089309878213803,0.2070365358592693,0.18538565629228687,0.5466847090663058,2018-01-23#1,usable_event,1,annotated_with_inhale
rec2018-01-23_10h44m30.273s.wav,12.0,739,1,1.7360000000000002,1.552,0.13101136576868797,0.9915520429611206,0.9964292049407959,0.03653639927506447,0.20757941901683807,0.07036535859269283,0.2381596752368065,0.13125845737483086,0.5602165087956699,2018-01-23#1,usable_event,1,annotated_with_inhale
rec2018-01-23_10h45m25.926s.wav,12.0,739,1,1.5279999999999996,1.344,0.11097831650937136,0.9763181865215301,0.9935973882675171,0.03796813637018204,0.20847386121749878,0.06089309878213803,0.2787550744248985,0.11366711772665765,0.5466847090663058,2018-01-23#1,usable_event,1,annotated_with_inhale
rec2018-01-23_10h45m44.127s.wav,12.0,739,2,1.7680000000000002,1.6,0.1373659106499894,0.9961099028587341,0.9986772537231445,0.04050946980714798,0.23222863674163818,0.036535859269282815,0.2476319350473613,0.13531799729364005,0.5805142083897158,2018-01-23#1,usable_event,2,annotated_with_inhale
rec2018-01-23_10h46m04.850s.wav,12.0,739,1,1.7200000000000002,1.536,0.12859312600488365,0.9894063115119934,0.9975178837776184,0.034362081438302994,0.1972382813692093,0.06089309878213803,0.2178619756427605,0.12990527740189445,0.591339648173207,2018-01-23#1,usable_event,1,annotated_with_inhale
rec2018-01-23_10h47m11.936s.wav,12.0,739,1,1.5919999999999996,1.408,0.11070016959279591,0.9203853428363801,0.9816783666610718,0.04726085439324379,0.24285447597503662,0.05953991880920163,0.19215155615696888,0.11907983761840325,0.6292286874154263,2018-01-23#1,usable_event,1,annotated_with_inhale
rec2018-01-23_10h49m01.624s.wav,12.0,739,1,3.1600000000000006,2.976,0.2487282114525324,0.9991438031196594,0.9996151328086853,0.06723205745220184,0.23170851171016693,0.056833558863328824,0.28416779431664413,0.2516914749661705,0.40730717185385656,2018-01-23#1,usable_event,1,annotated_with_inhale
rec2018-01-23_10h49m24.634s.wav,12.0,739,1,2.5200000000000005,2.336,0.1974609100110922,0.9988022565841674,0.9997668862342834,0.05267699062824249,0.23630046844482422,0.05953991880920163,0.36129905277401897,0.1975642760487145,0.38159675236806495,2018-01-23#1,usable_event,1,annotated_with_inhale
rec2018-01-23_10h50m00.411s.wav,12.0,739,1,2.695999999999999,2.512,0.21204099882459235,0.9982087671756744,0.999591052532196,0.05684307962656021,0.2328520268201828,0.08119079837618404,0.2354533152909337,0.2124492557510149,0.4709066305818674,2018-01-23#1,usable_event,1,annotated_with_inhale
rec2018-01-23_10h50m22.155s.wav,12.0,739,1,2.7600000000000002,2.576,0.2185914974410291,0.996707147359848,0.9988613128662109,0.05204277113080025,0.2177623212337494,0.06224627875507442,0.2882273342354533,0.2178619756427605,0.4316644113667118,2018-01-23#1,usable_event,1,annotated_with_inhale
rec2018-01-23_10h50m40.883s.wav,12.0,739,1,2.648,2.464,0.2044865833593635,0.9962573349475861,0.9993309378623962,0.054294150322675705,0.21927927434444427,0.10284167794316644,0.29499323410013534,0.2083897158322057,0.39377537212449254,2018-01-23#1,usable_event,1,annotated_with_inhale
rec2018-01-23_10h52m21.295s.wav,12.0,739,1,2.664,2.48,0.2109113505225006,0.9972488164901734,0.999556839466095,0.05249961465597153,0.23592106997966766,0.07983761840324763,0.2165087956698241,0.20974289580514208,0.4939106901217862,2018-01-23#1,usable_event,1,annotated_with_inhale
rec2018-01-23_10h52m39.068s.wav,12.0,739,1,3.096,2.912,0.23978095583820472,0.9985919773578644,0.9996217489242554,0.06264664977788925,0.2285802662372589,0.07442489851150202,0.3382949932341001,0.2462787550744249,0.34100135317997293,2018-01-23#1,usable_event,1,annotated_with_inhale
rec2018-01-23_10h52m57.816s.wav,12.0,739,2,3.031999999999999,3.04,0.2570175425798809,0.997417539358139,0.9991955161094666,0.06320815533399582,0.22117625176906586,0.08525033829499323,0.17320703653585928,0.2571041948579161,0.4844384303112314,2018-01-23#1,usable_event,2,annotated_with_inhale
rec2018-01-23_10h53m20.922s.wav,12.0,739,1,2.5840000000000005,2.4,0.19777964876681392,0.9971524238586426,0.9992786049842834,0.05103784799575806,0.21358640491962433,0.09201623815967523,0.2124492557510149,0.2029769959404601,0.4925575101488498,2018-01-23#1,usable_event,1,annotated_with_inhale
rec2018-01-23_10h54m18.511s.wav,12.0,739,1,2.408,2.224,0.1821106208710144,0.9903996288776398,0.998367428779602,0.05230933800339699,0.22843016684055328,0.08389715832205684,0.3071718538565629,0.1880920162381597,0.4208389715832206,2018-01-23#1,usable_event,1,annotated_with_inhale
rec2018-01-23_10h54m39.487s.wav,12.0,739,1,3.2880000000000007,3.024,0.25733332142996435,0.9966235339641571,0.9991750717163086,0.058827634900808334,0.21876490116119385,0.11231393775372124,0.3342354533152909,0.2557510148849797,0.2976995940460081,2018-01-23#1,usable_event,1,annotated_with_inhale
rec2018-01-23_10h56m48.215s.wav,12.0,739,1,2.2960000000000003,2.112,0.16556984618015647,0.9388923525810242,0.9926502108573914,0.07354886084794998,0.29578739404678345,0.06495263870094722,0.15967523680649526,0.17861975642760486,0.5967523680649527,2018-01-23#1,usable_event,1,annotated_with_inhale
rec2018-01-23_10h57m38.405s.wav,12.0,739,1,2.216,2.032,0.15109527903945316,0.9124866724014282,0.9837898015975952,0.07280488312244415,0.2727583944797516,0.058186738836265225,0.30311231393775373,0.17185385656292287,0.4668470906630582,2018-01-23#1,usable_event,1,annotated_with_inhale
rec2018-01-23_10h57m54.607s.wav,12.0,739,1,2.232,2.048,0.1710319295421192,0.9940645873546601,0.9971497058868408,0.05987412482500076,0.21330133080482483,0.06495263870094722,0.3004059539918809,0.17320703653585928,0.4614343707713126,2018-01-23#1,usable_event,1,annotated_with_inhale
rec2018-01-23_10h59m20.895s.wav,12.0,739,1,1.8640000000000003,1.68,0.13706045377432613,0.9694681346416474,0.9945888519287109,0.05401382967829704,0.22354508936405182,0.05548037889039242,0.2746955345060893,0.14208389715832206,0.5277401894451962,2018-01-23#1,usable_event,1,annotated_with_inhale
rec2018-01-23_10h59m40.619s.wav,12.0,739,1,1.8640000000000003,1.68,0.14023396093862464,0.9856789827346801,0.9953121542930603,0.04985220357775688,0.24024464190006256,0.06359945872801083,0.2895805142083897,0.14208389715832206,0.5047361299052774,2018-01-23#1,usable_event,1,annotated_with_inhale
rec2018-01-23_10h59m57.587s.wav,12.0,739,1,2.056,1.872,0.15316995023724694,0.9788500785827637,0.9909268617630005,0.05448390170931816,0.24103234708309174,0.056833558863328824,0.33558863328822736,0.15832205683355885,0.44925575101488496,2018-01-23#1,usable_event,1,annotated_with_inhale
rec2018-01-23_11h00m14.641s.wav,12.0,739,1,1.7680000000000002,1.584,0.12996568927316285,0.9856854677200317,0.994452714920044,0.04127390310168266,0.20963576436042786,0.05277401894451962,0.2625169147496617,0.13396481732070364,0.550744248985115,2018-01-23#1,usable_event,1,annotated_with_inhale
rec2018-01-23_11h00m33.928s.wav,12.0,739,0,0.0,0.0,0.005900412858048536,0.02756052166223528,0.21244540810585022,0.03567749634385109,0.24309185147285461,0.35182679296346414,0.0,0.0,0.6481732070365359,2018-01-23#1,no_detected_event,0,annotated_without_inhale
rec2018-01-23_11h00m51.147s.wav,12.0,739,0,0.0,0.0,0.003661173786458831,0.017651073262095453,0.09619013965129852,0.023739343509078026,0.20514777302742004,0.2395128552097429,0.0,0.0,0.7604871447902571,2018-01-23#1,no_detected_event,0,annotated_without_inhale
rec2018-01-23_11h01m08.679s.wav,12.0,739,1,1.992,1.808,0.15068911276380545,0.9910048305988312,0.9967164993286133,0.046516574919223785,0.21960236132144928,0.08389715832205684,0.19215155615696888,0.15290933694181327,0.571041948579161,2018-01-23#1,usable_event,1,annotated_with_inhale
rec2018-01-23_11h01m26.075s.wav,12.0,739,1,1.8160000000000003,1.6320000000000001,0.13192628025908582,0.973066759109497,0.9905974864959717,0.04864148423075676,0.22354064881801605,0.05142083897158322,0.20568335588633288,0.13802435723951287,0.6048714479025711,2018-01-23#1,usable_event,1,annotated_with_inhale
rec2018-01-23_11h01m41.256s.wav,12.0,739,1,1.8640000000000003,1.68,0.13978653237671293,0.9926966547966004,0.9964002370834351,0.04505550116300583,0.21298952400684357,0.058186738836265225,0.22462787550744248,0.14208389715832206,0.5751014884979703,2018-01-23#1,usable_event,1,annotated_with_inhale
rec2018-01-23_11h01m57.075s.wav,12.0,739,1,1.6240000000000006,1.44,0.11765311558620355,0.972085565328598,0.9955654740333557,0.04468036815524101,0.21005412936210632,0.06765899864682003,0.29499323410013534,0.12178619756427606,0.5155615696887687,2018-01-23#1,usable_event,1,annotated_with_inhale
rec2018-01-23_11h02m14.505s.wav,12.0,739,1,1.6560000000000004,1.472,0.12115778223594524,0.9750176906585694,0.994683027267456,0.04507707059383392,0.21685703098773956,0.04194857916102842,0.2408660351826793,0.12449255751014884,0.5926928281461434,2018-01-23#1,usable_event,1,annotated_with_inhale
rec2018-01-23_11h02m29.845s.wav,12.0,739,1,1.8160000000000007,1.6320000000000001,0.1338874033379772,0.9848373532295227,0.9961245059967041,0.041509561240673065,0.21640726923942566,0.05142083897158322,0.21380243572395127,0.13802435723951287,0.5967523680649527,2018-01-23#1,usable_event,1,annotated_with_inhale
rec2018-01-23_11h02m48.266s.wav,12.0,739,1,1.6880000000000002,1.504,0.12679671923996036,0.9808820426464081,0.994050145149231,0.04170820862054825,0.21087588369846344,0.06089309878213803,0.14343707713125844,0.12719891745602166,0.6684709066305818,2018-01-23#1,usable_event,1,annotated_with_inhale
rec2018-01-23_11h03m04.371s.wav,12.0,739,1,1.896,1.712,0.14595140657305386,0.9872926414012909,0.9962195754051208,0.051628097891807556,0.1959172487258911,0.04736129905277402,0.2868741542625169,0.14479025710419485,0.5209742895805142,2018-01-23#1,usable_event,1,annotated_with_inhale
rec2018-01-23_11h03m19.651s.wav,12.0,739,1,1.6080000000000005,1.424,0.11676388619618792,0.9714087545871735,0.9888882040977478,0.05052967742085457,0.24838465452194214,0.04871447902571042,0.2882273342354533,0.12043301759133965,0.5426251691474966,2018-01-23#1,usable_event,1,annotated_with_inhale
rec2018-01-23_11h03m36.803s.wav,12.0,739,1,1.5120000000000002,1.328,0.10913161618127178,0.969965523481369,0.9918777346611023,0.04071113467216492,0.21750101447105408,0.05277401894451962,0.2489851150202977,0.11231393775372124,0.5859269282814614,2018-01-23#1,usable_event,1,annotated_with_inhale
rec2018-01-23_11h03m51.751s.wav,12.0,739,1,1.5920000000000003,1.408,0.1137489614310799,0.9706813037395478,0.9902591109275818,0.04035798832774162,0.21124820411205292,0.06630581867388363,0.17185385656292287,0.11907983761840325,0.6427604871447903,2018-01-23#1,usable_event,1,annotated_with_inhale
rec2018-01-23_11h04m10.613s.wav,12.0,739,1,1.6400000000000003,1.456,0.11716446526937735,0.9633268117904663,0.9817906618118286,0.04180142283439636,0.21318118274211884,0.04194857916102842,0.2449255751014885,0.12313937753721245,0.5899864682002707,2018-01-23#1,usable_event,1,annotated_with_inhale
rec2018-01-23_11h04m27.250s.wav,12.0,739,1,2.04,1.856,0.15246396261565398,0.9896920323371887,0.9965539574623108,0.04427219554781914,0.2196911871433258,0.05412719891745602,0.2408660351826793,0.15696887686062247,0.5480378890392422,2018-01-23#1,usable_event,1,annotated_with_inhale
rec2018-01-23_11h04m44.325s.wav,12.0,739,1,1.576,1.3920000000000001,0.11608984295942212,0.9798378646373749,0.9901424050331116,0.03621950373053551,0.19971664249897003,0.04871447902571042,0.2571041948579161,0.11772665764546685,0.5764546684709067,2018-01-23#1,usable_event,1,annotated_with_inhale
rec2018-01-23_11h05m01.603s.wav,12.0,739,1,1.5120000000000005,1.328,0.11124705183476512,0.9879378080368042,0.9986453652381897,0.03971019387245178,0.22533297538757324,0.06630581867388363,0.2706359945872801,0.11231393775372124,0.550744248985115,2018-01-23#1,usable_event,1,annotated_with_inhale
rec2018-01-23_11h11m07.436s.wav,12.0,739,1,1.7519999999999998,1.568,0.1266516855096444,0.9699294388294222,0.9954887628555298,0.057793814688920975,0.2503809630870819,0.06089309878213803,0.2638700947225981,0.13261163734776726,0.5426251691474966,2018-01-23#1,usable_event,1,annotated_with_inhale
rec2018-01-23_11h11m22.731s.wav,12.0,739,1,1.592,1.408,0.11942442324017587,0.9910115301609039,0.997381865978241,0.03850814700126648,0.211961567401886,0.04736129905277402,0.18403247631935046,0.11907983761840325,0.6495263870094723,2018-01-23#1,usable_event,1,annotated_with_inhale
rec2018-01-23_11h11m37.608s.wav,12.0,739,1,1.6560000000000004,1.472,0.12339035172498092,0.9922699928283691,0.9984365701675415,0.04014679789543152,0.23079925775527954,0.07036535859269283,0.17456021650879566,0.12449255751014884,0.6305818673883626,2018-01-23#1,usable_event,1,annotated_with_inhale
rec2018-01-23_11h11m52.435s.wav,12.0,739,2,1.7040000000000002,1.696,0.13715490048349394,0.98421288728714,0.9926561713218689,0.04883831366896629,0.27366796135902405,0.06224627875507442,0.16102841677943167,0.14343707713125844,0.6332882273342354,2018-01-23#1,usable_event,2,annotated_without_inhale
rec2018-01-23_11h51m22.121s.wav,12.0,739,2,1.7040000000000002,1.568,0.1231169774348082,0.9380207479000091,0.9818131327629089,0.04703308269381523,0.25842222571372986,0.035182679296346414,0.2787550744248985,0.13261163734776726,0.5534506089309879,2018-01-23#2,usable_event,2,annotated_with_inhale
rec2018-01-23_11h51m37.745s.wav,12.0,739,1,1.2879999999999998,1.104,0.08540912191449555,0.9104540288448334,0.9692549109458923,0.03440345451235771,0.2568409740924835,0.06089309878213803,0.06359945872801083,0.09336941813261164,0.7821380243572396,2018-01-23#2,usable_event,1,annotated_with_inhale
rec2018-01-23_11h51m52.565s.wav,12.0,739,1,1.3360000000000003,1.1520000000000001,0.09695083348051158,0.9614627063274384,0.9925874471664429,0.03674604371190071,0.22075332701206207,0.05548037889039242,0.2571041948579161,0.09742895805142084,0.5899864682002707,2018-01-23#2,usable_event,1,annotated_with_inhale
rec2018-01-23_11h52m38.758s.wav,12.0,739,1,1.5600000000000003,1.3760000000000001,0.11176226137010707,0.9764569759368896,0.99112868309021,0.046266719698905945,0.23182691633701324,0.05277401894451962,0.2503382949932341,0.11637347767253045,0.5805142083897158,2018-01-23#2,usable_event,1,annotated_with_inhale
rec2018-01-23_11h52m53.640s.wav,12.0,739,1,1.464,1.28,0.10529939902002389,0.971686589717865,0.9958124160766602,0.03662114217877388,0.24275648593902588,0.05412719891745602,0.13125845737483086,0.10825439783491204,0.706359945872801,2018-01-23#2,usable_event,1,annotated_with_inhale
rec2018-01-23_11h53m23.410s.wav,12.0,739,1,1.5760000000000005,1.3920000000000001,0.11462592563655397,0.9735458672046662,0.9923404455184937,0.04195459932088852,0.2537064552307129,0.04871447902571042,0.2368064952638701,0.11772665764546685,0.5967523680649527,2018-01-23#2,usable_event,1,annotated_with_inhale
rec2018-01-23_11h53m38.425s.wav,12.0,739,1,1.448,1.264,0.10263845593978485,0.9619422554969788,0.9934797286987305,0.03823140636086464,0.2630341947078705,0.06495263870094722,0.1975642760487145,0.10690121786197564,0.6305818673883626,2018-01-23#2,usable_event,1,annotated_with_inhale
rec2018-01-23_11h53m56.835s.wav,12.0,739,1,1.5920000000000005,1.408,0.11580616943716876,0.9659673988819122,0.9889852404594421,0.043092332780361176,0.2634073495864868,0.06224627875507442,0.12584573748308525,0.11907983761840325,0.6928281461434371,2018-01-23#2,usable_event,1,annotated_with_inhale
rec2018-01-23_11h56m03.777s.wav,12.0,739,1,1.576,1.3920000000000001,0.11080434791057119,0.9378450632095336,0.9848039746284485,0.039406731724739075,0.25662392377853394,0.035182679296346414,0.2381596752368065,0.11772665764546685,0.6089309878213802,2018-01-23#2,usable_event,1,annotated_with_inhale
rec2018-01-23_11h56m18.749s.wav,12.0,739,1,1.4320000000000004,1.248,0.09202631474484638,0.8538118481636048,0.989016592502594,0.04070178419351578,0.281578928232193,0.037889039242219216,0.10690121786197564,0.10554803788903924,0.7496617050067659,2018-01-23#2,usable_event,1,unannotated
rec2018-01-23_11h56m33.584s.wav,12.0,739,1,1.448,1.264,0.09479966579892136,0.908699667453766,0.9755581021308899,0.03812992200255394,0.2611595392227173,0.05142083897158322,0.21109607577807848,0.10690121786197564,0.6305818673883626,2018-01-23#2,usable_event,1,annotated_without_inhale
rec2018-01-23_11h57m24.977s.wav,12.0,739,1,1.4800000000000004,1.296,0.1081136261992156,0.9718911647796631,0.9941384196281433,0.042813390493392944,0.23918244242668152,0.037889039242219216,0.2638700947225981,0.10960757780784844,0.5886332882273342,2018-01-23#2,usable_event,1,annotated_with_inhale
rec2018-01-23_11h57m41.504s.wav,12.0,739,1,1.2880000000000003,1.104,0.09213034340714049,0.9498671770095826,0.9940492510795593,0.038912806659936905,0.24417297542095184,0.056833558863328824,0.27604871447902574,0.09336941813261164,0.5737483085250338,2018-01-23#2,usable_event,1,annotated_with_inhale
rec2018-01-23_11h57m58.590s.wav,12.0,739,1,1.5920000000000005,1.408,0.11982773136290582,0.9868412852287293,0.997657060623169,0.04086150974035263,0.22319753468036652,0.04194857916102842,0.2706359945872801,0.11907983761840325,0.5683355886332883,2018-01-23#2,usable_event,1,annotated_with_inhale
rec2018-01-23_11h58m15.852s.wav,12.0,739,1,1.56,1.3760000000000001,0.11315235334444751,0.9893016159534455,0.9963076114654541,0.040082842111587524,0.2416875958442688,0.04059539918809202,0.22868741542625168,0.11637347767253045,0.6143437077131259,2018-01-23#2,usable_event,1,annotated_with_inhale
rec2018-01-23_11h58m34.582s.wav,12.0,739,1,1.688,1.504,0.1258156615148608,0.9830545127391815,0.9945313930511475,0.039253976196050644,0.24700364470481873,0.03112313937753721,0.07171853856562922,0.12719891745602166,0.7699594046008119,2018-01-23#2,usable_event,1,annotated_with_inhale
rec2018-01-23_11h58m49.449s.wav,12.0,739,1,1.4480000000000004,1.216,0.09203236352756484,0.8618772268295288,0.9830061793327332,0.03977958858013153,0.2550298571586609,0.03382949932341001,0.21380243572395127,0.10284167794316644,0.6495263870094723,2018-01-23#2,usable_event,1,annotated_with_inhale
rec2018-01-23_11h59m04.620s.wav,12.0,739,2,1.5920000000000005,1.472,0.1212727948727261,0.9896740198135376,0.9975318312644958,0.037998177111148834,0.2254447638988495,0.04059539918809202,0.15155615696887687,0.12449255751014884,0.6833558863328822,2018-01-23#2,usable_event,2,annotated_with_inhale
rec2018-01-23_12h02m44.138s.wav,12.0,739,1,1.4960000000000004,1.312,0.10669654785728658,0.9691471636295319,0.9894420504570007,0.03971002623438835,0.24201813340187073,0.06224627875507442,0.2584573748308525,0.11096075778078485,0.5683355886332883,2018-01-23#2,usable_event,1,annotated_with_inhale
rec2018-01-23_12h03m01.599s.wav,12.0,739,1,1.32,1.1360000000000001,0.08857287698737382,0.9078496396541595,0.9818534255027771,0.03542082756757736,0.2399793416261673,0.04194857916102842,0.20974289580514208,0.09607577807848444,0.652232746955345,2018-01-23#2,usable_event,1,annotated_with_inhale
rec2018-01-23_12h03m19.922s.wav,12.0,739,1,1.4960000000000004,1.312,0.1061759437516124,0.9493289709091187,0.9941858053207397,0.038078196346759796,0.24090470373630524,0.05412719891745602,0.28010825439783493,0.11096075778078485,0.5548037889039242,2018-01-23#2,usable_event,1,annotated_with_inhale
rec2018-01-23_12h03m36.988s.wav,12.0,739,1,1.4,1.216,0.09685047394649912,0.9091580033302308,0.9752678275108337,0.03678930178284645,0.2507317066192627,0.05006765899864682,0.2719891745602165,0.10284167794316644,0.5751014884979703,2018-01-23#2,usable_event,1,annotated_with_inhale
rec2018-01-23_12h03m52.821s.wav,12.0,739,1,1.4960000000000004,1.312,0.10788149664964264,0.9638463616371155,0.9953920245170593,0.03760281205177307,0.2533247470855713,0.06224627875507442,0.28010825439783493,0.11096075778078485,0.5466847090663058,2018-01-23#2,usable_event,1,annotated_with_inhale
rec2018-01-23_12h04m16.860s.wav,12.0,739,1,1.4640000000000004,1.28,0.10325625188288243,0.9595151841640472,0.9812612533569336,0.03795267641544342,0.2641458809375763,0.04194857916102842,0.2259810554803789,0.10825439783491204,0.6238159675236806,2018-01-23#2,usable_event,1,annotated_with_inhale
rec2018-01-23_12h04m31.917s.wav,12.0,739,1,1.5920000000000005,1.408,0.11431997876315828,0.9569902837276458,0.9887307286262512,0.0384022556245327,0.2390218824148178,0.03924221921515562,0.2029769959404601,0.11907983761840325,0.638700947225981,2018-01-23#2,usable_event,1,annotated_with_inhale
rec2018-01-23_12h04m50.656s.wav,12.0,739,1,1.4800000000000004,1.296,0.10520008721747558,0.9580247104167938,0.9929168224334717,0.03566162288188934,0.2292981743812561,0.04871447902571042,0.2219215155615697,0.10960757780784844,0.6197564276048715,2018-01-23#2,usable_event,1,annotated_with_inhale
rec2018-01-23_12h05m05.795s.wav,12.0,739,1,1.4320000000000004,1.248,0.10096076680519281,0.9688003420829773,0.9913212060928345,0.03405958041548729,0.24640193581581116,0.03247631935047361,0.21109607577807848,0.10554803788903924,0.6508795669824087,2018-01-23#2,usable_event,1,annotated_with_inhale
rec2018-01-23_12h37m08.326s.wav,12.0,739,1,1.4160000000000004,1.232,0.0955389069980031,0.874560821056366,0.9884757995605469,0.04168456420302391,0.24868451058864594,0.05142083897158322,0.23004059539918809,0.10419485791610285,0.6143437077131259,2018-01-23#3,usable_event,1,annotated_with_inhale
rec2018-01-23_12h37m25.023s.wav,12.0,739,1,1.608,1.424,0.1151374694736994,0.9608075022697449,0.9932311773300171,0.03685374557971954,0.23172037303447723,0.05548037889039242,0.13125845737483086,0.12043301759133965,0.6928281461434371,2018-01-23#3,usable_event,1,annotated_with_inhale
rec2018-01-23_12h37m39.981s.wav,12.0,739,1,1.4640000000000002,1.28,0.10168370038562852,0.953908371925354,0.9882259964942932,0.036495186388492584,0.2497909516096115,0.04736129905277402,0.19215155615696888,0.10825439783491204,0.652232746955345,2018-01-23#3,usable_event,1,annotated_with_inhale
rec2018-01-23_12h37m54.913s.wav,12.0,739,1,1.464,1.28,0.10565921796929814,0.9882067978382111,0.9967730045318604,0.03424008563160896,0.2375001758337021,0.05548037889039242,0.2503382949932341,0.10825439783491204,0.5859269282814614,2018-01-23#3,usable_event,1,annotated_with_inhale
rec2018-01-23_12h38m10.740s.wav,12.0,739,1,1.4960000000000004,1.312,0.105978652052341,0.9287587523460389,0.9876483678817749,0.036876123398542404,0.22905105352401733,0.037889039242219216,0.12313937753721245,0.11096075778078485,0.7280108254397835,2018-01-23#3,usable_event,1,annotated_with_inhale
rec2018-01-23_12h39m14.259s.wav,12.0,739,1,1.464,1.28,0.09844468040961747,0.9033479869365693,0.980884850025177,0.04245451092720032,0.23481319844722748,0.07848443843031123,0.2557510148849797,0.10825439783491204,0.557510148849797,2018-01-23#3,usable_event,1,annotated_with_inhale
rec2018-01-23_12h39m29.011s.wav,12.0,739,1,1.7200000000000002,1.536,0.12971594513044388,0.986867356300354,0.9950001239776611,0.038144566118717194,0.22386513650417328,0.06089309878213803,0.22462787550744248,0.12990527740189445,0.584573748308525,2018-01-23#3,usable_event,1,annotated_with_inhale
rec2018-01-23_12h39m44.218s.wav,12.0,739,1,1.624,1.44,0.11723344230149521,0.965017682313919,0.9893407821655273,0.03566345199942589,0.24733637273311615,0.058186738836265225,0.11502029769959404,0.12178619756427606,0.7050067658998647,2018-01-23#3,usable_event,1,annotated_with_inhale
rec2018-01-23_12h39m59.067s.wav,12.0,739,1,1.864,1.68,0.1368244954468877,0.9837777316570282,0.9943709969520569,0.03993277996778488,0.2427729219198227,0.05412719891745602,0.08119079837618404,0.14208389715832206,0.7225981055480379,2018-01-23#3,usable_event,1,annotated_without_inhale
rec2018-01-23_12h40m15.223s.wav,12.0,739,1,1.608,1.424,0.11603847006552878,0.9785202205181122,0.9950064420700073,0.035147909075021744,0.23168636858463287,0.046008119079837616,0.2503382949932341,0.12043301759133965,0.5832205683355887,2018-01-23#3,usable_event,1,annotated_with_inhale
rec2018-01-23_12h40m30.209s.wav,12.0,739,1,1.576,1.3920000000000001,0.11326385734691141,0.9752144277095794,0.9944398403167725,0.04099803790450096,0.24537788331508636,0.07036535859269283,0.2868741542625169,0.11772665764546685,0.5250338294993234,2018-01-23#3,usable_event,1,annotated_with_inhale
rec2018-01-23_12h40m47.865s.wav,12.0,739,1,1.7040000000000002,1.52,0.12472536408523753,0.9732092082500458,0.9897132515907288,0.042733341455459595,0.2613416910171509,0.05548037889039242,0.23410013531799728,0.12855209742895804,0.5818673883626523,2018-01-23#3,usable_event,1,annotated_with_inhale
rec2018-01-23_12h41m04.075s.wav,12.0,739,1,2.2800000000000002,2.096,0.1734651496794071,0.9865561306476593,0.9958608746528625,0.04570271447300911,0.23107300698757172,0.05953991880920163,0.18538565629228687,0.17726657645466848,0.577807848443843,2018-01-23#3,usable_event,1,annotated_with_inhale
rec2018-01-23_12h41m19.889s.wav,12.0,739,1,2.1200000000000006,1.936,0.16373283444495898,0.996869933605194,0.9991425275802612,0.038504987955093384,0.19664384424686432,0.05412719891745602,0.2029769959404601,0.16373477672530445,0.5791610284167794,2018-01-23#3,usable_event,1,annotated_with_inhale
rec2018-01-23_12h41m54.714s.wav,12.0,739,1,1.6880000000000002,1.504,0.12544120382410104,0.988908302783966,0.9960368871688843,0.03886546194553375,0.22457517683506012,0.06089309878213803,0.2814614343707713,0.12719891745602166,0.530446549391069,2018-01-23#3,usable_event,1,annotated_with_inhale
rec2018-01-23_12h42m11.121s.wav,12.0,739,1,1.5920000000000005,1.408,0.1084231939639943,0.9169170141220093,0.9923640489578247,0.037581175565719604,0.25589731335639954,0.04736129905277402,0.14884979702300405,0.11907983761840325,0.6847090663058186,2018-01-23#3,usable_event,1,annotated_with_inhale
rec2018-01-23_12h50m45.316s.wav,12.0,739,1,1.2720000000000002,1.088,0.09308105315537207,0.9935005128383636,0.9981715083122253,0.030922889709472656,0.2004278153181076,0.04736129905277402,0.2706359945872801,0.09201623815967523,0.5899864682002707,2018-01-23#3,usable_event,1,annotated_with_inhale
rec2018-01-23_12h51m39.774s.wav,12.0,739,2,0.552,0.464,0.045592245991032794,0.23984603732824405,0.9958845376968384,0.025848139077425003,0.14710094034671783,0.029769959404600813,0.1975642760487145,0.03924221921515562,0.7334235453315291,2018-01-23#3,usable_event,2,annotated_without_inhale
rec2018-01-23_12h52m08.363s.wav,12.0,739,5,1.1599999999999984,2.2560000000000002,0.18451702110452997,0.9232100069522858,0.9959061741828918,0.05981547012925148,0.23568275570869446,0.036535859269282815,0.036535859269282815,0.19079837618403248,0.7361299052774019,2018-01-23#3,usable_event,5,annotated_without_inhale
rec2018-01-23_12h52m40.101s.wav,12.0,739,2,1.912,2.176,0.1682781253232606,0.9258101046085357,0.9881449937820435,0.05182280018925667,0.2107589989900589,0.04736129905277402,0.03382949932341001,0.18403247631935046,0.7347767253044655,2018-01-23#3,usable_event,2,annotated_without_inhale
rec2018-01-23_12h53m35.233s.wav,12.0,739,1,0.8240000000000003,0.64,0.049483365267951246,0.5754257738590242,0.8275473117828369,0.03418734297156334,0.2304377555847168,0.016238159675236806,0.014884979702300407,0.05412719891745602,0.9147496617050067,2018-01-23#3,usable_event,1,annotated_without_inhale
rec2018-01-23_12h54m08.620s.wav,12.0,739,2,1.3040000000000003,1.1360000000000001,0.07879715776758871,0.7294249057769776,0.8515730500221252,0.03129636496305466,0.210911363363266,0.04330175913396482,0.06224627875507442,0.09607577807848444,0.7983761840324763,2018-01-23#3,usable_event,2,annotated_with_inhale
rec2018-01-23_12h54m28.485s.wav,12.0,739,2,0.3440000000000003,0.176,0.03769990198557043,0.2666259288787842,0.6638578176498413,0.03201407566666603,0.18499252200126648,0.0027063599458728013,0.0040595399188092015,0.014884979702300407,0.9783491204330176,2018-01-23#3,only_excluded_events,2,annotated_without_inhale
rec2018-01-23_12h55m02.432s.wav,12.0,739,1,1.0480000000000005,0.864,0.061367191864959536,0.674084305763245,0.8272913098335266,0.034790899604558945,0.20555630326271057,0.018944519621109608,0.0,0.07307171853856563,0.9079837618403248,2018-01-23#3,usable_event,1,unannotated
rec2018-01-23_12h55m27.681s.wav,12.0,739,1,1.2400000000000002,1.056,0.08184684783018457,0.8289564371109011,0.9649561643600464,0.034787941724061966,0.19444505870342255,0.018944519621109608,0.13531799729364005,0.08930987821380243,0.7564276048714479,2018-01-23#3,usable_event,1,annotated_with_inhale
rec2018-01-23_12h55m53.736s.wav,12.0,739,2,0.984,0.848,0.06705572747216115,0.7873028695583344,0.9634442329406738,0.03398359194397926,0.22405903041362762,0.036535859269282815,0.029769959404600813,0.07171853856562922,0.8619756427604871,2018-01-23#3,usable_event,2,annotated_without_inhale
rec2018-01-23_12h56m34.401s.wav,12.0,739,1,1.08,0.896,0.06252305068279428,0.7366857230663301,0.909453809261322,0.03444110229611397,0.228754922747612,0.03382949932341001,0.17726657645466848,0.07577807848443843,0.713125845737483,2018-01-23#3,usable_event,1,annotated_with_inhale
rec2018-01-23_12h57m02.652s.wav,12.0,739,1,1.0160000000000005,0.752,0.05706801341785847,0.6132723867893219,0.7717178463935852,0.037703175097703934,0.21730172634124756,0.02165087956698241,0.014884979702300407,0.06359945872801083,0.8998646820027063,2018-01-23#3,usable_event,1,unannotated
rec2018-01-23_12h57m37.371s.wav,12.0,739,1,1.1920000000000002,1.008,0.07114510205593237,0.7102906286716462,0.9459020495414734,0.03990946710109711,0.2577168941497803,0.036535859269282815,0.21921515561569688,0.08525033829499323,0.6589986468200271,2018-01-23#3,usable_event,1,annotated_with_inhale
rec2018-02-01_17h15m26.949s.wav,12.0,739,0,0.0,0.0,4.907886807067025e-05,8.944918808992954e-05,0.0001757698628352955,0.0012132520787417889,0.0016236959490925074,0.0,0.0,0.0,1.0,2018-02-01#1,no_detected_event,0,unannotated
rec2018-02-01_17h16m38.795s.wav,12.0,739,0,0.0,0.0,0.0001027951354169642,0.0003389823541510851,0.0010414337739348412,0.03104805015027523,0.21570107340812683,0.0,0.0,0.0,1.0,2018-02-01#1,no_detected_event,0,annotated_without_inhale
rec2018-02-01_17h36m45.706s.wav,12.512,771,1,1.48,1.296,0.10031203273694753,0.9403155744075775,0.9812636971473694,0.058237411081790924,0.23896531760692596,0.09727626459143969,0.1815823605706874,0.10505836575875487,0.6160830090791181,2018-02-01#1,usable_event,1,annotated_with_inhale
rec2018-02-01_17h40m59.475s.wav,12.0,739,1,1.4640000000000004,1.28,0.10591562441879318,0.8909306228160858,0.9554101228713989,0.05146503075957298,0.2394486963748932,0.03924221921515562,0.17726657645466848,0.10825439783491204,0.6752368064952639,2018-02-01#1,usable_event,1,annotated_with_inhale
rec2018-02-01_18h46m21.976s.wav,12.0,739,0,0.0,0.0,0.0007552622125216799,0.0030519876396283533,0.03407089039683342,0.002138907089829445,0.009449319913983345,0.0,0.0,0.0,1.0,2018-02-01#2,no_detected_event,0,unannotated
rec2018-02-01_18h51m05.916s.wav,12.0,739,0,0.0,0.0,3.165991257883471e-05,0.00011839654980576604,0.00040786093450151384,0.016352927312254906,0.044031284749507904,0.0,0.0,0.0,1.0,2018-02-01#2,no_detected_event,0,annotated_without_inhale
rec2018-02-01_18h53m37.601s.wav,12.0,739,0,0.0,0.0,0.00010150392441267338,0.00023022223904263232,0.0007599471136927605,0.006855832878500223,0.04935986176133156,0.0,0.0,0.0,1.0,2018-02-01#2,no_detected_event,0,annotated_without_inhale
rec2018-02-01_19h03m31.204s.wav,12.0,739,0,0.0,0.0,9.301482038703574e-05,0.00022118445194792006,0.0006789842154830694,0.0005290865083225071,0.0009821932762861252,0.0,0.0,0.0,1.0,2018-02-01#2,no_detected_event,0,unannotated
rec2018-02-01_19h06m38.729s.wav,12.0,739,0,0.0,0.0,9.702970316670681e-05,0.00023921340325614473,0.0022266970481723547,0.0006075098062865436,0.0012614130973815918,0.0,0.0,0.0,1.0,2018-02-01#2,no_detected_event,0,unannotated
rec2018-02-01_19h08m33.298s.wav,12.0,739,0,0.0,0.0,0.00013040254839971038,0.00032378247706219557,0.0007096388144418597,0.0013984619872644544,0.004316056612879038,0.0,0.0,0.0,1.0,2018-02-01#2,no_detected_event,0,annotated_without_inhale
rec2018-02-01_19h27m31.366s.wav,12.512,771,0,0.0,0.0,0.0004439413598784357,0.002293497323989868,0.016764499247074127,0.0025112254079431295,0.008838296867907047,0.0,0.0,0.0,1.0,2018-02-01#2,no_detected_event,0,annotated_without_inhale
rec2018-02-01_19h31m00.305s.wav,12.512,771,0,0.0,0.0,8.116157544165485e-05,0.0002735715388553217,0.0008286737138405442,0.0010809076484292746,0.0048530129715800285,0.0,0.0,0.0,1.0,2018-02-01#2,no_detected_event,0,unannotated
rec2018-02-01_19h37m33.548s.wav,12.0,739,0,0.0,0.0,8.928614372104524e-05,0.00018730091396719218,0.0012448463821783662,0.00048679724568501115,0.0007551391609013081,0.0,0.0,0.0,1.0,2018-02-01#2,no_detected_event,0,unannotated
rec2018-02-01_20h53m49.957s.wav,12.512,771,0,0.0,0.0,0.00011048048567855803,0.00040685255953576416,0.0017269384115934372,0.0022481305059045553,0.012574450112879276,0.0,0.0,0.0,1.0,2018-02-01#3,no_detected_event,0,unannotated
rec2018-02-01_21h06m14.970s.wav,12.512,771,0,0.0,0.0,4.461965698839951e-05,7.777336941217072e-05,0.0004141690442338586,0.0008638857980258763,0.0019610377494245768,0.0,0.0,0.0,1.0,2018-02-01#3,no_detected_event,0,unannotated
rec2018-02-01_23h58m23.478s.wav,12.0,739,0,0.0,0.0,0.00012623948393123693,0.00046466402418445825,0.0012943913461640477,0.0028471583500504494,0.009130393154919147,0.0,0.0,0.0,1.0,2018-02-01#4,no_detected_event,0,annotated_without_inhale
rec2018-02-02_00h11m42.617s.wav,12.512,771,1,1.5440000000000005,1.36,0.09765664305440659,0.9228238463401794,0.9820212125778198,0.043874144554138184,0.23215541243553162,0.04669260700389105,0.20752269779507135,0.11024643320363164,0.6355382619974059,2018-02-01#4,usable_event,1,annotated_with_inhale
rec2018-02-02_00h26m49.779s.wav,12.0,739,0,0.0,0.0,0.0023892491527410064,0.008657856192439799,0.06646019220352173,0.008168323896825314,0.023941125720739365,0.0,0.005412719891745603,0.0,0.9945872801082544,2018-02-01#4,no_detected_event,0,unannotated
rec2018-02-02_00h27m33.111s.wav,12.512,771,1,1.8159999999999998,1.6320000000000001,0.12954530755527413,0.9699276089668274,0.9929176568984985,0.052657291293144226,0.22624123096466064,0.04669260700389105,0.21141374837872892,0.13229571984435798,0.6095979247730221,2018-02-01#4,usable_event,1,annotated_with_inhale
rec2018-02-02_00h33m01.131s.wav,12.0,739,2,0.8239999999999998,0.528,0.050419834086089674,0.3806324362754823,0.7970605492591858,0.041679516434669495,0.23831090331077576,0.0040595399188092015,0.02165087956698241,0.044654939106901215,0.9296346414073072,2018-02-01#4,only_excluded_events,2,unannotated
rec2018-02-02_00h38m38.571s.wav,12.512,771,0,0.0,0.0,0.0005236324932793994,0.0024010405177250504,0.010707571171224117,0.008424384519457817,0.036881156265735626,0.0,0.02464332036316472,0.0,0.9753566796368353,2018-02-01#4,no_detected_event,0,unannotated
rec2018-02-02_00h39m43.100s.wav,12.512,771,2,1.0,0.928,0.06261279210090595,0.6311385333538055,0.8211485743522644,0.03691931813955307,0.238677978515625,0.0038910505836575876,0.0,0.07522697795071336,0.920881971465629,2018-02-01#4,only_excluded_events,2,unannotated
rec2018-02-02_01h22m43.881s.wav,12.0,739,0,0.0,0.0,9.964503265523496e-05,0.0005687312223017216,0.0014478962402790785,0.002564262831583619,0.004244912415742874,0.0,0.0,0.0,1.0,2018-02-02#1,no_detected_event,0,unannotated
rec2018-02-02_01h25m14.325s.wav,12.512,771,0,0.0,0.0,0.0022855431774750864,0.009778986684978008,0.1443098485469818,0.003473494667559862,0.006173744797706604,0.0,0.0,0.0,1.0,2018-02-02#1,no_detected_event,0,annotated_without_inhale
rec2018-02-02_01h29m15.516s.wav,12.0,739,0,0.0,0.0,1.906748521244183e-05,5.8665894903242596e-05,8.761721255723387e-05,0.0031574706081300974,0.007070445921272039,0.0,0.0,0.0,1.0,2018-02-02#1,no_detected_event,0,unannotated
rec2018-02-02_01h31m43.090s.wav,12.512,771,0,0.0,0.0,0.0002836218210728886,0.0011764340451918542,0.0040902988985180855,0.003929526079446077,0.015917830169200897,0.0,0.0,0.0,1.0,2018-02-02#1,no_detected_event,0,unannotated
rec2018-02-02_01h32m24.455s.wav,12.512,771,2,0.5840000000000005,0.624,0.05052439762232552,0.5084319561719894,0.8961023092269897,0.035599540919065475,0.2125082015991211,0.028534370946822308,0.07522697795071336,0.05058365758754864,0.8456549935149157,2018-02-02#1,usable_event,2,annotated_without_inhale
rec2018-02-02_01h34m08.386s.wav,12.512,771,1,1.1599999999999993,0.976,0.07238203956319202,0.8167554438114166,0.9785067439079285,0.031206345185637474,0.21521611511707306,0.02204928664072633,0.0025940337224383916,0.07911802853437094,0.8962386511024644,2018-02-02#1,usable_event,1,annotated_without_inhale
rec2018-02-02_01h35m12.866s.wav,12.512,771,1,1.4800000000000004,1.296,0.08807290903415754,0.8142591118812561,0.91279536485672,0.04306255280971527,0.2388220876455307,0.04409857328145266,0.11154345006485085,0.10505836575875487,0.7392996108949417,2018-02-02#1,usable_event,1,annotated_without_inhale
rec2018-02-02_01h36m19.632s.wav,12.512,771,1,1.56,1.3760000000000001,0.09234361789417321,0.825738936662674,0.985145628452301,0.04706745594739914,0.23087303340435028,0.03372243839169909,0.21011673151750973,0.11154345006485085,0.6446173800259404,2018-02-02#1,usable_event,1,annotated_without_inhale
rec2018-02-02_01h40m26.773s.wav,12.512,771,1,0.8079999999999998,0.512,0.039838491062250035,0.4021862596273422,0.803968071937561,0.04444509744644165,0.2307852804660797,0.04409857328145266,0.0311284046692607,0.041504539559014265,0.8832684824902723,2018-02-02#1,usable_event,1,annotated_without_inhale
rec2018-02-02_01h58m20.818s.wav,12.512,771,1,0.6800000000000002,0.304,0.03633503290657255,0.30863091349601746,0.7265216112136841,0.039089471101760864,0.22447136044502258,0.01297016861219196,0.038910505836575876,0.02464332036316472,0.9234760051880675,2018-02-02#1,usable_event,1,unannotated
rec2018-02-02_01h58m59.251s.wav,12.512,771,1,1.384,1.2,0.08490344040305327,0.8582514226436615,0.9508000016212463,0.036187492311000824,0.24259589612483978,0.04928664072632944,0.054474708171206226,0.09727626459143969,0.7989623865110247,2018-02-02#1,usable_event,1,unannotated
rec2018-02-02_02h09m32.913s.wav,12.512,771,1,1.0960000000000005,0.912,0.06512526805014449,0.6589281260967255,0.9381119012832642,0.03847971931099892,0.2472115010023117,0.0324254215304799,0.0025940337224383916,0.07392996108949416,0.8910505836575876,2018-02-02#1,usable_event,1,annotated_without_inhale
rec2018-02-02_10h27m54.823s.wav,12.512,771,4,0.6480000000000001,1.28,0.09389320540049498,0.6388933956623077,0.9518367648124695,0.05646045133471489,0.24738450348377228,0.005188067444876783,0.018158236057068743,0.10376134889753567,0.8728923476005188,2018-02-02#2,only_excluded_events,4,annotated_without_inhale
rec2018-02-02_10h29m51.284s.wav,12.512,771,1,1.9760000000000004,1.792,0.13226024351433513,0.9579527378082275,0.9879096746444702,0.04797505587339401,0.2504914104938507,0.0311284046692607,0.24254215304798962,0.14526588845654995,0.5810635538261998,2018-02-02#2,usable_event,1,annotated_without_inhale
rec2018-02-02_10h46m42.260s.wav,12.512,771,1,1.592,1.408,0.09768885723997307,0.8710004687309265,0.9664812088012695,0.04745744541287422,0.27171242237091064,0.04928664072632944,0.26459143968871596,0.11413748378728923,0.5719844357976653,2018-02-02#2,usable_event,1,annotated_with_inhale
rec2018-02-02_10h48m38.792s.wav,12.512,771,1,1.8960000000000008,1.712,0.10739542094704572,0.7814492881298065,0.8989319205284119,0.054647479206323624,0.2592472434043884,0.07133592736705577,0.06614785992217899,0.13878080415045396,0.7237354085603113,2018-02-02#2,usable_event,1,annotated_with_inhale
rec2018-02-02_10h57m01.870s.wav,12.512,771,1,1.9280000000000008,1.744,0.13027478882512508,0.9340910613536835,0.9885618686676025,0.04506213590502739,0.2612987458705902,0.0324254215304799,0.2697795071335927,0.14137483787289234,0.556420233463035,2018-02-02#2,usable_event,1,annotated_with_inhale
rec2018-02-02_10h58m28.930s.wav,12.512,771,1,2.0720000000000005,1.8880000000000001,0.14081560212575286,0.9539704024791718,0.9941935539245605,0.043775931000709534,0.2344726026058197,0.0609597924773022,0.2697795071335927,0.15304798962386512,0.51621271076524,2018-02-02#2,usable_event,1,annotated_with_inhale
rec2018-02-02_10h59m19.989s.wav,12.512,771,1,1.6400000000000001,1.456,0.10859718063424834,0.9282501637935638,0.9893682599067688,0.037828151136636734,0.2567318379878998,0.05188067444876784,0.24773022049286642,0.11802853437094682,0.582360570687419,2018-02-02#2,usable_event,1,annotated_with_inhale
rec2018-02-02_11h00m10.171s.wav,12.512,771,1,1.528,1.344,0.09320261493077389,0.8545778393745422,0.9717761278152466,0.025661762803792953,0.21245968341827393,0.0,0.19584954604409857,0.10894941634241245,0.695201037613489,2018-02-02#2,usable_event,1,annotated_without_inhale
rec2018-02-02_11h00m59.338s.wav,12.512,771,1,1.6400000000000001,1.424,0.10403201926686932,0.9410204589366913,0.9885028600692749,0.03158235549926758,0.21781663596630096,0.04928664072632944,0.25551232166018156,0.11543450064850844,0.5797665369649806,2018-02-02#2,usable_event,1,annotated_with_inhale
rec2018-02-02_11h01m45.212s.wav,12.512,771,1,1.5440000000000005,1.36,0.10019514277949286,0.9104211032390594,0.9762850403785706,0.029684223234653473,0.23063988983631134,0.0,0.23865110246433205,0.11024643320363164,0.6511024643320363,2018-02-02#2,usable_event,1,annotated_with_inhale
rec2018-02-02_11h02m35.820s.wav,12.512,771,0,0.0,0.0,0.00045081873402472617,0.001277754723560065,0.007101947907358408,0.0038668406195938587,0.018220392987132072,0.0,0.25810635538262,0.0,0.74189364461738,2018-02-02#2,no_detected_event,0,annotated_without_inhale
rec2018-02-02_12h22m40.715s.wav,12.512,771,0,0.0,0.0,0.0020618981753433136,0.010721972212195396,0.05796833336353302,0.03060912899672985,0.1710978001356125,0.0,0.007782101167315175,0.0,0.9922178988326849,2018-02-02#3,no_detected_event,0,annotated_without_inhale
rec2018-02-02_13h14m14.265s.wav,12.512,771,0,0.0,0.0,0.00045140310111988624,0.0012637896579690278,0.0050706868059933186,0.0005432189209386706,0.002470861654728651,0.0,0.0,0.0,1.0,2018-02-02#4,no_detected_event,0,unannotated
rec2018-02-02_13h15m26.790s.wav,12.512,771,0,0.0,0.0,0.0006292416187351557,0.001677169231697917,0.008601238019764423,0.0009212050354108214,0.004628715571016073,0.0,0.0,0.0,1.0,2018-02-02#4,no_detected_event,0,unannotated
rec2018-02-02_13h18m20.532s.wav,12.512,771,0,0.0,0.0,0.003996520799908339,0.021203323267400265,0.07214425504207611,0.004538922570645809,0.022506527602672577,0.038910505836575876,0.03631647211413749,0.0,0.9247730220492867,2018-02-02#4,no_detected_event,0,annotated_without_inhale
rec2018-02-02_13h20m16.870s.wav,12.512,771,0,0.0,0.0,9.011002757912532e-05,0.00021969278895994648,0.00042706835665740073,0.0010167829459533095,0.0019181265961378813,0.0,0.0,0.0,1.0,2018-02-02#4,no_detected_event,0,unannotated
rec2018-02-02_13h47m01.461s.wav,12.512,771,0,0.0,0.0,7.701833309736439e-05,0.00023182859149528667,0.000607298978138715,0.0015171431005001068,0.00834189634770155,0.0,0.0,0.0,1.0,2018-02-02#5,no_detected_event,0,unannotated
rec2018-02-02_13h48m53.964s.wav,12.512,771,0,0.0,0.0,9.762107313203461e-05,0.00026342523051425815,0.0023021206725388765,0.0008780797943472862,0.002404732396826148,0.0,0.0,0.0,1.0,2018-02-02#5,no_detected_event,0,unannotated
rec2018-02-05_10h37m14.374s.wav,12.512,771,1,1.2240000000000004,1.04,0.07358324727101555,0.7530283331871033,0.9482353329658508,0.030239462852478027,0.1956225037574768,0.01556420233463035,0.0,0.08430609597924774,0.9001297016861219,2018-02-05#1,usable_event,1,unannotated
rec2018-02-05_10h38m19.385s.wav,12.512,771,1,0.8880000000000001,0.704,0.04679186280732629,0.6112663149833679,0.8442990183830261,0.031223731115460396,0.23735526204109192,0.014267185473411154,0.0,0.057068741893644616,0.9286640726329443,2018-02-05#1,usable_event,1,unannotated
rec2018-02-05_10h39m00.035s.wav,12.512,771,1,0.8719999999999999,0.6880000000000001,0.04053924298632593,0.5817578136920929,0.779333770275116,0.029110491275787354,0.2025480568408966,0.0933852140077821,0.057068741893644616,0.055771725032425425,0.7937743190661478,2018-02-05#1,usable_event,1,annotated_with_inhale
rec2018-02-05_10h40m24.203s.wav,12.512,771,0,0.0,0.0,0.00042806981837959505,0.0018323520780541003,0.0042081535793840885,0.009078470058739185,0.038701239973306656,0.0,0.016861219195849545,0.0,0.9831387808041504,2018-02-05#1,no_detected_event,0,annotated_without_inhale
rec2018-02-05_10h41m21.507s.wav,12.512,771,1,1.352,1.168,0.06938310319413843,0.6958938241004944,0.8236403465270996,0.026482438668608665,0.2131791114807129,0.0,0.04798962386511025,0.0946822308690013,0.8573281452658884,2018-02-05#1,usable_event,1,annotated_with_inhale
rec2018-02-05_10h42m50.893s.wav,12.512,771,1,1.1920000000000002,1.008,0.06304146637834511,0.71739262342453,0.8366424441337585,0.026325684040784836,0.20286975800991058,0.0,0.005188067444876783,0.08171206225680934,0.9130998702983139,2018-02-05#1,usable_event,1,unannotated
rec2018-02-05_10h43m40.571s.wav,12.512,771,1,1.2240000000000002,1.04,0.0653841041595851,0.6950095593929291,0.9602036476135254,0.03024749830365181,0.23600858449935913,0.0,0.11802853437094682,0.08430609597924774,0.7976653696498055,2018-02-05#1,usable_event,1,annotated_without_inhale
rec2018-02-05_10h44m37.655s.wav,12.512,771,1,1.3680000000000003,1.056,0.0676517318101289,0.6732059419155121,0.8527262210845947,0.035407502204179764,0.19693753123283386,0.0,0.019455252918287938,0.08560311284046693,0.8949416342412452,2018-02-05#1,usable_event,1,unannotated
rec2018-02-05_10h45m35.939s.wav,12.512,771,1,0.9199999999999999,0.432,0.04180506233927776,0.43889477849006653,0.6716818809509277,0.02387918345630169,0.1585799753665924,0.0,0.13229571984435798,0.03501945525291829,0.8326848249027238,2018-02-05#1,usable_event,1,annotated_without_inhale
rec2018-02-05_10h46m18.048s.wav,12.512,771,0,0.0,0.0,0.0010746774705825825,0.004626682261005044,0.024194762110710144,0.023120079189538956,0.10545839369297028,0.0,0.0012970168612191958,0.0,0.9987029831387808,2018-02-05#1,no_detected_event,0,annotated_without_inhale
rec2018-02-05_10h49m00.249s.wav,12.512,771,0,0.0,0.0,0.0006848645024280109,0.003881740034557879,0.04381720721721649,0.05796307697892189,0.20867958664894104,0.0,0.0,0.0,1.0,2018-02-05#1,no_detected_event,0,annotated_without_inhale
rec2018-02-05_10h51m51.389s.wav,12.512,771,0,0.0,0.0,0.0017706878823207847,0.005181251093745232,0.13540053367614746,0.06707331538200378,0.20797236263751984,0.0,0.0,0.0,1.0,2018-02-05#1,no_detected_event,0,annotated_without_inhale
rec2018-02-05_10h52m39.045s.wav,12.512,771,1,2.0240000000000005,1.84,0.1526147955309487,0.9961779415607452,0.9987586736679077,0.058886803686618805,0.23838770389556885,0.04669260700389105,0.1893644617380026,0.14915693904020752,0.6147859922178989,2018-02-05#1,usable_event,1,annotated_without_inhale
rec2018-02-05_10h53m45.411s.wav,12.512,771,2,2.2960000000000003,2.128,0.17587719897345758,0.9959558248519897,0.9992237091064453,0.06690771877765656,0.22381746768951416,0.03372243839169909,0.17250324254215305,0.17250324254215305,0.6212710765239948,2018-02-05#1,usable_event,2,annotated_without_inhale
rec2018-02-05_10h54m35.447s.wav,12.512,771,1,2.3120000000000007,2.128,0.16388186761291756,0.9919557571411133,0.9983036518096924,0.05780421569943428,0.2084878385066986,0.029831387808041506,0.32944228274967574,0.17250324254215305,0.4682230869001297,2018-02-05#1,usable_event,1,annotated_with_inhale
rec2018-02-05_10h55m27.871s.wav,12.512,771,1,2.0240000000000005,1.84,0.1441589959448568,0.9948594868183136,0.9993386268615723,0.030408769845962524,0.19978627562522888,0.0,0.1621271076523995,0.14915693904020752,0.688715953307393,2018-02-05#1,usable_event,1,annotated_with_inhale
rec2018-02-05_10h56m11.262s.wav,12.512,771,1,2.984,2.8000000000000003,0.22654744076531988,0.9993942975997925,0.9998562335968018,0.04124901816248894,0.1846117526292801,0.0,0.24773022049286642,0.22697795071335927,0.5252918287937743,2018-02-05#1,usable_event,1,annotated_with_inhale
rec2018-02-05_10h58m35.817s.wav,12.512,771,1,2.6480000000000006,2.464,0.19956196756929775,0.9972373247146606,0.999341607093811,0.05205925181508064,0.18275481462478638,0.0,0.21660181582360571,0.19974059662775617,0.5836575875486382,2018-02-05#1,usable_event,1,annotated_with_inhale
rec2018-02-05_11h01m02.037s.wav,12.512,771,1,1.3200000000000003,1.1360000000000001,0.08315219223148625,0.8508877456188202,0.9885565042495728,0.03498874604701996,0.2624841630458832,0.04928664072632944,0.16861219195849547,0.09208819714656291,0.6900129701686122,2018-02-05#1,usable_event,1,annotated_without_inhale
rec2018-02-05_11h02m06.737s.wav,12.512,771,1,1.3520000000000003,1.04,0.07920653787256728,0.8795747756958008,0.991792619228363,0.042936209589242935,0.25607648491859436,0.08041504539559015,0.0907911802853437,0.08430609597924774,0.7444876783398184,2018-02-05#1,usable_event,1,annotated_without_inhale
rec2018-02-05_11h03m04.776s.wav,12.512,771,1,1.512,1.328,0.11083002600251537,0.9934943616390228,0.9995381832122803,0.05056178197264671,0.2610643804073334,0.04539559014267185,0.2178988326848249,0.10765239948119326,0.62905317769131,2018-02-05#1,usable_event,1,annotated_with_inhale
rec2018-02-05_11h03m43.815s.wav,12.512,771,1,1.3840000000000003,1.2,0.09995738631366077,0.9946480393409729,0.9994127750396729,0.039122238755226135,0.24487879872322083,0.05966277561608301,0.21011673151750973,0.09727626459143969,0.6329442282749675,2018-02-05#1,usable_event,1,annotated_with_inhale
rec2018-02-05_11h04m48.418s.wav,12.512,771,1,1.1120000000000003,0.928,0.07361320907643598,0.9810442626476288,0.9983388185501099,0.03317484259605408,0.2439071387052536,0.054474708171206226,0.18417639429312582,0.07522697795071336,0.6861219195849546,2018-02-05#1,usable_event,1,annotated_with_inhale
rec2018-02-05_11h05m32.273s.wav,12.512,771,1,1.5280000000000005,1.344,0.10479472890660288,0.9677044451236725,0.9984436631202698,0.03339811787009239,0.2500399649143219,0.0,0.0946822308690013,0.10894941634241245,0.7963683527885862,2018-02-05#1,usable_event,1,unannotated
rec2018-02-05_11h06m12.128s.wav,12.512,771,2,1.4320000000000002,1.44,0.11364590399833945,0.9795502424240112,0.9994106888771057,0.03333247825503349,0.23564265668392181,0.0,0.16342412451361868,0.11673151750972763,0.7198443579766537,2018-02-05#1,usable_event,2,annotated_with_inhale
rec2018-02-05_11h06m59.857s.wav,12.512,771,1,1.2880000000000003,1.008,0.06610662974376359,0.691966325044632,0.9521040320396423,0.03249906376004219,0.24508219957351685,0.0,0.0,0.08171206225680934,0.9182879377431906,2018-02-05#1,usable_event,1,unannotated
rec2018-02-05_11h20m08.624s.wav,12.512,771,2,0.9840000000000004,0.912,0.07143897715526742,0.6492221057415009,0.987502932548523,0.04006157070398331,0.25436219573020935,0.13748378728923477,0.08819714656290532,0.07392996108949416,0.7003891050583657,2018-02-05#1,usable_event,2,annotated_with_inhale
rec2018-02-05_11h20m47.521s.wav,12.512,771,1,1.4959999999999996,1.312,0.10391766068851445,0.9598945677280426,0.9836315512657166,0.055519603192806244,0.25936493277549744,0.057068741893644616,0.2775616083009079,0.10635538261997406,0.5590142671854734,2018-02-05#1,usable_event,1,annotated_with_inhale
rec2018-02-05_11h22m34.731s.wav,12.512,771,1,1.5919999999999987,1.408,0.10907503500061916,0.9725441932678223,0.9994202256202698,0.054568201303482056,0.27632784843444824,0.04798962386511025,0.3320363164721141,0.11413748378728923,0.5058365758754864,2018-02-05#1,usable_event,1,annotated_with_inhale
rec2018-02-05_11h23m35.644s.wav,12.512,771,1,1.7839999999999998,1.6,0.12320332874779334,0.9685218632221222,0.9974996447563171,0.0442826934158802,0.2739817500114441,0.038910505836575876,0.2127107652399481,0.1297016861219196,0.6186770428015564,2018-02-05#1,usable_event,1,annotated_with_inhale
rec2018-02-05_11h24m38.099s.wav,12.512,771,0,0.0,0.0,0.0007702369139554471,0.0038738782750442624,0.013874467462301254,0.0032215709798038006,0.01691334694623947,0.0,0.05317769130998703,0.0,0.9468223086900129,2018-02-05#1,no_detected_event,0,annotated_without_inhale
rec2018-02-05_11h30m02.540s.wav,12.512,771,0,0.0,0.0,0.00029119492076939296,0.0007048293482512236,0.00490236422047019,0.015142743475735188,0.0790376141667366,0.0,0.0,0.0,1.0,2018-02-05#1,no_detected_event,0,unannotated
rec2018-02-05_11h30m48.760s.wav,12.512,771,1,1.9920000000000004,1.808,0.14254371154468828,0.987859696149826,0.9983371496200562,0.04080745205283165,0.2616981267929077,0.0,0.10246433203631647,0.14656290531776914,0.7509727626459144,2018-02-05#1,usable_event,1,annotated_with_inhale
rec2018-02-06_10h28m57.917s.wav,12.512,771,1,1.2400000000000004,1.056,0.07555825137390294,0.8192185759544373,0.9831128120422363,0.03442375361919403,0.24820291996002197,0.040207522697795074,0.08690012970168612,0.08560311284046693,0.7872892347600519,2018-02-06#1,usable_event,1,annotated_with_inhale
rec2018-02-06_10h30m00.277s.wav,12.512,771,1,1.3680000000000003,1.1520000000000001,0.08326230051100263,0.8694211542606354,0.9680858254432678,0.034237414598464966,0.24967272579669952,0.042801556420233464,0.08560311284046693,0.0933852140077821,0.7782101167315175,2018-02-06#1,usable_event,1,annotated_with_inhale
rec2018-02-06_10h32m03.907s.wav,12.512,771,1,1.1280000000000001,0.9440000000000001,0.07886123940168359,0.8809586763381958,0.9843457341194153,0.033829979598522186,0.22836506366729736,0.05188067444876784,0.07133592736705577,0.07652399481193256,0.8002594033722439,2018-02-06#1,usable_event,1,annotated_with_inhale
rec2018-02-06_10h32m43.911s.wav,12.512,771,1,1.08,0.896,0.08079522219700991,0.8485753536224365,0.9634972810745239,0.0422685332596302,0.2536233961582184,0.07522697795071336,0.0311284046692607,0.07263294422827497,0.8210116731517509,2018-02-06#1,usable_event,1,annotated_with_inhale
rec2018-02-06_11h39m13.131s.wav,12.512,771,1,1.0639999999999992,0.88,0.06869461645269574,0.7871367633342743,0.972585916519165,0.03062247671186924,0.23190556466579437,0.05188067444876784,0.0,0.07133592736705577,0.8767833981841764,2018-02-06#2,usable_event,1,annotated_with_inhale
rec2018-02-06_12h10m09.167s.wav,12.512,771,2,0.8400000000000001,0.992,0.07084785209906194,0.620681881904602,0.9716921448707581,0.04898776486515999,0.27508339285850525,0.10505836575875487,0.16731517509727625,0.08041504539559015,0.6472114137483788,2018-02-06#3,usable_event,2,annotated_without_inhale
rec2018-02-06_12h11m01.614s.wav,12.512,771,2,0.6799999999999979,0.6880000000000001,0.048448891555171444,0.5125782191753387,0.7166497707366943,0.03857177495956421,0.2744215428829193,0.05966277561608301,0.13618677042801555,0.055771725032425425,0.748378728923476,2018-02-06#3,usable_event,2,annotated_without_inhale
rec2018-02-06_12h12m08.951s.wav,12.512,771,3,0.552,0.48,0.045670419510949155,0.4024585783481598,0.8457543253898621,0.04051439091563225,0.27000442147254944,0.04409857328145266,0.06614785992217899,0.038910505836575876,0.8508430609597925,2018-02-06#3,usable_event,3,unannotated
rec2018-02-06_12h13m05.267s.wav,12.512,771,2,1.112,1.472,0.09706048678942651,0.7791470289230347,0.9640050530433655,0.034425318241119385,0.2539902627468109,0.0,0.005188067444876783,0.11932555123216602,0.8754863813229572,2018-02-06#3,usable_event,2,unannotated
rec2018-02-06_12h13m52.029s.wav,12.512,771,2,0.9359999999999999,1.44,0.09790504035443026,0.8393454551696777,0.9223566055297852,0.029914624989032745,0.24522390961647034,0.0,0.11673151750972763,0.11673151750972763,0.7665369649805448,2018-02-06#3,usable_event,2,annotated_with_inhale
rec2018-02-06_12h15m08.616s.wav,12.512,771,2,0.9359999999999999,1.408,0.09406232895692845,0.7798925340175629,0.8854939341545105,0.03136685490608215,0.2524963319301605,0.0,0.21530479896238652,0.11413748378728923,0.6705577172503242,2018-02-06#3,usable_event,2,annotated_with_inhale
rec2018-02-06_12h16m57.870s.wav,12.512,771,1,0.2959999999999994,0.112,0.01868595328426945,0.06389319524168968,0.8670747876167297,0.06251214444637299,0.21349172294139862,0.0,0.0,0.009079118028534372,0.9909208819714657,2018-02-06#3,only_excluded_events,1,annotated_without_inhale
rec2018-02-06_12h17m38.883s.wav,12.512,771,1,1.016,0.8320000000000001,0.06347954143059496,0.8589266538619995,0.9818456172943115,0.026887793093919754,0.23305974900722504,0.041504539559014265,0.01297016861219196,0.06744487678339818,0.8780804150453956,2018-02-06#3,usable_event,1,annotated_with_inhale
rec2018-02-06_12h18m33.477s.wav,12.512,771,1,0.9680000000000004,0.608,0.04404573074686127,0.49465520679950714,0.7018182277679443,0.02753918245434761,0.2589605450630188,0.020752269779507133,0.0,0.04928664072632944,0.9299610894941635,2018-02-06#3,usable_event,1,unannotated
rec2018-02-06_12h19m34.374s.wav,12.512,771,2,0.6000000000000005,0.512,0.039381696771844686,0.3541134297847748,0.8398787379264832,0.020511498674750328,0.25741490721702576,0.0,0.009079118028534372,0.041504539559014265,0.9494163424124513,2018-02-06#3,only_excluded_events,2,unannotated
rec2018-02-06_12h20m19.800s.wav,12.512,771,2,0.7759999999999998,0.5760000000000001,0.04487236067880654,0.4651215821504593,0.8623086214065552,0.019166933372616768,0.25952592492103577,0.0,0.0,0.04669260700389105,0.953307392996109,2018-02-06#3,only_excluded_events,2,unannotated
rec2018-02-06_12h21m35.410s.wav,12.512,771,2,0.5840000000000005,0.656,0.05604611367866551,0.5131781697273254,0.9540013074874878,0.021494440734386444,0.25992920994758606,0.0,0.019455252918287938,0.05317769130998703,0.9273670557717251,2018-02-06#3,only_excluded_events,2,unannotated
rec2018-02-08_14h33m35.005s.wav,12.512,771,1,1.3680000000000003,0.8160000000000001,0.06419878379434325,0.5525347888469696,0.8064149022102356,0.03439513221383095,0.24030151963233948,0.0,0.0,0.06614785992217899,0.933852140077821,2018-02-08#1,usable_event,1,unannotated
rec2018-02-08_14h35m33.038s.wav,12.512,771,2,1.2560000000000002,1.088,0.07608472825226233,0.7572463154792786,0.8957508206367493,0.03162240982055664,0.21490393579006195,0.010376134889753566,0.0,0.08819714656290532,0.9014267185473411,2018-02-08#1,usable_event,2,unannotated
rec2018-02-08_14h36m13.041s.wav,12.512,771,2,2.04,2.0,0.1539029152628905,0.9669824540615082,0.9945708513259888,0.03672071918845177,0.21143920719623566,0.020752269779507133,0.01297016861219196,0.1621271076523995,0.8041504539559015,2018-02-08#1,only_excluded_events,2,unannotated
rec2018-02-08_14h37m48.457s.wav,12.512,771,1,1.4640000000000004,1.28,0.09125215770038607,0.8119884431362152,0.9591581225395203,0.03927473723888397,0.25438860058784485,0.058365758754863814,0.040207522697795074,0.10376134889753567,0.7976653696498055,2018-02-08#1,usable_event,1,unannotated
rec2018-02-08_14h50m50.378s.wav,12.512,771,1,1.576,1.216,0.07864083738043173,0.7263864874839783,0.8786656260490417,0.039460547268390656,0.2897350490093231,0.009079118028534372,0.0,0.09857328145265888,0.8923476005188068,2018-02-08#1,usable_event,1,unannotated
rec2018-02-08_14h56m18.144s.wav,12.512,771,0,0.0,0.0,0.006663373971909079,0.020836884155869484,0.47798648476600647,0.022984562441706657,0.09038856625556946,0.00648508430609598,0.0012970168612191958,0.0,0.9922178988326849,2018-02-08#1,no_detected_event,0,unannotated
rec2018-02-08_15h03m14.166s.wav,12.512,771,2,1.4,0.96,0.07121324082618774,0.6154493391513824,0.8619572520256042,0.05409283563494682,0.26646122336387634,0.0,0.0038910505836575876,0.07782101167315175,0.9182879377431906,2018-02-08#1,usable_event,2,unannotated
rec2018-02-08_15h04m25.148s.wav,12.512,771,1,0.1999999999999993,0.016,0.008757769087055976,0.05249452777206898,0.4761245846748352,0.03652775660157204,0.24320557713508606,0.055771725032425425,0.0,0.0012970168612191958,0.9429312581063554,2018-02-08#1,only_excluded_events,1,unannotated
rec2018-02-08_15h06m27.101s.wav,12.512,771,1,1.7200000000000002,1.536,0.10513717796512283,0.8225556313991547,0.9255510568618774,0.04258129373192787,0.2417541891336441,0.054474708171206226,0.07522697795071336,0.1245136186770428,0.7457846952010376,2018-02-08#1,usable_event,1,unannotated
rec2018-02-08_15h08m45.803s.wav,12.512,771,1,2.6160000000000005,2.368,0.16441285791301075,0.8968201577663422,0.979480504989624,0.05398785322904587,0.24843113124370575,0.010376134889753566,0.011673151750972763,0.191958495460441,0.7859922178988327,2018-02-08#1,usable_event,1,unannotated
rec2018-02-08_15h20m25.156s.wav,12.512,771,1,2.024,1.84,0.14178964983210318,0.995063453912735,0.9978228211402893,0.04133287072181702,0.2116016447544098,0.03372243839169909,0.11802853437094682,0.14915693904020752,0.6990920881971465,2018-02-08#1,usable_event,1,unannotated
rec2018-02-08_15h23m00.916s.wav,12.512,771,2,2.2800000000000002,2.2880000000000003,0.17149846362644083,0.9500709474086761,0.9816110730171204,0.0537620410323143,0.2574290633201599,0.0,0.0038910505836575876,0.185473411154345,0.8106355382619974,2018-02-08#1,usable_event,2,unannotated
rec2018-02-08_15h25m08.376s.wav,12.512,771,2,1.112,1.6,0.11585868079342457,0.7954013347625732,0.9441379308700562,0.05328668653964996,0.2597824037075043,0.018158236057068743,0.0,0.1297016861219196,0.8521400778210116,2018-02-08#1,only_excluded_events,2,unannotated
rec2018-02-09_10h38m01.449s.wav,12.512,771,0,0.0,0.0,0.0007115383752750271,0.0015616753371432424,0.01896318979561329,0.0006805754965171218,0.002774233464151621,0.0,0.0,0.0,1.0,2018-02-09#1,no_detected_event,0,unannotated
rec2018-02-09_10h49m08.773s.wav,12.512,771,1,1.7360000000000007,1.344,0.08364415305017195,0.6763044893741608,0.8456264138221741,0.03477157652378082,0.24727627635002136,0.0,0.0,0.10894941634241245,0.8910505836575876,2018-02-09#1,usable_event,1,unannotated
rec2018-02-09_10h57m14.793s.wav,12.512,771,1,1.1599999999999984,0.976,0.07689591308690438,0.8467040061950684,0.9569432139396667,0.04366828873753548,0.24303972721099854,0.019455252918287938,0.02464332036316472,0.07911802853437094,0.8767833981841764,2018-02-09#1,usable_event,1,unannotated
rec2018-02-09_11h04m27.369s.wav,12.512,771,1,0.20000000000000018,0.016,0.01609189640268016,0.1031564213335514,0.510915994644165,0.039068553596735,0.23975756764411926,0.016861219195849545,0.0,0.0012970168612191958,0.9818417639429312,2018-02-09#1,only_excluded_events,1,unannotated
rec2018-02-09_11h05m06.012s.wav,12.512,771,1,1.4800000000000004,1.296,0.09869768828233665,0.9017719924449921,0.9906287789344788,0.03437606245279312,0.2328423261642456,0.054474708171206226,0.010376134889753566,0.10505836575875487,0.8300907911802854,2018-02-09#1,usable_event,1,unannotated
rec2018-02-09_11h05m43.714s.wav,12.512,771,1,1.416,1.232,0.08349749061549594,0.7929392755031586,0.9505175352096558,0.02330937795341015,0.2066555619239807,0.0012970168612191958,0.0,0.09987029831387809,0.8988326848249028,2018-02-09#1,usable_event,1,unannotated
rec2018-05-02_17h33m13.522s.wav,12.512,771,2,1.032,1.552,0.12356279220752252,0.984853982925415,0.9996556639671326,0.0417037233710289,0.23532643914222717,0.023346303501945526,0.0038910505836575876,0.125810635538262,0.8469520103761349,2018-05-02#1,only_excluded_events,2,unannotated
rec2018-05-02_17h33m50.393s.wav,12.512,771,1,1.608,1.424,0.11630319140459328,0.9997329413890839,0.999882161617279,0.043389733880758286,0.3049153983592987,0.03501945525291829,0.18417639429312582,0.11543450064850844,0.6653696498054474,2018-05-02#1,usable_event,1,annotated_with_inhale
rec2018-05-02_17h34m27.816s.wav,12.512,771,1,1.8000000000000003,1.616,0.13068051339501863,0.9933587610721588,0.998965322971344,0.03814668953418732,0.23988334834575653,0.05058365758754864,0.15953307392996108,0.1309987029831388,0.6588845654993515,2018-05-02#1,usable_event,1,annotated_with_inhale
rec2018-05-02_17h35m57.328s.wav,12.512,771,1,1.8000000000000007,1.616,0.1323380320383101,0.9997569024562836,0.9999226331710815,0.040557462722063065,0.2742394506931305,0.042801556420233464,0.20622568093385213,0.1309987029831388,0.6199740596627756,2018-05-02#1,usable_event,1,annotated_with_inhale
rec2018-05-02_17h38m14.494s.wav,12.512,771,1,1.8800000000000003,1.696,0.1400090866501807,0.9995460510253906,0.999889612197876,0.043357159942388535,0.27848073840141296,0.05188067444876784,0.10116731517509728,0.13748378728923477,0.7094682230869002,2018-05-02#1,usable_event,1,annotated_with_inhale
rec2018-05-02_17h38m56.671s.wav,12.512,771,1,1.3999999999999995,1.216,0.09768137736811834,0.9852227568626404,0.9994715452194214,0.029109837487339973,0.22374577820301056,0.04669260700389105,0.10116731517509728,0.09857328145265888,0.7535667963683528,2018-05-02#1,usable_event,1,annotated_with_inhale
rec2018-05-02_17h40m15.391s.wav,12.512,771,1,1.56,1.3760000000000001,0.1068446945542133,0.9898061454296112,0.9990531206130981,0.03133254498243332,0.22596421837806702,0.0,0.0609597924773022,0.11154345006485085,0.8274967574578469,2018-05-02#1,usable_event,1,unannotated
rec2018-05-02_17h40m35.031s.wav,12.512,771,1,2.1519999999999997,1.968,0.1615266769908655,0.9993106722831726,0.9997773170471191,0.03217461705207825,0.21308593451976776,0.0,0.12321660181582361,0.15953307392996108,0.7172503242542153,2018-05-02#1,usable_event,1,annotated_with_inhale
rec2018-05-02_17h41m00.892s.wav,12.512,771,1,1.9760000000000004,1.76,0.14326753797262362,0.9996113181114197,0.999910831451416,0.04101243615150452,0.27806541323661804,0.00648508430609598,0.22697795071335927,0.14267185473411154,0.6238651102464332,2018-05-02#1,usable_event,1,annotated_with_inhale
rec2018-05-02_17h42m58.720s.wav,12.512,771,3,1.6879999999999997,3.536,0.2878476068385107,0.99679234623909,0.9991081953048706,0.03717339411377907,0.15591666102409363,0.19455252918287938,0.08041504539559015,0.28664072632944226,0.4383916990920882,2018-05-02#1,usable_event,3,annotated_with_inhale
rec2018-05-03_09h32m11.296s.wav,12.512,771,1,1.6720000000000002,1.3760000000000001,0.09803442956155028,0.8401943147182465,0.959595263004303,0.04616127163171768,0.25447705388069153,0.05966277561608301,0.08819714656290532,0.11154345006485085,0.7405966277561609,2018-05-03#1,usable_event,1,annotated_with_inhale
rec2018-05-03_09h32m39.426s.wav,6.464,393,1,1.4160000000000004,1.232,0.15705841465453796,0.8236070990562437,0.8681809902191162,0.07175734639167786,0.2874632477760315,0.08396946564885496,0.17557251908396945,0.19592875318066158,0.544529262086514,2018-05-03#1,usable_event,1,annotated_with_inhale
rec2018-05-03_09h32m52.456s.wav,12.0,739,1,1.2240000000000002,1.04,0.07273228982999137,0.7579114437103271,0.9653192758560181,0.04163839668035507,0.27737030386924744,0.056833558863328824,0.14884979702300405,0.08795669824086604,0.706359945872801,2018-05-03#1,usable_event,1,annotated_with_inhale
rec2018-05-03_09h33m56.681s.wav,12.512,771,1,1.6080000000000003,1.36,0.0995590652803425,0.8686607182025909,0.9755316972732544,0.043693795800209045,0.2434110790491104,0.06614785992217899,0.2230869001297017,0.11024643320363164,0.6005188067444877,2018-05-03#1,usable_event,1,annotated_with_inhale
rec2018-05-03_11h00m18.087s.wav,12.512,771,0,0.0,0.0,0.00010731761872175906,0.00020696224237326533,0.00040343578439205885,0.0012554185232147574,0.0022538055200129747,0.0,0.0,0.0,1.0,2018-05-03#2,no_detected_event,0,unannotated
rec2018-05-03_11h21m20.915s.wav,12.0,739,1,1.736,1.552,0.13705533948575843,0.9989693641662598,0.9997239112854004,0.039926860481500626,0.2843097746372223,0.005412719891745603,0.09336941813261164,0.13125845737483086,0.7699594046008119,2018-05-03#2,usable_event,1,annotated_with_inhale
rec2018-05-03_11h22m05.830s.wav,12.0,739,2,0.5840000000000001,0.72,0.057017299656681654,0.7036844491958623,0.9970126748085022,0.06457819044589996,0.4656528830528259,0.0,0.09878213802435724,0.06089309878213803,0.8403247631935047,2018-05-03#2,usable_event,2,annotated_without_inhale
rec2018-05-03_11h22m59.308s.wav,12.0,739,1,2.152,1.968,0.16166251430982528,0.997469699382782,0.9989746809005737,0.04722593352198601,0.33201321959495544,0.0,0.17185385656292287,0.16644113667117727,0.6617050067658998,2018-05-03#2,usable_event,1,annotated_with_inhale
rec2018-05-03_11h30m44.236s.wav,12.0,739,1,1.6720000000000002,1.488,0.1267781270483926,0.9986903309822083,0.9997573494911194,0.040210723876953125,0.2383575737476349,0.0,0.2557510148849797,0.12584573748308525,0.618403247631935,2018-05-03#2,usable_event,1,annotated_with_inhale
rec2018-05-03_11h31m05.117s.wav,12.0,739,1,1.88,1.696,0.14294071032624073,0.9994497895240784,0.9999228715896606,0.03893499821424484,0.2700864374637604,0.0,0.19485791610284167,0.14343707713125844,0.6617050067658998,2018-05-03#2,usable_event,1,annotated_with_inhale
rec2018-05-03_11h31m22.631s.wav,12.0,739,1,1.8319999999999999,1.6480000000000001,0.13899455527342314,0.9994905054569244,0.9998303055763245,0.04348671808838844,0.28754404187202454,0.0,0.2584573748308525,0.13937753721244925,0.6021650879566982,2018-05-03#2,usable_event,1,annotated_with_inhale
rec2018-05-03_11h31m40.430s.wav,12.0,739,1,1.7519999999999998,1.568,0.13279406362461152,0.9993935227394104,0.9998825192451477,0.04490314796566963,0.31346240639686584,0.0,0.2557510148849797,0.13261163734776726,0.6116373477672531,2018-05-03#2,usable_event,1,annotated_with_inhale
rec2018-05-03_11h32m00.868s.wav,12.0,739,1,1.8320000000000003,1.6480000000000001,0.13985470385362678,0.9986268103122711,0.999843955039978,0.038087911903858185,0.23835556209087372,0.0,0.2625169147496617,0.13937753721244925,0.5981055480378891,2018-05-03#2,usable_event,1,annotated_with_inhale
rec2018-05-03_11h33m06.158s.wav,12.0,739,1,1.832,1.6480000000000001,0.13876271690728662,0.999581241607666,0.9997748136520386,0.044829558581113815,0.29259270429611206,0.0,0.19215155615696888,0.13937753721244925,0.6684709066305818,2018-05-03#2,usable_event,1,annotated_with_inhale
rec2018-05-03_11h34m12.944s.wav,12.0,739,1,1.8640000000000008,1.68,0.1455555918514994,0.9990845680236816,0.9998143315315247,0.04479473829269409,0.29268863797187805,0.0,0.2476319350473613,0.14208389715832206,0.6102841677943166,2018-05-03#2,usable_event,1,annotated_with_inhale
rec2018-05-03_11h34m42.301s.wav,12.0,739,1,1.56,1.3760000000000001,0.11702174870696,0.9992366552352905,0.9997468590736389,0.03859242424368858,0.2881019413471222,0.0,0.2422192151556157,0.11637347767253045,0.6414073071718539,2018-05-03#2,usable_event,1,annotated_with_inhale
rec2018-05-03_11h35m02.168s.wav,12.0,739,1,1.7839999999999998,1.6,0.13344898317197623,0.998965048789978,0.9997868537902832,0.04427117854356766,0.2896779775619507,0.0,0.2327469553450609,0.13531799729364005,0.631935047361299,2018-05-03#2,usable_event,1,annotated_with_inhale
rec2018-05-03_11h35m22.211s.wav,12.0,739,1,1.8640000000000008,1.68,0.14116848287119174,0.9992350220680237,0.9997784495353699,0.047538187354803085,0.30761364102363586,0.0,0.2489851150202977,0.14208389715832206,0.6089309878213802,2018-05-03#2,usable_event,1,annotated_with_inhale
rec2018-05-03_11h35m39.758s.wav,12.0,739,1,1.7199999999999998,1.536,0.13087296961620798,0.9996536910533905,0.9998598098754883,0.037744853645563126,0.26912614703178406,0.0,0.2543978349120433,0.12990527740189445,0.6156968876860622,2018-05-03#2,usable_event,1,annotated_with_inhale
rec2018-05-03_11h35m58.563s.wav,12.0,739,1,2.168,1.984,0.16666051734681905,0.9993555545806885,0.9998460412025452,0.05041096359491348,0.2736973762512207,0.0,0.2746955345060893,0.16779431664411368,0.557510148849797,2018-05-03#2,usable_event,1,annotated_with_inhale
rec2018-05-03_11h36m16.780s.wav,12.0,739,1,1.912,1.728,0.14649810872134156,0.9988381624221802,0.9997474551200867,0.04290195554494858,0.2712779641151428,0.0,0.30311231393775373,0.14614343707713126,0.550744248985115,2018-05-03#2,usable_event,1,annotated_with_inhale
rec2018-05-03_11h36m35.115s.wav,12.0,739,1,2.104,1.92,0.16005746024748216,0.9991765975952148,0.9999263286590576,0.04772406443953514,0.2783299684524536,0.0,0.33694181326116374,0.16238159675236807,0.5006765899864682,2018-05-03#2,usable_event,1,annotated_with_inhale
rec2018-05-03_11h36m53.106s.wav,12.0,739,1,1.976,1.792,0.1512445041085063,0.9995669424533844,0.9998288750648499,0.04333920404314995,0.2781834900379181,0.0,0.2719891745602165,0.15155615696887687,0.5764546684709067,2018-05-03#2,usable_event,1,annotated_with_inhale
rec2018-05-03_11h37m11.955s.wav,12.0,739,1,1.9440000000000004,1.76,0.14941138668339585,0.9994498729705811,0.9998304843902588,0.04491974785923958,0.277256041765213,0.0,0.2976995940460081,0.14884979702300405,0.5534506089309879,2018-05-03#2,usable_event,1,annotated_with_inhale
rec2018-05-03_11h37m32.414s.wav,12.0,739,1,1.8479999999999999,1.6640000000000001,0.13958606346723493,0.9992943346500397,0.9997001886367798,0.04355194419622421,0.302748441696167,0.0,0.20162381596752368,0.14073071718538566,0.6576454668470907,2018-05-03#2,usable_event,1,annotated_with_inhale
rec2018-05-03_11h37m50.903s.wav,12.0,739,1,1.8480000000000008,1.6640000000000001,0.1376746281936087,0.9994820833206177,0.9998899698257446,0.04070677235722542,0.27251508831977844,0.0,0.2395128552097429,0.14073071718538566,0.6197564276048715,2018-05-03#2,usable_event,1,annotated_with_inhale
rec2018-05-03_11h38m07.740s.wav,12.0,739,1,1.8000000000000003,1.616,0.13563764449834365,0.9996225893497467,0.9998195171356201,0.04060973972082138,0.26526185870170593,0.0,0.2855209742895805,0.13667117726657646,0.577807848443843,2018-05-03#2,usable_event,1,annotated_with_inhale
rec2018-05-03_11h38m25.235s.wav,12.0,739,1,1.912,1.728,0.14571108269607924,0.9994252800941468,0.9998617768287659,0.042330075055360794,0.2723284661769867,0.0,0.2733423545331529,0.14614343707713126,0.5805142083897158,2018-05-03#2,usable_event,1,annotated_with_inhale
rec2018-05-03_11h38m46.135s.wav,12.0,739,1,2.0720000000000005,1.8880000000000001,0.16115133955973518,0.9997630417346954,0.9999032616615295,0.05157921463251114,0.27251121401786804,0.0,0.2976995940460081,0.15967523680649526,0.5426251691474966,2018-05-03#2,usable_event,1,annotated_with_inhale
rec2018-05-03_11h39m04.979s.wav,12.0,739,1,1.7839999999999998,1.6,0.1340632859829991,0.9988427042961121,0.9998233318328857,0.03634326532483101,0.2525344789028168,0.0,0.2936400541271989,0.13531799729364005,0.571041948579161,2018-05-03#2,usable_event,1,annotated_with_inhale
rec2018-05-03_11h39m23.236s.wav,12.0,739,1,1.896,1.712,0.14435510446080876,0.9985296547412872,0.9998205304145813,0.040865253657102585,0.2432873249053955,0.0,0.2557510148849797,0.14479025710419485,0.5994587280108254,2018-05-03#2,usable_event,1,annotated_with_inhale
rec2018-05-03_11h39m41.633s.wav,12.0,739,1,1.6879999999999997,1.504,0.1294906760874269,0.9962822675704956,0.999213695526123,0.0514981672167778,0.3582767844200134,0.008119079837618403,0.28010825439783493,0.12719891745602166,0.584573748308525,2018-05-03#2,usable_event,1,annotated_with_inhale
rec2018-05-03_11h40m00.485s.wav,12.0,739,1,1.7840000000000007,1.6,0.136583692977117,0.9997174263000488,0.9999138116836548,0.0437769815325737,0.2801603674888611,0.0,0.2435723951285521,0.13531799729364005,0.6211096075778079,2018-05-03#2,usable_event,1,annotated_with_inhale
rec2018-05-03_11h40m20.470s.wav,12.0,739,1,1.8479999999999999,1.6640000000000001,0.13977478618008227,0.9996356844902039,0.9999236464500427,0.03970324620604515,0.26324617862701416,0.0,0.2381596752368065,0.14073071718538566,0.6211096075778079,2018-05-03#2,usable_event,1,annotated_with_inhale
rec2018-05-03_11h40m45.441s.wav,12.0,739,1,1.7039999999999997,1.52,0.12807195845857675,0.999300754070282,0.9998601675033569,0.040078286081552505,0.26549679040908813,0.0,0.2692828146143437,0.12855209742895804,0.6021650879566982,2018-05-03#2,usable_event,1,annotated_with_inhale
rec2018-05-03_11h41m04.101s.wav,12.0,739,1,1.7839999999999998,1.6,0.13573553470086963,0.999468731880188,0.9999322891235352,0.04083246737718582,0.27903804183006287,0.0,0.2598105548037889,0.13531799729364005,0.6048714479025711,2018-05-03#2,usable_event,1,annotated_with_inhale
rec2018-05-03_11h41m23.831s.wav,12.0,739,1,1.6880000000000006,1.504,0.12754887445523383,0.9997043251991272,0.9998478293418884,0.03959508612751961,0.27717241644859314,0.0,0.2530446549391069,0.12719891745602166,0.6197564276048715,2018-05-03#2,usable_event,1,annotated_with_inhale
rec2018-05-03_11h41m45.507s.wav,12.0,739,1,1.6880000000000006,1.504,0.12794359324625387,0.9989523112773895,0.999862790107727,0.050301443785429,0.2565779685974121,0.0,0.2706359945872801,0.12719891745602166,0.6021650879566982,2018-05-03#2,usable_event,1,annotated_with_inhale
rec2018-05-03_11h42m07.338s.wav,12.0,739,1,1.8160000000000003,1.6320000000000001,0.13845334683669175,0.9994328796863556,0.999771773815155,0.041747212409973145,0.2674435079097748,0.0,0.16644113667117727,0.13802435723951287,0.6955345060893099,2018-05-03#2,usable_event,1,annotated_with_inhale
rec2018-05-03_11h42m25.033s.wav,12.0,739,1,2.152,1.968,0.1673487334615813,0.9996423423290253,0.9998883008956909,0.04122481122612953,0.23838216066360474,0.0,0.2543978349120433,0.16644113667117727,0.5791610284167794,2018-05-03#2,usable_event,1,annotated_with_inhale
rec2018-05-03_11h42m42.981s.wav,12.0,739,1,1.88,1.696,0.14271433229401917,0.9995887815952301,0.9998643398284912,0.04420448839664459,0.2563433051109314,0.0,0.2963464140730717,0.14343707713125844,0.5602165087956699,2018-05-03#2,usable_event,1,annotated_with_inhale
rec2018-05-03_11h43m01.074s.wav,12.0,739,1,1.8479999999999999,1.6640000000000001,0.14188609727441567,0.9994561195373535,0.9998271465301514,0.041668638586997986,0.23102238774299622,0.0,0.3125845737483085,0.14073071718538566,0.5466847090663058,2018-05-03#2,usable_event,1,annotated_with_inhale
rec2018-05-03_11h43m19.240s.wav,12.0,739,1,1.5920000000000005,1.408,0.12109036591317883,0.9990507006645203,0.9997631907463074,0.04135201871395111,0.2547280192375183,0.0,0.2638700947225981,0.11907983761840325,0.6170500676589986,2018-05-03#2,usable_event,1,annotated_with_inhale
rec2018-05-03_11h43m36.628s.wav,12.0,739,1,2.056,1.872,0.1589216018081218,0.9996659696102143,0.9999393820762634,0.045808181166648865,0.2375078797340393,0.0,0.2963464140730717,0.15832205683355885,0.5453315290933695,2018-05-03#2,usable_event,1,annotated_with_inhale
rec2018-05-03_11h43m55.823s.wav,12.0,739,1,1.992,1.808,0.1550845495508823,0.9995582938194275,0.9999198317527771,0.046799857169389725,0.2613949179649353,0.0,0.33694181326116374,0.15290933694181327,0.510148849797023,2018-05-03#2,usable_event,1,annotated_with_inhale
rec2018-05-03_11h48m01.012s.wav,12.0,739,1,1.7040000000000006,1.52,0.12901635203094663,0.9986808121204376,0.9997128248214722,0.04599987715482712,0.25855422019958496,0.0,0.2489851150202977,0.12855209742895804,0.6224627875507442,2018-05-03#2,usable_event,1,annotated_with_inhale
rec2018-05-03_11h48m24.363s.wav,12.0,739,1,1.576,1.3920000000000001,0.11921317730267421,0.9990912616252899,0.9997812509536743,0.04038240760564804,0.24891391396522522,0.0,0.29093369418132614,0.11772665764546685,0.591339648173207,2018-05-03#2,usable_event,1,annotated_with_inhale
rec2018-05-03_11h48m41.938s.wav,12.0,739,1,1.8000000000000003,1.616,0.13720759018918785,0.9996330142021179,0.9998981952667236,0.0433025099337101,0.2611384689807892,0.0,0.2449255751014885,0.13667117726657646,0.618403247631935,2018-05-03#2,usable_event,1,annotated_with_inhale
rec2018-05-03_11h48m59.604s.wav,12.0,739,1,1.9760000000000004,1.792,0.15146898521495875,0.9994000971317292,0.9997897744178772,0.04383189231157303,0.24580824375152588,0.0,0.2976995940460081,0.15155615696887687,0.550744248985115,2018-05-03#2,usable_event,1,annotated_with_inhale
rec2018-05-03_11h49m17.127s.wav,12.0,739,1,1.912,1.728,0.14653499136794698,0.9993155360221863,0.9998252391815186,0.04242699593305588,0.24201600253582,0.0,0.28010825439783493,0.14614343707713126,0.5737483085250338,2018-05-03#2,usable_event,1,annotated_with_inhale
rec2018-05-03_11h49m34.678s.wav,12.0,739,1,1.7680000000000007,1.584,0.13392147104642907,0.9995414078235626,0.999773383140564,0.0362665019929409,0.23281128704547882,0.0,0.2855209742895805,0.13396481732070364,0.5805142083897158,2018-05-03#2,usable_event,1,annotated_with_inhale
rec2018-05-03_11h49m54.056s.wav,12.0,739,1,1.7360000000000007,1.552,0.13057038926515152,0.9994824230670929,0.9997875690460205,0.03702077269554138,0.23360006511211395,0.0,0.2219215155615697,0.13125845737483086,0.6468200270635994,2018-05-03#2,usable_event,1,annotated_with_inhale
rec2018-05-03_11h50m12.379s.wav,12.0,739,1,1.7519999999999998,1.568,0.13080217383874868,0.9989483714103699,0.999716579914093,0.03167712688446045,0.21634893119335175,0.0,0.3193504736129905,0.13261163734776726,0.5480378890392422,2018-05-03#2,usable_event,1,annotated_with_inhale
rec2018-05-03_11h50m30.421s.wav,12.0,739,1,1.96,1.776,0.14972121684598538,0.9976887106895447,0.9998531937599182,0.03667974844574928,0.22246447205543518,0.0,0.2665764546684709,0.15020297699594046,0.5832205683355887,2018-05-03#2,usable_event,1,annotated_with_inhale
rec2018-05-03_11h50m48.244s.wav,12.0,739,1,2.04,1.856,0.15705428950852907,0.9990781545639038,0.9995645880699158,0.03838082030415535,0.2196388989686966,0.0,0.26116373477672533,0.15696887686062247,0.5818673883626523,2018-05-03#2,usable_event,1,annotated_with_inhale
rec2018-05-03_11h51m07.128s.wav,12.0,739,1,2.4080000000000004,2.224,0.1856812879835447,0.9991808652877807,0.9998129606246948,0.04531262069940567,0.23243127763271332,0.0,0.2774018944519621,0.1880920162381597,0.5345060893098782,2018-05-03#2,usable_event,1,annotated_with_inhale
rec2018-05-03_11h51m26.000s.wav,12.0,739,1,2.088,1.9040000000000001,0.15968161425079755,0.9980139195919037,0.9995429515838623,0.037113528698682785,0.23497708141803741,0.0,0.2530446549391069,0.16102841677943167,0.5859269282814614,2018-05-03#2,usable_event,1,annotated_with_inhale
rec2018-05-03_11h51m43.422s.wav,12.0,739,1,1.8639999999999999,1.68,0.14269133307182288,0.9994461834430695,0.999847948551178,0.03435986861586571,0.212080180644989,0.0,0.2449255751014885,0.14208389715832206,0.6129905277401895,2018-05-03#2,usable_event,1,annotated_with_inhale
rec2018-05-03_11h52m00.607s.wav,12.0,739,1,1.8159999999999998,1.6320000000000001,0.13891054784093584,0.9995466411113739,0.9998911023139954,0.034847456961870193,0.22588478028774261,0.0,0.2489851150202977,0.13802435723951287,0.6129905277401895,2018-05-03#2,usable_event,1,annotated_with_inhale
rec2018-05-03_11h52m17.833s.wav,12.0,739,1,1.9280000000000004,1.744,0.14898621153411606,0.9994340658187866,0.9998786449432373,0.03747120499610901,0.23081275820732117,0.0,0.2503382949932341,0.14749661705006767,0.6021650879566982,2018-05-03#2,usable_event,1,annotated_with_inhale
rec2018-05-03_11h52m35.208s.wav,12.0,739,1,1.5760000000000005,1.3920000000000001,0.11756320186588687,0.9981827735900879,0.9997044801712036,0.03098220005631447,0.23857444524765015,0.0,0.16644113667117727,0.11772665764546685,0.7158322056833559,2018-05-03#2,usable_event,1,annotated_with_inhale
rec2018-05-03_15h21m36.500s.wav,12.0,739,1,2.2,2.016,0.17204594276972662,0.9994409203529357,0.9997825622558594,0.032841116189956665,0.2032783478498459,0.016238159675236806,0.11502029769959404,0.17050067658998647,0.6982408660351827,2018-05-03#3,usable_event,1,annotated_with_inhale
rec2018-05-03_15h23m24.541s.wav,12.0,739,1,1.9760000000000004,1.792,0.1547234527085074,0.9992032468318939,0.9996657371520996,0.023780034855008125,0.1493539959192276,0.0,0.13396481732070364,0.15155615696887687,0.7144790257104194,2018-05-03#3,usable_event,1,annotated_with_inhale
rec2018-05-03_15h24m03.886s.wav,12.0,739,1,1.976,1.792,0.15204366072002082,0.9985175907611847,0.9997791647911072,0.02396925538778305,0.1564531922340393,0.0,0.19621109607577808,0.15155615696887687,0.652232746955345,2018-05-03#3,usable_event,1,annotated_with_inhale
rec2018-05-03_15h24m37.045s.wav,12.0,739,1,1.6560000000000001,1.2,0.10813740257653794,0.9994949162006378,0.9998871088027954,0.024387728422880173,0.16936784982681274,0.0,0.21515561569688768,0.10148849797023005,0.6833558863328822,2018-05-03#3,usable_event,1,annotated_with_inhale
rec2018-05-03_15h25m08.571s.wav,12.0,739,1,1.6560000000000006,1.472,0.1257668142005032,0.9994080305099488,0.9998849034309387,0.022447001188993454,0.18114764988422394,0.0,0.15561569688768606,0.12449255751014884,0.7198917456021651,2018-05-03#3,usable_event,1,annotated_with_inhale
rec2018-05-03_15h27m21.669s.wav,12.0,739,1,1.6080000000000005,1.424,0.12084767823500574,0.9996617794036865,0.9999041557312012,0.028383804485201836,0.19343030452728271,0.0,0.2828146143437077,0.12043301759133965,0.5967523680649527,2018-05-03#3,usable_event,1,annotated_with_inhale
rec2018-05-03_15h27m45.362s.wav,12.0,739,1,1.512,1.328,0.11248116287776805,0.999405974149704,0.9998369216918945,0.024622304365038872,0.17055799067020416,0.0,0.2219215155615697,0.11231393775372124,0.6657645466847091,2018-05-03#3,usable_event,1,annotated_with_inhale
rec2018-05-03_15h28m15.159s.wav,12.0,739,1,1.6240000000000006,1.44,0.12410832666824984,0.9994583368301392,0.9999253749847412,0.023301029577851295,0.16142193973064423,0.0,0.2313937753721245,0.12178619756427606,0.6468200270635994,2018-05-03#3,usable_event,1,annotated_with_inhale
rec2018-05-03_15h28m42.685s.wav,12.0,739,1,1.7040000000000002,1.52,0.12825465836451985,0.9993354856967926,0.9999212622642517,0.03397885337471962,0.18986493349075317,0.0,0.2516914749661705,0.12855209742895804,0.6197564276048715,2018-05-03#3,usable_event,1,annotated_with_inhale
rec2018-05-03_15h29m02.811s.wav,12.0,739,1,1.6559999999999997,1.472,0.12325441694550848,0.997920173406601,0.9996852278709412,0.027233682572841644,0.18005573749542236,0.0,0.18403247631935046,0.12449255751014884,0.6914749661705006,2018-05-03#3,usable_event,1,annotated_with_inhale
rec2018-05-03_15h29m32.895s.wav,12.0,739,1,1.6560000000000006,1.472,0.12500067098101164,0.999645882844925,0.9998654723167419,0.020973147824406624,0.14679716527462006,0.0,0.2435723951285521,0.12449255751014884,0.631935047361299,2018-05-03#3,usable_event,1,annotated_with_inhale
rec2018-05-03_15h29m50.911s.wav,12.0,739,1,1.5440000000000005,1.36,0.11538548020856093,0.999846750497818,0.9999584555625916,0.02511427365243435,0.1858256310224533,0.0,0.3085250338294993,0.11502029769959404,0.5764546684709067,2018-05-03#3,usable_event,1,annotated_with_inhale
rec2018-05-03_15h30m09.333s.wav,12.0,739,1,1.88,1.696,0.14428170239008428,0.9998760282993316,0.9999294877052307,0.026890292763710022,0.184431254863739,0.0,0.19350473612990526,0.14343707713125844,0.6630581867388363,2018-05-03#3,usable_event,1,annotated_with_inhale
rec2018-05-03_15h30m28.140s.wav,12.0,739,1,1.5600000000000005,1.3760000000000001,0.11672118071389115,0.9995871126651764,0.9999120831489563,0.024065164849162102,0.1986652910709381,0.0,0.20027063599458728,0.11637347767253045,0.6833558863328822,2018-05-03#3,usable_event,1,annotated_with_inhale
rec2018-05-03_15h30m45.469s.wav,12.0,739,1,1.6400000000000001,1.456,0.12355111637423097,0.9997695326805115,0.9999256134033203,0.02537292242050171,0.18839600682258606,0.0,0.2922868741542625,0.12313937753721245,0.584573748308525,2018-05-03#3,usable_event,1,annotated_with_inhale
rec2018-05-03_15h31m15.084s.wav,12.0,739,1,1.528,1.344,0.11431616453489431,0.9989676952362061,0.9998201131820679,0.02000744454562664,0.16614703834056854,0.0,0.2395128552097429,0.11366711772665765,0.6468200270635994,2018-05-03#3,usable_event,1,annotated_with_inhale
rec2018-05-03_15h31m38.884s.wav,12.0,739,1,1.6400000000000001,1.456,0.12435652197065528,0.9994984805583954,0.9998904466629028,0.02452939562499523,0.17637771368026733,0.0,0.2530446549391069,0.12313937753721245,0.6238159675236806,2018-05-03#3,usable_event,1,annotated_with_inhale
rec2018-05-03_15h31m59.455s.wav,12.0,739,1,1.7840000000000003,1.6,0.13435271509901772,0.9986710548400879,0.9999330639839172,0.026143735274672508,0.19105736911296844,0.0,0.2449255751014885,0.13531799729364005,0.6197564276048715,2018-05-03#3,usable_event,1,annotated_with_inhale
rec2018-05-03_15h32m17.555s.wav,12.0,739,1,1.624,1.44,0.12231840509585444,0.9995680987834931,0.9998250603675842,0.02466488629579544,0.1855618804693222,0.0,0.20433017591339647,0.12178619756427606,0.6738836265223275,2018-05-03#3,usable_event,1,annotated_with_inhale
rec2018-05-03_15h32m35.669s.wav,12.0,739,1,1.6880000000000002,1.504,0.12815497192231987,0.9994499862194062,0.9999155402183533,0.022956328466534615,0.17549189925193787,0.0,0.2259810554803789,0.12719891745602166,0.6468200270635994,2018-05-03#3,usable_event,1,annotated_with_inhale
rec2018-05-03_15h33m11.807s.wav,12.0,739,1,1.464,1.28,0.11027633295240906,0.9993474900722503,0.9999192357063293,0.025879818946123123,0.2026974856853485,0.0,0.2219215155615697,0.10825439783491204,0.6698240866035182,2018-05-03#3,usable_event,1,annotated_with_inhale
rec2018-05-03_15h33m29.486s.wav,12.0,739,1,1.48,1.296,0.10884650785852798,0.9994349241256714,0.9998722672462463,0.025028778240084648,0.21547169983386993,0.0,0.1880920162381597,0.10960757780784844,0.7023004059539919,2018-05-03#3,usable_event,1,annotated_with_inhale
rec2018-05-03_15h33m51.966s.wav,12.0,739,1,1.6880000000000002,1.504,0.1279241330244076,0.9996116161346436,0.9998939633369446,0.025997523218393326,0.16432899236679077,0.010825439783491205,0.29905277401894453,0.12719891745602166,0.5629228687415426,2018-05-03#3,usable_event,1,annotated_with_inhale
rec2018-05-03_15h34m13.707s.wav,12.0,739,1,1.6719999999999997,1.488,0.12628124394007073,0.9995613753795624,0.9998601675033569,0.03142383694648743,0.2146020084619522,0.0,0.2746955345060893,0.12584573748308525,0.5994587280108254,2018-05-03#3,usable_event,1,annotated_with_inhale
rec2018-05-03_15h34m32.131s.wav,12.0,739,1,1.4480000000000004,1.264,0.10738558924753766,0.9991747319698334,0.9998359084129333,0.026434842497110367,0.22494541108608246,0.0,0.2557510148849797,0.10690121786197564,0.6373477672530447,2018-05-03#3,usable_event,1,annotated_with_inhale
rec2018-05-03_15h35m02.114s.wav,12.0,739,1,1.4160000000000004,1.232,0.10660939174423752,0.999827754497528,0.9999316930770874,0.030411135405302048,0.21907104551792145,0.0,0.2368064952638701,0.10419485791610285,0.6589986468200271,2018-05-03#3,usable_event,1,annotated_with_inhale
rec2018-05-03_15h35m21.837s.wav,12.0,739,1,1.5440000000000005,1.36,0.11537590989223091,0.99950470328331,0.9997297525405884,0.031064625829458237,0.22390390932559967,0.0,0.3004059539918809,0.11502029769959404,0.584573748308525,2018-05-03#3,usable_event,1,annotated_with_inhale
rec2018-05-03_15h35m44.100s.wav,12.0,739,1,1.7200000000000002,1.536,0.13143712579037825,0.9998087823390961,0.999943733215332,0.02996400184929371,0.20548485219478607,0.0,0.2868741542625169,0.12990527740189445,0.5832205683355887,2018-05-03#3,usable_event,1,annotated_with_inhale
rec2018-05-03_15h36m09.330s.wav,12.0,739,1,1.5120000000000005,1.328,0.11235665125827583,0.999641340970993,0.9999370574951172,0.025861727073788643,0.20002181828022003,0.0,0.2489851150202977,0.11231393775372124,0.638700947225981,2018-05-03#3,usable_event,1,annotated_with_inhale
rec2018-05-03_15h36m33.401s.wav,12.0,739,1,1.3840000000000001,1.2,0.10175227795684073,0.9995657503604889,0.9998098611831665,0.023415351286530495,0.15845055878162384,0.017591339648173207,0.16644113667117727,0.10148849797023005,0.7144790257104194,2018-05-03#3,usable_event,1,annotated_with_inhale
rec2018-05-03_15h39m20.550s.wav,12.0,739,1,1.7520000000000007,1.568,0.13133216470079506,0.9985369384288788,0.9998444318771362,0.02383255958557129,0.17497973144054413,0.0,0.19079837618403248,0.13261163734776726,0.6765899864682002,2018-05-03#3,usable_event,1,annotated_with_inhale
rec2018-05-03_15h39m43.079s.wav,12.0,739,1,1.432,1.248,0.10766545991896775,0.9996694982051849,0.9998899102210999,0.022279983386397362,0.1731511950492859,0.0,0.19621109607577808,0.10554803788903924,0.6982408660351827,2018-05-03#3,usable_event,1,annotated_with_inhale
rec2018-05-03_15h40m01.822s.wav,12.0,739,1,1.6400000000000006,1.456,0.12235636682103826,0.9994782507419586,0.9999401569366455,0.0222367774695158,0.1657484471797943,0.0,0.11637347767253045,0.12313937753721245,0.7604871447902571,2018-05-03#3,usable_event,1,annotated_with_inhale
rec2018-05-03_15h40m28.424s.wav,12.0,739,1,1.7040000000000006,1.52,0.12915497286293343,0.9997090399265289,0.9999213218688965,0.02250104770064354,0.14408919215202332,0.0,0.2774018944519621,0.12855209742895804,0.5940460081190798,2018-05-03#3,usable_event,1,annotated_with_inhale
rec2018-05-03_15h40m49.846s.wav,12.0,739,1,1.5920000000000005,1.408,0.11763711339109621,0.9995215237140656,0.99992835521698,0.020897578448057175,0.14297868311405182,0.0,0.20974289580514208,0.11907983761840325,0.6711772665764547,2018-05-03#3,usable_event,1,annotated_with_inhale
rec2018-05-03_15h41m19.370s.wav,12.0,739,1,1.7680000000000002,1.584,0.1344865523236326,0.9996364116668701,0.9999596476554871,0.02402699738740921,0.16441118717193604,0.0,0.2408660351826793,0.13396481732070364,0.625169147496617,2018-05-03#3,usable_event,1,annotated_with_inhale
rec2018-05-03_15h41m44.230s.wav,12.0,739,1,1.7359999999999998,1.552,0.13108107603188784,0.999537318944931,0.9998467564582825,0.0196098480373621,0.14768466353416443,0.0,0.11907983761840325,0.13125845737483086,0.7496617050067659,2018-05-03#3,usable_event,1,annotated_with_inhale
rec2018-05-03_15h42m04.570s.wav,12.0,739,1,1.608,1.424,0.12117879139653777,0.9996664822101593,0.9998689889907837,0.02444588951766491,0.17903538048267365,0.0,0.22056833558863329,0.12043301759133965,0.6589986468200271,2018-05-03#3,usable_event,1,annotated_with_inhale
rec2018-05-03_15h42m24.025s.wav,12.0,739,1,1.7360000000000007,1.552,0.13065974791990062,0.9993412137031555,0.9999072551727295,0.026263605803251266,0.15417546033859253,0.0,0.2449255751014885,0.13125845737483086,0.6238159675236806,2018-05-03#3,usable_event,1,annotated_with_inhale
rec2018-05-03_15h42m44.455s.wav,12.0,739,1,1.8640000000000008,1.68,0.14280214116695752,0.999408096075058,0.9996636509895325,0.02240058220922947,0.13515909016132355,0.0,0.2652232746955345,0.14208389715832206,0.5926928281461434,2018-05-03#3,usable_event,1,annotated_with_inhale
rec2018-05-03_15h44m07.780s.wav,12.0,739,1,1.6720000000000002,1.488,0.1272404868872883,0.9987100064754486,0.999829888343811,0.026641270145773888,0.17572125792503357,0.0,0.20027063599458728,0.12584573748308525,0.6738836265223275,2018-05-03#3,usable_event,1,annotated_with_inhale
rec2018-05-03_15h44m27.242s.wav,12.0,739,1,1.3680000000000003,1.184,0.10085929102175877,0.9987625658512116,0.9998525381088257,0.021851304918527603,0.18242046236991882,0.0,0.2557510148849797,0.10013531799729364,0.6441136671177267,2018-05-03#3,usable_event,1,annotated_with_inhale
rec2018-05-03_15h44m47.231s.wav,12.0,739,1,1.9760000000000004,1.616,0.13597618852167603,0.999686336517334,0.9999260306358337,0.025169741362333298,0.1571487933397293,0.014884979702300407,0.26116373477672533,0.13667117726657646,0.5872801082543978,2018-05-03#3,usable_event,1,annotated_with_inhale
rec2018-05-03_15h45m14.147s.wav,12.0,739,1,1.88,1.696,0.14421277854364858,0.999795800447464,0.99994957447052,0.024914344772696495,0.1604549139738083,0.0,0.2516914749661705,0.14343707713125844,0.6048714479025711,2018-05-03#3,usable_event,1,annotated_with_inhale
rec2018-05-03_15h46m16.542s.wav,12.0,739,1,1.512,1.328,0.11135589589268946,0.9998050630092621,0.9999270439147949,0.021093647927045822,0.15375100076198578,0.0,0.2665764546684709,0.11231393775372124,0.6211096075778079,2018-05-03#3,usable_event,1,annotated_with_inhale
rec2018-05-03_15h46m45.482s.wav,12.0,739,1,1.7040000000000002,1.52,0.12916024638717474,0.9997388780117035,0.9999279975891113,0.025532973930239677,0.17386069893836975,0.0,0.2882273342354533,0.12855209742895804,0.5832205683355887,2018-05-03#3,usable_event,1,annotated_with_inhale
rec2018-05-03_15h47m08.625s.wav,12.0,739,1,1.6240000000000006,1.44,0.12238944690831913,0.9997605443000793,0.9999428987503052,0.023766586557030678,0.17003613710403442,0.0,0.11772665764546685,0.12178619756427606,0.7604871447902571,2018-05-03#3,usable_event,1,annotated_with_inhale
rec2018-05-03_15h47m37.180s.wav,12.0,739,1,1.56,1.3760000000000001,0.11678038951864145,0.9995842933654785,0.9999240636825562,0.023737741634249687,0.1772088259458542,0.0,0.2787550744248985,0.11637347767253045,0.6048714479025711,2018-05-03#3,usable_event,1,annotated_with_inhale
rec2018-05-03_15h47m57.575s.wav,12.0,739,1,1.48,1.296,0.11047596248495803,0.999271672964096,0.9997032284736633,0.019942818209528923,0.15790076553821564,0.0,0.14073071718538566,0.10960757780784844,0.7496617050067659,2018-05-03#3,usable_event,1,annotated_with_inhale
rec2018-05-03_15h48m19.468s.wav,12.0,739,1,1.3040000000000003,1.12,0.0946768501728102,0.9995779752731323,0.9999362826347351,0.021717898547649384,0.19459354877471924,0.0,0.20568335588633288,0.09472259810554803,0.699594046008119,2018-05-03#3,usable_event,1,annotated_with_inhale
rec2018-05-03_15h48m42.154s.wav,12.0,739,1,1.6720000000000002,1.488,0.1265060640870328,0.9998091936111451,0.999929666519165,0.02699989080429077,0.18515366315841675,0.0,0.2571041948579161,0.12584573748308525,0.6170500676589986,2018-05-03#3,usable_event,1,annotated_with_inhale
rec2018-05-03_15h49m02.235s.wav,12.0,739,1,1.7039999999999997,1.52,0.12710168833584137,0.9997640252113342,0.9999451637268066,0.023783525452017784,0.1654975861310959,0.0,0.2746955345060893,0.12855209742895804,0.5967523680649527,2018-05-03#3,usable_event,1,annotated_with_inhale
