recording_id,event_id,recording_file,label,start_s,end_s,duration_s,confidence,max_confidence,window_count,sample_rate,mean_rms,peak_rms,total_energy,time_to_peak_s,spectral_centroid_mean,spectral_centroid_std,spectral_flatness_mean,spectral_flatness_std,spectral_rolloff_mean,spectral_rolloff_std,zcr_mean,zcr_std
0,0,rec2018-01-22_17h41m33.475s.wav,Inhale,2.496,4.04,1.544,0.8478618302766014,0.9846252202987671,85,8000,0.1772032380104065,0.25603294372558594,0.05780026689171791,0.5440000295639038,0.37882059812545776,0.03874003514647484,0.19025211036205292,0.06494175642728806,0.6864932179450989,0.07275300472974777,0.4079086482524872,0.07880760729312897
1,0,rec2018-01-22_17h41m49.809s.wav,Inhale,0.6880000000000001,2.232,1.544,0.9337995206608491,0.9874169230461121,85,8000,0.1774943321943283,0.27490442991256714,0.059328895062208176,1.25600004196167,0.3786831498146057,0.039246752858161926,0.15679964423179626,0.048104178160429,0.6812580823898315,0.06918291747570038,0.4240848422050476,0.0860765352845192
2,0,rec2018-01-22_17h42m07.718s.wav,Inhale,2.048,3.608,1.56,0.908583119858143,0.9745699763298035,86,8000,0.1669168323278427,0.2565329074859619,0.05366009473800659,0.2160000056028366,0.3870222866535187,0.041311200708150864,0.16569066047668457,0.05492357909679413,0.6857063174247742,0.07171718031167984,0.40528589487075806,0.07828397303819656
3,0,rec2018-01-22_17h42m23.769s.wav,Inhale,2.912,4.632000000000001,1.7200000000000006,0.8991530801480015,0.9897542595863342,96,8000,0.16885042190551758,0.26456040143966675,0.06003081798553467,0.2720000147819519,0.39011135697364807,0.04699074104428291,0.1663258820772171,0.05882794037461281,0.6946976184844971,0.06934874504804611,0.42376482486724854,0.08403381705284119
4,0,rec2018-01-22_17h44m03.761s.wav,Inhale,2.56,4.2,1.6400000000000001,0.8749377157661941,0.980003833770752,91,8000,0.18736642599105835,0.3303876221179962,0.07371482998132706,0.8479999899864197,0.3577907979488373,0.03694210946559906,0.13267888128757477,0.04785476624965668,0.6625455021858215,0.09574545919895172,0.35557541251182556,0.060813359916210175
5,0,rec2018-01-22_17h44m21.408s.wav,Inhale,4.704,6.248,1.5440000000000005,0.9089284388458028,0.9854579567909241,85,8000,0.18538779020309448,0.25700631737709045,0.06109093129634857,0.14399999380111694,0.3825538754463196,0.039017628878355026,0.16506478190422058,0.04418111592531204,0.6881040334701538,0.04286370053887367,0.40033021569252014,0.07054945081472397
6,0,rec2018-01-22_17h44m39.521s.wav,Inhale,4.336,6.184,1.8479999999999999,0.8498581504592528,0.9831579923629761,104,8000,0.18272557854652405,0.28347933292388916,0.07738082855939865,0.3840000033378601,0.35781505703926086,0.033624857664108276,0.14533746242523193,0.06117059662938118,0.6428475379943848,0.08379106223583221,0.3359375,0.06896136701107025
7,0,rec2018-01-22_17h44m56.745s.wav,Inhale,2.848,4.84,1.992,0.9268389958723456,0.9948825240135193,113,8000,0.19364038109779358,0.29751476645469666,0.09220603108406067,0.7680000066757202,0.36858415603637695,0.04905065521597862,0.14562389254570007,0.0605192668735981,0.6560937762260437,0.0683312863111496,0.35969141125679016,0.043358881026506424
8,0,rec2018-01-22_17h45m12.839s.wav,Inhale,0.752,2.04,1.288,0.922130362711091,0.9858847260475159,69,8000,0.18862277269363403,0.3259517252445221,0.053773026913404465,1.2640000581741333,0.3692077696323395,0.042334750294685364,0.16216129064559937,0.06434697657823563,0.6571663022041321,0.09071652591228485,0.3941363990306854,0.08794627338647842
9,0,rec2018-01-23_10h42m07.256s.wav,Inhale,3.344,4.952,1.608,0.9419005985340375,0.9919159412384033,89,8000,0.17880965769290924,0.2739526331424713,0.06426569819450378,1.1519999504089355,0.3718438148498535,0.03910711407661438,0.1622491180896759,0.05661381408572197,0.6852181553840637,0.07009249180555344,0.36870309710502625,0.06268265843391418
10,0,rec2018-01-23_10h42m23.823s.wav,Inhale,1.44,3.0000000000000004,1.5600000000000005,0.9466804855091627,0.9956548810005188,86,8000,0.16079793870449066,0.2446260005235672,0.050245169550180435,1.3279999494552612,0.38974711298942566,0.04511041194200516,0.15463116765022278,0.054640594869852066,0.6895726919174194,0.09382670372724533,0.41834741830825806,0.09375327080488205
11,0,rec2018-01-23_10h42m45.728s.wav,Inhale,0.5760000000000001,2.68,2.104,0.9660719970862071,0.9956285357475281,120,8000,0.17881539463996887,0.2905588746070862,0.08138009160757065,0.8399999737739563,0.37826070189476013,0.04012418910861015,0.14646156132221222,0.05950057879090309,0.6897490620613098,0.08904781192541122,0.3863377571105957,0.06973255425691605
12,0,rec2018-01-23_10h43m05.349s.wav,Inhale,2.192,4.152,1.96,0.97122547433183,0.9973201155662537,111,8000,0.1555854082107544,0.23002660274505615,0.058568596839904785,0.8479999899864197,0.39923641085624695,0.0391235426068306,0.17203165590763092,0.061890773475170135,0.6949313879013062,0.08364549279212952,0.4288518726825714,0.09163638204336166
13,0,rec2018-01-23_10h43m22.564s.wav,Inhale,2.848,4.808000000000001,1.9600000000000009,0.9490245452551084,0.9953882694244385,107,8000,0.18327011168003082,0.2595759332180023,0.07311318069696426,1.656000018119812,0.40409722924232483,0.04932267218828201,0.16094015538692474,0.03884361311793327,0.713478147983551,0.03803260996937752,0.4475931227207184,0.05392281338572502
14,0,rec2018-01-23_10h43m40.126s.wav,Inhale,0.8320000000000001,2.664,1.832,0.9650137326092396,0.9971593022346497,103,8000,0.1700514703989029,0.27439865469932556,0.06642016768455505,0.9200000166893005,0.3845367431640625,0.03864539414644241,0.12918315827846527,0.04992139711976051,0.681046187877655,0.08711373805999756,0.397327184677124,0.0810287743806839
15,0,rec2018-01-23_10h43m56.234s.wav,Inhale,0.768,2.4400000000000004,1.6720000000000004,0.960628387107644,0.9978858828544617,93,8000,0.1583334356546402,0.2537996172904968,0.051377072930336,1.4320000410079956,0.39223945140838623,0.03683193400502205,0.16304707527160645,0.06569229066371918,0.6865699291229248,0.09308735281229019,0.41372767090797424,0.08897620439529419
16,0,rec2018-01-23_10h44m12.634s.wav,Inhale,0.8320000000000001,3.208,2.3760000000000003,0.9789226085600191,0.9971426725387573,137,8000,0.1479821503162384,0.2131074219942093,0.0607772134244442,0.36000001430511475,0.41677647829055786,0.04221426695585251,0.1773356795310974,0.06390576809644699,0.7020763158798218,0.08900562673807144,0.46443411707878113,0.10443917661905289
17,0,rec2018-01-23_10h44m30.273s.wav,Inhale,2.64,4.376,1.7360000000000002,0.9735949383568518,0.9964292049407959,97,8000,0.15492215752601624,0.25234511494636536,0.05162971839308739,0.6079999804496765,0.4069482088088989,0.04323187097907066,0.15886259078979492,0.06246618926525116,0.701512336730957,0.07891607284545898,0.43010857701301575,0.07344967126846313
18,0,rec2018-01-23_10h45m25.926s.wav,Inhale,4.6080000000000005,6.136,1.5279999999999996,0.9120199900297892,0.9935973882675171,84,8000,0.16835659742355347,0.2579691410064697,0.05128713697195053,1.0399999618530273,0.38660621643066406,0.03854015842080116,0.16948717832565308,0.05883020907640457,0.6771240234375,0.08512415736913681,0.43514251708984375,0.1038207933306694
19,0,rec2018-01-23_10h45m44.127s.wav,Inhale,2.512,4.28,1.7680000000000002,0.9651438708257194,0.9986772537231445,99,8000,0.177190899848938,0.26716047525405884,0.0689907968044281,1.0160000324249268,0.3760787546634674,0.03429936245083809,0.12733003497123718,0.0456882044672966,0.6787021160125732,0.07792849838733673,0.37148526310920715,0.06176460161805153
19,1,rec2018-01-23_10h45m44.127s.wav,Inhale,4.5120000000000005,4.712000000000001,0.20000000000000018,0.49006134271621704,0.49006134271621704,1,8000,0.24270811676979065,0.32952880859375,0.011852089315652847,0.20000000298023224,0.3348084092140198,0.018728116527199745,0.12407217919826508,0.0499316081404686,0.5330528616905212,0.07547511905431747,0.2285531908273697,0.032457053661346436
20,0,rec2018-01-23_10h46m04.850s.wav,Inhale,1.968,3.688,1.7200000000000002,0.9688474430392185,0.9975178837776184,96,8000,0.15259727835655212,0.2349851429462433,0.049225639551877975,0.3919999897480011,0.4049626886844635,0.03742977976799011,0.17134927213191986,0.054703135043382645,0.70703125,0.06570899486541748,0.44871237874031067,0.09142129868268967
21,0,rec2018-01-23_10h47m11.936s.wav,Inhale,4.416,6.008,1.5919999999999996,0.8973581384528767,0.9816783666610718,88,8000,0.19366995990276337,0.2999245524406433,0.07050499320030212,0.47200000286102295,0.37153369188308716,0.03568437322974205,0.15856806933879852,0.04420856386423111,0.6948046684265137,0.050256166607141495,0.41155028343200684,0.07513484358787537
22,0,rec2018-01-23_10h49m01.624s.wav,Inhale,2.576,5.736000000000001,3.1600000000000006,0.9740512146744676,0.9996151328086853,186,8000,0.18554307520389557,0.2533213198184967,0.12280748784542084,2.6640000343322754,0.39872047305107117,0.045871004462242126,0.13217569887638092,0.05909080058336258,0.6494633555412292,0.0953921377658844,0.39502692222595215,0.03601912781596184
23,0,rec2018-01-23_10h49m24.634s.wav,Inhale,3.024,5.5440000000000005,2.5200000000000005,0.9844007626788257,0.9997668862342834,146,8000,0.1890803724527359,0.25417259335517883,0.10335562378168106,1.6640000343322754,0.3747974932193756,0.028608346357941628,0.11233438551425934,0.08537296205759048,0.5885087251663208,0.11150842905044556,0.3579055070877075,0.047807369381189346
24,0,rec2018-01-23_10h50m00.411s.wav,Inhale,5.488,8.184,2.695999999999999,0.9774037740033144,0.999591052532196,157,8000,0.1838201880455017,0.25074049830436707,0.1046447604894638,2.0959999561309814,0.3867894411087036,0.03676591068506241,0.1270494908094406,0.05873170495033264,0.6283515095710754,0.10253291577100754,0.38385263085365295,0.0424639955163002
25,0,rec2018-01-23_10h50m22.155s.wav,Inhale,2.496,5.256,2.7600000000000002,0.978876142768386,0.9988613128662109,161,8000,0.17776568233966827,0.23724262416362762,0.09809713810682297,2.184000015258789,0.39627736806869507,0.03963971883058548,0.11232571303844452,0.05178254842758179,0.6378251314163208,0.09161214530467987,0.381607323884964,0.030222773551940918
26,0,rec2018-01-23_10h50m40.883s.wav,Inhale,3.36,6.008,2.648,0.9607704034099331,0.9993309378623962,154,8000,0.18027061223983765,0.23355735838413239,0.09726453572511673,1.9919999837875366,0.3870837986469269,0.022036297246813774,0.13236406445503235,0.05738100782036781,0.6437311768531799,0.08272365480661392,0.3768575191497803,0.04587685689330101
27,0,rec2018-01-23_10h52m21.295s.wav,Inhale,2.72,5.384,2.664,0.9701798877408427,0.999556839466095,155,8000,0.18208862841129303,0.2577584683895111,0.10327192395925522,1.5679999589920044,0.359140008687973,0.022784274071455002,0.0784955620765686,0.05345847085118294,0.5394601225852966,0.07986477017402649,0.3300401270389557,0.03597245365381241
28,0,rec2018-01-23_10h52m39.068s.wav,Inhale,3.984,7.08,3.096,0.955536655999802,0.9996217489242554,182,8000,0.18417388200759888,0.24459542334079742,0.12071435898542404,2.6080000400543213,0.3775152564048767,0.02683515101671219,0.09807746112346649,0.05433464050292969,0.5812661051750183,0.10118797421455383,0.3664173185825348,0.03610466048121452
29,0,rec2018-01-23_10h52m57.816s.wav,Inhale,5.6000000000000005,8.632,3.031999999999999,0.9758602685472938,0.9991955161094666,178,8000,0.18010923266410828,0.2341592013835907,0.10976558178663254,2.6480000019073486,0.389325886964798,0.02532474882900715,0.12652692198753357,0.06587453931570053,0.6236636638641357,0.10014980286359787,0.3891897201538086,0.04069818928837776
29,1,rec2018-01-23_10h52m57.816s.wav,Inhale,11.584,12.0,0.41600000000000037,0.7605880051851273,0.9488101005554199,12,8000,0.18707244098186493,0.2781144380569458,0.01664753258228302,0.20000000298023224,0.33680200576782227,0.016428334638476372,0.049263376742601395,0.02677072398364544,0.4426591992378235,0.03487071022391319,0.28358083963394165,0.061624083667993546
30,0,rec2018-01-23_10h53m20.922s.wav,Inhale,2.128,4.712000000000001,2.5840000000000005,0.9588367571433385,0.9992786049842834,150,8000,0.16716700792312622,0.22669821977615356,0.08448659628629684,1.9040000438690186,0.3931632339954376,0.037690192461013794,0.1232549399137497,0.06427306681871414,0.6273630261421204,0.1039406880736351,0.38624101877212524,0.04444437846541405
31,0,rec2018-01-23_10h54m18.511s.wav,Inhale,3.44,5.848,2.408,0.9421242111020809,0.998367428779602,139,8000,0.18283873796463013,0.25701865553855896,0.09207725524902344,1.9199999570846558,0.35596588253974915,0.019893581047654152,0.08244460076093674,0.03127969801425934,0.5350786447525024,0.07165278494358063,0.3295995593070984,0.03696320950984955
32,0,rec2018-01-23_10h54m39.487s.wav,Inhale,3.392,6.680000000000001,3.2880000000000007,0.9732032746234268,0.9991750717163086,189,8000,0.15290436148643494,0.2358514964580536,0.09353034943342209,0.47200000286102295,0.3734826147556305,0.029668258503079414,0.058080460876226425,0.041697219014167786,0.5350045561790466,0.10141422599554062,0.3441399037837982,0.02669610269367695
33,0,rec2018-01-23_10h56m48.215s.wav,Inhale,0.992,3.2880000000000003,2.2960000000000003,0.8942506864215388,0.9926502108573914,132,8000,0.2178744226694107,0.3375234305858612,0.13200844824314117,0.40799999237060547,0.35203295946121216,0.045854732394218445,0.10794728249311447,0.04620366543531418,0.6351454257965088,0.06605798751115799,0.3296339213848114,0.053189899772405624
34,0,rec2018-01-23_10h57m38.405s.wav,Inhale,2.192,4.408,2.216,0.8576029323217437,0.9837898015975952,127,8000,0.2224208116531372,0.31857290863990784,0.12725569307804108,0.5600000023841858,0.36445310711860657,0.06489208340644836,0.12788620591163635,0.0435851588845253,0.659875214099884,0.05520522594451904,0.3428068161010742,0.04138908162713051
35,0,rec2018-01-23_10h57m54.607s.wav,Inhale,2.88,5.112,2.232,0.9713886538520455,0.9971497058868408,128,8000,0.17111799120903015,0.24423371255397797,0.07430679351091385,1.0479999780654907,0.40001818537712097,0.03485711291432381,0.16941015422344208,0.060558903962373734,0.6898995637893677,0.07261781394481659,0.40220773220062256,0.06828969717025757
36,0,rec2018-01-23_10h59m20.895s.wav,Inhale,2.064,3.9280000000000004,1.8640000000000003,0.9457393334025428,0.9945888519287109,105,8000,0.17583484947681427,0.24457131326198578,0.06963133811950684,0.6320000290870667,0.3833701014518738,0.03876222297549248,0.16457703709602356,0.055684421211481094,0.6888354420661926,0.06711860001087189,0.3934670388698578,0.06500077992677689
37,0,rec2018-01-23_10h59m40.619s.wav,Inhale,2.336,4.2,1.8640000000000003,0.964741215251741,0.9953121542930603,105,8000,0.17447783052921295,0.2966679334640503,0.07208163291215897,0.6159999966621399,0.3736630380153656,0.04545718431472778,0.13731761276721954,0.053864579647779465,0.6655648946762085,0.0877847969532013,0.36679938435554504,0.06977958232164383
38,0,rec2018-01-23_10h59m57.587s.wav,Inhale,2.24,4.296,2.056,0.9405378938740135,0.9909268617630005,117,8000,0.18462347984313965,0.27075326442718506,0.08524243533611298,1.496000051498413,0.38033032417297363,0.04577213525772095,0.15133117139339447,0.05933500453829765,0.6673328280448914,0.07409798353910446,0.3699033260345459,0.04579121619462967
39,0,rec2018-01-23_11h00m14.641s.wav,Inhale,2.432,4.2,1.7680000000000002,0.9540309087194577,0.994452714920044,99,8000,0.15871798992156982,0.23783905804157257,0.05456233769655228,0.9599999785423279,0.3879861831665039,0.04510580003261566,0.15113575756549835,0.05919775739312172,0.6743384003639221,0.09395202249288559,0.3943970799446106,0.08300098776817322
42,0,rec2018-01-23_11h01m08.679s.wav,Inhale,3.04,5.032,1.992,0.9634282151154713,0.9967164993286133,113,8000,0.17516882717609406,0.2774381935596466,0.07130560278892517,1.2960000038146973,0.3964695632457733,0.04045110195875168,0.16962072253227234,0.054026469588279724,0.6922500133514404,0.05277824401855469,0.41141602396965027,0.058103837072849274
43,0,rec2018-01-23_11h01m26.075s.wav,Inhale,2.112,3.9280000000000004,1.8160000000000003,0.931933766486598,0.9905974864959717,102,8000,0.17179124057292938,0.26701435446739197,0.06480520963668823,0.984000027179718,0.3814643919467926,0.03115271031856537,0.1462271511554718,0.06063428521156311,0.6672492027282715,0.09246055781841278,0.38733553886413574,0.07249957323074341
44,0,rec2018-01-23_11h01m41.256s.wav,Inhale,1.6640000000000001,3.5280000000000005,1.8640000000000003,0.9702371807325454,0.9964002370834351,105,8000,0.17000003159046173,0.24665743112564087,0.06421738862991333,0.8479999899864197,0.3890838623046875,0.04701939597725868,0.16181668639183044,0.057127002626657486,0.6766158938407898,0.08547770231962204,0.3922692835330963,0.07816939800977707
45,0,rec2018-01-23_11h01m57.075s.wav,Inhale,3.92,5.5440000000000005,1.6240000000000006,0.9466365416844685,0.9955654740333557,90,8000,0.15830585360527039,0.2481895536184311,0.05063946545124054,0.800000011920929,0.4001941680908203,0.038478583097457886,0.1643860638141632,0.055063582956790924,0.7049249410629272,0.04187976196408272,0.4266907870769501,0.09336364269256592
46,0,rec2018-01-23_11h02m14.505s.wav,Inhale,1.728,3.3840000000000003,1.6560000000000004,0.9493634610072427,0.994683027267456,92,8000,0.16647206246852875,0.24846211075782776,0.05606866627931595,0.4880000054836273,0.3928106129169464,0.02993067167699337,0.1639566421508789,0.0550694614648819,0.685471773147583,0.06923160701990128,0.4011371433734894,0.07839052379131317
47,0,rec2018-01-23_11h02m29.845s.wav,Inhale,2.864,4.680000000000001,1.8160000000000007,0.9418049472219804,0.9961245059967041,102,8000,0.1646631509065628,0.24345320463180542,0.05953139811754227,1.3919999599456787,0.3902871310710907,0.033561307936906815,0.15340138971805573,0.05684558302164078,0.6733826994895935,0.08841486275196075,0.38180381059646606,0.06676558405160904
48,0,rec2018-01-23_11h02m48.266s.wav,Inhale,0.592,2.2800000000000002,1.6880000000000002,0.9522300888883307,0.994050145149231,94,8000,0.16804495453834534,0.2367098033428192,0.05650367960333824,1.0640000104904175,0.39925938844680786,0.037580035626888275,0.17367012798786163,0.054738666862249374,0.6931014060974121,0.07095044106245041,0.4134152829647064,0.0725998803973198
49,0,rec2018-01-23_11h03m04.371s.wav,Inhale,2.224,4.12,1.896,0.9691776516281556,0.9962195754051208,107,8000,0.155763179063797,0.21399377286434174,0.053606629371643066,0.8640000224113464,0.4149389863014221,0.035091765224933624,0.17129778861999512,0.05089626833796501,0.7118894457817078,0.06339924782514572,0.45069795846939087,0.08775369077920914
50,0,rec2018-01-23_11h03m19.651s.wav,Inhale,2.352,3.9600000000000004,1.6080000000000005,0.9298992592297243,0.9888882040977478,89,8000,0.19603411853313446,0.3036039471626282,0.07451382279396057,0.9760000109672546,0.36897557973861694,0.03151019290089607,0.1369987279176712,0.05709896609187126,0.6562886834144592,0.07675350457429886,0.3627760410308838,0.0571150928735733
51,0,rec2018-01-23_11h03m36.803s.wav,Inhale,1.76,3.2720000000000002,1.5120000000000002,0.9459984482052815,0.9918777346611023,83,8000,0.1667197346687317,0.25438567996025085,0.051336124539375305,0.7200000286102295,0.3857192099094391,0.03991096839308739,0.1497599184513092,0.04786447063088417,0.6889802813529968,0.07160986959934235,0.3719598054885864,0.07492251694202423
52,0,rec2018-01-23_11h03m51.751s.wav,Inhale,1.264,2.8560000000000003,1.5920000000000003,0.9368076222864065,0.9902591109275818,88,8000,0.1538333296775818,0.26937952637672424,0.049693092703819275,0.8399999737739563,0.3923290967941284,0.04841345548629761,0.1671486645936966,0.07739383727312088,0.6687890887260437,0.09463417530059814,0.38703370094299316,0.07524964958429337
53,0,rec2018-01-23_11h04m10.613s.wav,Inhale,1.84,3.4800000000000004,1.6400000000000003,0.9262493089005187,0.9817906618118286,91,8000,0.1626567542552948,0.24401584267616272,0.05369704216718674,1.3919999599456787,0.38775768876075745,0.039869774132966995,0.1724449098110199,0.07038217037916183,0.6658070683479309,0.0848580151796341,0.38818833231925964,0.07646104693412781
54,0,rec2018-01-23_11h04m27.250s.wav,Inhale,1.728,3.7680000000000002,2.04,0.9566051071060115,0.9965539574623108,116,8000,0.15993836522102356,0.2507106065750122,0.06519516557455063,0.656000018119812,0.3924241065979004,0.03868250176310539,0.14737461507320404,0.061686109751462936,0.681976318359375,0.09204202890396118,0.3752155303955078,0.06439425051212311
55,0,rec2018-01-23_11h04m44.325s.wav,Inhale,2.576,4.152,1.576,0.9550986762704521,0.9901424050331116,87,8000,0.14696292579174042,0.24340569972991943,0.04255419597029686,1.0800000429153442,0.4105874300003052,0.041108764708042145,0.17667506635189056,0.06998737901449203,0.6888020634651184,0.0813899114727974,0.4323878288269043,0.10179737210273743
56,0,rec2018-01-23_11h05m01.603s.wav,Inhale,3.184,4.696000000000001,1.5120000000000005,0.9624236075274916,0.9986453652381897,83,8000,0.17087692022323608,0.2710281014442444,0.05552418902516365,0.7519999742507935,0.38383013010025024,0.03857380896806717,0.13873304426670074,0.061181001365184784,0.6782483458518982,0.08690497279167175,0.36467671394348145,0.0634356364607811
57,0,rec2018-01-23_11h11m07.436s.wav,Inhale,2.2720000000000002,4.024,1.7519999999999998,0.9288572389252332,0.9954887628555298,98,8000,0.19165104627609253,0.28732138872146606,0.07752925902605057,0.6399999856948853,0.3646736741065979,0.030291199684143066,0.14989081025123596,0.04931991547346115,0.6653053760528564,0.06600486487150192,0.3605380058288574,0.06305328011512756
58,0,rec2018-01-23_11h11m22.731s.wav,Inhale,0.9440000000000001,2.536,1.592,0.9682158434932883,0.997381865978241,88,8000,0.16136161983013153,0.2339850813150406,0.04932406544685364,1.2319999933242798,0.3969140648841858,0.02943628840148449,0.16542525589466095,0.05997449904680252,0.6930859088897705,0.050747450441122055,0.4191967844963074,0.08284295350313187
59,0,rec2018-01-23_11h11m37.608s.wav,Inhale,1.232,2.8880000000000003,1.6560000000000004,0.9688568141149438,0.9984365701675415,92,8000,0.1711936891078949,0.2873675227165222,0.061112623661756516,1.3919999599456787,0.3897385001182556,0.04460648447275162,0.1535085290670395,0.049913741648197174,0.685960054397583,0.06797608733177185,0.39959716796875,0.06564986705780029
60,0,rec2018-01-23_11h11m52.435s.wav,Inhale,0.992,2.696,1.7040000000000002,0.953059500769565,0.9926561713218689,95,8000,0.20061689615249634,0.33889129757881165,0.0890936404466629,1.4479999542236328,0.3653141260147095,0.05563502013683319,0.1176515594124794,0.05553225427865982,0.6593896150588989,0.08170367032289505,0.346994549036026,0.04741407558321953
60,1,rec2018-01-23_11h11m52.435s.wav,Inhale,7.44,7.800000000000001,0.3600000000000003,0.6187256845560941,0.6996222734451294,11,8000,0.03623177856206894,0.08808355778455734,0.000683231686707586,0.15199999511241913,0.47081246972084045,0.09756619483232498,0.1162126287817955,0.03634967654943466,0.707880437374115,0.06543462723493576,0.38589078187942505,0.11257093399763107
61,0,rec2018-01-23_11h51m22.121s.wav,Inhale,2.48,4.184,1.7040000000000002,0.9012937037568344,0.9818131327629089,95,8000,0.1916377693414688,0.29386329650878906,0.08009756356477737,1.2000000476837158,0.3633066713809967,0.03848223015666008,0.13872943818569183,0.04380335658788681,0.6652672290802002,0.060956571251153946,0.3582044839859009,0.04724336788058281
61,1,rec2018-01-23_11h51m22.121s.wav,Inhale,4.5920000000000005,4.824,0.23199999999999932,0.6976695656776428,0.7601971626281738,3,8000,0.13544504344463348,0.34374991059303284,0.0067097460851073265,0.04800000041723251,0.3575303256511688,0.041907407343387604,0.13843588531017303,0.06489212065935135,0.633593738079071,0.0656234547495842,0.24248047173023224,0.04544909670948982
62,0,rec2018-01-23_11h51m37.745s.wav,Inhale,0.112,1.4,1.2879999999999998,0.8905125178288722,0.9692549109458923,69,8000,0.19358636438846588,0.30282190442085266,0.06277956813573837,0.5120000243186951,0.35937055945396423,0.043366577476263046,0.14226748049259186,0.06967710703611374,0.6587576866149902,0.07262495160102844,0.3340778052806854,0.060294028371572495
63,0,rec2018-01-23_11h51m52.565s.wav,Inhale,1.952,3.2880000000000003,1.3360000000000003,0.9337632697489526,0.9925874471664429,72,8000,0.1588982492685318,0.2469887137413025,0.04501285031437874,1.0720000267028809,0.3756217956542969,0.04144740104675293,0.1601444035768509,0.07476625591516495,0.667596697807312,0.09158115833997726,0.375456303358078,0.08308064937591553
64,0,rec2018-01-23_11h52m38.758s.wav,Inhale,1.856,3.4160000000000004,1.5600000000000003,0.9404251367546791,0.99112868309021,86,8000,0.1825793981552124,0.2647319436073303,0.062251705676317215,0.35199999809265137,0.37304291129112244,0.03431747108697891,0.1613912433385849,0.05929629132151604,0.6876594424247742,0.0694926306605339,0.3882981836795807,0.084005206823349
65,0,rec2018-01-23_11h52m53.640s.wav,Inhale,1.088,2.552,1.464,0.9516322165727615,0.9958124160766602,80,8000,0.17608126997947693,0.291642963886261,0.058928776532411575,1.159999966621399,0.36340561509132385,0.04249587282538414,0.14549359679222107,0.08799855411052704,0.6574388742446899,0.10424087941646576,0.355351984500885,0.07416437566280365
66,0,rec2018-01-23_11h53m23.410s.wav,Inhale,2.832,4.408,1.5760000000000005,0.9453993021756754,0.9923404455184937,87,8000,0.1916872262954712,0.3065709173679352,0.07221496105194092,1.0800000429153442,0.34792619943618774,0.0339430570602417,0.12377738952636719,0.06329505890607834,0.6288273334503174,0.09501637518405914,0.30999693274497986,0.060692790895700455
67,0,rec2018-01-23_11h53m38.425s.wav,Inhale,1.6640000000000001,3.112,1.448,0.9265407497369791,0.9934797286987305,79,8000,0.19018162786960602,0.30875587463378906,0.06889259815216064,0.9599999785423279,0.3464752435684204,0.03167708218097687,0.09976747632026672,0.049343787133693695,0.618947446346283,0.09615477174520493,0.3126663267612457,0.057430002838373184
68,0,rec2018-01-23_11h53m56.835s.wav,Inhale,0.848,2.4400000000000004,1.5920000000000005,0.9405362558635798,0.9889852404594421,88,8000,0.20706318318843842,0.3124697208404541,0.08134850114583969,0.4560000002384186,0.3540100157260895,0.042414698749780655,0.12035810202360153,0.05864403024315834,0.6456249952316284,0.09730574488639832,0.32661619782447815,0.043949712067842484
69,0,rec2018-01-23_11h56m03.777s.wav,Inhale,2.432,4.008,1.576,0.9122883403438261,0.9848039746284485,87,8000,0.19261807203292847,0.31500503420829773,0.07509055733680725,0.9039999842643738,0.3642078638076782,0.053286854177713394,0.12234221398830414,0.04685081169009209,0.6575126051902771,0.06614422053098679,0.3349855840206146,0.03924139589071274
70,0,rec2018-01-23_11h56m18.749s.wav,Inhale,0.88,2.3120000000000003,1.4320000000000004,0.8469862701036991,0.989016592502594,78,8000,0.23226523399353027,0.3573930263519287,0.09356523305177689,1.1679999828338623,0.34538522362709045,0.04547635838389397,0.1104314997792244,0.03861492499709129,0.6309027671813965,0.05963270366191864,0.3089057207107544,0.03742299601435661
71,0,rec2018-01-23_11h56m33.584s.wav,Inhale,2.096,3.544,1.448,0.8675620548332794,0.9755581021308899,79,8000,0.19219985604286194,0.3015621602535248,0.07024212926626205,0.6639999747276306,0.3546575605869293,0.03605196997523308,0.12468621134757996,0.04996814206242561,0.6422991156578064,0.07129447162151337,0.3197786211967468,0.04256425425410271
72,0,rec2018-01-23_11h57m24.977s.wav,Inhale,2.32,3.8000000000000003,1.4800000000000004,0.9459051033596934,0.9941384196281433,81,8000,0.17898277938365936,0.2802119255065918,0.059445060789585114,0.7839999794960022,0.3830776512622833,0.04108279570937157,0.14527228474617004,0.039513785392045975,0.6979586482048035,0.04277418553829193,0.3714822828769684,0.05152187868952751
73,0,rec2018-01-23_11h57m41.504s.wav,Inhale,2.688,3.9760000000000004,1.2880000000000003,0.9324938508047573,0.9940492510795593,69,8000,0.20014840364456177,0.2894602417945862,0.05974184349179268,0.6000000238418579,0.3819223940372467,0.061221759766340256,0.13099965453147888,0.03473321720957756,0.6760223507881165,0.04471263661980629,0.3618314862251282,0.047640927135944366
74,0,rec2018-01-23_11h57m58.590s.wav,Inhale,3.136,4.728000000000001,1.5920000000000005,0.9602383910254999,0.997657060623169,88,8000,0.1691504418849945,0.2519872486591339,0.055186111479997635,1.343999981880188,0.3967849016189575,0.04669875651597977,0.1570085883140564,0.045030057430267334,0.6892187595367432,0.04049830138683319,0.3779345750808716,0.05504833534359932
75,0,rec2018-01-23_11h58m15.852s.wav,Inhale,2.032,3.592,1.56,0.9516390638295994,0.9963076114654541,86,8000,0.18343709409236908,0.29635709524154663,0.06505648046731949,1.1679999828338623,0.37319013476371765,0.037006180733442307,0.1306108981370926,0.04465297609567642,0.6621492505073547,0.06406542658805847,0.3440639078617096,0.04638224467635155
76,0,rec2018-01-23_11h58m34.582s.wav,Inhale,1.872,3.56,1.688,0.9495278133990916,0.9945313930511475,94,8000,0.18663375079631805,0.29494616389274597,0.07267288118600845,0.6320000290870667,0.37021154165267944,0.042419180274009705,0.1300733983516693,0.04130202531814575,0.6628095507621765,0.04493243992328644,0.33118367195129395,0.03601914271712303
77,0,rec2018-01-23_11h58m49.449s.wav,Inhale,2.464,3.9120000000000004,1.4480000000000004,0.8402588712541681,0.9830061793327332,76,8000,0.19298149645328522,0.28715577721595764,0.06887609511613846,0.7279999852180481,0.3559668958187103,0.035967305302619934,0.11517751216888428,0.04324599355459213,0.6297647953033447,0.07264268398284912,0.3163794279098511,0.04706094413995743
78,0,rec2018-01-23_11h59m04.620s.wav,Inhale,2.848,4.44,1.5920000000000005,0.9387156333435666,0.9975318312644958,88,8000,0.16540983319282532,0.24955619871616364,0.05594399571418762,1.2480000257492065,0.37072423100471497,0.04126206785440445,0.14631770551204681,0.08354715257883072,0.6525781154632568,0.11456415802240372,0.34684813022613525,0.07068502902984619
78,1,rec2018-01-23_11h59m04.620s.wav,Inhale,5.056,5.304,0.24800000000000022,0.5993275940418243,0.6451959013938904,4,8000,0.035017091780900955,0.03807457163929939,0.00030634825816378,0.08799999952316284,0.3732602000236511,0.015972882509231567,0.056510135531425476,0.024297522380948067,0.62255859375,0.03391006961464882,0.238983154296875,0.04750777408480644
79,0,rec2018-01-23_12h02m44.138s.wav,Inhale,2.48,3.9760000000000004,1.4960000000000004,0.9422488256198603,0.9894420504570007,82,8000,0.17577166855335236,0.2880535125732422,0.06061781197786331,1.0080000162124634,0.37665557861328125,0.04081553965806961,0.16029103100299835,0.058954622596502304,0.6852560043334961,0.06487671285867691,0.3723975718021393,0.06087993085384369
80,0,rec2018-01-23_12h03m01.599s.wav,Inhale,1.84,3.16,1.32,0.8929287111255485,0.9818534255027771,71,8000,0.1837848424911499,0.26700741052627563,0.05362338945269585,0.7839999794960022,0.38132989406585693,0.03665643185377121,0.1591966301202774,0.038851842284202576,0.6826995611190796,0.03278495371341705,0.3808329105377197,0.0530482642352581
81,0,rec2018-01-23_12h03m19.922s.wav,Inhale,2.48,3.9760000000000004,1.4960000000000004,0.9167577093694268,0.9941858053207397,82,8000,0.19315007328987122,0.28485772013664246,0.06611134111881256,0.671999990940094,0.3745822012424469,0.037343308329582214,0.14968208968639374,0.03956029191613197,0.6736618876457214,0.052063412964344025,0.35326889157295227,0.04636414349079132
82,0,rec2018-01-23_12h03m36.988s.wav,Inhale,2.608,4.008,1.4,0.8953363126830051,0.9752678275108337,76,8000,0.18662770092487335,0.2755170464515686,0.06198013201355934,0.4880000054836273,0.3782625198364258,0.06316061317920685,0.14435896277427673,0.062168195843696594,0.6706764698028564,0.06197863072156906,0.3390863537788391,0.03625175356864929
83,0,rec2018-01-23_12h03m52.821s.wav,Inhale,2.352,3.8480000000000003,1.4960000000000004,0.9374690070384886,0.9953920245170593,82,8000,0.18185187876224518,0.3060090243816376,0.06522885710000992,0.8240000009536743,0.3751016855239868,0.048540495336055756,0.11872031539678574,0.04285956174135208,0.6696310043334961,0.06544966250658035,0.3480510413646698,0.04970141872763634
84,0,rec2018-01-23_12h04m16.860s.wav,Inhale,2.336,3.8000000000000003,1.4640000000000004,0.9289853282272815,0.9812612533569336,80,8000,0.20087751746177673,0.31045079231262207,0.07475738227367401,0.6000000238418579,0.34526845812797546,0.030423758551478386,0.10413892567157745,0.04875795170664787,0.63234543800354,0.08487005531787872,0.28653353452682495,0.040003951638936996
85,0,rec2018-01-23_12h04m31.917s.wav,Inhale,2.4,3.9920000000000004,1.5920000000000005,0.9388013536279852,0.9887307286262512,88,8000,0.17421554028987885,0.2907383441925049,0.06278939545154572,1.1440000534057617,0.36208871006965637,0.04013008251786232,0.13079112768173218,0.06699242442846298,0.6493750214576721,0.10603885352611542,0.3444897532463074,0.06988582015037537
86,0,rec2018-01-23_12h04m50.656s.wav,Inhale,1.968,3.4480000000000004,1.4800000000000004,0.9346277110370589,0.9929168224334717,81,8000,0.18384774029254913,0.27575379610061646,0.05910954251885414,0.9599999785423279,0.37156760692596436,0.027156716212630272,0.14319752156734467,0.04690580442547798,0.6656585931777954,0.06341276317834854,0.34769824147224426,0.060250040143728256
87,0,rec2018-01-23_12h05m05.795s.wav,Inhale,2.4,3.8320000000000003,1.4320000000000004,0.9345254110984313,0.9913212060928345,78,8000,0.1854393035173416,0.3352140784263611,0.06462359428405762,1.128000020980835,0.3502099812030792,0.04361370950937271,0.11703744530677795,0.056943248957395554,0.6236110925674438,0.10145946592092514,0.3144368529319763,0.05865637585520744
88,0,rec2018-01-23_12h37m08.326s.wav,Inhale,2.368,3.7840000000000003,1.4160000000000004,0.8749033971266313,0.9884757995605469,77,8000,0.20281095802783966,0.29248180985450745,0.06880975514650345,1.0880000591278076,0.3738905191421509,0.053365111351013184,0.14582334458827972,0.04153285175561905,0.6849982738494873,0.04968997836112976,0.3640712797641754,0.055316012352705
89,0,rec2018-01-23_12h37m25.023s.wav,Inhale,0.672,2.2800000000000002,1.608,0.9324734023447787,0.9932311773300171,89,8000,0.1749548465013504,0.2699476480484009,0.060957420617341995,0.8080000281333923,0.3815261423587799,0.03964976221323013,0.1522786021232605,0.07004977017641068,0.6905553936958313,0.08369331061840057,0.39510655403137207,0.07548988610506058
90,0,rec2018-01-23_12h37m39.981s.wav,Inhale,1.2,2.664,1.4640000000000002,0.9210524022579193,0.9882259964942932,80,8000,0.18490657210350037,0.3161102831363678,0.0662105530500412,1.0479999780654907,0.354282408952713,0.041950128972530365,0.11415574699640274,0.05178896337747574,0.642960250377655,0.09435760229825974,0.35301142930984497,0.08057989925146103
91,0,rec2018-01-23_12h37m54.913s.wav,Inhale,2.16,3.624,1.464,0.9554701246321201,0.9967730045318604,80,8000,0.16714011132717133,0.30156147480010986,0.05499664321541786,1.0640000104904175,0.3688550293445587,0.03756844252347946,0.12523259222507477,0.07052422314882278,0.65769362449646,0.0862874984741211,0.3508274257183075,0.0720355361700058
92,0,rec2018-01-23_12h38m10.740s.wav,Inhale,0.928,2.4240000000000004,1.4960000000000004,0.8924845798713404,0.9876483678817749,82,8000,0.16424912214279175,0.29961347579956055,0.05430353805422783,0.5440000295639038,0.3819675147533417,0.048548825085163116,0.15666158497333527,0.06900136172771454,0.6700881123542786,0.08750453591346741,0.3834981620311737,0.06713684648275375
93,0,rec2018-01-23_12h39m14.259s.wav,Inhale,2.16,3.624,1.464,0.887351430207491,0.980884850025177,80,8000,0.17341893911361694,0.287723571062088,0.05705967918038368,0.6800000071525574,0.3763419985771179,0.04267304018139839,0.1434495896100998,0.06892038881778717,0.65964674949646,0.08244512975215912,0.36324408650398254,0.058738186955451965
94,0,rec2018-01-23_12h39m29.011s.wav,Inhale,1.1520000000000001,2.8720000000000003,1.7200000000000002,0.9634817602733771,0.9950001239776611,96,8000,0.1622404307126999,0.28722596168518066,0.05950125306844711,1.4079999923706055,0.3801063001155853,0.03721880912780762,0.14344856142997742,0.0757451206445694,0.6716217994689941,0.09884515404701233,0.36798548698425293,0.08125156909227371
95,0,rec2018-01-23_12h39m44.218s.wav,Inhale,0.4,2.024,1.624,0.9385259674655066,0.9893407821655273,90,8000,0.17285887897014618,0.3011140525341034,0.06435152888298035,1.3519999980926514,0.3726613521575928,0.039802778512239456,0.13094955682754517,0.06985050439834595,0.665287971496582,0.09448589384555817,0.3688150942325592,0.0718846395611763
96,0,rec2018-01-23_12h39m59.067s.wav,Inhale,0.784,2.648,1.864,0.9427090971242814,0.9943709969520569,105,8000,0.18378782272338867,0.2748033106327057,0.07743307948112488,0.5519999861717224,0.36809659004211426,0.03462791070342064,0.11092726141214371,0.04782796651124954,0.6743789911270142,0.09691150486469269,0.33914679288864136,0.046062275767326355
97,0,rec2018-01-23_12h40m15.223s.wav,Inhale,1.456,3.064,1.608,0.9483071056644569,0.9950064420700073,89,8000,0.1656235307455063,0.281709223985672,0.0584646612405777,0.5680000185966492,0.37914034724235535,0.042553119361400604,0.15496432781219482,0.08634205162525177,0.6825881600379944,0.098740354180336,0.3810116648674011,0.07799391448497772
98,0,rec2018-01-23_12h40m30.209s.wav,Inhale,2.208,3.7840000000000003,1.576,0.9393412326944286,0.9944398403167725,87,8000,0.1866322159767151,0.29986491799354553,0.06935065984725952,0.656000018119812,0.3647538721561432,0.03308911249041557,0.11018716543912888,0.04979605972766876,0.6674952507019043,0.08756981790065765,0.333466500043869,0.05734974518418312
99,0,rec2018-01-23_12h40m47.865s.wav,Inhale,2.144,3.8480000000000003,1.7040000000000002,0.9454400959767794,0.9897132515907288,95,8000,0.1886010617017746,0.31227925419807434,0.07833030819892883,0.656000018119812,0.3593094050884247,0.04021574184298515,0.11447174847126007,0.05083533003926277,0.6496057510375977,0.09317510575056076,0.3300895392894745,0.04920418933033943
100,0,rec2018-01-23_12h41m04.075s.wav,Inhale,1.248,3.5280000000000005,2.2800000000000002,0.9649545290997921,0.9958608746528625,131,8000,0.1788325309753418,0.265622615814209,0.0867556557059288,0.5199999809265137,0.3860657811164856,0.03684013709425926,0.1326104998588562,0.06969963014125824,0.6921437978744507,0.08483146131038666,0.3759031593799591,0.06046398729085922
101,0,rec2018-01-23_12h41m19.889s.wav,Inhale,2.464,4.5840000000000005,2.1200000000000006,0.9748946044070661,0.9991425275802612,121,8000,0.14496351778507233,0.23364590108394623,0.05438625067472458,1.6080000400543213,0.41808298230171204,0.04511549323797226,0.17288760840892792,0.07390125840902328,0.7036536931991577,0.08004108816385269,0.4187066853046417,0.08641929924488068
102,0,rec2018-01-23_12h41m54.714s.wav,Inhale,2.368,4.056,1.6880000000000002,0.9606764050240212,0.9960368871688843,94,8000,0.17624926567077637,0.2778591513633728,0.06276078522205353,1.2079999446868896,0.3809623122215271,0.03771724924445152,0.1576903760433197,0.05590816214680672,0.6855837106704712,0.07242479920387268,0.37471669912338257,0.07556459307670593
103,0,rec2018-01-23_12h42m11.121s.wav,Inhale,2.336,3.9280000000000004,1.5920000000000005,0.8885744843970645,0.9923640489578247,88,8000,0.18688419461250305,0.28324830532073975,0.07130137830972672,1.1519999504089355,0.37425315380096436,0.05626106634736061,0.12436976283788681,0.04495620355010033,0.6673828363418579,0.057624466717243195,0.33869630098342896,0.042620204389095306
104,0,rec2018-01-23_12h50m45.316s.wav,Inhale,3.856,5.128,1.2720000000000002,0.9612671373521581,0.9981715083122253,68,8000,0.171197772026062,0.22987844049930573,0.041429102420806885,1.0399999618530273,0.38320302963256836,0.02194862999022007,0.0840914398431778,0.047266885638237,0.639599621295929,0.05758984759449959,0.33735352754592896,0.04345206543803215
105,0,rec2018-01-23_12h51m39.774s.wav,Inhale,3.056,3.608,0.552,0.9254792099413665,0.9958845376968384,23,8000,0.15682776272296906,0.23821912705898285,0.014259032905101776,0.20000000298023224,0.3853563368320465,0.021732104942202568,0.048527467995882034,0.02049848437309265,0.6625000238418579,0.03260457143187523,0.3034946918487549,0.05696158856153488
105,1,rec2018-01-23_12h51m39.774s.wav,Inhale,4.208,4.488,0.28000000000000025,0.6752308706442515,0.807569146156311,6,8000,0.07871545851230621,0.342098206281662,0.004921423736959696,0.00800000037997961,0.3658991754055023,0.03933322802186012,0.0961526483297348,0.05519930273294449,0.6681857705116272,0.04821177199482918,0.2390272319316864,0.05147315561771393
106,0,rec2018-01-23_12h52m08.363s.wav,Inhale,2.432,3.208,0.7760000000000002,0.8902927128707662,0.9959061741828918,34,8000,0.1692865639925003,0.22127878665924072,0.024189678952097893,0.04800000041723251,0.33501124382019043,0.01929681934416294,0.052479423582553864,0.02032632566988468,0.5002391338348389,0.06317845731973648,0.2617337107658386,0.044833917170763016
106,1,rec2018-01-23_12h52m08.363s.wav,Inhale,3.7600000000000002,4.248,0.488,0.6223810315132141,0.7070614099502563,19,8000,0.15112145245075226,0.2313223034143448,0.012707292102277279,0.47999998927116394,0.3549921214580536,0.026188651099801064,0.0831386148929596,0.04360870644450188,0.5541834831237793,0.08421185612678528,0.2813838720321655,0.061654817312955856
106,2,rec2018-01-23_12h52m08.363s.wav,Inhale,4.32,4.680000000000001,0.3600000000000003,0.6277933120727539,0.7131069898605347,11,8000,0.2068280577659607,0.26595669984817505,0.01606261543929577,0.3440000116825104,0.33160144090652466,0.010238339193165302,0.08162610977888107,0.014901974238455296,0.49116846919059753,0.041487522423267365,0.256952702999115,0.054545361548662186
106,3,rec2018-01-23_12h52m08.363s.wav,Inhale,8.368,8.808,0.4399999999999995,0.8870213329792023,0.9880501627922058,16,8000,0.08099877089262009,0.16247490048408508,0.004046435002237558,0.25600001215934753,0.37483999133110046,0.050101518630981445,0.05450815334916115,0.04047180339694023,0.5210658311843872,0.120171457529068,0.3135986328125,0.06098032370209694
106,4,rec2018-01-23_12h52m08.363s.wav,Inhale,8.928,10.088,1.1599999999999984,0.8298420642243057,0.9472222328186035,61,8000,0.0747804120182991,0.11562728136777878,0.007283634506165981,0.5040000081062317,0.3275027871131897,0.0188568364828825,0.017114583402872086,0.011440565809607506,0.40271833539009094,0.02414185367524624,0.30842652916908264,0.04365964233875275
107,0,rec2018-01-23_12h52m40.101s.wav,Inhale,2.496,3.4320000000000004,0.9360000000000004,0.6813785433769226,0.8734583258628845,47,8000,0.24086803197860718,0.6237009167671204,0.07425110787153244,0.5759999752044678,0.3517332673072815,0.051503829658031464,0.14023958146572113,0.06993790715932846,0.6326138973236084,0.06421010196208954,0.2801244556903839,0.07246820628643036
107,1,rec2018-01-23_12h52m40.101s.wav,Inhale,7.376,9.288,1.912,0.8573407289687167,0.9881449937820435,89,8000,0.11549211293458939,0.21646131575107574,0.029002929106354713,0.2720000147819519,0.3626064956188202,0.04012002423405647,0.033816076815128326,0.01790686510503292,0.46057942509651184,0.0807666927576065,0.32964274287223816,0.03514883294701576
108,0,rec2018-01-23_12h53m35.233s.wav,Inhale,2.576,3.4000000000000004,0.8240000000000003,0.7225180566310883,0.8275473117828369,40,8000,0.21536779403686523,0.2698827087879181,0.03869836404919624,0.4320000112056732,0.3454110026359558,0.020019832998514175,0.1360546052455902,0.029834331944584846,0.5896183848381042,0.061429351568222046,0.3016498386859894,0.055745381861925125
109,0,rec2018-01-23_12h54m08.620s.wav,Inhale,2.16,3.4640000000000004,1.3040000000000003,0.7273056383643831,0.8515730500221252,70,8000,0.1544036567211151,0.25425636768341064,0.040127549320459366,1.1039999723434448,0.3801695704460144,0.04599153622984886,0.15391187369823456,0.0632912740111351,0.6293349862098694,0.08263583481311798,0.35545089840888977,0.04552372545003891
109,1,rec2018-01-23_12h54m08.620s.wav,Inhale,3.8080000000000003,4.008,0.19999999999999973,0.4526659846305847,0.4526659846305847,1,8000,0.03286776319146156,0.0919627994298935,0.0004177052469458431,0.0,0.3662726581096649,0.036300335079431534,0.09248721599578857,0.047964729368686676,0.6706730723381042,0.046305250376462936,0.22404597699642181,0.03121291473507881
110,0,rec2018-01-23_12h54m28.485s.wav,Inhale,3.856,4.2,0.3440000000000003,0.6213038086891174,0.6638578176498413,10,8000,0.15573924779891968,0.20599365234375,0.00898582860827446,0.03999999910593033,0.37087714672088623,0.024676796048879623,0.14019881188869476,0.03889218345284462,0.6452414989471436,0.04305962845683098,0.2844127416610718,0.06582850962877274
110,1,rec2018-01-23_12h54m28.485s.wav,Inhale,4.368,4.5680000000000005,0.20000000000000018,0.5637931823730469,0.5637931823730469,1,8000,0.14153209328651428,0.2534331679344177,0.004362824838608503,0.19200000166893005,0.3820587992668152,0.04896579682826996,0.17373697459697723,0.04381364583969116,0.6607571840286255,0.06482937932014465,0.2691181004047394,0.037213679403066635
111,0,rec2018-01-23_12h55m02.432s.wav,Inhale,2.832,3.8800000000000003,1.0480000000000005,0.7083445621861352,0.8272913098335266,54,8000,0.18146978318691254,0.24484989047050476,0.03824613243341446,0.800000011920929,0.3750211000442505,0.029148170724511147,0.1522786170244217,0.05609802529215813,0.6136955618858337,0.07137192785739899,0.3643392026424408,0.062883161008358
112,0,rec2018-01-23_12h55m27.681s.wav,Inhale,2.512,3.7520000000000002,1.2400000000000002,0.8192505592649634,0.9649561643600464,66,8000,0.15124793350696564,0.22457566857337952,0.034379564225673676,0.9359999895095825,0.3698916733264923,0.03410173952579498,0.1400037407875061,0.06739834696054459,0.6223457455635071,0.07692129909992218,0.3436310589313507,0.053247787058353424
113,0,rec2018-01-23_12h55m53.736s.wav,Inhale,2.8000000000000003,3.7840000000000003,0.984,0.8149808287620545,0.9634442329406738,50,8000,0.19388140738010406,0.28321966528892517,0.04218782112002373,0.4399999976158142,0.3613172769546509,0.03508581593632698,0.16043774783611298,0.056122612208127975,0.6217867732048035,0.07459259033203125,0.34471869468688965,0.06351514160633087
113,1,rec2018-01-23_12h55m53.736s.wav,Inhale,6.640000000000001,6.872,0.23199999999999932,0.5414541363716125,0.568024754524231,3,8000,0.04707253724336624,0.1395925134420395,0.00095415732357651,0.19200000166893005,0.38850417733192444,0.06715423613786697,0.16204550862312317,0.16341322660446167,0.609375,0.13557182252407074,0.2394205778837204,0.04499935731291771
114,0,rec2018-01-23_12h56m34.401s.wav,Inhale,2.56,3.64,1.08,0.7597423781241689,0.909453809261322,56,8000,0.19191572070121765,0.32612136006355286,0.04862094670534134,0.7760000228881836,0.3495604693889618,0.03709246590733528,0.14971989393234253,0.06220821291208267,0.6096047759056091,0.06660155206918716,0.3185065686702728,0.06118829548358917
115,0,rec2018-01-23_12h57m02.652s.wav,Inhale,2.816,3.8320000000000003,1.0160000000000005,0.6747571318707568,0.7717178463935852,47,8000,0.19120889902114868,0.2586069405078888,0.04095086827874184,0.7760000228881836,0.37435656785964966,0.027780229225754738,0.17075367271900177,0.0528053380548954,0.63604736328125,0.056871894747018814,0.3564720153808594,0.05824558064341545
116,0,rec2018-01-23_12h57m37.371s.wav,Inhale,2.848,4.04,1.1920000000000002,0.7312926328371442,0.9459020495414734,63,8000,0.21539296209812164,0.3077162504196167,0.06516668945550919,0.3840000033378601,0.3389017581939697,0.042178649455308914,0.1323072910308838,0.05003274977207184,0.5763541460037231,0.07135310024023056,0.31668946146965027,0.049032263457775116
119,0,rec2018-02-01_17h36m45.706s.wav,Inhale,2.592,4.072,1.48,0.884433458984634,0.9812636971473694,81,8000,0.17061278223991394,0.25956499576568604,0.05574709177017212,1.0160000324249268,0.38742077350616455,0.0674273818731308,0.1356545388698578,0.05151139199733734,0.6683048009872437,0.0921545997262001,0.37848883867263794,0.04485861212015152
120,0,rec2018-02-01_17h40m59.475s.wav,Inhale,3.136,4.6000000000000005,1.4640000000000004,0.8752980679273605,0.9554101228713989,80,8000,0.17919127643108368,0.2706754207611084,0.06013200432062149,1.2400000095367432,0.3614861071109772,0.028486715629696846,0.15349137783050537,0.06461980938911438,0.6474184989929199,0.09199786931276321,0.369384765625,0.06997500360012054
133,0,rec2018-02-02_00h11m42.617s.wav,Inhale,1.92,3.4640000000000004,1.5440000000000005,0.855046564691207,0.9820212125778198,85,8000,0.18046212196350098,0.2841530740261078,0.06275075674057007,0.328000009059906,0.3601521849632263,0.03870420902967453,0.13477058708667755,0.05847582221031189,0.6343024969100952,0.10661610215902328,0.34130859375,0.07227521389722824
135,0,rec2018-02-02_00h27m33.111s.wav,Inhale,2.192,4.008,1.8159999999999998,0.9137525523410124,0.9929176568984985,102,8000,0.18160802125930786,0.26481860876083374,0.07077343761920929,0.9760000109672546,0.38449838757514954,0.050182078033685684,0.1263759583234787,0.05083753168582916,0.6626233458518982,0.08885090798139572,0.37012147903442383,0.05329304561018944
136,0,rec2018-02-02_00h33m01.131s.wav,Inhale,4.24,4.488,0.24800000000000022,0.609777107834816,0.6633768081665039,4,8000,0.2240678071975708,0.2540467381477356,0.012386872433125973,0.03999999910593033,0.3484507203102112,0.01763385720551014,0.17082592844963074,0.041208505630493164,0.620849609375,0.028302418068051338,0.2176513671875,0.04341946914792061
136,1,rec2018-02-02_00h33m01.131s.wav,Inhale,4.5280000000000005,5.352,0.8239999999999998,0.6225966502880228,0.7970605492591858,29,8000,0.22218574583530426,0.2837049663066864,0.04484960809350014,0.7440000176429749,0.32651564478874207,0.05470336601138115,0.15422722697257996,0.15122775733470917,0.5621243715286255,0.09711012989282608,0.2701416015625,0.04733702912926674
138,0,rec2018-02-02_00h39m43.100s.wav,Inhale,2.048,3.048,1.0,0.6794351596458286,0.8211485743522644,51,8000,0.21296077966690063,0.29674357175827026,0.05038481950759888,0.42399999499320984,0.3530270755290985,0.02779490314424038,0.12683473527431488,0.04976903274655342,0.6176215410232544,0.08950643986463547,0.3242032527923584,0.05712420120835304
138,1,rec2018-02-02_00h39m43.100s.wav,Inhale,3.072,3.3840000000000003,0.3120000000000003,0.5544548204966954,0.6020506620407104,7,8000,0.11407415568828583,0.24952705204486847,0.008485675789415836,0.04800000041723251,0.3455502986907959,0.017149804159998894,0.09268034994602203,0.051693420857191086,0.5619140863418579,0.09114859998226166,0.22772216796875,0.05334745720028877
143,0,rec2018-02-02_01h32m24.455s.wav,Inhale,2.816,3.4000000000000004,0.5840000000000005,0.6513926699047997,0.7801125049591064,21,8000,0.19356168806552887,0.27901512384414673,0.02342338114976883,0.5040000081062317,0.3527006506919861,0.021201761439442635,0.13615378737449646,0.058858808130025864,0.6419974565505981,0.06125176325440407,0.2722233831882477,0.057261183857917786
143,1,rec2018-02-02_01h32m24.455s.wav,Inhale,3.6,4.072,0.472,0.7521946132183075,0.8961023092269897,18,8000,0.15267284214496613,0.2321072816848755,0.01482180505990982,0.1120000034570694,0.395516961812973,0.06927268952131271,0.1517665833234787,0.06193127855658531,0.6506510376930237,0.07121943682432175,0.3091064393520355,0.0529857873916626
144,0,rec2018-02-02_01h34m08.386s.wav,Inhale,7.472,8.632,1.1599999999999993,0.8434036022326985,0.9785067439079285,61,8000,0.1764698177576065,0.2678537666797638,0.042491648346185684,0.984000027179718,0.3876652717590332,0.03945179656147957,0.15883420407772064,0.05295124277472496,0.6872324347496033,0.06000486761331558,0.3843141198158264,0.07864014059305191
145,0,rec2018-02-02_01h35m12.866s.wav,Inhale,4.272,5.752000000000001,1.4800000000000004,0.7846499710907171,0.91279536485672,81,8000,0.18359100818634033,0.27520036697387695,0.06244482472538948,0.37599998712539673,0.36539244651794434,0.03522859886288643,0.1424168199300766,0.06463003903627396,0.6424311399459839,0.09904847294092178,0.35345786809921265,0.056969258934259415
146,0,rec2018-02-02_01h36m19.632s.wav,Inhale,3.7600000000000002,5.32,1.56,0.8015075873496921,0.985145628452301,86,8000,0.17567238211631775,0.25391069054603577,0.059334661811590195,1.3359999656677246,0.3725821077823639,0.03918936103582382,0.16296444833278656,0.06974794715642929,0.6598772406578064,0.09303770959377289,0.36377203464508057,0.07321111857891083
147,0,rec2018-02-02_01h40m26.773s.wav,Inhale,4.352,5.16,0.8079999999999998,0.6570700742304325,0.803968071937561,32,8000,0.1779363453388214,0.2589654326438904,0.03049909509718418,0.3840000033378601,0.33297404646873474,0.01990753784775734,0.14208249747753143,0.05802071467041969,0.5724571347236633,0.07406869530677795,0.27397844195365906,0.04804966598749161
148,0,rec2018-02-02_01h58m20.818s.wav,Inhale,2.7680000000000002,3.4480000000000004,0.6800000000000002,0.6014097113358347,0.7265216112136841,19,8000,0.24089139699935913,0.2859634459018707,0.04093832150101662,0.15199999511241913,0.34085530042648315,0.01320614106953144,0.12520775198936462,0.03364965692162514,0.5758539438247681,0.057420630007982254,0.285809189081192,0.04917192459106445
149,0,rec2018-02-02_01h58m59.251s.wav,Inhale,2.8000000000000003,4.184,1.384,0.8319357220331828,0.9508000016212463,75,8000,0.18517033755779266,0.2665577828884125,0.05821910873055458,0.6880000233650208,0.3779509663581848,0.040852151811122894,0.15259984135627747,0.05967147648334503,0.6516702771186829,0.07548104971647263,0.3575116693973541,0.055293891578912735
150,0,rec2018-02-02_02h09m32.913s.wav,Inhale,3.376,4.472,1.0960000000000005,0.7479002350255063,0.9381119012832642,57,8000,0.20750658214092255,0.2761027216911316,0.056963350623846054,0.7200000286102295,0.35163143277168274,0.02558821439743042,0.11670107394456863,0.05024512857198715,0.5771625638008118,0.07281825691461563,0.31470787525177,0.045426785945892334
151,0,rec2018-02-02_10h27m54.823s.wav,Inhale,2.24,2.8080000000000003,0.5680000000000001,0.6111863187768243,0.7661343812942505,22,8000,0.15227238833904266,0.278564453125,0.018847407773137093,0.5680000185966492,0.34416621923446655,0.031691472977399826,0.09909611940383911,0.0631609633564949,0.5670573115348816,0.11468501389026642,0.2902086079120636,0.06292521953582764
151,1,rec2018-02-02_10h27m54.823s.wav,Inhale,2.928,3.576,0.6480000000000001,0.649980923959187,0.7925899624824524,28,8000,0.2441583126783371,0.26927435398101807,0.03874356672167778,0.4959999918937683,0.35755622386932373,0.015380282886326313,0.1352137178182602,0.025790521875023842,0.6284298896789551,0.04894285276532173,0.3099454641342163,0.05457090213894844
151,2,rec2018-02-02_10h27m54.823s.wav,Inhale,3.616,4.216,0.6000000000000001,0.7523928142729259,0.9518367648124695,21,8000,0.1515534371137619,0.24993211030960083,0.02022283524274826,0.1599999964237213,0.3704373836517334,0.024208825081586838,0.09224328398704529,0.045835938304662704,0.6403166055679321,0.0646405816078186,0.28765547275543213,0.0675748661160469
151,3,rec2018-02-02_10h27m54.823s.wav,Inhale,4.848,5.192,0.3440000000000003,0.6201128032472398,0.811919629573822,9,8000,0.1935267150402069,0.2952216565608978,0.0162966288626194,0.2160000056028366,0.3670746684074402,0.05425950512290001,0.12887635827064514,0.04443969205021858,0.5919744372367859,0.1034819632768631,0.3132435083389282,0.06533251702785492
152,0,rec2018-02-02_10h29m51.284s.wav,Inhale,2.56,4.5360000000000005,1.9760000000000004,0.8965559463415828,0.9879096746444702,112,8000,0.1864069402217865,0.2782740890979767,0.08680913597345352,1.0720000267028809,0.35375887155532837,0.03348543494939804,0.12599889934062958,0.0790119618177414,0.6101625561714172,0.10208515077829361,0.32020026445388794,0.045701753348112106
153,0,rec2018-02-02_10h46m42.260s.wav,Inhale,2.576,4.168,1.592,0.8354722796515985,0.9664812088012695,88,8000,0.2095269411802292,0.3079480528831482,0.08829866349697113,0.4480000138282776,0.34088805317878723,0.04282718151807785,0.11573855578899384,0.046300940215587616,0.6080859303474426,0.10001152753829956,0.3117138743400574,0.04762914776802063
154,0,rec2018-02-02_10h48m38.792s.wav,Inhale,2.864,4.760000000000001,1.8960000000000008,0.7457035189477083,0.8989319205284119,107,8000,0.20965659618377686,0.2984742820262909,0.09959825873374939,0.37599998712539673,0.36031463742256165,0.040934231132268906,0.12380007654428482,0.05001474916934967,0.6418067216873169,0.0808044895529747,0.3324025869369507,0.03813904896378517
155,0,rec2018-02-02_10h57m01.870s.wav,Inhale,2.832,4.760000000000001,1.9280000000000008,0.9071378724290691,0.9885618686676025,109,8000,0.19767631590366364,0.31043457984924316,0.09400009363889694,1.0399999618530273,0.3502683937549591,0.046630579978227615,0.11370375007390976,0.04869433119893074,0.62470942735672,0.1052606999874115,0.3222333490848541,0.04671550914645195
156,0,rec2018-02-02_10h58m28.930s.wav,Inhale,2.528,4.6000000000000005,2.0720000000000005,0.9044361432730141,0.9941935539245605,118,8000,0.1767810583114624,0.27009955048561096,0.07983926683664322,1.2960000038146973,0.37063419818878174,0.0401938371360302,0.10667628049850464,0.05143212899565697,0.6472055315971375,0.09676702320575714,0.3242938816547394,0.04510859400033951
157,0,rec2018-02-02_10h59m19.989s.wav,Inhale,2.4,4.04,1.6400000000000001,0.8993932532740163,0.9893682599067688,91,8000,0.19547301530838013,0.29470399022102356,0.07710615545511246,1.3279999494552612,0.35852083563804626,0.03493594005703926,0.12998273968696594,0.06961532682180405,0.6480962038040161,0.07802747935056686,0.3145621716976166,0.05160877853631973
158,0,rec2018-02-02_11h00m10.171s.wav,Inhale,3.616,5.144,1.528,0.8245993781657446,0.9717761278152466,84,8000,0.16940630972385406,0.25321903824806213,0.05318938568234444,0.527999997138977,0.37485894560813904,0.027935344725847244,0.11999532580375671,0.050691477954387665,0.6559244990348816,0.05541412904858589,0.32776132225990295,0.04995065927505493
159,0,rec2018-02-02_11h00m59.338s.wav,Inhale,2.72,4.36,1.6400000000000001,0.8713628723380271,0.9885028600692749,89,8000,0.15516319870948792,0.2455785721540451,0.05140528082847595,1.2400000095367432,0.3766416609287262,0.04096394404768944,0.11075958609580994,0.05353638529777527,0.6444933414459229,0.09771386533975601,0.33451059460639954,0.0517524778842926
160,0,rec2018-02-02_11h01m45.212s.wav,Inhale,3.184,4.728000000000001,1.5440000000000005,0.884332635122187,0.9762850403785706,85,8000,0.19053807854652405,0.25879862904548645,0.06559005379676819,1.1360000371932983,0.3684057295322418,0.018651533871889114,0.1290062814950943,0.04319613799452782,0.6498872637748718,0.05676323175430298,0.33177703619003296,0.04352686181664467
169,0,rec2018-02-05_10h37m14.374s.wav,Inhale,1.184,2.4080000000000004,1.2240000000000004,0.7694828528624315,0.9482353329658508,65,8000,0.171697735786438,0.2548789978027344,0.040585845708847046,1.1519999504089355,0.3932039439678192,0.06721467524766922,0.168420672416687,0.06852749735116959,0.6510247588157654,0.1013009175658226,0.3860148787498474,0.08483535051345825
170,0,rec2018-02-05_10h38m19.385s.wav,Inhale,1.344,2.232,0.8880000000000001,0.6960483545606787,0.8442990183830261,44,8000,0.2285912036895752,0.3730272650718689,0.051071394234895706,0.6159999966621399,0.33544284105300903,0.03008265607059002,0.12629780173301697,0.04646528139710426,0.5576869249343872,0.0626501813530922,0.310821533203125,0.055378369987010956
171,0,rec2018-02-05_10h39m00.035s.wav,Inhale,1.6480000000000001,2.52,0.8719999999999999,0.6643615267997565,0.779333770275116,43,8000,0.1633976697921753,0.23978620767593384,0.02773977257311344,0.4399999976158142,0.37672701478004456,0.0483572892844677,0.19132645428180695,0.07225608080625534,0.6462358236312866,0.05894668400287628,0.35695135593414307,0.06867958605289459
173,0,rec2018-02-05_10h41m21.507s.wav,Inhale,1.3920000000000001,2.744,1.352,0.7054648546323384,0.8236403465270996,73,8000,0.17831121385097504,0.3659839928150177,0.05813933536410332,0.6880000233650208,0.347862184047699,0.04545486345887184,0.13298283517360687,0.09485708922147751,0.5619944930076599,0.10478534549474716,0.313192218542099,0.05475231260061264
174,0,rec2018-02-05_10h42m50.893s.wav,Inhale,2.2720000000000002,3.4640000000000004,1.1920000000000002,0.7277269675618127,0.8366424441337585,63,8000,0.19233283400535583,0.2540351450443268,0.04716432839632034,0.9599999785423279,0.36966314911842346,0.021072130650281906,0.17162595689296722,0.04888533055782318,0.6520833373069763,0.0483337827026844,0.33808594942092896,0.047500673681497574
175,0,rec2018-02-05_10h43m40.571s.wav,Inhale,2.912,4.136,1.2240000000000002,0.735396799674401,0.9602036476135254,65,8000,0.2106347233057022,0.42886611819267273,0.07171445339918137,0.6320000290870667,0.34600830078125,0.06301767379045486,0.1273278146982193,0.10704420506954193,0.5799005627632141,0.0973280742764473,0.29034343361854553,0.0572868175804615
176,0,rec2018-02-05_10h44m37.655s.wav,Inhale,3.008,4.376,1.3680000000000003,0.6891214513417446,0.8527262210845947,66,8000,0.23663429915905,0.6976654529571533,0.10873858630657196,0.36000001430511475,0.33833542466163635,0.049579475075006485,0.10771428793668747,0.06112929433584213,0.6167787313461304,0.07176246494054794,0.2687278687953949,0.07658224552869797
177,0,rec2018-02-05_10h45m35.939s.wav,Inhale,2.624,3.544,0.9199999999999999,0.575786864316022,0.6716818809509277,27,8000,0.19907735288143158,0.5495776534080505,0.04932300001382828,0.6480000019073486,0.38285815715789795,0.06186317652463913,0.1638941913843155,0.08636494725942612,0.661772608757019,0.0844927653670311,0.34460869431495667,0.10489217936992645
181,0,rec2018-02-05_10h52m39.045s.wav,Inhale,0.848,2.8720000000000003,2.0240000000000005,0.9717126385025356,0.9987586736679077,115,8000,0.19700169563293457,0.2560621500015259,0.08918366581201553,1.1039999723434448,0.36097487807273865,0.018759077414870262,0.08767687529325485,0.03917646035552025,0.537093997001648,0.07268504053354263,0.34822142124176025,0.0409545861184597
182,0,rec2018-02-05_10h53m45.411s.wav,Inhale,0.496,2.7920000000000003,2.2960000000000003,0.9803768509265148,0.9992237091064453,132,8000,0.1902969628572464,0.25197839736938477,0.09282240271568298,1.687999963760376,0.383682519197464,0.02740933746099472,0.1334732174873352,0.05628981441259384,0.6370713710784912,0.07877794653177261,0.3840060830116272,0.04750280827283859
182,1,rec2018-02-05_10h53m45.411s.wav,Inhale,4.016,4.216,0.20000000000000018,0.41803625226020813,0.41803625226020813,1,8000,0.2073732614517212,0.2261403650045395,0.008634132333099842,0.1679999977350235,0.3994004428386688,0.020723074674606323,0.12770725786685944,0.030734872445464134,0.6457331776618958,0.04707201570272446,0.25229117274284363,0.03634379431605339
183,0,rec2018-02-05_10h54m35.447s.wav,Inhale,3.408,5.720000000000001,2.3120000000000007,0.9202998562862998,0.9983036518096924,133,8000,0.1715054214000702,0.2262909859418869,0.07607084512710571,0.47999998927116394,0.3962708115577698,0.029772013425827026,0.15570497512817383,0.06444437801837921,0.6580549478530884,0.0808749869465828,0.40086543560028076,0.061589304357767105
184,0,rec2018-02-05_10h55m27.871s.wav,Inhale,0.864,2.8880000000000003,2.0240000000000005,0.9528268104014189,0.9993386268615723,115,8000,0.15635788440704346,0.23177076876163483,0.06014203280210495,1.472000002861023,0.3945082426071167,0.02983776107430458,0.131902277469635,0.0843445435166359,0.6493602395057678,0.09454689919948578,0.3686888813972473,0.05600930005311966
185,0,rec2018-02-05_10h56m11.262s.wav,Inhale,1.344,4.328,2.984,0.9798908335821969,0.9998562335968018,175,8000,0.13914887607097626,0.2108512669801712,0.07047885656356812,0.47999998927116394,0.4184551537036896,0.04361671581864357,0.11367524415254593,0.055481698364019394,0.6814422011375427,0.09164008498191833,0.3918391764163971,0.04302776977419853
186,0,rec2018-02-05_10h58m35.817s.wav,Inhale,1.952,4.6000000000000005,2.6480000000000006,0.97821260582317,0.999341607093811,154,8000,0.146748349070549,0.20163950324058533,0.06503692269325256,1.871999979019165,0.41545823216438293,0.027034584432840347,0.12364118546247482,0.0574314147233963,0.6750752925872803,0.08992892503738403,0.3933061361312866,0.05537417531013489
187,0,rec2018-02-05_11h01m02.037s.wav,Inhale,2.384,3.704,1.3200000000000003,0.8469881784748023,0.9885565042495728,71,8000,0.20349477231502533,0.28649693727493286,0.06740731000900269,0.7200000286102295,0.362358033657074,0.06158329173922539,0.09601586312055588,0.03315743803977966,0.5516284108161926,0.0879955142736435,0.3366081416606903,0.03908570855855942
188,0,rec2018-02-05_11h02m06.737s.wav,Inhale,1.104,2.4560000000000004,1.3520000000000003,0.861350122323403,0.991792619228363,65,8000,0.20576636493206024,0.2743016481399536,0.06747303158044815,0.6800000071525574,0.3643122911453247,0.04126835986971855,0.11812593787908554,0.05082380771636963,0.582812488079071,0.08071710169315338,0.3390912115573883,0.03560737147927284
189,0,rec2018-02-05_11h03m04.776s.wav,Inhale,2.528,4.04,1.512,0.9807284854980837,0.9995381832122803,83,8000,0.2221214920282364,0.27853378653526306,0.08436594903469086,1.1759999990463257,0.3501436412334442,0.03650648146867752,0.10900099575519562,0.058127082884311676,0.5410361886024475,0.0875665619969368,0.3415604531764984,0.03614294156432152
190,0,rec2018-02-05_11h03m43.815s.wav,Inhale,3.232,4.6160000000000005,1.3840000000000003,0.9782076946894328,0.9994127750396729,75,8000,0.18208523094654083,0.2723656892776489,0.05887150019407272,0.23999999463558197,0.3898027837276459,0.05367626994848251,0.14138394594192505,0.07644690573215485,0.6607848405838013,0.08380981534719467,0.3911413550376892,0.06074684113264084
191,0,rec2018-02-05_11h04m48.418s.wav,Inhale,1.36,2.4720000000000004,1.1120000000000003,0.957307912152389,0.9983388185501099,58,8000,0.17603445053100586,0.2788839638233185,0.046182528138160706,0.6800000071525574,0.379146546125412,0.05194060131907463,0.12879091501235962,0.07397759705781937,0.625,0.09046514332294464,0.35388532280921936,0.05046195164322853
192,0,rec2018-02-05_11h05m32.273s.wav,Inhale,1.968,3.4960000000000004,1.5280000000000005,0.9355266179357257,0.9984436631202698,84,8000,0.20690308511257172,0.2687358260154724,0.07623981684446335,0.527999997138977,0.3624750077724457,0.03095669485628605,0.09780249744653702,0.03453071042895317,0.5738118290901184,0.08257485181093216,0.3472646176815033,0.04005429521203041
193,0,rec2018-02-05_11h06m12.128s.wav,Inhale,0.256,0.632,0.376,0.8551827420790991,0.9721893668174744,12,8000,0.08672270178794861,0.11266414821147919,0.002904359018430114,0.10400000214576721,0.4715383052825928,0.014600344933569431,0.11553112417459488,0.03728405013680458,0.7156575322151184,0.010302875190973282,0.3839518129825592,0.08087410032749176
193,1,rec2018-02-05_11h06m12.128s.wav,Inhale,1.824,3.2560000000000002,1.4320000000000002,0.9486066569120456,0.9994106888771057,78,8000,0.19180020689964294,0.26756522059440613,0.062400415539741516,0.47200000286102295,0.37502285838127136,0.027853723615407944,0.12129489332437515,0.05860944092273712,0.6180121302604675,0.06620167195796967,0.3526231646537781,0.0400419682264328
194,0,rec2018-02-05_11h06m59.857s.wav,Inhale,1.6480000000000001,2.9360000000000004,1.2880000000000003,0.7300328702207596,0.9521040320396423,63,8000,0.2096530795097351,0.28727900981903076,0.06372056156396866,0.4880000054836273,0.357386976480484,0.026382718235254288,0.09245843440294266,0.07004848122596741,0.5378086566925049,0.08041077852249146,0.33670610189437866,0.04313846677541733
195,0,rec2018-02-05_11h20m08.624s.wav,Inhale,0.4,0.8560000000000001,0.45600000000000007,0.5395156272820064,0.7233060598373413,7,8000,0.10376878082752228,0.17095094919204712,0.005301305092871189,0.20800000429153442,0.41351833939552307,0.040595050901174545,0.14159928262233734,0.03958945721387863,0.6765894293785095,0.03532614931464195,0.3374696969985962,0.05796929821372032
195,1,rec2018-02-05_11h20m08.624s.wav,Inhale,3.344,4.328,0.9840000000000004,0.7612186801433564,0.987502932548523,50,8000,0.2164851576089859,0.30932825803756714,0.053785540163517,0.06400000303983688,0.3511873185634613,0.03371336683630943,0.17122896015644073,0.058398809283971786,0.6245589852333069,0.05907732620835304,0.34586456418037415,0.04999490827322006
196,0,rec2018-02-05_11h20m47.521s.wav,Inhale,5.5840000000000005,7.08,1.4959999999999996,0.9311994314193726,0.9836315512657166,82,8000,0.20785212516784668,0.3230136036872864,0.07609798014163971,1.2319999933242798,0.35896050930023193,0.035936225205659866,0.1669214963912964,0.05776682496070862,0.6473985910415649,0.05512998253107071,0.36213067173957825,0.06102880835533142
197,0,rec2018-02-05_11h22m34.731s.wav,Inhale,6.5760000000000005,8.168,1.5919999999999987,0.932743720032952,0.9994202256202698,88,8000,0.2234562486410141,0.31028589606285095,0.09448112547397614,0.4320000112056732,0.34036532044410706,0.03812072053551674,0.1383199393749237,0.04047121852636337,0.6008203029632568,0.07238523662090302,0.33653807640075684,0.045111075043678284
198,0,rec2018-02-05_11h23m35.644s.wav,Inhale,5.392,7.176,1.7839999999999998,0.9321709930896759,0.9974996447563171,100,8000,0.21994416415691376,0.29407215118408203,0.10209646821022034,0.6320000290870667,0.340901643037796,0.05783778056502342,0.12123233824968338,0.04889087751507759,0.578125,0.08551476150751114,0.3330318033695221,0.04496050626039505
201,0,rec2018-02-05_11h30m48.760s.wav,Inhale,3.8240000000000003,5.816000000000001,1.9920000000000004,0.9419403234414295,0.9983371496200562,113,8000,0.22786392271518707,0.28022879362106323,0.11464445292949677,1.496000051498413,0.3444680869579315,0.034360576421022415,0.11378423124551773,0.03975159302353859,0.5494999885559082,0.08160945028066635,0.34166210889816284,0.04104316979646683
202,0,rec2018-02-06_10h28m57.917s.wav,Inhale,1.68,2.9200000000000004,1.2400000000000004,0.8426486922032905,0.9831128120422363,66,8000,0.19841177761554718,0.28302809596061707,0.06052890419960022,0.7519999742507935,0.3500661551952362,0.029369747266173363,0.1394367665052414,0.05624701827764511,0.5904948115348816,0.08099186420440674,0.3481414020061493,0.051910147070884705
203,0,rec2018-02-06_10h30m00.277s.wav,Inhale,5.408,6.776000000000001,1.3680000000000003,0.8467826495567957,0.9680858254432678,72,8000,0.20659823715686798,0.266400545835495,0.06767784804105759,0.984000027179718,0.35660573840141296,0.03784165158867836,0.1467597931623459,0.03764445334672928,0.6079215407371521,0.0670207291841507,0.3667588233947754,0.05215682461857796
204,0,rec2018-02-06_10h32m03.907s.wav,Inhale,5.5200000000000005,6.648000000000001,1.1280000000000001,0.875330215793545,0.9843457341194153,59,8000,0.18172216415405273,0.26422563195228577,0.046364717185497284,0.8880000114440918,0.36563342809677124,0.03621523082256317,0.1614663302898407,0.05502140894532204,0.6238446235656738,0.07618039101362228,0.36778581142425537,0.07023081928491592
205,0,rec2018-02-06_10h32m43.911s.wav,Inhale,5.904,6.984,1.08,0.8556148558855057,0.9634972810745239,56,8000,0.17960985004901886,0.27965104579925537,0.04742903262376785,0.5440000295639038,0.3455762267112732,0.034985270351171494,0.12512876093387604,0.04945182055234909,0.5643956661224365,0.08056002855300903,0.34577134251594543,0.05889992415904999
206,0,rec2018-02-06_11h39m13.131s.wav,Inhale,7.136,8.2,1.0639999999999992,0.8236956238746643,0.972585916519165,55,8000,0.20404300093650818,0.2910551130771637,0.04950191080570221,0.47200000286102295,0.35154491662979126,0.02702823281288147,0.17201466858386993,0.05099506303668022,0.619752824306488,0.05032195895910263,0.3577352464199066,0.0708693414926529
207,0,rec2018-02-06_12h10m09.167s.wav,Inhale,1.264,2.104,0.8400000000000001,0.6970022112131119,0.9716921448707581,40,8000,0.2030404806137085,0.3479919731616974,0.04525543376803398,0.3199999928474426,0.34298163652420044,0.04391312971711159,0.12728483974933624,0.04558880254626274,0.5723761916160583,0.07363498955965042,0.317203164100647,0.04887951910495758
207,1,rec2018-02-06_12h10m09.167s.wav,Inhale,9.536,10.152,0.6159999999999997,0.677831766280261,0.7741479873657227,22,8000,0.2004244476556778,0.3277275860309601,0.03390780836343765,0.2800000011920929,0.3454592823982239,0.05600897967815399,0.12420385330915451,0.044281963258981705,0.5711137652397156,0.07796046137809753,0.30617111921310425,0.04860182851552963
208,0,rec2018-02-06_12h11m01.614s.wav,Inhale,1.056,1.576,0.52,0.6061815654530245,0.7166497707366943,17,8000,0.18547677993774414,0.3201758563518524,0.024821704253554344,0.3440000116825104,0.3485734462738037,0.047416962683200836,0.15109288692474365,0.07871341705322266,0.5910274386405945,0.07833178341388702,0.29614996910095215,0.05837646871805191
208,1,rec2018-02-06_12h11m01.614s.wav,Inhale,8.944,9.623999999999999,0.6799999999999979,0.5698623680151426,0.6545184850692749,26,8000,0.23360812664031982,0.3435893654823303,0.04446296766400337,0.25600001215934753,0.3307217061519623,0.04573306441307068,0.12627187371253967,0.04370029270648956,0.5462390780448914,0.08187940716743469,0.30063363909721375,0.04631141945719719
209,0,rec2018-02-06_12h12m08.951s.wav,Inhale,1.552,2.104,0.552,0.7069392696670864,0.8457543253898621,23,8000,0.24490220844745636,0.32662203907966614,0.03617769479751587,0.25600001215934753,0.33626416325569153,0.04350517690181732,0.1403072029352188,0.03605913743376732,0.5811383724212646,0.07136236876249313,0.3011718690395355,0.04998841881752014
209,1,rec2018-02-06_12h12m08.951s.wav,Inhale,2.8000000000000003,3.096,0.2959999999999998,0.5231948345899582,0.5382037162780762,4,8000,0.15909673273563385,0.2601921260356903,0.009914334863424301,0.0,0.3368494212627411,0.03169522434473038,0.09833299368619919,0.038030680269002914,0.5448190569877625,0.07639288902282715,0.2570543885231018,0.056460075080394745
209,2,rec2018-02-06_12h12m08.951s.wav,Inhale,9.92,10.152,0.23199999999999932,0.5995945533116659,0.631644070148468,3,8000,0.20350579917430878,0.303244411945343,0.013352685607969761,0.07199999690055847,0.35014021396636963,0.0617053359746933,0.12297181040048599,0.027016986161470413,0.5546875,0.08701970428228378,0.26240235567092896,0.051217202097177505
210,0,rec2018-02-06_12h13m05.267s.wav,Inhale,0.864,1.976,1.112,0.7586561706331041,0.9640050530433655,54,8000,0.18527178466320038,0.288036048412323,0.05077458173036575,0.23999999463558197,0.3522161841392517,0.04357241094112396,0.15881015360355377,0.08013936877250671,0.6281808018684387,0.0880913957953453,0.3349713981151581,0.06448013335466385
210,1,rec2018-02-06_12h13m05.267s.wav,Inhale,7.888,8.68,0.7919999999999998,0.7212484494635933,0.8426452875137329,38,8000,0.18768875300884247,0.2902151942253113,0.036158327013254166,0.5600000023841858,0.359521746635437,0.03457324206829071,0.16792415082454681,0.042005524039268494,0.6517968773841858,0.04889221116900444,0.32981446385383606,0.06430244445800781
211,0,rec2018-02-06_12h13m52.029s.wav,Inhale,1.6320000000000001,2.568,0.9359999999999999,0.8035755893017383,0.9223566055297852,47,8000,0.1633508801460266,0.27835384011268616,0.03582042083144188,0.24799999594688416,0.35523802042007446,0.032334793359041214,0.13269132375717163,0.04800781235098839,0.6244703531265259,0.06784702837467194,0.31907936930656433,0.059270527213811874
211,1,rec2018-02-06_12h13m52.029s.wav,Inhale,9.072000000000001,9.943999999999999,0.8719999999999981,0.7791639372359874,0.911804735660553,43,8000,0.17196649312973022,0.27920451760292053,0.03511599451303482,0.36000001430511475,0.3570984899997711,0.029613304883241653,0.13845860958099365,0.04834907129406929,0.6193891763687134,0.07592888176441193,0.31542524695396423,0.058793805539608
212,0,rec2018-02-06_12h15m08.616s.wav,Inhale,2.7520000000000002,3.688,0.9359999999999999,0.7298012505406919,0.8819358944892883,46,8000,0.15705227851867676,0.29996204376220703,0.036600302904844284,0.5040000081062317,0.35597360134124756,0.0588584765791893,0.11723323911428452,0.05138931795954704,0.5936175584793091,0.08363132178783417,0.3089868724346161,0.04732697457075119
212,1,rec2018-02-06_12h15m08.616s.wav,Inhale,10.144,11.0,0.8559999999999999,0.7765681544939677,0.8854939341545105,42,8000,0.15599443018436432,0.27457165718078613,0.031424637883901596,0.4000000059604645,0.37419989705085754,0.06323608011007309,0.14093278348445892,0.07404501736164093,0.6247106194496155,0.09997493773698807,0.3242323100566864,0.036619435995817184
213,0,rec2018-02-06_12h16m57.870s.wav,Inhale,11.44,11.735999999999999,0.2959999999999994,0.7482584459441048,0.8670747876167297,7,8000,0.20500655472278595,0.3096502125263214,0.012554670684039593,0.2879999876022339,0.382064551115036,0.04202305153012276,0.16054868698120117,0.04926219582557678,0.6385690569877625,0.056838687509298325,0.3278937041759491,0.07277923822402954
214,0,rec2018-02-06_12h17m38.883s.wav,Inhale,0.768,1.784,1.016,0.8817145824432373,0.9818456172943115,52,8000,0.16154508292675018,0.2859751880168915,0.03802654147148132,0.7120000123977661,0.3927575349807739,0.07419568300247192,0.15900598466396332,0.05127813294529915,0.63482666015625,0.08070238679647446,0.37520599365234375,0.0649646744132042
215,0,rec2018-02-06_12h18m33.477s.wav,Inhale,1.936,2.9040000000000004,0.9680000000000004,0.6129617455758547,0.7018182277679443,38,8000,0.20349743962287903,0.29205915331840515,0.051102034747600555,0.5920000076293945,0.34871742129325867,0.048195239156484604,0.13656820356845856,0.04038938879966736,0.5642930269241333,0.07506018877029419,0.3330918550491333,0.04869681969285011
216,0,rec2018-02-06_12h19m34.374s.wav,Inhale,2.912,3.192,0.28000000000000025,0.5943920115629832,0.6558352112770081,6,8000,0.2075839340686798,0.29422837495803833,0.0138154998421669,0.15199999511241913,0.32631048560142517,0.030959151685237885,0.11481775343418121,0.04229789227247238,0.5373263955116272,0.077188640832901,0.2385118305683136,0.050578631460666656
216,1,rec2018-02-06_12h19m34.374s.wav,Inhale,3.344,3.9440000000000004,0.6000000000000005,0.7227418147600614,0.8398787379264832,26,8000,0.19678008556365967,0.2959291636943817,0.03192880004644394,0.2879999876022339,0.33567795157432556,0.030615948140621185,0.13982777297496796,0.06593986600637436,0.5474917888641357,0.07925542443990707,0.3101549744606018,0.061018191277980804
217,0,rec2018-02-06_12h20m19.800s.wav,Inhale,2.4,2.712,0.3120000000000003,0.5577349066734314,0.6246277689933777,6,8000,0.1506461650133133,0.2798363268375397,0.010526650585234165,0.23199999332427979,0.32366514205932617,0.05073283985257149,0.08593539893627167,0.03330177068710327,0.519726574420929,0.09227332472801208,0.22237548232078552,0.050041668117046356
217,1,rec2018-02-06_12h20m19.800s.wav,Inhale,2.7680000000000002,3.544,0.7759999999999998,0.7171157399813334,0.8623086214065552,30,8000,0.2097509354352951,0.29185259342193604,0.044133707880973816,0.23999999463558197,0.3281102776527405,0.030978510156273842,0.09568551927804947,0.036974091082811356,0.4914700388908386,0.057573352009058,0.3182896077632904,0.04931660369038582
218,0,rec2018-02-06_12h21m35.410s.wav,Inhale,2.816,3.3040000000000003,0.48800000000000043,0.6792135834693909,0.8594282865524292,17,8000,0.22981812059879303,0.512908935546875,0.027043020352721214,0.4880000054836273,0.34456831216812134,0.03447556123137474,0.1370791643857956,0.033566586673259735,0.5677923560142517,0.07115830481052399,0.3109091520309448,0.06308015435934067
218,1,rec2018-02-06_12h21m35.410s.wav,Inhale,3.392,3.9760000000000004,0.5840000000000005,0.8003438040614128,0.9540013074874878,24,8000,0.18035012483596802,0.3012714087963104,0.028717264533042908,0.03999999910593033,0.3380899429321289,0.04919828474521637,0.08119072765111923,0.03471977263689041,0.4978885054588318,0.09149975329637527,0.3060203790664673,0.0519196093082428
219,0,rec2018-02-08_14h33m35.005s.wav,Inhale,2.16,3.5280000000000005,1.3680000000000003,0.6193161793783599,0.8064149022102356,51,8000,0.21395647525787354,0.27048274874687195,0.06814298778772354,1.3519999980926514,0.3460437059402466,0.05270446836948395,0.14391225576400757,0.05243254825472832,0.6313590407371521,0.11284663528203964,0.34258323907852173,0.07637397199869156
220,0,rec2018-02-08_14h35m33.038s.wav,Inhale,3.648,3.8480000000000003,0.20000000000000018,0.5410417318344116,0.5410417318344116,1,8000,0.18316194415092468,0.2959383428096771,0.00891709141433239,0.10400000214576721,0.3645554184913635,0.03916172683238983,0.1578769087791443,0.05939599126577377,0.6292067170143127,0.08113870769739151,0.24720177054405212,0.03608597442507744
220,1,rec2018-02-08_14h35m33.038s.wav,Inhale,4.672,5.928,1.2560000000000002,0.7599560413787614,0.8957508206367493,67,8000,0.18556378781795502,0.26713401079177856,0.049014754593372345,0.7919999957084656,0.3851930499076843,0.027404457330703735,0.17683258652687073,0.05402779206633568,0.6864121556282043,0.07194971293210983,0.40796515345573425,0.08169063180685043
221,0,rec2018-02-08_14h36m13.041s.wav,Inhale,3.664,3.9920000000000004,0.3280000000000003,0.5973939961857266,0.7128534317016602,9,8000,0.028834911063313484,0.06561678647994995,0.00039658788591623306,0.0,0.32307425141334534,0.048715073615312576,0.03805524483323097,0.035214271396398544,0.5452008843421936,0.10440637916326523,0.202241450548172,0.04617725685238838
221,1,rec2018-02-08_14h36m13.041s.wav,Inhale,4.0,6.04,2.04,0.9232310796606129,0.9945708513259888,116,8000,0.1671655774116516,0.270842045545578,0.06757163256406784,1.7999999523162842,0.3960561454296112,0.048989806324243546,0.17185983061790466,0.06354302167892456,0.69915771484375,0.08096930384635925,0.44106292724609375,0.09147840738296509
222,0,rec2018-02-08_14h37m48.457s.wav,Inhale,4.192,5.656000000000001,1.4640000000000004,0.7844189666211605,0.9591581225395203,80,8000,0.21926800906658173,0.2867205739021301,0.08079186826944351,0.8320000171661377,0.35553956031799316,0.022999443113803864,0.1348274201154709,0.04036685451865196,0.6586276888847351,0.04610784351825714,0.33094853162765503,0.04600200057029724
223,0,rec2018-02-08_14h50m50.378s.wav,Inhale,0.592,2.168,1.576,0.6937602174125219,0.8786656260490417,76,8000,0.2370450496673584,0.35155370831489563,0.10585550963878632,0.7279999852180481,0.3274410665035248,0.03390270471572876,0.10751698911190033,0.04010069742798805,0.5963147282600403,0.08332900702953339,0.28920552134513855,0.04326429218053818
225,0,rec2018-02-08_15h03m14.166s.wav,Inhale,2.128,2.3760000000000003,0.24800000000000022,0.5225927829742432,0.5263769626617432,2,8000,0.24035781621932983,0.29617753624916077,0.015116600319743156,0.024000000208616257,0.341243177652359,0.030864451080560684,0.16516834497451782,0.05608876794576645,0.6259765625,0.054539069533348083,0.2496795654296875,0.050053827464580536
225,1,rec2018-02-08_15h03m14.166s.wav,Inhale,2.688,4.088,1.4,0.6674971529122057,0.8619572520256042,58,8000,0.22548261284828186,0.2867127060890198,0.07933728396892548,0.656000018119812,0.346335768699646,0.03212057054042816,0.12946783006191254,0.04242335259914398,0.5749289989471436,0.06735140085220337,0.3344587981700897,0.041080914437770844
226,0,rec2018-02-08_15h04m25.148s.wav,Inhale,9.072000000000001,9.272,0.1999999999999993,0.4761245846748352,0.4761245846748352,1,8000,0.15314482152462006,0.26149114966392517,0.006267851684242487,0.03200000151991844,0.36444514989852905,0.0350320003926754,0.1527574509382248,0.04876982793211937,0.6556490659713745,0.040648285299539566,0.22860953211784363,0.03540344163775444
227,0,rec2018-02-08_15h06m27.101s.wav,Inhale,1.92,3.64,1.7200000000000002,0.8075224148730437,0.9255510568618774,96,8000,0.2075228989124298,0.2783021926879883,0.08028043806552887,1.2000000476837158,0.3880644142627716,0.04426177963614464,0.17228730022907257,0.05019581317901611,0.7184967994689941,0.034305114299058914,0.43025490641593933,0.06941049546003342
228,0,rec2018-02-08_15h08m45.803s.wav,Inhale,4.032,6.648000000000001,2.6160000000000005,0.8120058557471713,0.979480504989624,148,8000,0.1963481903076172,0.28076618909835815,0.11458054929971695,1.2319999933242798,0.39108806848526,0.06686727702617645,0.170313760638237,0.051125019788742065,0.6964319944381714,0.07461167871952057,0.4316689074039459,0.07286346703767776
229,0,rec2018-02-08_15h20m25.156s.wav,Inhale,3.168,5.192,2.024,0.9223712972972704,0.9978228211402893,115,8000,0.17605873942375183,0.27247104048728943,0.06937173753976822,1.184000015258789,0.3997859060764313,0.032301317900419235,0.1800316870212555,0.05105254799127579,0.6980807185173035,0.048064861446619034,0.3904346823692322,0.05715453252196312
230,0,rec2018-02-08_15h23m00.916s.wav,Inhale,4.128,4.5040000000000004,0.37600000000000033,0.5958696727951368,0.8117996454238892,12,8000,0.17578433454036713,0.30544552206993103,0.01627853885293007,0.04800000041723251,0.35351917147636414,0.03351461514830589,0.13934122025966644,0.041888028383255005,0.6180012822151184,0.07762272655963898,0.281524658203125,0.06309495121240616
230,1,rec2018-02-08_15h23m00.916s.wav,Inhale,4.88,7.16,2.2800000000000002,0.9132561447056196,0.9816110730171204,131,8000,0.21902987360954285,0.303301066160202,0.12126094102859497,1.0880000591278076,0.36363622546195984,0.037688564509153366,0.1356566697359085,0.042417194694280624,0.6855059266090393,0.037119414657354355,0.3484877049922943,0.047166552394628525
231,0,rec2018-02-08_15h25m08.376s.wav,Inhale,4.992,6.104,1.112,0.80172025142832,0.9441379308700562,47,8000,0.21968983113765717,0.283357709646225,0.05538792908191681,0.9679999947547913,0.37348273396492004,0.025582533329725266,0.18993893265724182,0.0359400175511837,0.6991629600524902,0.02846851944923401,0.40848562121391296,0.0709046870470047
231,1,rec2018-02-08_15h25m08.376s.wav,Inhale,6.112,7.208,1.096,0.7350317149792077,0.9191687107086182,53,8000,0.2177976667881012,0.2848450541496277,0.06156903877854347,0.00800000037997961,0.36550161242485046,0.04845428839325905,0.13590431213378906,0.037078775465488434,0.681046187877655,0.03777208551764488,0.33799678087234497,0.04623718932271004
233,0,rec2018-02-09_10h49m08.773s.wav,Inhale,2.992,4.728000000000001,1.7360000000000007,0.6700429071982702,0.8456264138221741,84,8000,0.20210109651088715,0.2749135494232178,0.08504126220941544,0.8560000061988831,0.34850719571113586,0.025857752189040184,0.14201752841472626,0.06766200810670853,0.6095541715621948,0.07541695237159729,0.33215218782424927,0.0559273324906826
234,0,rec2018-02-09_10h57m14.793s.wav,Inhale,8.288,9.447999999999999,1.1599999999999984,0.8542097367224146,0.9569432139396667,61,8000,0.21203072369098663,0.2803119719028473,0.058449868112802505,0.9919999837875366,0.3701046407222748,0.04703623801469803,0.1613226979970932,0.04288623481988907,0.6708047986030579,0.043484993278980255,0.3720502555370331,0.061146676540374756
235,0,rec2018-02-09_11h04m27.369s.wav,Inhale,3.7920000000000003,3.9920000000000004,0.20000000000000018,0.510915994644165,0.510915994644165,1,8000,0.25053292512893677,0.3010554611682892,0.013821534812450409,0.07199999690055847,0.3211737871170044,0.01631038635969162,0.13402634859085083,0.01827632635831833,0.5606971383094788,0.05470070242881775,0.19724684953689575,0.03049510344862938
236,0,rec2018-02-09_11h05m06.012s.wav,Inhale,2.368,3.8480000000000003,1.4800000000000004,0.8745245455223837,0.9906287789344788,81,8000,0.18796998262405396,0.26349905133247375,0.062017809599637985,0.47999998927116394,0.3806075155735016,0.029939725995063782,0.15000109374523163,0.04286215081810951,0.6845598220825195,0.05496179684996605,0.3533029854297638,0.04881494119763374
237,0,rec2018-02-09_11h05m43.714s.wav,Inhale,1.6480000000000001,3.064,1.416,0.8011328562513574,0.9505175352096558,77,8000,0.1565985083580017,0.254236102104187,0.04498129338026047,1.0880000591278076,0.40884116291999817,0.04772421345114708,0.1749984622001648,0.07170698791742325,0.7085235118865967,0.06287743896245956,0.3916783630847931,0.05523526668548584
238,0,rec2018-05-02_17h33m13.522s.wav,Inhale,0.768,1.8,1.032,0.8902111413343897,0.9961105585098267,53,8000,0.20077893137931824,0.24599479138851166,0.04280081018805504,1.0080000162124634,0.37576329708099365,0.050276100635528564,0.13901424407958984,0.051970381289720535,0.6708533763885498,0.09356146305799484,0.3821927607059479,0.07366827875375748
238,1,rec2018-05-02_17h33m13.522s.wav,Inhale,1.824,2.712,0.8880000000000001,0.9578546570105986,0.9996556639671326,44,8000,0.202882781624794,0.2620791792869568,0.04257288947701454,0.6079999804496765,0.3635909855365753,0.022334570065140724,0.11198769509792328,0.03358308970928192,0.6256975531578064,0.06649280339479446,0.3512529730796814,0.052040498703718185
239,0,rec2018-05-02_17h33m50.393s.wav,Inhale,2.64,4.248,1.608,0.9861947271261322,0.999882161617279,89,8000,0.25048208236694336,0.34264400601387024,0.11534584313631058,0.36800000071525574,0.3341110944747925,0.03855186700820923,0.08584587275981903,0.03623569756746292,0.5795946717262268,0.08241774141788483,0.26799389719963074,0.0399848073720932
240,0,rec2018-05-02_17h34m27.816s.wav,Inhale,2.128,3.9280000000000004,1.8000000000000003,0.9750870979658448,0.998965322971344,101,8000,0.18726089596748352,0.2623630166053772,0.07677196711301804,1.0160000324249268,0.35760775208473206,0.036308348178863525,0.1101275086402893,0.04854576662182808,0.6152516603469849,0.06887692958116531,0.33712148666381836,0.060928825289011
241,0,rec2018-05-02_17h35m57.328s.wav,Inhale,2.896,4.696000000000001,1.8000000000000007,0.9794313417802943,0.9999226331710815,101,8000,0.22257216274738312,0.30258628726005554,0.10534296929836273,0.5199999809265137,0.3485543727874756,0.03940204530954361,0.11216682940721512,0.06108471751213074,0.6059527397155762,0.07643645256757736,0.314757764339447,0.03881360962986946
242,0,rec2018-05-02_17h38m14.494s.wav,Inhale,1.488,3.3680000000000003,1.8800000000000003,0.9891545873767925,0.999889612197876,106,8000,0.22314637899398804,0.30815911293029785,0.11086398363113403,0.6320000290870667,0.3442426025867462,0.02308599278330803,0.09557082504034042,0.03357655555009842,0.5744504928588867,0.06250990927219391,0.306686133146286,0.04095528647303581
243,0,rec2018-05-02_17h38m56.671s.wav,Inhale,7.328,8.728,1.3999999999999995,0.9607514268473575,0.9994715452194214,76,8000,0.17028893530368805,0.26213544607162476,0.05111858993768692,0.7039999961853027,0.37697649002075195,0.036275386810302734,0.10573944449424744,0.04632515832781792,0.6431108117103577,0.08172669261693954,0.36532315611839294,0.05638829618692398
244,0,rec2018-05-02_17h40m15.391s.wav,Inhale,2.624,4.184,1.56,0.9338268173295398,0.9990531206130981,86,8000,0.1894250363111496,0.2736712098121643,0.06433027982711792,0.4480000138282776,0.33398476243019104,0.054495371878147125,0.11777689307928085,0.10669304430484772,0.5480309128761292,0.0927862673997879,0.27410265803337097,0.0451679602265358
245,0,rec2018-05-02_17h40m35.031s.wav,Inhale,3.68,5.832,2.1519999999999997,0.986578591470796,0.9997773170471191,123,8000,0.16469913721084595,0.24448059499263763,0.06975273787975311,0.6800000071525574,0.35972222685813904,0.036241717636585236,0.07287738472223282,0.0468122623860836,0.5742766261100769,0.07910194247961044,0.3126627504825592,0.05125163495540619
246,0,rec2018-05-02_17h41m00.892s.wav,Inhale,3.344,5.32,1.9760000000000004,0.9746136031367562,0.999910831451416,110,8000,0.20219337940216064,0.30160656571388245,0.1009996309876442,0.5680000185966492,0.3459987938404083,0.030649779364466667,0.08867305517196655,0.04168688505887985,0.5533959269523621,0.07000067830085754,0.31719970703125,0.03760461136698723
247,0,rec2018-05-02_17h42m58.720s.wav,Inhale,3.152,4.84,1.6879999999999997,0.9724335049061065,0.9991081953048706,94,8000,0.12781915068626404,0.2655431628227234,0.03699047863483429,1.184000015258789,0.3552929162979126,0.04929369315505028,0.07412312924861908,0.04058033972978592,0.5822892189025879,0.09240256249904633,0.3065415918827057,0.060958217829465866
247,1,rec2018-05-02_17h42m58.720s.wav,Inhale,6.896,8.184,1.2879999999999994,0.9515930155049199,0.9930620193481445,69,8000,0.0815620943903923,0.14185886085033417,0.010962986387312412,0.1679999977350235,0.38356953859329224,0.04213074594736099,0.07875838875770569,0.09744128584861755,0.598186731338501,0.10508448630571365,0.3277994692325592,0.04411788284778595
247,2,rec2018-05-02_17h42m58.720s.wav,Inhale,11.216000000000001,12.328,1.1119999999999983,0.9189288390093836,0.9984755516052246,58,8000,0.08753105252981186,0.1831630915403366,0.011945419013500214,0.18400000035762787,0.3885858356952667,0.049917254596948624,0.07934372872114182,0.09038987010717392,0.6017299294471741,0.1152195930480957,0.3363629877567291,0.044610876590013504
248,0,rec2018-05-03_09h32m11.296s.wav,Inhale,2.096,3.7680000000000002,1.6720000000000002,0.823901737152144,0.959595263004303,86,8000,0.19505739212036133,0.2770542800426483,0.07999885082244873,0.7039999961853027,0.3619021475315094,0.05749019607901573,0.12683168053627014,0.05334559828042984,0.6056175827980042,0.09392410516738892,0.3528948128223419,0.048360031098127365
249,0,rec2018-05-03_09h32m39.426s.wav,Inhale,2.432,3.8480000000000003,1.4160000000000004,0.7652435674295797,0.8681809902191162,77,8000,0.2081020623445511,0.323080450296402,0.07891928404569626,1.0720000267028809,0.33744657039642334,0.024857448413968086,0.12548211216926575,0.06071408838033676,0.5682935118675232,0.08228085935115814,0.3124259412288666,0.04373987019062042
250,0,rec2018-05-03_09h32m52.456s.wav,Inhale,2.896,4.12,1.2240000000000002,0.7734057664871216,0.9653192758560181,65,8000,0.21635755896568298,0.332920640707016,0.07375960052013397,0.7440000176429749,0.3346656560897827,0.032170746475458145,0.11211741715669632,0.059664104133844376,0.5680803656578064,0.0870906338095665,0.29971274733543396,0.042380448430776596
251,0,rec2018-05-03_09h33m56.681s.wav,Inhale,1.728,3.3360000000000003,1.6080000000000003,0.8309977201854482,0.9755316972732544,85,8000,0.19188134372234344,0.28003767132759094,0.0728939026594162,0.328000009059906,0.36942413449287415,0.04080655425786972,0.13974960148334503,0.045461058616638184,0.6482441425323486,0.06820283830165863,0.3498390018939972,0.0441926009953022
253,0,rec2018-05-03_11h21m20.915s.wav,Inhale,1.8880000000000001,3.624,1.736,0.9849389797633457,0.9997239112854004,97,8000,0.22711075842380524,0.3184237778186798,0.1064421758055687,1.0399999618530273,0.34658917784690857,0.03798235207796097,0.11246238648891449,0.07248084992170334,0.6153239607810974,0.08276703953742981,0.30179813504219055,0.043844159692525864
254,0,rec2018-05-03_11h22m05.830s.wav,Inhale,1.36,1.864,0.504,0.9322609841823578,0.9970126748085022,20,8000,0.27278852462768555,0.6258725523948669,0.05025146156549454,0.0,0.32265910506248474,0.06398984789848328,0.07493503391742706,0.04712414741516113,0.572021484375,0.11023888736963272,0.24489593505859375,0.06982304155826569
254,1,rec2018-05-03_11h22m05.830s.wav,Inhale,2.512,3.096,0.5840000000000001,0.8087048387527466,0.9613204598426819,25,8000,0.4437894821166992,0.4891667366027832,0.11806757748126984,0.4000000059604645,0.25814089179039,0.012409220449626446,0.0250716395676136,0.011498765088617802,0.4639991521835327,0.03431490436196327,0.1528584212064743,0.03551466763019562
255,0,rec2018-05-03_11h22m59.308s.wav,Inhale,0.976,3.128,2.152,0.9574886545902346,0.9989746809005737,123,8000,0.23516282439231873,0.38824090361595154,0.1487627476453781,1.0479999780654907,0.3047342300415039,0.04217743128538132,0.08904920518398285,0.04024031013250351,0.5274884104728699,0.08230623602867126,0.25784143805503845,0.04782846197485924
256,0,rec2018-05-03_11h30m44.236s.wav,Inhale,3.728,5.4,1.6720000000000002,0.9772963549501152,0.9997573494911194,93,8000,0.19928963482379913,0.2950330674648285,0.07747700810432434,0.8159999847412109,0.3567139804363251,0.04818948358297348,0.15275506675243378,0.05855946242809296,0.6539806723594666,0.09148631244897842,0.37826916575431824,0.07636887580156326
257,0,rec2018-05-03_11h31m05.117s.wav,Inhale,2.976,4.856,1.88,0.9811230127541524,0.9999228715896606,106,8000,0.21804431080818176,0.29717814922332764,0.10560698062181473,0.5040000081062317,0.3378652334213257,0.03209549933671951,0.11937882006168365,0.04592442139983177,0.5801774263381958,0.07549141347408295,0.3392747640609741,0.05541601777076721
258,0,rec2018-05-03_11h31m22.631s.wav,Inhale,4.496,6.328,1.8319999999999999,0.9831141337607671,0.9998303055763245,103,8000,0.24669410288333893,0.3480932116508484,0.12294343113899231,0.06400000303983688,0.3192106783390045,0.05055174231529236,0.09125718474388123,0.03390403836965561,0.515081524848938,0.09801887720823288,0.3141622841358185,0.049027565866708755
259,0,rec2018-05-03_11h31m40.430s.wav,Inhale,4.176,5.928,1.7519999999999998,0.9826036953196233,0.9998825192451477,98,8000,0.2467527985572815,0.37799233198165894,0.12519153952598572,0.42399999499320984,0.32605063915252686,0.040959253907203674,0.09302161633968353,0.03379020094871521,0.5472656488418579,0.07455338537693024,0.30545100569725037,0.04803377762436867
260,0,rec2018-05-03_11h32m00.868s.wav,Inhale,3.36,5.192,1.8320000000000003,0.9864310633788989,0.999843955039978,103,8000,0.19275279343128204,0.2681905925273895,0.08057332038879395,0.37599998712539673,0.35556355118751526,0.04286075383424759,0.13416622579097748,0.060942914336919785,0.6299252510070801,0.09916643053293228,0.3844026029109955,0.08421120792627335
261,0,rec2018-05-03_11h33m06.158s.wav,Inhale,1.712,3.544,1.832,0.9794971954475329,0.9997748136520386,103,8000,0.24480605125427246,0.32289811968803406,0.12591443955898285,0.5680000185966492,0.30779948830604553,0.05073508992791176,0.10022737085819244,0.05143393203616142,0.4998301565647125,0.10172291845083237,0.300403356552124,0.05768539011478424
262,0,rec2018-05-03_11h34m12.944s.wav,Inhale,4.848,6.712000000000001,1.8640000000000008,0.9833340815135411,0.9998143315315247,105,8000,0.23923251032829285,0.3713241517543793,0.12572000920772552,0.8159999847412109,0.33045798540115356,0.03886543586850166,0.08716219663619995,0.03386615961790085,0.5468416213989258,0.07898332923650742,0.3100627660751343,0.04778309911489487
263,0,rec2018-05-03_11h34m42.301s.wav,Inhale,3.536,5.096,1.56,0.9866180551606555,0.9997468590736389,86,8000,0.23134754598140717,0.37172603607177734,0.10230410844087601,0.5839999914169312,0.324929416179657,0.04071519896388054,0.08956912904977798,0.040386687964200974,0.5290975570678711,0.06963857263326645,0.3148292899131775,0.04667307063937187
264,0,rec2018-05-03_11h35m02.168s.wav,Inhale,4.336,6.12,1.7839999999999998,0.9658768343925476,0.9997868537902832,100,8000,0.24115079641342163,0.3272208869457245,0.11648637801408768,0.40799999237060547,0.3293904662132263,0.04040946811437607,0.1020716056227684,0.0385504849255085,0.5407017469406128,0.07748260349035263,0.3118896484375,0.04132889583706856
265,0,rec2018-05-03_11h35m22.211s.wav,Inhale,4.72,6.5840000000000005,1.8640000000000008,0.977025428272429,0.9997784495353699,105,8000,0.2500765025615692,0.38921254873275757,0.13872312009334564,0.7680000066757202,0.322782963514328,0.04230467975139618,0.09592383354902267,0.03369240462779999,0.5410656929016113,0.08034475892782211,0.3095473647117615,0.04505154490470886
266,0,rec2018-05-03_11h35m39.758s.wav,Inhale,4.336,6.056,1.7199999999999998,0.9874747594197592,0.9998598098754883,96,8000,0.2119770646095276,0.3047162592411041,0.09408092498779297,0.9200000166893005,0.34570565819740295,0.04757986590266228,0.1054501160979271,0.07384508848190308,0.5515769720077515,0.09926589578390121,0.34062591195106506,0.04900640249252319
267,0,rec2018-05-03_11h35m58.563s.wav,Inhale,4.288,6.456,2.168,0.9764056866688113,0.9998460412025452,124,8000,0.23233623802661896,0.34656086564064026,0.1334650218486786,0.7919999957084656,0.337405264377594,0.029855122789740562,0.08628055453300476,0.03622511029243469,0.5208525061607361,0.07132362574338913,0.33010146021842957,0.0431208498775959
268,0,rec2018-05-03_11h36m16.780s.wav,Inhale,4.368,6.28,1.912,0.9832535805525603,0.9997474551200867,108,8000,0.2220548689365387,0.3654688000679016,0.11265251785516739,0.656000018119812,0.33728453516960144,0.05497171729803085,0.10798882693052292,0.05571753531694412,0.5810872316360474,0.11218318343162537,0.33796995878219604,0.06869665533304214
269,0,rec2018-05-03_11h36m35.115s.wav,Inhale,4.0,6.104,2.104,0.9696106359362602,0.9999263286590576,120,8000,0.23391510546207428,0.3125169277191162,0.12936894595623016,0.7680000066757202,0.3332073390483856,0.04023414105176926,0.08913353085517883,0.03842617943882942,0.5173118114471436,0.08587922155857086,0.33170387148857117,0.03684688359498978
270,0,rec2018-05-03_11h36m53.106s.wav,Inhale,4.6080000000000005,6.5840000000000005,1.976,0.9844157759632383,0.9998288750648499,112,8000,0.2277277112007141,0.3262957036495209,0.11936184763908386,0.6800000071525574,0.33344343304634094,0.03740840405225754,0.09890419244766235,0.04427199438214302,0.5501196980476379,0.08437719196081161,0.3347285985946655,0.0647197887301445
271,0,rec2018-05-03_11h37m11.955s.wav,Inhale,3.7600000000000002,5.704000000000001,1.9440000000000004,0.9867810254747217,0.9998304843902588,110,8000,0.23097197711467743,0.31259018182754517,0.11905201524496078,0.9279999732971191,0.33274465799331665,0.026409437879920006,0.1036539375782013,0.04214094951748848,0.545946478843689,0.07359012961387634,0.3363577425479889,0.043545838445425034
272,0,rec2018-05-03_11h37m32.414s.wav,Inhale,4.224,6.072,1.8479999999999999,0.9695011807175783,0.9997001886367798,104,8000,0.2450396716594696,0.37499508261680603,0.13108505308628082,1.3680000305175781,0.3115083575248718,0.03574451059103012,0.0815337523818016,0.038550008088350296,0.4756532907485962,0.07419722527265549,0.2980557084083557,0.04492192715406418
273,0,rec2018-05-03_11h37m50.903s.wav,Inhale,3.872,5.720000000000001,1.8480000000000008,0.9658343895123556,0.9998899698257446,104,8000,0.22147731482982635,0.35633349418640137,0.10976573824882507,0.40799999237060547,0.33517923951148987,0.033825188875198364,0.10393451899290085,0.04447442293167114,0.567719578742981,0.08616288751363754,0.3340264558792114,0.06125380098819733
274,0,rec2018-05-03_11h38m07.740s.wav,Inhale,3.616,5.416,1.8000000000000003,0.9733203953445548,0.9998195171356201,101,8000,0.21795699000358582,0.2949896454811096,0.10022381693124771,1.3200000524520874,0.33676066994667053,0.03546217828989029,0.10495039820671082,0.0505531020462513,0.5551023483276367,0.09425473213195801,0.34343457221984863,0.05420982465147972
275,0,rec2018-05-03_11h38m25.235s.wav,Inhale,3.952,5.864,1.912,0.9822356965806749,0.9998617768287659,108,8000,0.2157948762178421,0.3315253257751465,0.1088397204875946,1.215999960899353,0.34104806184768677,0.03571079298853874,0.10312756150960922,0.04130970314145088,0.5641276240348816,0.081797756254673,0.3406005799770355,0.040302105247974396
276,0,rec2018-05-03_11h38m46.135s.wav,Inhale,3.44,5.5120000000000005,2.0720000000000005,0.9873656484030061,0.9999032616615295,118,8000,0.22322240471839905,0.3216775953769684,0.1167532354593277,0.8640000224113464,0.3455388844013214,0.049221470952034,0.10608264058828354,0.040510427206754684,0.5783053040504456,0.09000150859355927,0.3453068733215332,0.05671229958534241
277,0,rec2018-05-03_11h39m04.979s.wav,Inhale,4.4,6.184,1.7839999999999998,0.9801850086450576,0.9998233318328857,100,8000,0.19781191647052765,0.29953789710998535,0.0860704779624939,0.6159999966621399,0.3587978184223175,0.03877668455243111,0.13383206725120544,0.054175879806280136,0.6444963812828064,0.07163317501544952,0.3694392740726471,0.06017513573169708
278,0,rec2018-05-03_11h39m23.236s.wav,Inhale,4.0,5.896,1.896,0.9800219569250802,0.9998205304145813,107,8000,0.19335567951202393,0.3009570240974426,0.08604077249765396,0.5600000023841858,0.3784879148006439,0.06544188410043716,0.1338167041540146,0.05603964254260063,0.6566110849380493,0.09307806938886642,0.41144466400146484,0.0583815798163414
279,0,rec2018-05-03_11h39m41.633s.wav,Inhale,4.24,5.928,1.6879999999999997,0.9724956605028598,0.999213695526123,94,8000,0.27270013093948364,0.40037575364112854,0.14847302436828613,1.0479999780654907,0.3177652060985565,0.03343794494867325,0.08200434595346451,0.05681540071964264,0.5345298051834106,0.0634092316031456,0.25668853521347046,0.04899554327130318
280,0,rec2018-05-03_11h40m00.485s.wav,Inhale,4.816,6.6000000000000005,1.7840000000000007,0.9883299779891968,0.9999138116836548,100,8000,0.22326108813285828,0.3125542402267456,0.10779193043708801,1.312000036239624,0.3317011296749115,0.033904556185007095,0.11139018088579178,0.05864983797073364,0.5435965657234192,0.07593999803066254,0.3279636800289154,0.04716309532523155
281,0,rec2018-05-03_11h40m20.470s.wav,Inhale,4.384,6.232,1.8479999999999999,0.9758561184773078,0.9999236464500427,104,8000,0.21211965382099152,0.2934504449367523,0.09920340776443481,0.6880000233650208,0.34547144174575806,0.025570299476385117,0.11093394458293915,0.04738201946020126,0.5600754022598267,0.0779389888048172,0.3531978130340576,0.047256696969270706
282,0,rec2018-05-03_11h40m45.441s.wav,Inhale,4.128,5.832,1.7039999999999997,0.9748669423555073,0.9998601675033569,95,8000,0.21395733952522278,0.2989303171634674,0.09370449930429459,0.8960000276565552,0.345922589302063,0.03448213264346123,0.10501240938901901,0.045716848224401474,0.5626825094223022,0.07496318966150284,0.35033267736434937,0.044034428894519806
283,0,rec2018-05-03_11h41m04.101s.wav,Inhale,5.296,7.08,1.7839999999999998,0.9787498307228089,0.9999322891235352,100,8000,0.2218160629272461,0.33026015758514404,0.1052718460559845,0.6959999799728394,0.3452703058719635,0.05405854433774948,0.09344945847988129,0.04391215741634369,0.5307965874671936,0.08227377384901047,0.3360050618648529,0.03820311650633812
284,0,rec2018-05-03_11h41m23.831s.wav,Inhale,4.048,5.736000000000001,1.6880000000000006,0.9820856788056962,0.9998478293418884,94,8000,0.23136743903160095,0.3306342363357544,0.10613908618688583,0.6320000290870667,0.3320581316947937,0.031208215281367302,0.09386497735977173,0.03875052183866501,0.5329451560974121,0.062199901789426804,0.3242279589176178,0.050237368792295456
285,0,rec2018-05-03_11h41m45.507s.wav,Inhale,4.96,6.648000000000001,1.6880000000000006,0.985384982317052,0.999862790107727,94,8000,0.26496943831443787,0.5984951257705688,0.16240555047988892,0.8560000061988831,0.34422028064727783,0.06519604474306107,0.10189079493284225,0.05983876436948776,0.6128758788108826,0.09732761234045029,0.3047542870044708,0.07941228896379471
286,0,rec2018-05-03_11h42m07.338s.wav,Inhale,3.392,5.208,1.8160000000000003,0.9734814015089297,0.999771773815155,102,8000,0.21706679463386536,0.2916272282600403,0.09993017464876175,0.7200000286102295,0.3331297039985657,0.04228080436587334,0.10246211290359497,0.04563821852207184,0.5394737124443054,0.07743556797504425,0.3418675363063812,0.0623544380068779
287,0,rec2018-05-03_11h42m25.033s.wav,Inhale,4.048,6.2,2.152,0.9871244495961724,0.9998883008956909,123,8000,0.1985510289669037,0.2759006917476654,0.09715446829795837,1.031999945640564,0.36222371459007263,0.03626248240470886,0.13118988275527954,0.08179060369729996,0.6165798902511597,0.09081956744194031,0.37360748648643494,0.06038367748260498
288,0,rec2018-05-03_11h42m42.981s.wav,Inhale,5.008,6.888,1.88,0.9806636448176402,0.9998643398284912,106,8000,0.20985299348831177,0.2714921832084656,0.09635034948587418,0.9679999947547913,0.33576732873916626,0.04541816934943199,0.09945077449083328,0.06008761003613472,0.521881639957428,0.08515394479036331,0.3438989818096161,0.06502967327833176
289,0,rec2018-05-03_11h43m01.074s.wav,Inhale,4.432,6.28,1.8479999999999999,0.9851940583724242,0.9998271465301514,104,8000,0.1927609145641327,0.28648993372917175,0.07901155948638916,0.9760000109672546,0.3637236952781677,0.05778962001204491,0.12724155187606812,0.06069779023528099,0.6264480352401733,0.1076231598854065,0.38544541597366333,0.07975264638662338
290,0,rec2018-05-03_11h43m19.240s.wav,Inhale,4.16,5.752000000000001,1.5920000000000005,0.9874874400821599,0.9997631907463074,88,8000,0.20552732050418854,0.3139626085758209,0.08256866037845612,0.8240000009536743,0.3618844151496887,0.046083737164735794,0.1254584938287735,0.04488614946603775,0.6435937285423279,0.054539754986763,0.3690502941608429,0.05632156506180763
291,0,rec2018-05-03_11h43m36.628s.wav,Inhale,3.2640000000000002,5.32,2.056,0.9883021528904254,0.9999393820762634,117,8000,0.19771502912044525,0.27081242203712463,0.09280905872583389,1.2319999933242798,0.36198028922080994,0.044158801436424255,0.12430522590875626,0.05402020364999771,0.6145227551460266,0.08900976181030273,0.37649890780448914,0.06345339864492416
292,0,rec2018-05-03_11h43m55.823s.wav,Inhale,3.904,5.896,1.992,0.9867991277601866,0.9999198317527771,113,8000,0.21775072813034058,0.30996331572532654,0.10895223170518875,1.0399999618530273,0.34550148248672485,0.038503773510456085,0.11441657692193985,0.04280417039990425,0.5652187466621399,0.06709428131580353,0.35964256525039673,0.05844315141439438
293,0,rec2018-05-03_11h48m01.012s.wav,Inhale,4.096,5.800000000000001,1.7040000000000006,0.9840899486290781,0.9997128248214722,95,8000,0.21684609353542328,0.31350916624069214,0.09271024912595749,1.503999948501587,0.34434059262275696,0.04896008223295212,0.12761203944683075,0.05390643700957298,0.6140478849411011,0.09971679002046585,0.36761873960494995,0.06690435856580734
294,0,rec2018-05-03_11h48m24.363s.wav,Inhale,3.648,5.224,1.576,0.987802276666137,0.9997812509536743,87,8000,0.2040606141090393,0.30024516582489014,0.07847480475902557,0.9760000109672546,0.3505946397781372,0.05567729473114014,0.13103754818439484,0.0758114904165268,0.6044823527336121,0.1040724366903305,0.35649463534355164,0.06184210628271103
295,0,rec2018-05-03_11h48m41.938s.wav,Inhale,3.8240000000000003,5.6240000000000006,1.8000000000000003,0.9882930706043055,0.9998981952667236,101,8000,0.21254484355449677,0.31472283601760864,0.097976453602314,0.9760000109672546,0.33654528856277466,0.04627055674791336,0.1034579798579216,0.046741824597120285,0.563537061214447,0.10056578367948532,0.34001442790031433,0.0647045448422432
296,0,rec2018-05-03_11h48m59.604s.wav,Inhale,3.568,5.5440000000000005,1.9760000000000004,0.9860179823424134,0.9997897744178772,112,8000,0.20402030646800995,0.26423996686935425,0.0962996631860733,1.4240000247955322,0.3522767126560211,0.03664860501885414,0.10634594410657883,0.05065247416496277,0.5867880582809448,0.08447898179292679,0.35447248816490173,0.060454536229372025
297,0,rec2018-05-03_11h49m17.127s.wav,Inhale,4.5120000000000005,6.424,1.912,0.9885743779164774,0.9998252391815186,108,8000,0.2032976597547531,0.2696009874343872,0.09108656644821167,1.0800000429153442,0.3547057509422302,0.04271780699491501,0.10316702723503113,0.046501658856868744,0.5971028804779053,0.09800561517477036,0.36977335810661316,0.060315780341625214
298,0,rec2018-05-03_11h49m34.678s.wav,Inhale,4.928,6.696000000000001,1.7680000000000007,0.986707435713874,0.999773383140564,99,8000,0.19172760844230652,0.26414287090301514,0.0772646814584732,0.5519999861717224,0.3501195013523102,0.04867054149508476,0.11840390413999557,0.04763174429535866,0.6175394058227539,0.0923398807644844,0.36001724004745483,0.08070588856935501
299,0,rec2018-05-03_11h49m54.056s.wav,Inhale,4.656,6.392,1.7360000000000007,0.9780081338489178,0.9997875690460205,97,8000,0.20311471819877625,0.2671033442020416,0.07939916849136353,0.2879999876022339,0.3526073098182678,0.050793349742889404,0.10262994468212128,0.04650574177503586,0.609375,0.10574380308389664,0.3572247624397278,0.07186666876077652
300,0,rec2018-05-03_11h50m12.379s.wav,Inhale,4.4,6.152,1.7519999999999998,0.9755446509439119,0.999716579914093,98,8000,0.17754463851451874,0.2557034194469452,0.06527117639780045,1.3839999437332153,0.36759552359580994,0.06021790951490402,0.1423686146736145,0.057651519775390625,0.6550071239471436,0.12631085515022278,0.4060458242893219,0.09367211163043976
301,0,rec2018-05-03_11h50m30.421s.wav,Inhale,4.416,6.376,1.96,0.9787945027823921,0.9998531937599182,111,8000,0.18736964464187622,0.2545461058616638,0.07761400938034058,0.7279999852180481,0.37522175908088684,0.04876287281513214,0.11985021829605103,0.052623432129621506,0.6661267876625061,0.09497503936290741,0.40573590993881226,0.06995736807584763
302,0,rec2018-05-03_11h50m48.244s.wav,Inhale,4.896,6.936,2.04,0.9881146940691717,0.9995645880699158,116,8000,0.1902991235256195,0.35843414068222046,0.08277754485607147,0.09600000083446503,0.3679105341434479,0.06051405891776085,0.11229025572538376,0.05987709015607834,0.63702392578125,0.1329108327627182,0.38175201416015625,0.08167299628257751
303,0,rec2018-05-03_11h51m07.128s.wav,Inhale,4.656,7.064,2.4080000000000004,0.9783535841986429,0.9998129606246948,139,8000,0.1927850991487503,0.25481265783309937,0.10103314369916916,0.7200000286102295,0.3791826069355011,0.04386121779680252,0.10942595452070236,0.04704638943076134,0.6632864475250244,0.07942449301481247,0.38493701815605164,0.05615934729576111
304,0,rec2018-05-03_11h51m26.000s.wav,Inhale,4.288,6.376,2.088,0.9768763925848889,0.9995429515838623,119,8000,0.18524181842803955,0.2670975923538208,0.08452869951725006,0.5839999914169312,0.3720218241214752,0.04685710743069649,0.10822009295225143,0.05743677541613579,0.6358540058135986,0.09500184655189514,0.37401410937309265,0.05789954587817192
305,0,rec2018-05-03_11h51m43.422s.wav,Inhale,4.32,6.184,1.8639999999999999,0.9887061743509202,0.999847948551178,105,8000,0.18505960702896118,0.4002658426761627,0.0777621790766716,1.3040000200271606,0.37856847047805786,0.0735337883234024,0.126095712184906,0.05599920079112053,0.656784176826477,0.10741735994815826,0.37816548347473145,0.09336382150650024
306,0,rec2018-05-03_11h52m00.607s.wav,Inhale,3.072,4.888,1.8159999999999998,0.9869494555043239,0.9998911023139954,102,8000,0.1860191524028778,0.2594227194786072,0.07420887798070908,0.2240000069141388,0.37112706899642944,0.031329523772001266,0.12994349002838135,0.05227282643318176,0.6468270421028137,0.0801667645573616,0.39050722122192383,0.06749626994132996
307,0,rec2018-05-03_11h52m17.833s.wav,Inhale,3.344,5.272,1.9280000000000004,0.9889063014896637,0.9998786449432373,109,8000,0.1865088790655136,0.2826216518878937,0.07866666465997696,1.4320000410079956,0.38689035177230835,0.05354977771639824,0.12887747585773468,0.05478677898645401,0.664901852607727,0.07218370586633682,0.3991517722606659,0.05887496471405029
308,0,rec2018-05-03_11h52m35.208s.wav,Inhale,2.816,4.392,1.5760000000000005,0.9791574272616156,0.9997044801712036,87,8000,0.19285210967063904,0.27650177478790283,0.07100677490234375,0.7760000228881836,0.3581891357898712,0.03868105262517929,0.11672854423522949,0.048368893563747406,0.638099730014801,0.09012091159820557,0.37906160950660706,0.06333807110786438
309,0,rec2018-05-03_15h21m36.500s.wav,Inhale,3.968,6.168,2.2,0.9883310950937725,0.9997825622558594,126,8000,0.16004538536071777,0.2358049899339676,0.0656445324420929,0.30399999022483826,0.4138135015964508,0.041991882026195526,0.07958032190799713,0.040345266461372375,0.6477298736572266,0.08738783746957779,0.3883817493915558,0.04651849344372749
310,0,rec2018-05-03_15h23m24.541s.wav,Inhale,2.368,4.344,1.9760000000000004,0.9821535285030093,0.9996657371520996,112,8000,0.12290886789560318,0.2061322182416916,0.035423096269369125,0.2720000147819519,0.4529069662094116,0.042958978563547134,0.09618568420410156,0.04333681985735893,0.7084173560142517,0.08834683895111084,0.4299158751964569,0.07398191094398499
311,0,rec2018-05-03_15h24m03.886s.wav,Inhale,3.024,5.0,1.976,0.9754885749093124,0.9997791647911072,112,8000,0.12189655005931854,0.1907760053873062,0.035163406282663345,0.9039999842643738,0.4397495985031128,0.031890466809272766,0.11871271580457687,0.07081213593482971,0.6889805793762207,0.07376988232135773,0.42203643918037415,0.06334835290908813
312,0,rec2018-05-03_15h24m37.045s.wav,Inhale,2.384,4.04,1.6560000000000001,0.946729391415914,0.9998871088027954,75,8000,0.13860034942626953,0.2261340618133545,0.03796546533703804,0.36000001430511475,0.417194664478302,0.03777354955673218,0.13234254717826843,0.05684218183159828,0.6619967222213745,0.0834014043211937,0.40677350759506226,0.07069145143032074
313,0,rec2018-05-03_15h25m08.571s.wav,Inhale,2.976,4.632000000000001,1.6560000000000006,0.9822329969509788,0.9998849034309387,92,8000,0.144761860370636,0.25293371081352234,0.043424010276794434,0.6880000233650208,0.4049946665763855,0.03603030741214752,0.13101767003536224,0.05952209606766701,0.6509915590286255,0.08062731474637985,0.39076584577560425,0.06366272270679474
314,0,rec2018-05-03_15h27m21.669s.wav,Inhale,2.848,4.456,1.6080000000000005,0.9837208946099442,0.9999041557312012,89,8000,0.15198834240436554,0.2227666825056076,0.04598267376422882,0.3919999897480011,0.4071379601955414,0.02721661515533924,0.15667381882667542,0.07648193836212158,0.6710241436958313,0.07648259401321411,0.3945409059524536,0.0599144883453846
315,0,rec2018-05-03_15h27m45.362s.wav,Inhale,3.552,5.064,1.512,0.9738487321210195,0.9998369216918945,83,8000,0.14483244717121124,0.28715062141418457,0.03792240098118782,0.2879999876022339,0.4030994474887848,0.03654264658689499,0.14257854223251343,0.061112239956855774,0.6591283082962036,0.0784127339720726,0.39867907762527466,0.07252345979213715
316,0,rec2018-05-03_15h28m15.159s.wav,Inhale,2.896,4.5200000000000005,1.6240000000000006,0.978381926814715,0.9999253749847412,90,8000,0.134369894862175,0.2117338627576828,0.035445161163806915,0.5680000185966492,0.44562506675720215,0.03989825397729874,0.17332376539707184,0.06404411792755127,0.6989506483078003,0.053589850664138794,0.4630677402019501,0.08693937212228775
317,0,rec2018-05-03_15h28m42.685s.wav,Inhale,3.44,5.144,1.7040000000000002,0.9844727334223295,0.9999212622642517,95,8000,0.19678464531898499,0.7020707726478577,0.0942402184009552,0.30399999022483826,0.3691694438457489,0.05504007637500763,0.10186473280191422,0.06088479980826378,0.629928469657898,0.08433929085731506,0.3335987627506256,0.06513534486293793
318,0,rec2018-05-03_15h29m02.811s.wav,Inhale,3.184,4.84,1.6559999999999997,0.9670846909284592,0.9996852278709412,92,8000,0.14493387937545776,0.2576378285884857,0.04330000281333923,0.4000000059604645,0.39395442605018616,0.07227557897567749,0.12031161785125732,0.057449646294116974,0.6328500509262085,0.11323849856853485,0.39477774500846863,0.0971711203455925
319,0,rec2018-05-03_15h29m32.895s.wav,Inhale,3.136,4.792000000000001,1.6560000000000006,0.9852119859146036,0.9998654723167419,92,8000,0.12016941606998444,0.19682061672210693,0.028963806107640266,0.3440000116825104,0.4536045789718628,0.0401255302131176,0.18781034648418427,0.07020068168640137,0.7122145295143127,0.049287036061286926,0.4699026346206665,0.09488274157047272
320,0,rec2018-05-03_15h29m50.911s.wav,Inhale,2.848,4.392,1.5440000000000005,0.9812670658616459,0.9999584555625916,85,8000,0.14521421492099762,0.24412879347801208,0.042283300310373306,0.5120000243186951,0.4015585482120514,0.056651413440704346,0.15697212517261505,0.0816328153014183,0.6720763444900513,0.08851083368062973,0.3834366798400879,0.07599355280399323
321,0,rec2018-05-03_15h30m09.333s.wav,Inhale,4.384,6.264,1.88,0.9892923398962561,0.9999294877052307,106,8000,0.14817661046981812,0.23302260041236877,0.04953378811478615,0.6159999966621399,0.41454336047172546,0.036082230508327484,0.12988917529582977,0.06166024133563042,0.680349588394165,0.0932580903172493,0.39324021339416504,0.061359357088804245
322,0,rec2018-05-03_15h30m28.140s.wav,Inhale,2.896,4.456,1.5600000000000005,0.9830885224564131,0.9999120831489563,86,8000,0.15144678950309753,0.22950756549835205,0.045554764568805695,0.36000001430511475,0.3911961615085602,0.03358934447169304,0.13625067472457886,0.05662117898464203,0.6401067972183228,0.08281923085451126,0.3865194618701935,0.06967641413211823
323,0,rec2018-05-03_15h30m45.469s.wav,Inhale,2.7680000000000002,4.408,1.6400000000000001,0.9836964567939004,0.9999256134033203,91,8000,0.14676398038864136,0.2255694717168808,0.04377347603440285,0.5920000076293945,0.4022633135318756,0.03939968720078468,0.14411023259162903,0.05665573477745056,0.6812044978141785,0.07052336633205414,0.3860882520675659,0.06631825119256973
324,0,rec2018-05-03_15h31m15.084s.wav,Inhale,2.72,4.248,1.528,0.981472372299149,0.9998201131820679,84,8000,0.12793733179569244,0.21625779569149017,0.03167690709233284,0.8320000171661377,0.40868818759918213,0.04742629826068878,0.16537901759147644,0.07860995829105377,0.6736246943473816,0.08348584175109863,0.40976205468177795,0.08447794616222382
325,0,rec2018-05-03_15h31m38.884s.wav,Inhale,3.408,5.048,1.6400000000000001,0.9853728662480364,0.9998904466629028,91,8000,0.13667164742946625,0.22173963487148285,0.03808939456939697,0.7919999957084656,0.40502047538757324,0.03810322284698486,0.15780970454216003,0.07069718092679977,0.668878972530365,0.0704108327627182,0.3995681405067444,0.0756191685795784
326,0,rec2018-05-03_15h31m59.455s.wav,Inhale,3.504,5.288,1.7840000000000003,0.9795184832811356,0.9999330639839172,100,8000,0.1466095894575119,0.24484799802303314,0.04794349893927574,0.23999999463558197,0.39299726486206055,0.031451255083084106,0.13306348025798798,0.07920711487531662,0.6448799967765808,0.08160422742366791,0.3721117377281189,0.06472755968570709
327,0,rec2018-05-03_15h32m17.555s.wav,Inhale,3.68,5.304,1.624,0.9853017932838863,0.9998250603675842,90,8000,0.14858534932136536,0.21929942071437836,0.04432737082242966,0.8320000171661377,0.3989061713218689,0.035111892968416214,0.1618894338607788,0.07755621522665024,0.6632965803146362,0.07257812470197678,0.3931645452976227,0.07918361574411392
328,0,rec2018-05-03_15h32m35.669s.wav,Inhale,3.7760000000000002,5.464,1.6880000000000002,0.9824281531445523,0.9999155402183533,94,8000,0.1320054829120636,0.19559083878993988,0.036341965198516846,1.0,0.41573506593704224,0.03568655997514725,0.12814198434352875,0.05682069808244705,0.6604142189025879,0.08585163205862045,0.4022032618522644,0.06916218996047974
329,0,rec2018-05-03_15h33m11.807s.wav,Inhale,2.688,4.152,1.464,0.9822374500334263,0.9999192357063293,80,8000,0.17802879214286804,0.37600192427635193,0.06691378355026245,0.5600000023841858,0.3617193102836609,0.05758712440729141,0.11559685319662094,0.07832362502813339,0.621688187122345,0.08833754807710648,0.2999904453754425,0.08574175834655762
330,0,rec2018-05-03_15h33m29.486s.wav,Inhale,3.696,5.176,1.48,0.9797479900313012,0.9998722672462463,81,8000,0.16565237939357758,0.24595846235752106,0.05120304599404335,0.8080000281333923,0.3750917315483093,0.03374122083187103,0.098546102643013,0.044297367334365845,0.5911458134651184,0.07820755988359451,0.3673870265483856,0.057031210511922836
331,0,rec2018-05-03_15h33m51.966s.wav,Inhale,3.584,5.272,1.6880000000000002,0.9860346583609886,0.9998939633369446,94,8000,0.13315808773040771,0.19398833811283112,0.0362650603055954,0.47999998927116394,0.4062504172325134,0.060622382909059525,0.14964096248149872,0.06586221605539322,0.6636571288108826,0.09884510189294815,0.40584462881088257,0.08838244527578354
332,0,rec2018-05-03_15h34m13.707s.wav,Inhale,3.3280000000000003,5.0,1.6719999999999997,0.9850767017692648,0.9998601675033569,93,8000,0.16760946810245514,0.24265944957733154,0.057974159717559814,1.0880000591278076,0.3654796779155731,0.041912440210580826,0.11464042961597443,0.07238639146089554,0.5881324410438538,0.08883511275053024,0.3565848171710968,0.06019909679889679
333,0,rec2018-05-03_15h34m32.131s.wav,Inhale,3.04,4.488,1.4480000000000004,0.983156996437266,0.9998359084129333,79,8000,0.17769451439380646,0.3762296140193939,0.05843348056077957,0.7440000176429749,0.35962802171707153,0.04656382277607918,0.12504635751247406,0.08771047741174698,0.5882984399795532,0.09509322047233582,0.3413703143596649,0.065149687230587
334,0,rec2018-05-03_15h35m02.114s.wav,Inhale,2.896,4.312,1.4160000000000004,0.9844831754634906,0.9999316930770874,77,8000,0.17198225855827332,0.29232603311538696,0.0550127848982811,0.5839999914169312,0.37042587995529175,0.06694094091653824,0.13480879366397858,0.09155548363924026,0.6196014881134033,0.10094277560710907,0.33989039063453674,0.05714685469865799
335,0,rec2018-05-03_15h35m21.837s.wav,Inhale,2.976,4.5200000000000005,1.5440000000000005,0.9831075030214647,0.9997297525405884,85,8000,0.16845223307609558,0.2534911036491394,0.05559764429926872,0.47200000286102295,0.3696713149547577,0.043052978813648224,0.10795587301254272,0.07861816138029099,0.5744603872299194,0.09506023675203323,0.3607819676399231,0.052181441336870193
336,0,rec2018-05-03_15h35m44.100s.wav,Inhale,3.408,5.128,1.7200000000000002,0.9861173747728268,0.999943733215332,96,8000,0.1602076292037964,0.22693249583244324,0.05380281060934067,1.215999960899353,0.38174647092819214,0.03766699507832527,0.11647973954677582,0.058415573090314865,0.6210213899612427,0.09717762470245361,0.37234383821487427,0.05792408436536789
337,0,rec2018-05-03_15h36m09.330s.wav,Inhale,2.88,4.392,1.5120000000000005,0.9814656699996397,0.9999370574951172,83,8000,0.15690264105796814,0.28708499670028687,0.049451980739831924,0.5440000295639038,0.34534475207328796,0.06402741372585297,0.08794113993644714,0.05635988339781761,0.5601151585578918,0.11659704148769379,0.3174110949039459,0.06748025119304657
338,0,rec2018-05-03_15h36m33.401s.wav,Inhale,1.872,3.2560000000000002,1.3840000000000001,0.9737179676691691,0.9998098611831665,75,8000,0.15043528378009796,0.356717586517334,0.04551444202661514,0.6079999804496765,0.37544193863868713,0.05760269612073898,0.13686755299568176,0.0966176837682724,0.6338900923728943,0.0960211306810379,0.3220972418785095,0.06645895540714264
339,0,rec2018-05-03_15h39m20.550s.wav,Inhale,3.056,4.808000000000001,1.7520000000000007,0.9747276300070237,0.9998444318771362,98,8000,0.1394958198070526,0.20848578214645386,0.04177097976207733,0.4880000054836273,0.4210955500602722,0.03370831906795502,0.1436622440814972,0.07988998293876648,0.677521288394928,0.06790807843208313,0.4027654528617859,0.06896065920591354
340,0,rec2018-05-03_15h39m43.079s.wav,Inhale,3.712,5.144,1.432,0.9871108478460556,0.9998899102210999,78,8000,0.138623908162117,0.20553943514823914,0.03340601176023483,0.6000000238418579,0.42192932963371277,0.04110490903258324,0.15121036767959595,0.06271570920944214,0.6888455152511597,0.06638750433921814,0.4031575620174408,0.07545822858810425
341,0,rec2018-05-03_15h40m01.822s.wav,Inhale,5.824,7.464,1.6400000000000006,0.9824248847070631,0.9999401569366455,91,8000,0.13116203248500824,0.21610362827777863,0.03452971950173378,0.23199999332427979,0.4392143189907074,0.032334648072719574,0.19303853809833527,0.07500815391540527,0.7092688083648682,0.04970533773303032,0.427070677280426,0.07901125401258469
342,0,rec2018-05-03_15h40m28.424s.wav,Inhale,3.024,4.728000000000001,1.7040000000000006,0.9860961098419992,0.9999213218688965,95,8000,0.11882657557725906,0.17598295211791992,0.029011182487010956,0.3840000033378601,0.44227278232574463,0.047217901796102524,0.17479421198368073,0.06311958283185959,0.6968457698822021,0.07222887873649597,0.45321398973464966,0.09978614002466202
343,0,rec2018-05-03_15h40m49.846s.wav,Inhale,2.896,4.488,1.5920000000000005,0.9737035340883515,0.99992835521698,88,8000,0.1288943886756897,0.19610901176929474,0.030610110610723495,0.5040000081062317,0.4367133378982544,0.04685838147997856,0.16177713871002197,0.07271821796894073,0.6884375214576721,0.06990140676498413,0.43473634123802185,0.10242822766304016
344,0,rec2018-05-03_15h41m19.370s.wav,Inhale,3.632,5.4,1.7680000000000002,0.9848711797685334,0.9999596476554871,99,8000,0.13439226150512695,0.20151309669017792,0.03854953125119209,0.23999999463558197,0.4226742684841156,0.02697724848985672,0.1606864631175995,0.07436252385377884,0.6693060398101807,0.05823958292603493,0.4173770844936371,0.0773225799202919
345,0,rec2018-05-03_15h41m44.230s.wav,Inhale,5.184,6.92,1.7359999999999998,0.9809916707658276,0.9998467564582825,97,8000,0.12017941474914551,0.17032822966575623,0.030240150168538094,0.5519999861717224,0.4215999245643616,0.04340840131044388,0.1390879601240158,0.07037369161844254,0.6580777168273926,0.09096572548151016,0.407696932554245,0.08146192878484726
346,0,rec2018-05-03_15h42m04.570s.wav,Inhale,2.512,4.12,1.608,0.9837761943259936,0.9998689889907837,89,8000,0.1449500322341919,0.2083827257156372,0.041425254195928574,1.184000015258789,0.4045586884021759,0.033872831612825394,0.16996918618679047,0.06583115458488464,0.6564433574676514,0.07927083224058151,0.42523011565208435,0.07952669262886047
347,0,rec2018-05-03_15h42m24.025s.wav,Inhale,2.864,4.6000000000000005,1.7360000000000007,0.9808324815071735,0.9999072551727295,97,8000,0.13433955609798431,0.23167510330677032,0.03828609362244606,0.4880000054836273,0.408581018447876,0.05689357966184616,0.1408734768629074,0.05704819783568382,0.6608729958534241,0.07969442754983902,0.4053719937801361,0.0889161229133606
348,0,rec2018-05-03_15h42m44.455s.wav,Inhale,2.832,4.696000000000001,1.8640000000000008,0.9846717669850304,0.9996636509895325,105,8000,0.10965155065059662,0.16374021768569946,0.026314547285437584,1.4320000410079956,0.42135176062583923,0.02824512869119644,0.11936099827289581,0.04439857229590416,0.677550733089447,0.05866936594247818,0.40117937326431274,0.05916276574134827
349,0,rec2018-05-03_15h44m07.780s.wav,Inhale,3.536,5.208,1.6720000000000002,0.9839558428333651,0.999829888343811,93,8000,0.14866119623184204,0.20518985390663147,0.04164690896868706,0.25600001215934753,0.41405725479125977,0.022340629249811172,0.1346418261528015,0.07709510624408722,0.671093761920929,0.06408178061246872,0.40126487612724304,0.06908649206161499
350,0,rec2018-05-03_15h44m27.242s.wav,Inhale,2.608,3.9760000000000004,1.3680000000000003,0.9852421203175107,0.9998525381088257,74,8000,0.14208362996578217,0.22570282220840454,0.03568986803293228,0.23199999332427979,0.3908628523349762,0.047686152160167694,0.16647303104400635,0.06848147511482239,0.6524800062179565,0.09676546603441238,0.37857693433761597,0.08699719607830048
351,0,rec2018-05-03_15h44m47.231s.wav,Inhale,3.7920000000000003,5.768000000000001,1.9760000000000004,0.9672044704456141,0.9999260306358337,101,8000,0.12471500784158707,0.1909617930650711,0.036346934735774994,0.35199999809265137,0.4145486354827881,0.03823309391736984,0.126840278506279,0.07429495453834534,0.6517137289047241,0.08882495760917664,0.40015238523483276,0.07115799933671951
352,0,rec2018-05-03_15h45m14.147s.wav,Inhale,3.04,4.92,1.88,0.9838783780358872,0.99994957447052,106,8000,0.13413986563682556,0.19362017512321472,0.03941431641578674,1.600000023841858,0.41480499505996704,0.027860622853040695,0.12207000702619553,0.055660929530858994,0.6548265218734741,0.07699991762638092,0.3915146589279175,0.0547022819519043
353,0,rec2018-05-03_15h46m16.542s.wav,Inhale,2.576,4.088,1.512,0.977988747229059,0.9999270439147949,83,8000,0.12085794657468796,0.19023814797401428,0.02839219756424427,0.6480000019073486,0.4248230755329132,0.03943496569991112,0.1945561021566391,0.09106265008449554,0.6977384686470032,0.06441524624824524,0.4039653539657593,0.08358458429574966
354,0,rec2018-05-03_15h46m45.482s.wav,Inhale,2.448,4.152,1.7040000000000002,0.984722754202391,0.9999279975891113,95,8000,0.13889573514461517,0.1930484026670456,0.04017230123281479,0.8880000114440918,0.40926721692085266,0.03505746275186539,0.15445327758789062,0.06146267428994179,0.6746860146522522,0.07346517592668533,0.417400598526001,0.07883648574352264
355,0,rec2018-05-03_15h47m08.625s.wav,Inhale,3.152,4.776000000000001,1.6240000000000006,0.9823214696513282,0.9999428987503052,90,8000,0.13148026168346405,0.21756580471992493,0.0353504903614521,1.3600000143051147,0.3908461034297943,0.05973587557673454,0.1435367614030838,0.05535119026899338,0.658930778503418,0.10059157758951187,0.3801054060459137,0.08905363082885742
356,0,rec2018-05-03_15h47m37.180s.wav,Inhale,3.376,4.936,1.56,0.9825566036756649,0.9999240636825562,86,8000,0.14160658419132233,0.23041397333145142,0.03919180482625961,1.2799999713897705,0.41905656456947327,0.054174527525901794,0.17365778982639313,0.07362373173236847,0.6878587603569031,0.08047058433294296,0.4204550087451935,0.09118567407131195
357,0,rec2018-05-03_15h47m57.575s.wav,Inhale,3.696,5.176,1.48,0.982640055226691,0.9997032284736633,81,8000,0.12541037797927856,0.19864046573638916,0.02939179725944996,1.0800000429153442,0.4229089915752411,0.05539789795875549,0.16859693825244904,0.08647085726261139,0.6903981566429138,0.08812697231769562,0.4164697825908661,0.10093086957931519
358,0,rec2018-05-03_15h48m19.468s.wav,Inhale,3.024,4.328,1.3040000000000003,0.9768876501492092,0.9999362826347351,70,8000,0.15080395340919495,0.2820166051387787,0.04066549241542816,0.5199999809265137,0.3903648555278778,0.03657042980194092,0.14848347008228302,0.052806444466114044,0.6680163741111755,0.06755086779594421,0.37063226103782654,0.06292735040187836
359,0,rec2018-05-03_15h48m42.154s.wav,Inhale,2.64,4.312,1.6720000000000002,0.9858944044318251,0.999929666519165,93,8000,0.15005403757095337,0.2328975796699524,0.04610881954431534,1.0800000429153442,0.3956194519996643,0.053068771958351135,0.14455822110176086,0.06801039725542068,0.65625,0.10217875987291336,0.4085472524166107,0.08582709729671478
360,0,rec2018-05-03_15h49m02.235s.wav,Inhale,3.2,4.904,1.7039999999999997,0.9793476616081439,0.9999451637268066,95,8000,0.1392817497253418,0.2371320277452469,0.03780161589384079,1.5199999809265137,0.4179994761943817,0.0326845720410347,0.13675342500209808,0.0652124285697937,0.6732257604598999,0.0809658020734787,0.40026742219924927,0.07780060172080994
