recording_id,event_id,recording_file,label,start_s,end_s,duration_s,confidence,max_confidence,window_count,sample_rate,mean_rms,peak_rms,total_energy,time_to_peak_s,spectral_centroid_mean,spectral_centroid_std,spectral_flatness_mean,spectral_flatness_std,spectral_rolloff_mean,spectral_rolloff_std,zcr_mean,zcr_std,recording_timestamp,recording_duration_s,n_events_in_recording,gap_prev_s,gap_next_s,inhale_window_fraction,chronological_order,flag_nonfinite_feature,flag_short_duration,flag_close_neighbor,flag_recording_boundary,usable,exclusion_reasons,usable_order,usability_rule
0,0,rec2018-01-22_17h41m33.475s.wav,Inhale,2.496,4.04,1.544,0.8478618302766014,0.9846252202987672,85,8000,0.1772032380104065,0.2560329437255859,0.0578002668917179,0.5440000295639038,0.3788205981254577,0.0387400351464748,0.1902521103620529,0.064941756427288,0.6864932179450989,0.0727530047297477,0.4079086482524872,0.0788076072931289,2018-01-22T17:41:33.475000,12.0,1,,,1.0,1,False,False,False,False,True,,1,v1
1,0,rec2018-01-22_17h41m49.809s.wav,Inhale,0.6880000000000001,2.232,1.544,0.9337995206608491,0.987416923046112,85,8000,0.1774943321943283,0.2749044299125671,0.0593288950622081,1.25600004196167,0.3786831498146057,0.0392467528581619,0.1567996442317962,0.048104178160429,0.6812580823898315,0.0691829174757003,0.4240848422050476,0.0860765352845192,2018-01-22T17:41:49.809000,12.0,1,,,1.0,2,False,False,False,False,True,,2,v1
2,0,rec2018-01-22_17h42m07.718s.wav,Inhale,2.048,3.608,1.56,0.908583119858143,0.9745699763298036,86,8000,0.1669168323278427,0.2565329074859619,0.0536600947380065,0.2160000056028366,0.3870222866535187,0.0413112007081508,0.1656906604766845,0.0549235790967941,0.6857063174247742,0.0717171803116798,0.405285894870758,0.0782839730381965,2018-01-22T17:42:07.718000,12.0,1,,,1.0,3,False,False,False,False,True,,3,v1
3,0,rec2018-01-22_17h42m23.769s.wav,Inhale,2.912,4.632000000000001,1.7200000000000006,0.8991530801480015,0.9897542595863342,96,8000,0.1688504219055175,0.2645604014396667,0.0600308179855346,0.2720000147819519,0.390111356973648,0.0469907410442829,0.1663258820772171,0.0588279403746128,0.6946976184844971,0.0693487450480461,0.4237648248672485,0.0840338170528411,2018-01-22T17:42:23.769000,12.0,1,,,1.0,4,False,False,False,False,True,,4,v1
4,0,rec2018-01-22_17h44m03.761s.wav,Inhale,2.56,4.2,1.64,0.8749377157661941,0.980003833770752,91,8000,0.1873664259910583,0.3303876221179962,0.073714829981327,0.8479999899864197,0.3577907979488373,0.036942109465599,0.1326788812875747,0.0478547662496566,0.6625455021858215,0.0957454591989517,0.3555754125118255,0.0608133599162101,2018-01-22T17:44:03.761000,12.0,1,,,1.0,5,False,False,False,False,True,,5,v1
5,0,rec2018-01-22_17h44m21.408s.wav,Inhale,4.704,6.248,1.5440000000000005,0.9089284388458028,0.985457956790924,85,8000,0.1853877902030944,0.2570063173770904,0.0610909312963485,0.1439999938011169,0.3825538754463196,0.039017628878355,0.1650647819042205,0.044181115925312,0.6881040334701538,0.0428637005388736,0.4003302156925201,0.0705494508147239,2018-01-22T17:44:21.408000,12.0,1,,,1.0,6,False,False,False,False,True,,6,v1
6,0,rec2018-01-22_17h44m39.521s.wav,Inhale,4.336,6.184,1.848,0.8498581504592528,0.983157992362976,104,8000,0.182725578546524,0.2834793329238891,0.0773808285593986,0.3840000033378601,0.3578150570392608,0.0336248576641082,0.1453374624252319,0.0611705966293811,0.6428475379943848,0.0837910622358322,0.3359375,0.0689613670110702,2018-01-22T17:44:39.521000,12.0,1,,,1.0,7,False,False,False,False,True,,7,v1
7,0,rec2018-01-22_17h44m56.745s.wav,Inhale,2.848,4.84,1.992,0.9268389958723456,0.9948825240135192,113,8000,0.1936403810977935,0.2975147664546966,0.0922060310840606,0.7680000066757202,0.3685841560363769,0.0490506552159786,0.1456238925457,0.0605192668735981,0.6560937762260437,0.0683312863111496,0.3596914112567901,0.0433588810265064,2018-01-22T17:44:56.745000,12.0,1,,,1.0,8,False,False,False,False,True,,8,v1
8,0,rec2018-01-22_17h45m12.839s.wav,Inhale,0.752,2.04,1.288,0.922130362711091,0.985884726047516,69,8000,0.188622772693634,0.3259517252445221,0.0537730269134044,1.2640000581741333,0.3692077696323395,0.0423347502946853,0.1621612906455993,0.0643469765782356,0.6571663022041321,0.0907165259122848,0.3941363990306854,0.0879462733864784,2018-01-22T17:45:12.839000,12.0,1,,,1.0,9,False,False,False,False,True,,9,v1
9,0,rec2018-01-23_10h42m07.256s.wav,Inhale,3.344,4.952,1.608,0.9419005985340376,0.9919159412384032,89,8000,0.1788096576929092,0.2739526331424713,0.0642656981945037,1.1519999504089355,0.3718438148498535,0.0391071140766143,0.1622491180896759,0.0566138140857219,0.6852181553840637,0.0700924918055534,0.3687030971050262,0.0626826584339141,2018-01-23T10:42:07.256000,12.0,1,,,1.0,10,False,False,False,False,True,,10,v1
10,0,rec2018-01-23_10h42m23.823s.wav,Inhale,1.44,3.0000000000000004,1.5600000000000005,0.9466804855091628,0.9956548810005188,86,8000,0.1607979387044906,0.2446260005235672,0.0502451695501804,1.3279999494552612,0.3897471129894256,0.0451104119420051,0.1546311676502227,0.054640594869852,0.6895726919174194,0.0938267037272453,0.418347418308258,0.093753270804882,2018-01-23T10:42:23.823000,12.0,1,,,1.0,11,False,False,False,False,True,,11,v1
11,0,rec2018-01-23_10h42m45.728s.wav,Inhale,0.5760000000000001,2.68,2.104,0.9660719970862072,0.995628535747528,120,8000,0.1788153946399688,0.2905588746070862,0.0813800916075706,0.8399999737739563,0.3782607018947601,0.0401241891086101,0.1464615613222122,0.059500578790903,0.6897490620613098,0.0890478119254112,0.3863377571105957,0.069732554256916,2018-01-23T10:42:45.728000,12.0,1,,,1.0,12,False,False,False,False,True,,12,v1
12,0,rec2018-01-23_10h43m05.349s.wav,Inhale,2.192,4.152,1.96,0.97122547433183,0.9973201155662536,111,8000,0.1555854082107544,0.2300266027450561,0.0585685968399047,0.8479999899864197,0.3992364108562469,0.0391235426068306,0.1720316559076309,0.0618907734751701,0.6949313879013062,0.0836454927921295,0.4288518726825714,0.0916363820433616,2018-01-23T10:43:05.349000,12.0,1,,,1.0,13,False,False,False,False,True,,13,v1
13,0,rec2018-01-23_10h43m22.564s.wav,Inhale,2.848,4.808000000000001,1.9600000000000009,0.9490245452551084,0.9953882694244384,107,8000,0.1832701116800308,0.2595759332180023,0.0731131806969642,1.656000018119812,0.4040972292423248,0.049322672188282,0.1609401553869247,0.0388436131179332,0.713478147983551,0.0380326099693775,0.4475931227207184,0.053922813385725,2018-01-23T10:43:22.564000,12.0,1,,,0.963963963963964,14,False,False,False,False,True,,14,v1
14,0,rec2018-01-23_10h43m40.126s.wav,Inhale,0.8320000000000001,2.664,1.832,0.9650137326092396,0.9971593022346495,103,8000,0.1700514703989029,0.2743986546993255,0.066420167684555,0.9200000166893004,0.3845367431640625,0.0386453941464424,0.1291831582784652,0.0499213971197605,0.681046187877655,0.0871137380599975,0.397327184677124,0.0810287743806839,2018-01-23T10:43:40.126000,12.0,1,,,1.0,15,False,False,False,False,True,,15,v1
15,0,rec2018-01-23_10h43m56.234s.wav,Inhale,0.768,2.4400000000000004,1.6720000000000004,0.960628387107644,0.9978858828544616,93,8000,0.1583334356546402,0.2537996172904968,0.051377072930336,1.4320000410079956,0.3922394514083862,0.036831934005022,0.1630470752716064,0.0656922906637191,0.6865699291229248,0.0930873528122901,0.4137276709079742,0.0889762043952941,2018-01-23T10:43:56.234000,12.0,1,,,1.0,16,False,False,False,False,True,,16,v1
16,0,rec2018-01-23_10h44m12.634s.wav,Inhale,0.8320000000000001,3.208,2.3760000000000003,0.9789226085600192,0.9971426725387572,137,8000,0.1479821503162384,0.2131074219942093,0.0607772134244442,0.3600000143051147,0.4167764782905578,0.0422142669558525,0.1773356795310974,0.0639057680964469,0.7020763158798218,0.0890056267380714,0.4644341170787811,0.1044391766190528,2018-01-23T10:44:12.634000,12.0,1,,,1.0,17,False,False,False,False,True,,17,v1
17,0,rec2018-01-23_10h44m30.273s.wav,Inhale,2.64,4.376,1.7360000000000002,0.9735949383568518,0.996429204940796,97,8000,0.1549221575260162,0.2523451149463653,0.0516297183930873,0.6079999804496765,0.4069482088088989,0.0432318709790706,0.1588625907897949,0.0624661892652511,0.701512336730957,0.0789160728454589,0.4301085770130157,0.0734496712684631,2018-01-23T10:44:30.273000,12.0,1,,,1.0,18,False,False,False,False,True,,18,v1
18,0,rec2018-01-23_10h45m25.926s.wav,Inhale,4.6080000000000005,6.136,1.5279999999999996,0.9120199900297892,0.9935973882675172,84,8000,0.1683565974235534,0.2579691410064697,0.0512871369719505,1.0399999618530271,0.386606216430664,0.0385401584208011,0.169487178325653,0.0588302090764045,0.6771240234375,0.0851241573691368,0.4351425170898437,0.1038207933306694,2018-01-23T10:45:25.926000,12.0,1,,,1.0,19,False,False,False,False,True,,19,v1
19,0,rec2018-01-23_10h45m44.127s.wav,Inhale,2.512,4.28,1.7680000000000002,0.9651438708257194,0.9986772537231444,99,8000,0.177190899848938,0.2671604752540588,0.0689907968044281,1.0160000324249268,0.3760787546634674,0.034299362450838,0.1273300349712371,0.0456882044672966,0.6787021160125732,0.0779284983873367,0.3714852631092071,0.0617646016180515,2018-01-23T10:45:44.127000,12.0,2,,0.232,1.0,20,False,False,False,False,True,,20,v1
19,1,rec2018-01-23_10h45m44.127s.wav,Inhale,4.5120000000000005,4.712000000000001,0.2000000000000001,0.490061342716217,0.490061342716217,1,8000,0.2427081167697906,0.32952880859375,0.0118520893156528,0.2000000029802322,0.3348084092140198,0.0187281165271997,0.124072179198265,0.0499316081404686,0.5330528616905212,0.0754751190543174,0.2285531908273697,0.0324570536613464,2018-01-23T10:45:44.127000,12.0,2,0.232,,1.0,21,False,True,False,False,False,short_duration,,v1
20,0,rec2018-01-23_10h46m04.850s.wav,Inhale,1.968,3.688,1.7200000000000002,0.9688474430392184,0.9975178837776184,96,8000,0.1525972783565521,0.2349851429462433,0.0492256395518779,0.3919999897480011,0.4049626886844635,0.0374297797679901,0.1713492721319198,0.0547031350433826,0.70703125,0.0657089948654174,0.4487123787403106,0.0914212986826896,2018-01-23T10:46:04.850000,12.0,1,,,1.0,22,False,False,False,False,True,,21,v1
21,0,rec2018-01-23_10h47m11.936s.wav,Inhale,4.416,6.008,1.5919999999999996,0.8973581384528767,0.9816783666610718,88,8000,0.1936699599027633,0.2999245524406433,0.0705049932003021,0.4720000028610229,0.3715336918830871,0.035684373229742,0.1585680693387985,0.0442085638642311,0.6948046684265137,0.0502561666071414,0.4115502834320068,0.0751348435878753,2018-01-23T10:47:11.936000,12.0,1,,,1.0,23,False,False,False,False,True,,22,v1
22,0,rec2018-01-23_10h49m01.624s.wav,Inhale,2.576,5.736000000000001,3.1600000000000006,0.9740512146744676,0.9996151328086852,186,8000,0.1855430752038955,0.2533213198184967,0.1228074878454208,2.6640000343322754,0.3987204730510711,0.0458710044622421,0.1321756988763809,0.0590908005833625,0.6494633555412292,0.0953921377658844,0.3950269222259521,0.0360191278159618,2018-01-23T10:49:01.624000,12.0,1,,,1.0,24,False,False,False,False,True,,23,v1
23,0,rec2018-01-23_10h49m24.634s.wav,Inhale,3.024,5.5440000000000005,2.5200000000000005,0.9844007626788256,0.9997668862342834,146,8000,0.1890803724527359,0.2541725933551788,0.103355623781681,1.6640000343322754,0.3747974932193756,0.0286083463579416,0.1123343855142593,0.0853729620575904,0.5885087251663208,0.1115084290504455,0.3579055070877075,0.0478073693811893,2018-01-23T10:49:24.634000,12.0,1,,,1.0,25,False,False,False,False,True,,24,v1
24,0,rec2018-01-23_10h50m00.411s.wav,Inhale,5.488,8.184,2.695999999999999,0.9774037740033144,0.999591052532196,157,8000,0.1838201880455017,0.250740498304367,0.1046447604894638,2.095999956130981,0.3867894411087036,0.0367659106850624,0.1270494908094406,0.0587317049503326,0.6283515095710754,0.1025329157710075,0.3838526308536529,0.0424639955163002,2018-01-23T10:50:00.411000,12.0,1,,,1.0,26,False,False,False,False,True,,25,v1
25,0,rec2018-01-23_10h50m22.155s.wav,Inhale,2.496,5.256,2.76,0.978876142768386,0.9988613128662108,161,8000,0.1777656823396682,0.2372426241636276,0.0980971381068229,2.184000015258789,0.396277368068695,0.0396397188305854,0.1123257130384445,0.0517825484275817,0.6378251314163208,0.0916121453046798,0.381607323884964,0.0302227735519409,2018-01-23T10:50:22.155000,12.0,1,,,1.0,27,False,False,False,False,True,,26,v1
26,0,rec2018-01-23_10h50m40.883s.wav,Inhale,3.36,6.008,2.648,0.9607704034099332,0.9993309378623962,154,8000,0.1802706122398376,0.2335573583841323,0.0972645357251167,1.9919999837875368,0.3870837986469269,0.0220362972468137,0.1323640644550323,0.0573810078203678,0.6437311768531799,0.0827236548066139,0.3768575191497803,0.045876856893301,2018-01-23T10:50:40.883000,12.0,1,,,1.0,28,False,False,False,False,True,,27,v1
27,0,rec2018-01-23_10h52m21.295s.wav,Inhale,2.72,5.384,2.664,0.9701798877408429,0.999556839466095,155,8000,0.182088628411293,0.2577584683895111,0.1032719239592552,1.5679999589920044,0.359140008687973,0.022784274071455,0.0784955620765686,0.0534584708511829,0.5394601225852966,0.0798647701740264,0.3300401270389557,0.0359724536538124,2018-01-23T10:52:21.295000,12.0,1,,,1.0,29,False,False,False,False,True,,28,v1
28,0,rec2018-01-23_10h52m39.068s.wav,Inhale,3.984,7.08,3.096,0.955536655999802,0.9996217489242554,182,8000,0.1841738820075988,0.2445954233407974,0.120714358985424,2.6080000400543213,0.3775152564048767,0.0268351510167121,0.0980774611234664,0.0543346405029296,0.5812661051750183,0.1011879742145538,0.3664173185825348,0.0361046604812145,2018-01-23T10:52:39.068000,12.0,1,,,1.0,30,False,False,False,False,True,,29,v1
29,0,rec2018-01-23_10h52m57.816s.wav,Inhale,5.6000000000000005,8.632,3.031999999999999,0.9758602685472938,0.9991955161094666,178,8000,0.1801092326641082,0.2341592013835907,0.1097655817866325,2.6480000019073486,0.389325886964798,0.0253247488290071,0.1265269219875335,0.0658745393157005,0.6236636638641357,0.1001498028635978,0.3891897201538086,0.0406981892883777,2018-01-23T10:52:57.816000,12.0,2,,2.952,1.0,31,False,False,False,False,True,,30,v1
29,1,rec2018-01-23_10h52m57.816s.wav,Inhale,11.584,12.0,0.4160000000000003,0.7605880051851273,0.94881010055542,12,8000,0.1870724409818649,0.2781144380569458,0.016647532582283,0.2000000029802322,0.3368020057678222,0.0164283346384763,0.0492633767426013,0.0267707239836454,0.4426591992378235,0.0348707102239131,0.2835808396339416,0.0616240836679935,2018-01-23T10:52:57.816000,12.0,2,2.952,,,32,False,True,False,True,False,short_duration;recording_boundary,,v1
30,0,rec2018-01-23_10h53m20.922s.wav,Inhale,2.128,4.712000000000001,2.5840000000000005,0.9588367571433384,0.9992786049842834,150,8000,0.1671670079231262,0.2266982197761535,0.0844865962862968,1.9040000438690183,0.3931632339954376,0.0376901924610137,0.1232549399137497,0.0642730668187141,0.6273630261421204,0.1039406880736351,0.3862410187721252,0.044444378465414,2018-01-23T10:53:20.922000,12.0,1,,,1.0,33,False,False,False,False,True,,31,v1
31,0,rec2018-01-23_10h54m18.511s.wav,Inhale,3.44,5.848,2.408,0.9421242111020808,0.998367428779602,139,8000,0.1828387379646301,0.2570186555385589,0.0920772552490234,1.919999957084656,0.3559658825397491,0.0198935810476541,0.0824446007609367,0.0312796980142593,0.5350786447525024,0.0716527849435806,0.3295995593070984,0.0369632095098495,2018-01-23T10:54:18.511000,12.0,1,,,1.0,34,False,False,False,False,True,,32,v1
32,0,rec2018-01-23_10h54m39.487s.wav,Inhale,3.392,6.680000000000001,3.2880000000000007,0.9732032746234268,0.9991750717163086,189,8000,0.1529043614864349,0.2358514964580536,0.093530349433422,0.4720000028610229,0.3734826147556305,0.0296682585030794,0.0580804608762264,0.0416972190141677,0.5350045561790466,0.1014142259955406,0.3441399037837982,0.0266961026936769,2018-01-23T10:54:39.487000,12.0,1,,,0.9742268041237113,35,False,False,False,False,True,,33,v1
33,0,rec2018-01-23_10h56m48.215s.wav,Inhale,0.992,3.2880000000000003,2.2960000000000003,0.8942506864215388,0.9926502108573914,132,8000,0.2178744226694107,0.3375234305858612,0.1320084482431411,0.4079999923706054,0.3520329594612121,0.0458547323942184,0.1079472824931144,0.0462036654353141,0.6351454257965088,0.0660579875111579,0.3296339213848114,0.0531898997724056,2018-01-23T10:56:48.215000,12.0,1,,,1.0,36,False,False,False,False,True,,34,v1
34,0,rec2018-01-23_10h57m38.405s.wav,Inhale,2.192,4.408,2.216,0.8576029323217437,0.9837898015975952,127,8000,0.2224208116531372,0.3185729086399078,0.127255693078041,0.5600000023841858,0.3644531071186065,0.0648920834064483,0.1278862059116363,0.0435851588845253,0.659875214099884,0.055205225944519,0.3428068161010742,0.0413890816271305,2018-01-23T10:57:38.405000,12.0,1,,,1.0,37,False,False,False,False,True,,35,v1
35,0,rec2018-01-23_10h57m54.607s.wav,Inhale,2.88,5.112,2.232,0.9713886538520456,0.9971497058868408,128,8000,0.1711179912090301,0.2442337125539779,0.0743067935109138,1.0479999780654907,0.4000181853771209,0.0348571129143238,0.169410154223442,0.0605589039623737,0.6898995637893677,0.0726178139448165,0.4022077322006225,0.0682896971702575,2018-01-23T10:57:54.607000,12.0,1,,,1.0,38,False,False,False,False,True,,36,v1
36,0,rec2018-01-23_10h59m20.895s.wav,Inhale,2.064,3.928,1.8640000000000003,0.9457393334025428,0.9945888519287108,105,8000,0.1758348494768142,0.2445713132619857,0.0696313381195068,0.6320000290870667,0.3833701014518738,0.0387622229754924,0.1645770370960235,0.055684421211481,0.6888354420661926,0.0671186000108718,0.3934670388698578,0.0650007799267768,2018-01-23T10:59:20.895000,12.0,1,,,1.0,39,False,False,False,False,True,,37,v1
37,0,rec2018-01-23_10h59m40.619s.wav,Inhale,2.336,4.2,1.8640000000000003,0.964741215251741,0.9953121542930604,105,8000,0.1744778305292129,0.2966679334640503,0.0720816329121589,0.6159999966621399,0.3736630380153656,0.0454571843147277,0.1373176127672195,0.0538645796477794,0.6655648946762085,0.0877847969532013,0.366799384355545,0.0697795823216438,2018-01-23T10:59:40.619000,12.0,1,,,1.0,40,False,False,False,False,True,,38,v1
38,0,rec2018-01-23_10h59m57.587s.wav,Inhale,2.24,4.296,2.056,0.9405378938740137,0.9909268617630004,117,8000,0.1846234798431396,0.270753264427185,0.0852424353361129,1.496000051498413,0.3803303241729736,0.0457721352577209,0.1513311713933944,0.0593350045382976,0.6673328280448914,0.0740979835391044,0.3699033260345459,0.0457912161946296,2018-01-23T10:59:57.587000,12.0,1,,,1.0,41,False,False,False,False,True,,39,v1
39,0,rec2018-01-23_11h00m14.641s.wav,Inhale,2.432,4.2,1.7680000000000002,0.9540309087194576,0.994452714920044,99,8000,0.1587179899215698,0.2378390580415725,0.0545623376965522,0.959999978542328,0.3879861831665039,0.0451058000326156,0.1511357575654983,0.0591977573931217,0.6743384003639221,0.0939520224928855,0.3943970799446106,0.0830009877681732,2018-01-23T11:00:14.641000,12.0,1,,,1.0,42,False,False,False,False,True,,40,v1
42,0,rec2018-01-23_11h01m08.679s.wav,Inhale,3.04,5.032,1.992,0.9634282151154712,0.9967164993286132,113,8000,0.175168827176094,0.2774381935596466,0.0713056027889251,1.2960000038146973,0.3964695632457733,0.0404511019587516,0.1696207225322723,0.0540264695882797,0.6922500133514404,0.0527782440185546,0.4114160239696502,0.0581038370728492,2018-01-23T11:01:08.679000,12.0,1,,,1.0,43,False,False,False,False,True,,41,v1
43,0,rec2018-01-23_11h01m26.075s.wav,Inhale,2.112,3.928,1.8160000000000005,0.931933766486598,0.9905974864959716,102,8000,0.1717912405729293,0.2670143544673919,0.0648052096366882,0.984000027179718,0.3814643919467926,0.0311527103185653,0.1462271511554718,0.0606342852115631,0.6672492027282715,0.0924605578184127,0.3873355388641357,0.0724995732307434,2018-01-23T11:01:26.075000,12.0,1,,,1.0,44,False,False,False,False,True,,42,v1
44,0,rec2018-01-23_11h01m41.256s.wav,Inhale,1.664,3.5280000000000005,1.8640000000000003,0.9702371807325454,0.9964002370834352,105,8000,0.1700000315904617,0.2466574311256408,0.0642173886299133,0.8479999899864197,0.3890838623046875,0.0470193959772586,0.1618166863918304,0.0571270026266574,0.6766158938407898,0.085477702319622,0.3922692835330963,0.078169398009777,2018-01-23T11:01:41.256000,12.0,1,,,1.0,45,False,False,False,False,True,,43,v1
45,0,rec2018-01-23_11h01m57.075s.wav,Inhale,3.92,5.5440000000000005,1.6240000000000006,0.9466365416844684,0.9955654740333556,90,8000,0.1583058536052703,0.2481895536184311,0.0506394654512405,0.800000011920929,0.4001941680908203,0.0384785830974578,0.1643860638141632,0.0550635829567909,0.7049249410629272,0.0418797619640827,0.4266907870769501,0.0933636426925659,2018-01-23T11:01:57.075000,12.0,1,,,1.0,46,False,False,False,False,True,,44,v1
46,0,rec2018-01-23_11h02m14.505s.wav,Inhale,1.728,3.3840000000000003,1.6560000000000004,0.9493634610072428,0.994683027267456,92,8000,0.1664720624685287,0.2484621107578277,0.0560686662793159,0.4880000054836273,0.3928106129169464,0.0299306716769933,0.1639566421508789,0.0550694614648819,0.685471773147583,0.0692316070199012,0.4011371433734894,0.0783905237913131,2018-01-23T11:02:14.505000,12.0,1,,,1.0,47,False,False,False,False,True,,45,v1
47,0,rec2018-01-23_11h02m29.845s.wav,Inhale,2.864,4.680000000000001,1.8160000000000007,0.9418049472219804,0.996124505996704,102,8000,0.1646631509065628,0.2434532046318054,0.0595313981175422,1.3919999599456787,0.3902871310710907,0.0335613079369068,0.1534013897180557,0.0568455830216407,0.6733826994895935,0.0884148627519607,0.381803810596466,0.066765584051609,2018-01-23T11:02:29.845000,12.0,1,,,1.0,48,False,False,False,False,True,,46,v1
48,0,rec2018-01-23_11h02m48.266s.wav,Inhale,0.592,2.28,1.6880000000000002,0.9522300888883308,0.994050145149231,94,8000,0.1680449545383453,0.2367098033428192,0.0565036796033382,1.0640000104904177,0.3992593884468078,0.0375800356268882,0.1736701279878616,0.0547386668622493,0.6931014060974121,0.0709504410624504,0.4134152829647064,0.0725998803973198,2018-01-23T11:02:48.266000,12.0,1,,,1.0,49,False,False,False,False,True,,47,v1
49,0,rec2018-01-23_11h03m04.371s.wav,Inhale,2.224,4.12,1.896,0.9691776516281556,0.9962195754051208,107,8000,0.155763179063797,0.2139937728643417,0.053606629371643,0.8640000224113464,0.4149389863014221,0.0350917652249336,0.1712977886199951,0.050896268337965,0.7118894457817078,0.0633992478251457,0.4506979584693908,0.0877536907792091,2018-01-23T11:03:04.371000,12.0,1,,,1.0,50,False,False,False,False,True,,48,v1
50,0,rec2018-01-23_11h03m19.651s.wav,Inhale,2.352,3.96,1.6080000000000003,0.9298992592297244,0.9888882040977478,89,8000,0.1960341185331344,0.3036039471626282,0.0745138227939605,0.9760000109672546,0.3689755797386169,0.031510192900896,0.1369987279176712,0.0570989660918712,0.6562886834144592,0.0767535045742988,0.3627760410308838,0.0571150928735733,2018-01-23T11:03:19.651000,12.0,1,,,1.0,51,False,False,False,False,True,,49,v1
51,0,rec2018-01-23_11h03m36.803s.wav,Inhale,1.76,3.272,1.5120000000000002,0.9459984482052816,0.9918777346611024,83,8000,0.1667197346687317,0.2543856799602508,0.0513361245393753,0.7200000286102295,0.3857192099094391,0.0399109683930873,0.1497599184513092,0.0478644706308841,0.6889802813529968,0.0716098695993423,0.3719598054885864,0.0749225169420242,2018-01-23T11:03:36.803000,12.0,1,,,1.0,52,False,False,False,False,True,,50,v1
52,0,rec2018-01-23_11h03m51.751s.wav,Inhale,1.264,2.8560000000000003,1.5920000000000003,0.9368076222864063,0.9902591109275818,88,8000,0.1538333296775818,0.2693795263767242,0.0496930927038192,0.8399999737739563,0.3923290967941284,0.0484134554862976,0.1671486645936966,0.0773938372731208,0.6687890887260437,0.0946341753005981,0.3870337009429931,0.0752496495842933,2018-01-23T11:03:51.751000,12.0,1,,,1.0,53,False,False,False,False,True,,51,v1
53,0,rec2018-01-23_11h04m10.613s.wav,Inhale,1.84,3.4800000000000004,1.6400000000000003,0.9262493089005188,0.9817906618118286,91,8000,0.1626567542552948,0.2440158426761627,0.0536970421671867,1.3919999599456787,0.3877576887607574,0.0398697741329669,0.1724449098110199,0.0703821703791618,0.6658070683479309,0.0848580151796341,0.3881883323192596,0.0764610469341278,2018-01-23T11:04:10.613000,12.0,1,,,1.0,54,False,False,False,False,True,,52,v1
54,0,rec2018-01-23_11h04m27.250s.wav,Inhale,1.728,3.768,2.04,0.9566051071060117,0.9965539574623108,116,8000,0.1599383652210235,0.2507106065750122,0.0651951655745506,0.656000018119812,0.3924241065979004,0.0386825017631053,0.147374615073204,0.0616861097514629,0.681976318359375,0.0920420289039611,0.3752155303955078,0.0643942505121231,2018-01-23T11:04:27.250000,12.0,1,,,1.0,55,False,False,False,False,True,,53,v1
55,0,rec2018-01-23_11h04m44.325s.wav,Inhale,2.576,4.152,1.576,0.955098676270452,0.9901424050331116,87,8000,0.1469629257917404,0.2434056997299194,0.0425541959702968,1.0800000429153442,0.4105874300003052,0.0411087647080421,0.1766750663518905,0.069987379014492,0.6888020634651184,0.0813899114727974,0.4323878288269043,0.1017973721027374,2018-01-23T11:04:44.325000,12.0,1,,,1.0,56,False,False,False,False,True,,54,v1
56,0,rec2018-01-23_11h05m01.603s.wav,Inhale,3.184,4.696000000000001,1.5120000000000005,0.9624236075274916,0.9986453652381896,83,8000,0.170876920223236,0.2710281014442444,0.0555241890251636,0.7519999742507935,0.3838301301002502,0.0385738089680671,0.1387330442667007,0.0611810013651847,0.6782483458518982,0.0869049727916717,0.3646767139434814,0.0634356364607811,2018-01-23T11:05:01.603000,12.0,1,,,1.0,57,False,False,False,False,True,,55,v1
57,0,rec2018-01-23_11h11m07.436s.wav,Inhale,2.272,4.024,1.7519999999999998,0.9288572389252332,0.9954887628555298,98,8000,0.1916510462760925,0.287321388721466,0.0775292590260505,0.6399999856948853,0.3646736741065979,0.030291199684143,0.1498908102512359,0.0493199154734611,0.6653053760528564,0.0660048648715019,0.3605380058288574,0.0630532801151275,2018-01-23T11:11:07.436000,12.0,1,,,1.0,58,False,False,False,False,True,,56,v1
58,0,rec2018-01-23_11h11m22.731s.wav,Inhale,0.944,2.536,1.592,0.9682158434932884,0.997381865978241,88,8000,0.1613616198301315,0.2339850813150406,0.0493240654468536,1.2319999933242798,0.3969140648841858,0.0294362884014844,0.1654252558946609,0.0599744990468025,0.6930859088897705,0.050747450441122,0.4191967844963074,0.0828429535031318,2018-01-23T11:11:22.731000,12.0,1,,,1.0,59,False,False,False,False,True,,57,v1
59,0,rec2018-01-23_11h11m37.608s.wav,Inhale,1.232,2.8880000000000003,1.6560000000000004,0.9688568141149438,0.9984365701675416,92,8000,0.1711936891078949,0.2873675227165222,0.0611126236617565,1.3919999599456787,0.3897385001182556,0.0446064844727516,0.1535085290670395,0.0499137416481971,0.685960054397583,0.0679760873317718,0.39959716796875,0.0656498670578002,2018-01-23T11:11:37.608000,12.0,1,,,1.0,60,False,False,False,False,True,,58,v1
60,0,rec2018-01-23_11h11m52.435s.wav,Inhale,0.992,2.696,1.7040000000000002,0.953059500769565,0.9926561713218688,95,8000,0.2006168961524963,0.3388912975788116,0.0890936404466629,1.4479999542236328,0.3653141260147095,0.0556350201368331,0.1176515594124794,0.0555322542786598,0.6593896150588989,0.081703670322895,0.346994549036026,0.0474140755832195,2018-01-23T11:11:52.435000,12.0,2,,4.744,1.0,61,False,False,False,False,True,,59,v1
60,1,rec2018-01-23_11h11m52.435s.wav,Inhale,7.44,7.800000000000001,0.3600000000000003,0.6187256845560941,0.6996222734451294,11,8000,0.0362317785620689,0.0880835577845573,0.0006832316867075,0.1519999951124191,0.4708124697208404,0.0975661948323249,0.1162126287817955,0.0363496765494346,0.707880437374115,0.0654346272349357,0.385890781879425,0.112570933997631,2018-01-23T11:11:52.435000,12.0,2,4.744,,1.0,62,False,True,False,False,False,short_duration,,v1
61,0,rec2018-01-23_11h51m22.121s.wav,Inhale,2.48,4.184,1.7040000000000002,0.9012937037568344,0.9818131327629088,95,8000,0.1916377693414688,0.293863296508789,0.0800975635647773,1.2000000476837158,0.3633066713809967,0.03848223015666,0.1387294381856918,0.0438033565878868,0.6652672290802002,0.0609565712511539,0.3582044839859009,0.0472433678805828,2018-01-23T11:51:22.121000,12.0,2,,0.408,1.0,63,False,False,False,False,True,,60,v1
61,1,rec2018-01-23_11h51m22.121s.wav,Inhale,4.5920000000000005,4.824,0.2319999999999993,0.6976695656776428,0.7601971626281738,3,8000,0.1354450434446334,0.3437499105930328,0.0067097460851073,0.0480000004172325,0.3575303256511688,0.0419074073433876,0.138435885310173,0.0648921206593513,0.633593738079071,0.0656234547495842,0.2424804717302322,0.0454490967094898,2018-01-23T11:51:22.121000,12.0,2,0.408,,1.0,64,False,True,False,False,False,short_duration,,v1
62,0,rec2018-01-23_11h51m37.745s.wav,Inhale,0.112,1.4,1.2879999999999998,0.8905125178288722,0.9692549109458924,69,8000,0.1935863643884658,0.3028219044208526,0.0627795681357383,0.5120000243186951,0.3593705594539642,0.043366577476263,0.1422674804925918,0.0696771070361137,0.6587576866149902,0.0726249516010284,0.3340778052806854,0.0602940283715724,2018-01-23T11:51:37.745000,12.0,1,,,1.0,65,False,False,False,False,True,,61,v1
63,0,rec2018-01-23_11h51m52.565s.wav,Inhale,1.952,3.2880000000000003,1.3360000000000003,0.9337632697489526,0.9925874471664428,72,8000,0.1588982492685318,0.2469887137413025,0.0450128503143787,1.0720000267028809,0.3756217956542969,0.0414474010467529,0.1601444035768509,0.0747662559151649,0.667596697807312,0.0915811583399772,0.375456303358078,0.0830806493759155,2018-01-23T11:51:52.565000,12.0,1,,,1.0,66,False,False,False,False,True,,62,v1
64,0,rec2018-01-23_11h52m38.758s.wav,Inhale,1.856,3.4160000000000004,1.5600000000000005,0.9404251367546792,0.99112868309021,86,8000,0.1825793981552124,0.2647319436073303,0.0622517056763172,0.3519999980926513,0.3730429112911224,0.0343174710869789,0.1613912433385849,0.059296291321516,0.6876594424247742,0.0694926306605339,0.3882981836795807,0.084005206823349,2018-01-23T11:52:38.758000,12.0,1,,,1.0,67,False,False,False,False,True,,63,v1
65,0,rec2018-01-23_11h52m53.640s.wav,Inhale,1.088,2.552,1.464,0.9516322165727616,0.9958124160766602,80,8000,0.1760812699794769,0.291642963886261,0.0589287765324115,1.159999966621399,0.3634056150913238,0.0424958728253841,0.145493596792221,0.087998554110527,0.6574388742446899,0.1042408794164657,0.355351984500885,0.0741643756628036,2018-01-23T11:52:53.640000,12.0,1,,,1.0,68,False,False,False,False,True,,64,v1
66,0,rec2018-01-23_11h53m23.410s.wav,Inhale,2.832,4.408,1.5760000000000003,0.9453993021756754,0.9923404455184937,87,8000,0.1916872262954712,0.3065709173679352,0.0722149610519409,1.0800000429153442,0.3479261994361877,0.0339430570602417,0.1237773895263671,0.0632950589060783,0.6288273334503174,0.0950163751840591,0.3099969327449798,0.0606927908957004,2018-01-23T11:53:23.410000,12.0,1,,,1.0,69,False,False,False,False,True,,65,v1
67,0,rec2018-01-23_11h53m38.425s.wav,Inhale,1.664,3.112,1.448,0.9265407497369792,0.9934797286987304,79,8000,0.190181627869606,0.308755874633789,0.0688925981521606,0.959999978542328,0.3464752435684204,0.0316770821809768,0.0997674763202667,0.0493437871336936,0.618947446346283,0.0961547717452049,0.3126663267612457,0.0574300028383731,2018-01-23T11:53:38.425000,12.0,1,,,1.0,70,False,False,False,False,True,,66,v1
68,0,rec2018-01-23_11h53m56.835s.wav,Inhale,0.848,2.4400000000000004,1.5920000000000003,0.9405362558635798,0.988985240459442,88,8000,0.2070631831884384,0.3124697208404541,0.0813485011458396,0.4560000002384186,0.3540100157260895,0.0424146987497806,0.1203581020236015,0.0586440302431583,0.6456249952316284,0.0973057448863983,0.3266161978244781,0.0439497120678424,2018-01-23T11:53:56.835000,12.0,1,,,1.0,71,False,False,False,False,True,,67,v1
69,0,rec2018-01-23_11h56m03.777s.wav,Inhale,2.432,4.008,1.576,0.912288340343826,0.9848039746284484,87,8000,0.1926180720329284,0.3150050342082977,0.0750905573368072,0.9039999842643738,0.3642078638076782,0.0532868541777133,0.1223422139883041,0.046850811690092,0.6575126051902771,0.0661442205309867,0.3349855840206146,0.0392413958907127,2018-01-23T11:56:03.777000,12.0,1,,,1.0,72,False,False,False,False,True,,68,v1
70,0,rec2018-01-23_11h56m18.749s.wav,Inhale,0.88,2.3120000000000003,1.4320000000000004,0.8469862701036991,0.989016592502594,78,8000,0.2322652339935302,0.3573930263519287,0.0935652330517768,1.1679999828338623,0.3453852236270904,0.0454763583838939,0.1104314997792244,0.0386149249970912,0.6309027671813965,0.0596327036619186,0.3089057207107544,0.0374229960143566,2018-01-23T11:56:18.749000,12.0,1,,,1.0,73,False,False,False,False,True,,69,v1
71,0,rec2018-01-23_11h56m33.584s.wav,Inhale,2.096,3.544,1.448,0.8675620548332794,0.97555810213089,79,8000,0.1921998560428619,0.3015621602535248,0.070242129266262,0.6639999747276306,0.3546575605869293,0.036051969975233,0.1246862113475799,0.0499681420624256,0.6422991156578064,0.0712944716215133,0.3197786211967468,0.0425642542541027,2018-01-23T11:56:33.584000,12.0,1,,,1.0,74,False,False,False,False,True,,70,v1
72,0,rec2018-01-23_11h57m24.977s.wav,Inhale,2.32,3.8,1.4800000000000004,0.9459051033596934,0.9941384196281432,81,8000,0.1789827793836593,0.2802119255065918,0.0594450607895851,0.7839999794960022,0.3830776512622833,0.0410827957093715,0.14527228474617,0.0395137853920459,0.6979586482048035,0.0427741855382919,0.3714822828769684,0.0515218786895275,2018-01-23T11:57:24.977000,12.0,1,,,1.0,75,False,False,False,False,True,,71,v1
73,0,rec2018-01-23_11h57m41.504s.wav,Inhale,2.688,3.976,1.2880000000000005,0.9324938508047572,0.9940492510795592,69,8000,0.2001484036445617,0.2894602417945862,0.0597418434917926,0.6000000238418579,0.3819223940372467,0.0612217597663402,0.1309996545314788,0.0347332172095775,0.6760223507881165,0.0447126366198062,0.3618314862251282,0.0476409271359443,2018-01-23T11:57:41.504000,12.0,1,,,1.0,76,False,False,False,False,True,,72,v1
74,0,rec2018-01-23_11h57m58.590s.wav,Inhale,3.136,4.728000000000001,1.5920000000000003,0.9602383910255,0.997657060623169,88,8000,0.1691504418849945,0.2519872486591339,0.0551861114799976,1.343999981880188,0.3967849016189575,0.0466987565159797,0.1570085883140564,0.0450300574302673,0.6892187595367432,0.0404983013868331,0.3779345750808716,0.0550483353435993,2018-01-23T11:57:58.590000,12.0,1,,,1.0,77,False,False,False,False,True,,73,v1
75,0,rec2018-01-23_11h58m15.852s.wav,Inhale,2.032,3.592,1.56,0.9516390638295994,0.996307611465454,86,8000,0.183437094092369,0.2963570952415466,0.0650564804673194,1.1679999828338623,0.3731901347637176,0.0370061807334423,0.1306108981370926,0.0446529760956764,0.6621492505073547,0.0640654265880584,0.3440639078617096,0.0463822446763515,2018-01-23T11:58:15.852000,12.0,1,,,1.0,78,False,False,False,False,True,,74,v1
76,0,rec2018-01-23_11h58m34.582s.wav,Inhale,1.872,3.56,1.688,0.9495278133990916,0.9945313930511476,94,8000,0.186633750796318,0.2949461638927459,0.0726728811860084,0.6320000290870667,0.3702115416526794,0.0424191802740097,0.1300733983516693,0.0413020253181457,0.6628095507621765,0.0449324399232864,0.3311836719512939,0.036019142717123,2018-01-23T11:58:34.582000,12.0,1,,,1.0,79,False,False,False,False,True,,75,v1
77,0,rec2018-01-23_11h58m49.449s.wav,Inhale,2.464,3.912,1.4480000000000004,0.8402588712541681,0.9830061793327332,76,8000,0.1929814964532852,0.2871557772159576,0.0688760951161384,0.7279999852180481,0.3559668958187103,0.0359673053026199,0.1151775121688842,0.0432459935545921,0.6297647953033447,0.0726426839828491,0.3163794279098511,0.0470609441399574,2018-01-23T11:58:49.449000,12.0,1,,,0.9620253164556962,80,False,False,False,False,True,,76,v1
78,0,rec2018-01-23_11h59m04.620s.wav,Inhale,2.848,4.44,1.5920000000000003,0.9387156333435666,0.9975318312644958,88,8000,0.1654098331928253,0.2495561987161636,0.0559439957141876,1.2480000257492063,0.3707242310047149,0.0412620678544044,0.1463177055120468,0.0835471525788307,0.6525781154632568,0.1145641580224037,0.3468481302261352,0.0706850290298461,2018-01-23T11:59:04.620000,12.0,2,,0.616,1.0,81,False,False,False,False,True,,77,v1
78,1,rec2018-01-23_11h59m04.620s.wav,Inhale,5.056,5.304,0.2480000000000002,0.5993275940418243,0.6451959013938904,4,8000,0.0350170917809009,0.0380745716392993,0.0003063482581637,0.0879999995231628,0.3732602000236511,0.0159728825092315,0.0565101355314254,0.024297522380948,0.62255859375,0.0339100696146488,0.238983154296875,0.0475077740848064,2018-01-23T11:59:04.620000,12.0,2,0.616,,1.0,82,False,True,False,False,False,short_duration,,v1
79,0,rec2018-01-23_12h02m44.138s.wav,Inhale,2.48,3.976,1.4960000000000004,0.9422488256198605,0.9894420504570008,82,8000,0.1757716685533523,0.2880535125732422,0.0606178119778633,1.0080000162124634,0.3766555786132812,0.0408155396580696,0.1602910310029983,0.0589546225965023,0.6852560043334961,0.0648767128586769,0.3723975718021393,0.0608799308538436,2018-01-23T12:02:44.138000,12.0,1,,,1.0,83,False,False,False,False,True,,78,v1
80,0,rec2018-01-23_12h03m01.599s.wav,Inhale,1.84,3.16,1.32,0.8929287111255485,0.9818534255027772,71,8000,0.1837848424911499,0.2670074105262756,0.0536233894526958,0.7839999794960022,0.3813298940658569,0.0366564318537712,0.1591966301202774,0.0388518422842025,0.6826995611190796,0.032784953713417,0.3808329105377197,0.0530482642352581,2018-01-23T12:03:01.599000,12.0,1,,,1.0,84,False,False,False,False,True,,79,v1
81,0,rec2018-01-23_12h03m19.922s.wav,Inhale,2.48,3.976,1.4960000000000004,0.9167577093694268,0.9941858053207396,82,8000,0.1931500732898712,0.2848577201366424,0.0661113411188125,0.671999990940094,0.3745822012424469,0.0373433083295822,0.1496820896863937,0.0395602919161319,0.6736618876457214,0.052063412964344,0.3532688915729522,0.0463641434907913,2018-01-23T12:03:19.922000,12.0,1,,,1.0,85,False,False,False,False,True,,80,v1
82,0,rec2018-01-23_12h03m36.988s.wav,Inhale,2.608,4.008,1.4,0.8953363126830051,0.9752678275108336,76,8000,0.1866277009248733,0.2755170464515686,0.0619801320135593,0.4880000054836273,0.3782625198364258,0.0631606131792068,0.1443589627742767,0.0621681958436965,0.6706764698028564,0.061978630721569,0.3390863537788391,0.0362517535686492,2018-01-23T12:03:36.988000,12.0,1,,,1.0,86,False,False,False,False,True,,81,v1
83,0,rec2018-01-23_12h03m52.821s.wav,Inhale,2.352,3.848,1.4960000000000004,0.9374690070384886,0.9953920245170592,82,8000,0.1818518787622451,0.3060090243816376,0.0652288571000099,0.8240000009536743,0.3751016855239868,0.0485404953360557,0.1187203153967857,0.042859561741352,0.6696310043334961,0.0654496625065803,0.3480510413646698,0.0497014187276363,2018-01-23T12:03:52.821000,12.0,1,,,1.0,87,False,False,False,False,True,,82,v1
84,0,rec2018-01-23_12h04m16.860s.wav,Inhale,2.336,3.8,1.4640000000000004,0.9289853282272816,0.9812612533569336,80,8000,0.2008775174617767,0.310450792312622,0.074757382273674,0.6000000238418579,0.3452684581279754,0.0304237585514783,0.1041389256715774,0.0487579517066478,0.63234543800354,0.0848700553178787,0.2865335345268249,0.0400039516389369,2018-01-23T12:04:16.860000,12.0,1,,,1.0,88,False,False,False,False,True,,83,v1
85,0,rec2018-01-23_12h04m31.917s.wav,Inhale,2.4,3.992,1.5920000000000003,0.9388013536279852,0.9887307286262512,88,8000,0.1742155402898788,0.2907383441925049,0.0627893954515457,1.1440000534057615,0.3620887100696563,0.0401300825178623,0.1307911276817321,0.0669924244284629,0.6493750214576721,0.1060388535261154,0.3444897532463074,0.0698858201503753,2018-01-23T12:04:31.917000,12.0,1,,,1.0,89,False,False,False,False,True,,84,v1
86,0,rec2018-01-23_12h04m50.656s.wav,Inhale,1.968,3.4480000000000004,1.4800000000000004,0.9346277110370588,0.9929168224334716,81,8000,0.1838477402925491,0.2757537961006164,0.0591095425188541,0.959999978542328,0.3715676069259643,0.0271567162126302,0.1431975215673446,0.0469058044254779,0.6656585931777954,0.0634127631783485,0.3476982414722442,0.0602500401437282,2018-01-23T12:04:50.656000,12.0,1,,,1.0,90,False,False,False,False,True,,85,v1
87,0,rec2018-01-23_12h05m05.795s.wav,Inhale,2.4,3.832,1.4320000000000004,0.9345254110984312,0.9913212060928344,78,8000,0.1854393035173416,0.3352140784263611,0.0646235942840576,1.128000020980835,0.3502099812030792,0.0436137095093727,0.1170374453067779,0.0569432489573955,0.6236110925674438,0.1014594659209251,0.3144368529319763,0.0586563758552074,2018-01-23T12:05:05.795000,12.0,1,,,1.0,91,False,False,False,False,True,,86,v1
88,0,rec2018-01-23_12h37m08.326s.wav,Inhale,2.368,3.784,1.4160000000000004,0.8749033971266313,0.9884757995605468,77,8000,0.2028109580278396,0.2924818098545074,0.0688097551465034,1.0880000591278076,0.3738905191421509,0.0533651113510131,0.1458233445882797,0.041532851755619,0.6849982738494873,0.0496899783611297,0.3640712797641754,0.055316012352705,2018-01-23T12:37:08.326000,12.0,1,,,1.0,92,False,False,False,False,True,,87,v1
89,0,rec2018-01-23_12h37m25.023s.wav,Inhale,0.672,2.28,1.608,0.9324734023447788,0.9932311773300172,89,8000,0.1749548465013504,0.2699476480484009,0.0609574206173419,0.8080000281333923,0.3815261423587799,0.0396497622132301,0.1522786021232605,0.0700497701764106,0.6905553936958313,0.0836933106184005,0.395106554031372,0.0754898861050605,2018-01-23T12:37:25.023000,12.0,1,,,1.0,93,False,False,False,False,True,,88,v1
90,0,rec2018-01-23_12h37m39.981s.wav,Inhale,1.2,2.664,1.4640000000000002,0.9210524022579192,0.9882259964942932,80,8000,0.1849065721035003,0.3161102831363678,0.0662105530500412,1.0479999780654907,0.354282408952713,0.0419501289725303,0.1141557469964027,0.0517889633774757,0.642960250377655,0.0943576022982597,0.3530114293098449,0.080579899251461,2018-01-23T12:37:39.981000,12.0,1,,,1.0,94,False,False,False,False,True,,89,v1
91,0,rec2018-01-23_12h37m54.913s.wav,Inhale,2.16,3.624,1.464,0.95547012463212,0.9967730045318604,80,8000,0.1671401113271713,0.3015614748001098,0.0549966432154178,1.0640000104904177,0.3688550293445587,0.0375684425234794,0.1252325922250747,0.0705242231488227,0.65769362449646,0.0862874984741211,0.3508274257183075,0.0720355361700058,2018-01-23T12:37:54.913000,12.0,1,,,1.0,95,False,False,False,False,True,,90,v1
92,0,rec2018-01-23_12h38m10.740s.wav,Inhale,0.928,2.4240000000000004,1.4960000000000004,0.8924845798713404,0.9876483678817748,82,8000,0.1642491221427917,0.2996134757995605,0.0543035380542278,0.5440000295639038,0.3819675147533417,0.0485488250851631,0.1566615849733352,0.0690013617277145,0.6700881123542786,0.0875045359134674,0.3834981620311737,0.0671368464827537,2018-01-23T12:38:10.740000,12.0,1,,,1.0,96,False,False,False,False,True,,91,v1
93,0,rec2018-01-23_12h39m14.259s.wav,Inhale,2.16,3.624,1.464,0.887351430207491,0.980884850025177,80,8000,0.1734189391136169,0.287723571062088,0.0570596791803836,0.6800000071525574,0.3763419985771179,0.0426730401813983,0.1434495896100998,0.0689203888177871,0.65964674949646,0.0824451297521591,0.3632440865039825,0.0587381869554519,2018-01-23T12:39:14.259000,12.0,1,,,1.0,97,False,False,False,False,True,,92,v1
94,0,rec2018-01-23_12h39m29.011s.wav,Inhale,1.152,2.8720000000000003,1.7200000000000002,0.9634817602733772,0.9950001239776612,96,8000,0.1622404307126999,0.2872259616851806,0.0595012530684471,1.4079999923706057,0.3801063001155853,0.0372188091278076,0.1434485614299774,0.0757451206445694,0.6716217994689941,0.0988451540470123,0.3679854869842529,0.0812515690922737,2018-01-23T12:39:29.011000,12.0,1,,,1.0,98,False,False,False,False,True,,93,v1
95,0,rec2018-01-23_12h39m44.218s.wav,Inhale,0.4,2.024,1.624,0.9385259674655066,0.9893407821655272,90,8000,0.1728588789701461,0.3011140525341034,0.0643515288829803,1.3519999980926514,0.3726613521575928,0.0398027785122394,0.1309495568275451,0.0698505043983459,0.665287971496582,0.0944858938455581,0.3688150942325592,0.0718846395611763,2018-01-23T12:39:44.218000,12.0,1,,,1.0,99,False,False,False,False,True,,94,v1
96,0,rec2018-01-23_12h39m59.067s.wav,Inhale,0.784,2.648,1.864,0.9427090971242814,0.9943709969520568,105,8000,0.1837878227233886,0.2748033106327057,0.0774330794811248,0.5519999861717224,0.3680965900421142,0.0346279107034206,0.1109272614121437,0.0478279665112495,0.6743789911270142,0.0969115048646926,0.3391467928886413,0.0460622757673263,2018-01-23T12:39:59.067000,12.0,1,,,1.0,100,False,False,False,False,True,,95,v1
97,0,rec2018-01-23_12h40m15.223s.wav,Inhale,1.456,3.064,1.608,0.9483071056644568,0.9950064420700072,89,8000,0.1656235307455063,0.281709223985672,0.0584646612405777,0.5680000185966492,0.3791403472423553,0.0425531193614006,0.1549643278121948,0.0863420516252517,0.6825881600379944,0.098740354180336,0.3810116648674011,0.0779939144849777,2018-01-23T12:40:15.223000,12.0,1,,,1.0,101,False,False,False,False,True,,96,v1
98,0,rec2018-01-23_12h40m30.209s.wav,Inhale,2.208,3.784,1.576,0.9393412326944286,0.9944398403167723,87,8000,0.1866322159767151,0.2998649179935455,0.0693506598472595,0.656000018119812,0.3647538721561432,0.0330891124904155,0.1101871654391288,0.0497960597276687,0.6674952507019043,0.0875698179006576,0.333466500043869,0.0573497451841831,2018-01-23T12:40:30.209000,12.0,1,,,1.0,102,False,False,False,False,True,,97,v1
99,0,rec2018-01-23_12h40m47.865s.wav,Inhale,2.144,3.848,1.7040000000000002,0.9454400959767794,0.9897132515907288,95,8000,0.1886010617017746,0.3122792541980743,0.0783303081989288,0.656000018119812,0.3593094050884247,0.0402157418429851,0.11447174847126,0.0508353300392627,0.6496057510375977,0.0931751057505607,0.3300895392894745,0.0492041893303394,2018-01-23T12:40:47.865000,12.0,1,,,1.0,103,False,False,False,False,True,,98,v1
100,0,rec2018-01-23_12h41m04.075s.wav,Inhale,1.248,3.5280000000000005,2.28,0.964954529099792,0.9958608746528624,131,8000,0.1788325309753418,0.265622615814209,0.0867556557059288,0.5199999809265137,0.3860657811164856,0.0368401370942592,0.1326104998588562,0.0696996301412582,0.6921437978744507,0.0848314613103866,0.3759031593799591,0.0604639872908592,2018-01-23T12:41:04.075000,12.0,1,,,1.0,104,False,False,False,False,True,,99,v1
101,0,rec2018-01-23_12h41m19.889s.wav,Inhale,2.464,4.5840000000000005,2.120000000000001,0.974894604407066,0.9991425275802612,121,8000,0.1449635177850723,0.2336459010839462,0.0543862506747245,1.6080000400543213,0.418082982301712,0.0451154932379722,0.1728876084089279,0.0739012584090232,0.7036536931991577,0.0800410881638526,0.4187066853046417,0.0864192992448806,2018-01-23T12:41:19.889000,12.0,1,,,1.0,105,False,False,False,False,True,,100,v1
102,0,rec2018-01-23_12h41m54.714s.wav,Inhale,2.368,4.056,1.6880000000000002,0.9606764050240212,0.9960368871688844,94,8000,0.1762492656707763,0.2778591513633728,0.0627607852220535,1.2079999446868896,0.3809623122215271,0.0377172492444515,0.1576903760433197,0.0559081621468067,0.6855837106704712,0.0724247992038726,0.3747166991233825,0.0755645930767059,2018-01-23T12:41:54.714000,12.0,1,,,1.0,106,False,False,False,False,True,,101,v1
103,0,rec2018-01-23_12h42m11.121s.wav,Inhale,2.336,3.928,1.5920000000000003,0.8885744843970645,0.9923640489578248,88,8000,0.186884194612503,0.2832483053207397,0.0713013783097267,1.1519999504089355,0.3742531538009643,0.0562610663473606,0.1243697628378868,0.0449562035501003,0.6673828363418579,0.0576244667172431,0.3386963009834289,0.0426202043890953,2018-01-23T12:42:11.121000,12.0,1,,,1.0,107,False,False,False,False,True,,102,v1
104,0,rec2018-01-23_12h50m45.316s.wav,Inhale,3.856,5.128,1.2720000000000002,0.961267137352158,0.9981715083122252,68,8000,0.171197772026062,0.2298784404993057,0.0414291024208068,1.0399999618530271,0.3832030296325683,0.02194862999022,0.0840914398431778,0.047266885638237,0.639599621295929,0.0575898475944995,0.3373535275459289,0.0434520654380321,2018-01-23T12:50:45.316000,12.0,1,,,1.0,108,False,False,False,False,True,,103,v1
105,0,rec2018-01-23_12h51m39.774s.wav,Inhale,3.056,3.608,0.552,0.9254792099413665,0.9958845376968384,23,8000,0.156827762722969,0.2382191270589828,0.0142590329051017,0.2000000029802322,0.3853563368320465,0.0217321049422025,0.048527467995882,0.0204984843730926,0.6625000238418579,0.0326045714318752,0.3034946918487549,0.0569615885615348,2018-01-23T12:51:39.774000,12.0,2,,0.6,1.0,109,False,False,False,False,True,,104,v1
105,1,rec2018-01-23_12h51m39.774s.wav,Inhale,4.208,4.488,0.2800000000000002,0.6752308706442515,0.807569146156311,6,8000,0.0787154585123062,0.342098206281662,0.0049214237369596,0.0080000003799796,0.3658991754055023,0.0393332280218601,0.0961526483297348,0.0551993027329444,0.6681857705116272,0.0482117719948291,0.2390272319316864,0.0514731556177139,2018-01-23T12:51:39.774000,12.0,2,0.6,,1.0,110,False,True,False,False,False,short_duration,,v1
106,0,rec2018-01-23_12h52m08.363s.wav,Inhale,2.432,3.208,0.7760000000000002,0.8902927128707662,0.9959061741828918,34,8000,0.1692865639925003,0.2212787866592407,0.0241896789520978,0.0480000004172325,0.3350112438201904,0.0192968193441629,0.0524794235825538,0.0203263256698846,0.5002391338348389,0.0631784573197364,0.2617337107658386,0.044833917170763,2018-01-23T12:52:08.363000,12.0,5,,0.552,0.918918918918919,111,False,False,False,False,True,,105,v1
106,1,rec2018-01-23_12h52m08.363s.wav,Inhale,3.76,4.248,0.488,0.6223810315132141,0.7070614099502563,19,8000,0.1511214524507522,0.2313223034143448,0.0127072921022772,0.4799999892711639,0.3549921214580536,0.026188651099801,0.0831386148929596,0.0436087064445018,0.5541834831237793,0.0842118561267852,0.2813838720321655,0.0616548173129558,2018-01-23T12:52:08.363000,12.0,5,0.552,0.072,1.0,112,False,True,True,False,False,short_duration;close_neighbor,,v1
106,2,rec2018-01-23_12h52m08.363s.wav,Inhale,4.32,4.680000000000001,0.3600000000000003,0.6277933120727539,0.7131069898605347,11,8000,0.2068280577659607,0.265956699848175,0.0160626154392957,0.3440000116825104,0.3316014409065246,0.0102383391931653,0.081626109778881,0.0149019742384552,0.4911684691905975,0.0414875224232673,0.256952702999115,0.0545453615486621,2018-01-23T12:52:08.363000,12.0,5,0.072,3.688,1.0,113,False,True,True,False,False,short_duration;close_neighbor,,v1
106,3,rec2018-01-23_12h52m08.363s.wav,Inhale,8.368,8.808,0.4399999999999995,0.8870213329792023,0.9880501627922058,16,8000,0.08099877089262,0.162474900484085,0.0040464350022375,0.2560000121593475,0.3748399913311004,0.0501015186309814,0.0545081533491611,0.0404718033969402,0.5210658311843872,0.120171457529068,0.3135986328125,0.0609803237020969,2018-01-23T12:52:08.363000,12.0,5,3.688,0.12,1.0,114,False,True,True,False,False,short_duration;close_neighbor,,v1
106,4,rec2018-01-23_12h52m08.363s.wav,Inhale,8.928,10.088,1.1599999999999984,0.8298420642243057,0.9472222328186036,61,8000,0.0747804120182991,0.1156272813677787,0.0072836345061659,0.5040000081062317,0.3275027871131897,0.0188568364828825,0.017114583402872,0.0114405658096075,0.4027183353900909,0.0241418536752462,0.3084265291690826,0.0436596423387527,2018-01-23T12:52:08.363000,12.0,5,0.12,,1.0,115,False,False,True,False,False,close_neighbor,,v1
107,0,rec2018-01-23_12h52m40.101s.wav,Inhale,2.496,3.4320000000000004,0.9360000000000004,0.6813785433769226,0.8734583258628845,47,8000,0.2408680319786071,0.6237009167671204,0.0742511078715324,0.5759999752044678,0.3517332673072815,0.0515038296580314,0.1402395814657211,0.0699379071593284,0.6326138973236084,0.0642101019620895,0.2801244556903839,0.0724682062864303,2018-01-23T12:52:40.101000,12.0,2,,3.944,1.0,116,False,False,False,False,True,,106,v1
107,1,rec2018-01-23_12h52m40.101s.wav,Inhale,7.376,9.288,1.912,0.8573407289687167,0.9881449937820436,89,8000,0.1154921129345893,0.2164613157510757,0.0290029291063547,0.2720000147819519,0.3626064956188202,0.0401200242340564,0.0338160768151283,0.0179068651050329,0.4605794250965118,0.0807666927576065,0.3296427428722381,0.0351488329470157,2018-01-23T12:52:40.101000,12.0,2,3.944,,0.8240740740740741,117,False,False,False,False,True,,107,v1
108,0,rec2018-01-23_12h53m35.233s.wav,Inhale,2.576,3.4000000000000004,0.8240000000000003,0.7225180566310883,0.8275473117828369,40,8000,0.2153677940368652,0.2698827087879181,0.0386983640491962,0.4320000112056732,0.3454110026359558,0.0200198329985141,0.1360546052455902,0.0298343319445848,0.5896183848381042,0.061429351568222,0.3016498386859894,0.0557453818619251,2018-01-23T12:53:35.233000,12.0,1,,,1.0,118,False,False,False,False,True,,108,v1
109,0,rec2018-01-23_12h54m08.620s.wav,Inhale,2.16,3.4640000000000004,1.3040000000000005,0.7273056383643831,0.8515730500221252,70,8000,0.1544036567211151,0.2542563676834106,0.0401275493204593,1.1039999723434448,0.3801695704460144,0.0459915362298488,0.1539118736982345,0.0632912740111351,0.6293349862098694,0.0826358348131179,0.3554508984088897,0.0455237254500389,2018-01-23T12:54:08.620000,12.0,2,,0.344,1.0,119,False,False,False,False,True,,109,v1
109,1,rec2018-01-23_12h54m08.620s.wav,Inhale,3.808,4.008,0.1999999999999997,0.4526659846305847,0.4526659846305847,1,8000,0.0328677631914615,0.0919627994298935,0.0004177052469458,0.0,0.3662726581096649,0.0363003350794315,0.0924872159957885,0.0479647293686866,0.6706730723381042,0.0463052503764629,0.2240459769964218,0.0312129147350788,2018-01-23T12:54:08.620000,12.0,2,0.344,,1.0,120,False,True,False,False,False,short_duration,,v1
110,0,rec2018-01-23_12h54m28.485s.wav,Inhale,3.856,4.2,0.3440000000000003,0.6213038086891174,0.6638578176498413,10,8000,0.1557392477989196,0.20599365234375,0.0089858286082744,0.0399999991059303,0.3708771467208862,0.0246767960488796,0.1401988118886947,0.0388921834528446,0.6452414989471436,0.0430596284568309,0.2844127416610718,0.0658285096287727,2018-01-23T12:54:28.485000,12.0,2,,0.168,1.0,121,False,True,True,False,False,short_duration;close_neighbor,,v1
110,1,rec2018-01-23_12h54m28.485s.wav,Inhale,4.368,4.5680000000000005,0.2000000000000001,0.5637931823730469,0.5637931823730469,1,8000,0.1415320932865142,0.2534331679344177,0.0043628248386085,0.19200000166893,0.3820587992668152,0.0489657968282699,0.1737369745969772,0.0438136458396911,0.6607571840286255,0.0648293793201446,0.2691181004047394,0.0372136794030666,2018-01-23T12:54:28.485000,12.0,2,0.168,,1.0,122,False,True,True,False,False,short_duration;close_neighbor,,v1
111,0,rec2018-01-23_12h55m02.432s.wav,Inhale,2.832,3.88,1.0480000000000005,0.7083445621861352,0.8272913098335266,54,8000,0.1814697831869125,0.2448498904705047,0.0382461324334144,0.800000011920929,0.3750211000442505,0.0291481707245111,0.1522786170244217,0.0560980252921581,0.6136955618858337,0.0713719278573989,0.3643392026424408,0.062883161008358,2018-01-23T12:55:02.432000,12.0,1,,,1.0,123,False,False,False,False,True,,110,v1
112,0,rec2018-01-23_12h55m27.681s.wav,Inhale,2.512,3.752,1.2400000000000002,0.8192505592649634,0.9649561643600464,66,8000,0.1512479335069656,0.2245756685733795,0.0343795642256736,0.9359999895095824,0.3698916733264923,0.0341017395257949,0.1400037407875061,0.0673983469605445,0.6223457455635071,0.0769212990999221,0.3436310589313507,0.0532477870583534,2018-01-23T12:55:27.681000,12.0,1,,,1.0,124,False,False,False,False,True,,111,v1
113,0,rec2018-01-23_12h55m53.736s.wav,Inhale,2.8000000000000003,3.784,0.984,0.8149808287620545,0.9634442329406738,50,8000,0.193881407380104,0.2832196652889251,0.0421878211200237,0.4399999976158142,0.3613172769546509,0.0350858159363269,0.1604377478361129,0.0561226122081279,0.6217867732048035,0.0745925903320312,0.3447186946868896,0.0635151416063308,2018-01-23T12:55:53.736000,12.0,2,,2.856,1.0,125,False,False,False,False,True,,112,v1
113,1,rec2018-01-23_12h55m53.736s.wav,Inhale,6.640000000000001,6.872,0.2319999999999993,0.5414541363716125,0.568024754524231,3,8000,0.0470725372433662,0.1395925134420395,0.0009541573235765,0.19200000166893,0.3885041773319244,0.0671542361378669,0.1620455086231231,0.1634132266044616,0.609375,0.1355718225240707,0.2394205778837204,0.0449993573129177,2018-01-23T12:55:53.736000,12.0,2,2.856,,1.0,126,False,True,False,False,False,short_duration,,v1
114,0,rec2018-01-23_12h56m34.401s.wav,Inhale,2.56,3.64,1.08,0.7597423781241689,0.909453809261322,56,8000,0.1919157207012176,0.3261213600635528,0.0486209467053413,0.7760000228881836,0.3495604693889618,0.0370924659073352,0.1497198939323425,0.0622082129120826,0.6096047759056091,0.0666015520691871,0.3185065686702728,0.0611882954835891,2018-01-23T12:56:34.401000,12.0,1,,,1.0,127,False,False,False,False,True,,113,v1
115,0,rec2018-01-23_12h57m02.652s.wav,Inhale,2.816,3.832,1.0160000000000005,0.6747571318707568,0.7717178463935852,47,8000,0.1912088990211486,0.2586069405078888,0.0409508682787418,0.7760000228881836,0.3743565678596496,0.0277802292257547,0.1707536727190017,0.0528053380548954,0.63604736328125,0.0568718947470188,0.3564720153808594,0.0582455806434154,2018-01-23T12:57:02.652000,12.0,1,,,0.9038461538461539,128,False,False,False,False,True,,114,v1
116,0,rec2018-01-23_12h57m37.371s.wav,Inhale,2.848,4.04,1.1920000000000002,0.7312926328371442,0.9459020495414734,63,8000,0.2153929620981216,0.3077162504196167,0.0651666894555091,0.3840000033378601,0.3389017581939697,0.0421786494553089,0.1323072910308838,0.0500327497720718,0.5763541460037231,0.0713531002402305,0.3166894614696502,0.0490322634577751,2018-01-23T12:57:37.371000,12.0,1,,,1.0,129,False,False,False,False,True,,115,v1
119,0,rec2018-02-01_17h36m45.706s.wav,Inhale,2.592,4.072,1.48,0.884433458984634,0.9812636971473694,81,8000,0.1706127822399139,0.259564995765686,0.0557470917701721,1.0160000324249268,0.3874207735061645,0.0674273818731308,0.1356545388698578,0.0515113919973373,0.6683048009872437,0.0921545997262001,0.3784888386726379,0.0448586121201515,2018-02-01T17:36:45.706000,12.512,1,,,1.0,130,False,False,False,False,True,,116,v1
120,0,rec2018-02-01_17h40m59.475s.wav,Inhale,3.136,4.6000000000000005,1.4640000000000004,0.8752980679273605,0.9554101228713988,80,8000,0.1791912764310836,0.2706754207611084,0.0601320043206214,1.2400000095367432,0.3614861071109772,0.0284867156296968,0.1534913778305053,0.0646198093891143,0.6474184989929199,0.0919978693127632,0.369384765625,0.0699750036001205,2018-02-01T17:40:59.475000,12.0,1,,,1.0,131,False,False,False,False,True,,117,v1
133,0,rec2018-02-02_00h11m42.617s.wav,Inhale,1.92,3.4640000000000004,1.5440000000000005,0.855046564691207,0.9820212125778198,85,8000,0.1804621219635009,0.2841530740261078,0.06275075674057,0.328000009059906,0.3601521849632263,0.0387042090296745,0.1347705870866775,0.0584758222103118,0.6343024969100952,0.1066161021590232,0.34130859375,0.0722752138972282,2018-02-02T00:11:42.617000,12.512,1,,,1.0,132,False,False,False,False,True,,118,v1
135,0,rec2018-02-02_00h27m33.111s.wav,Inhale,2.192,4.008,1.816,0.9137525523410124,0.9929176568984984,102,8000,0.1816080212593078,0.2648186087608337,0.0707734376192092,0.9760000109672546,0.3844983875751495,0.0501820780336856,0.1263759583234787,0.0508375316858291,0.6626233458518982,0.0888509079813957,0.3701214790344238,0.0532930456101894,2018-02-02T00:27:33.111000,12.512,1,,,1.0,133,False,False,False,False,True,,119,v1
136,0,rec2018-02-02_00h33m01.131s.wav,Inhale,4.24,4.488,0.2480000000000002,0.609777107834816,0.6633768081665039,4,8000,0.2240678071975708,0.2540467381477356,0.0123868724331259,0.0399999991059303,0.3484507203102112,0.0176338572055101,0.1708259284496307,0.0412085056304931,0.620849609375,0.0283024180680513,0.2176513671875,0.0434194691479206,2018-02-02T00:33:01.131000,12.0,2,,0.04,1.0,134,False,True,True,False,False,short_duration;close_neighbor,,v1
136,1,rec2018-02-02_00h33m01.131s.wav,Inhale,4.5280000000000005,5.352,0.8239999999999998,0.6225966502880228,0.7970605492591858,29,8000,0.2221857458353042,0.2837049663066864,0.0448496080935001,0.7440000176429749,0.326515644788742,0.0547033660113811,0.1542272269725799,0.1512277573347091,0.5621243715286255,0.097110129892826,0.2701416015625,0.0473370291292667,2018-02-02T00:33:01.131000,12.0,2,0.04,,0.725,135,False,False,True,False,False,close_neighbor,,v1
138,0,rec2018-02-02_00h39m43.100s.wav,Inhale,2.048,3.048,1.0,0.6794351596458286,0.8211485743522644,51,8000,0.2129607796669006,0.2967435717582702,0.0503848195075988,0.4239999949932098,0.3530270755290985,0.0277949031442403,0.1268347352743148,0.0497690327465534,0.6176215410232544,0.0895064398646354,0.3242032527923584,0.057124201208353,2018-02-02T00:39:43.100000,12.512,2,,0.024,1.0,136,False,False,True,False,False,close_neighbor,,v1
138,1,rec2018-02-02_00h39m43.100s.wav,Inhale,3.072,3.3840000000000003,0.3120000000000003,0.5544548204966954,0.6020506620407104,7,8000,0.1140741556882858,0.2495270520448684,0.0084856757894158,0.0480000004172325,0.3455502986907959,0.0171498041599988,0.092680349946022,0.051693420857191,0.5619140863418579,0.0911485999822616,0.22772216796875,0.0533474572002887,2018-02-02T00:39:43.100000,12.512,2,0.024,,0.875,137,False,True,True,False,False,short_duration;close_neighbor,,v1
143,0,rec2018-02-02_01h32m24.455s.wav,Inhale,2.816,3.4000000000000004,0.5840000000000005,0.6513926699047997,0.7801125049591064,21,8000,0.1935616880655288,0.2790151238441467,0.0234233811497688,0.5040000081062317,0.3527006506919861,0.0212017614394426,0.1361537873744964,0.0588588081300258,0.6419974565505981,0.061251763254404,0.2722233831882477,0.0572611838579177,2018-02-02T01:32:24.455000,12.512,2,,0.2,0.84,138,False,False,False,False,True,,120,v1
143,1,rec2018-02-02_01h32m24.455s.wav,Inhale,3.6,4.072,0.472,0.7521946132183075,0.8961023092269897,18,8000,0.1526728421449661,0.2321072816848755,0.0148218050599098,0.1120000034570694,0.395516961812973,0.0692726895213127,0.1517665833234787,0.0619312785565853,0.6506510376930237,0.0712194368243217,0.3091064393520355,0.0529857873916626,2018-02-02T01:32:24.455000,12.512,2,0.2,,1.0,139,False,True,False,False,False,short_duration,,v1
144,0,rec2018-02-02_01h34m08.386s.wav,Inhale,7.472,8.632,1.1599999999999993,0.8434036022326985,0.9785067439079284,61,8000,0.1764698177576065,0.2678537666797638,0.0424916483461856,0.984000027179718,0.3876652717590332,0.0394517965614795,0.1588342040777206,0.0529512427747249,0.6872324347496033,0.0600048676133155,0.3843141198158264,0.0786401405930519,2018-02-02T01:34:08.386000,12.512,1,,,1.0,140,False,False,False,False,True,,121,v1
145,0,rec2018-02-02_01h35m12.866s.wav,Inhale,4.272,5.752000000000001,1.4800000000000004,0.7846499710907171,0.91279536485672,81,8000,0.1835910081863403,0.2752003669738769,0.0624448247253894,0.3759999871253967,0.3653924465179443,0.0352285988628864,0.1424168199300766,0.0646300390362739,0.6424311399459839,0.0990484729409217,0.3534578680992126,0.0569692589342594,2018-02-02T01:35:12.866000,12.512,1,,,1.0,141,False,False,False,False,True,,122,v1
146,0,rec2018-02-02_01h36m19.632s.wav,Inhale,3.76,5.32,1.56,0.8015075873496921,0.985145628452301,86,8000,0.1756723821163177,0.2539106905460357,0.0593346618115901,1.3359999656677246,0.3725821077823639,0.0391893610358238,0.1629644483327865,0.0697479471564292,0.6598772406578064,0.0930377095937728,0.3637720346450805,0.0732111185789108,2018-02-02T01:36:19.632000,12.512,1,,,1.0,142,False,False,False,False,True,,123,v1
147,0,rec2018-02-02_01h40m26.773s.wav,Inhale,4.352,5.16,0.8079999999999998,0.6570700742304325,0.803968071937561,32,8000,0.1779363453388214,0.2589654326438904,0.0304990950971841,0.3840000033378601,0.3329740464687347,0.0199075378477573,0.1420824974775314,0.0580207146704196,0.5724571347236633,0.0740686953067779,0.273978441953659,0.0480496659874916,2018-02-02T01:40:26.773000,12.512,1,,,0.8205128205128205,143,False,False,False,False,True,,124,v1
148,0,rec2018-02-02_01h58m20.818s.wav,Inhale,2.768,3.4480000000000004,0.6800000000000002,0.6014097113358347,0.7265216112136841,19,8000,0.2408913969993591,0.2859634459018707,0.0409383215010166,0.1519999951124191,0.3408553004264831,0.0132061410695314,0.1252077519893646,0.0336496569216251,0.5758539438247681,0.0574206300079822,0.285809189081192,0.0491719245910644,2018-02-02T01:58:20.818000,12.512,1,,,0.6129032258064516,144,False,False,False,False,True,,125,v1
149,0,rec2018-02-02_01h58m59.251s.wav,Inhale,2.8000000000000003,4.184,1.384,0.8319357220331828,0.9508000016212464,75,8000,0.1851703375577926,0.2665577828884125,0.0582191087305545,0.6880000233650208,0.3779509663581848,0.0408521518111228,0.1525998413562774,0.059671476483345,0.6516702771186829,0.0754810497164726,0.3575116693973541,0.0552938915789127,2018-02-02T01:58:59.251000,12.512,1,,,1.0,145,False,False,False,False,True,,126,v1
150,0,rec2018-02-02_02h09m32.913s.wav,Inhale,3.376,4.472,1.0960000000000003,0.7479002350255063,0.9381119012832642,57,8000,0.2075065821409225,0.2761027216911316,0.056963350623846,0.7200000286102295,0.3516314327716827,0.0255882143974304,0.1167010739445686,0.0502451285719871,0.5771625638008118,0.0728182569146156,0.31470787525177,0.0454267859458923,2018-02-02T02:09:32.913000,12.512,1,,,1.0,146,False,False,False,False,True,,127,v1
151,0,rec2018-02-02_10h27m54.823s.wav,Inhale,2.24,2.8080000000000003,0.5680000000000001,0.6111863187768243,0.7661343812942505,22,8000,0.1522723883390426,0.278564453125,0.018847407773137,0.5680000185966492,0.3441662192344665,0.0316914729773998,0.0990961194038391,0.0631609633564949,0.5670573115348816,0.1146850138902664,0.2902086079120636,0.0629252195358276,2018-02-02T10:27:54.823000,12.512,4,,0.12,0.9166666666666666,147,False,False,True,False,False,close_neighbor,,v1
151,1,rec2018-02-02_10h27m54.823s.wav,Inhale,2.928,3.576,0.6480000000000001,0.649980923959187,0.7925899624824524,28,8000,0.2441583126783371,0.269274353981018,0.0387435667216777,0.4959999918937683,0.3575562238693237,0.0153802828863263,0.1352137178182602,0.0257905218750238,0.6284298896789551,0.0489428527653217,0.3099454641342163,0.0545709021389484,2018-02-02T10:27:54.823000,12.512,4,0.12,0.04,0.9655172413793104,148,False,False,True,False,False,close_neighbor,,v1
151,2,rec2018-02-02_10h27m54.823s.wav,Inhale,3.616,4.216,0.6000000000000001,0.7523928142729259,0.9518367648124696,21,8000,0.1515534371137619,0.2499321103096008,0.0202228352427482,0.1599999964237213,0.3704373836517334,0.0242088250815868,0.0922432839870452,0.0458359383046627,0.6403166055679321,0.0646405816078186,0.2876554727554321,0.0675748661160469,2018-02-02T10:27:54.823000,12.512,4,0.04,0.632,0.8076923076923077,149,False,False,True,False,False,close_neighbor,,v1
151,3,rec2018-02-02_10h27m54.823s.wav,Inhale,4.848,5.192,0.3440000000000003,0.6201128032472398,0.811919629573822,9,8000,0.1935267150402069,0.2952216565608978,0.0162966288626194,0.2160000056028366,0.3670746684074402,0.0542595051229,0.1288763582706451,0.0444396920502185,0.5919744372367859,0.1034819632768631,0.3132435083389282,0.0653325170278549,2018-02-02T10:27:54.823000,12.512,4,0.632,,0.9,150,False,True,False,False,False,short_duration,,v1
152,0,rec2018-02-02_10h29m51.284s.wav,Inhale,2.56,4.5360000000000005,1.9760000000000004,0.8965559463415828,0.9879096746444702,112,8000,0.1864069402217865,0.2782740890979767,0.0868091359734535,1.0720000267028809,0.3537588715553283,0.033485434949398,0.1259988993406295,0.0790119618177414,0.6101625561714172,0.1020851507782936,0.3202002644538879,0.0457017533481121,2018-02-02T10:29:51.284000,12.512,1,,,1.0,151,False,False,False,False,True,,128,v1
153,0,rec2018-02-02_10h46m42.260s.wav,Inhale,2.576,4.168,1.592,0.8354722796515985,0.9664812088012696,88,8000,0.2095269411802292,0.3079480528831482,0.0882986634969711,0.4480000138282776,0.3408880531787872,0.0428271815180778,0.1157385557889938,0.0463009402155876,0.6080859303474426,0.1000115275382995,0.3117138743400574,0.0476291477680206,2018-02-02T10:46:42.260000,12.512,1,,,1.0,152,False,False,False,False,True,,129,v1
154,0,rec2018-02-02_10h48m38.792s.wav,Inhale,2.864,4.760000000000001,1.8960000000000008,0.7457035189477083,0.8989319205284119,107,8000,0.2096565961837768,0.2984742820262909,0.0995982587337493,0.3759999871253967,0.3603146374225616,0.0409342311322689,0.1238000765442848,0.0500147491693496,0.6418067216873169,0.0808044895529747,0.3324025869369507,0.0381390489637851,2018-02-02T10:48:38.792000,12.512,1,,,1.0,153,False,False,False,False,True,,130,v1
155,0,rec2018-02-02_10h57m01.870s.wav,Inhale,2.832,4.760000000000001,1.9280000000000008,0.9071378724290692,0.9885618686676024,109,8000,0.1976763159036636,0.3104345798492431,0.0940000936388969,1.0399999618530271,0.3502683937549591,0.0466305799782276,0.1137037500739097,0.0486943311989307,0.62470942735672,0.1052606999874115,0.3222333490848541,0.0467155091464519,2018-02-02T10:57:01.870000,12.512,1,,,1.0,154,False,False,False,False,True,,131,v1
156,0,rec2018-02-02_10h58m28.930s.wav,Inhale,2.528,4.6000000000000005,2.0720000000000005,0.904436143273014,0.9941935539245604,118,8000,0.1767810583114624,0.2700995504856109,0.0798392668366432,1.2960000038146973,0.3706341981887817,0.0401938371360302,0.1066762804985046,0.0514321289956569,0.6472055315971375,0.0967670232057571,0.3242938816547394,0.0451085940003395,2018-02-02T10:58:28.930000,12.512,1,,,1.0,155,False,False,False,False,True,,132,v1
157,0,rec2018-02-02_10h59m19.989s.wav,Inhale,2.4,4.04,1.64,0.8993932532740163,0.9893682599067688,91,8000,0.1954730153083801,0.2947039902210235,0.0771061554551124,1.3279999494552612,0.3585208356380462,0.0349359400570392,0.1299827396869659,0.069615326821804,0.6480962038040161,0.0780274793505668,0.3145621716976166,0.0516087785363197,2018-02-02T10:59:19.989000,12.512,1,,,1.0,156,False,False,False,False,True,,133,v1
158,0,rec2018-02-02_11h00m10.171s.wav,Inhale,3.616,5.144,1.528,0.8245993781657446,0.9717761278152466,84,8000,0.169406309723854,0.2532190382480621,0.0531893856823444,0.527999997138977,0.374858945608139,0.0279353447258472,0.1199953258037567,0.0506914779543876,0.6559244990348816,0.0554141290485858,0.3277613222599029,0.0499506592750549,2018-02-02T11:00:10.171000,12.512,1,,,1.0,157,False,False,False,False,True,,134,v1
159,0,rec2018-02-02_11h00m59.338s.wav,Inhale,2.72,4.36,1.64,0.8713628723380271,0.9885028600692748,89,8000,0.1551631987094879,0.2455785721540451,0.0514052808284759,1.2400000095367432,0.3766416609287262,0.0409639440476894,0.1107595860958099,0.0535363852977752,0.6444933414459229,0.097713865339756,0.3345105946063995,0.0517524778842926,2018-02-02T11:00:59.338000,12.512,1,,,0.978021978021978,158,False,False,False,False,True,,135,v1
160,0,rec2018-02-02_11h01m45.212s.wav,Inhale,3.184,4.728000000000001,1.5440000000000005,0.884332635122187,0.9762850403785706,85,8000,0.190538078546524,0.2587986290454864,0.0655900537967681,1.1360000371932983,0.3684057295322418,0.0186515338718891,0.1290062814950943,0.0431961379945278,0.6498872637748718,0.0567632317543029,0.3317770361900329,0.0435268618166446,2018-02-02T11:01:45.212000,12.512,1,,,1.0,159,False,False,False,False,True,,136,v1
169,0,rec2018-02-05_10h37m14.374s.wav,Inhale,1.184,2.4080000000000004,1.2240000000000004,0.7694828528624315,0.9482353329658508,65,8000,0.171697735786438,0.2548789978027344,0.040585845708847,1.1519999504089355,0.3932039439678192,0.0672146752476692,0.168420672416687,0.0685274973511695,0.6510247588157654,0.1013009175658226,0.3860148787498474,0.0848353505134582,2018-02-05T10:37:14.374000,12.512,1,,,1.0,160,False,False,False,False,True,,137,v1
170,0,rec2018-02-05_10h38m19.385s.wav,Inhale,1.344,2.232,0.8880000000000001,0.6960483545606787,0.8442990183830261,44,8000,0.2285912036895752,0.3730272650718689,0.0510713942348957,0.6159999966621399,0.335442841053009,0.03008265607059,0.1262978017330169,0.0464652813971042,0.5576869249343872,0.0626501813530922,0.310821533203125,0.0553783699870109,2018-02-05T10:38:19.385000,12.512,1,,,1.0,161,False,False,False,False,True,,138,v1
171,0,rec2018-02-05_10h39m00.035s.wav,Inhale,1.648,2.52,0.8719999999999999,0.6643615267997565,0.779333770275116,43,8000,0.1633976697921753,0.2397862076759338,0.0277397725731134,0.4399999976158142,0.3767270147800445,0.0483572892844677,0.1913264542818069,0.0722560808062553,0.6462358236312866,0.0589466840028762,0.356951355934143,0.0686795860528945,2018-02-05T10:39:00.035000,12.512,1,,,1.0,162,False,False,False,False,True,,139,v1
173,0,rec2018-02-05_10h41m21.507s.wav,Inhale,1.392,2.744,1.352,0.7054648546323384,0.8236403465270996,73,8000,0.178311213850975,0.3659839928150177,0.0581393353641033,0.6880000233650208,0.347862184047699,0.0454548634588718,0.1329828351736068,0.0948570892214775,0.5619944930076599,0.1047853454947471,0.313192218542099,0.0547523126006126,2018-02-05T10:41:21.507000,12.512,1,,,1.0,163,False,False,False,False,True,,140,v1
174,0,rec2018-02-05_10h42m50.893s.wav,Inhale,2.272,3.4640000000000004,1.1920000000000002,0.7277269675618127,0.8366424441337585,63,8000,0.1923328340053558,0.2540351450443268,0.0471643283963203,0.959999978542328,0.3696631491184234,0.0210721306502819,0.1716259568929672,0.0488853305578231,0.6520833373069763,0.0483337827026844,0.3380859494209289,0.0475006736814975,2018-02-05T10:42:50.893000,12.512,1,,,1.0,164,False,False,False,False,True,,141,v1
175,0,rec2018-02-05_10h43m40.571s.wav,Inhale,2.912,4.136,1.2240000000000002,0.735396799674401,0.9602036476135254,65,8000,0.2106347233057022,0.4288661181926727,0.0717144533991813,0.6320000290870667,0.34600830078125,0.0630176737904548,0.1273278146982193,0.1070442050695419,0.5799005627632141,0.0973280742764473,0.2903434336185455,0.0572868175804615,2018-02-05T10:43:40.571000,12.512,1,,,1.0,165,False,False,False,False,True,,142,v1
176,0,rec2018-02-05_10h44m37.655s.wav,Inhale,3.008,4.376,1.3680000000000003,0.6891214513417446,0.8527262210845947,66,8000,0.23663429915905,0.6976654529571533,0.1087385863065719,0.3600000143051147,0.3383354246616363,0.0495794750750064,0.1077142879366874,0.0611292943358421,0.6167787313461304,0.0717624649405479,0.2687278687953949,0.0765822455286979,2018-02-05T10:44:37.655000,12.512,1,,,0.8918918918918919,166,False,False,False,False,True,,143,v1
177,0,rec2018-02-05_10h45m35.939s.wav,Inhale,2.624,3.544,0.92,0.575786864316022,0.6716818809509277,27,8000,0.1990773528814315,0.5495776534080505,0.0493230000138282,0.6480000019073486,0.3828581571578979,0.0618631765246391,0.1638941913843155,0.0863649472594261,0.661772608757019,0.0844927653670311,0.3446086943149566,0.1048921793699264,2018-02-05T10:45:35.939000,12.512,1,,,0.5869565217391305,167,False,False,False,False,True,,144,v1
181,0,rec2018-02-05_10h52m39.045s.wav,Inhale,0.848,2.8720000000000003,2.0240000000000005,0.9717126385025356,0.9987586736679076,115,8000,0.1970016956329345,0.2560621500015259,0.0891836658120155,1.1039999723434448,0.3609748780727386,0.0187590774148702,0.0876768752932548,0.0391764603555202,0.537093997001648,0.0726850405335426,0.3482214212417602,0.0409545861184597,2018-02-05T10:52:39.045000,12.512,1,,,1.0,168,False,False,False,False,True,,145,v1
182,0,rec2018-02-05_10h53m45.411s.wav,Inhale,0.496,2.7920000000000003,2.2960000000000003,0.9803768509265148,0.9992237091064452,132,8000,0.1902969628572464,0.2519783973693847,0.0928224027156829,1.687999963760376,0.383682519197464,0.0274093374609947,0.1334732174873352,0.0562898144125938,0.6370713710784912,0.0787779465317726,0.3840060830116272,0.0475028082728385,2018-02-05T10:53:45.411000,12.512,2,,1.224,1.0,169,False,False,False,False,True,,146,v1
182,1,rec2018-02-05_10h53m45.411s.wav,Inhale,4.016,4.216,0.2000000000000001,0.4180362522602081,0.4180362522602081,1,8000,0.2073732614517212,0.2261403650045395,0.0086341323330998,0.1679999977350235,0.3994004428386688,0.0207230746746063,0.1277072578668594,0.0307348724454641,0.6457331776618958,0.0470720157027244,0.2522911727428436,0.0363437943160533,2018-02-05T10:53:45.411000,12.512,2,1.224,,1.0,170,False,True,False,False,False,short_duration,,v1
183,0,rec2018-02-05_10h54m35.447s.wav,Inhale,3.408,5.720000000000001,2.3120000000000007,0.9202998562862998,0.9983036518096924,133,8000,0.1715054214000702,0.2262909859418869,0.0760708451271057,0.4799999892711639,0.3962708115577698,0.029772013425827,0.1557049751281738,0.0644443780183792,0.6580549478530884,0.0808749869465828,0.4008654356002807,0.0615893043577671,2018-02-05T10:54:35.447000,12.512,1,,,1.0,171,False,False,False,False,True,,147,v1
184,0,rec2018-02-05_10h55m27.871s.wav,Inhale,0.864,2.8880000000000003,2.0240000000000005,0.9528268104014188,0.9993386268615724,115,8000,0.1563578844070434,0.2317707687616348,0.0601420328021049,1.472000002861023,0.3945082426071167,0.0298377610743045,0.131902277469635,0.0843445435166359,0.6493602395057678,0.0945468991994857,0.3686888813972473,0.0560093000531196,2018-02-05T10:55:27.871000,12.512,1,,,1.0,172,False,False,False,False,True,,148,v1
185,0,rec2018-02-05_10h56m11.262s.wav,Inhale,1.344,4.328,2.984,0.9798908335821968,0.9998562335968018,175,8000,0.1391488760709762,0.2108512669801712,0.0704788565635681,0.4799999892711639,0.4184551537036896,0.0436167158186435,0.1136752441525459,0.0554816983640193,0.6814422011375427,0.0916400849819183,0.3918391764163971,0.0430277697741985,2018-02-05T10:56:11.262000,12.512,1,,,1.0,173,False,False,False,False,True,,149,v1
186,0,rec2018-02-05_10h58m35.817s.wav,Inhale,1.952,4.6000000000000005,2.648000000000001,0.97821260582317,0.999341607093811,154,8000,0.146748349070549,0.2016395032405853,0.0650369226932525,1.871999979019165,0.4154582321643829,0.0270345844328403,0.1236411854624748,0.0574314147233963,0.6750752925872803,0.089928925037384,0.3933061361312866,0.0553741753101348,2018-02-05T10:58:35.817000,12.512,1,,,1.0,174,False,False,False,False,True,,150,v1
187,0,rec2018-02-05_11h01m02.037s.wav,Inhale,2.384,3.704,1.3200000000000005,0.8469881784748023,0.9885565042495728,71,8000,0.2034947723150253,0.2864969372749328,0.0674073100090026,0.7200000286102295,0.362358033657074,0.0615832917392253,0.0960158631205558,0.0331574380397796,0.5516284108161926,0.0879955142736435,0.3366081416606903,0.0390857085585594,2018-02-05T11:01:02.037000,12.512,1,,,1.0,175,False,False,False,False,True,,151,v1
188,0,rec2018-02-05_11h02m06.737s.wav,Inhale,1.104,2.4560000000000004,1.3520000000000003,0.861350122323403,0.991792619228363,65,8000,0.2057663649320602,0.2743016481399536,0.0674730315804481,0.6800000071525574,0.3643122911453247,0.0412683598697185,0.1181259378790855,0.0508238077163696,0.582812488079071,0.0807171016931533,0.3390912115573883,0.0356073714792728,2018-02-05T11:02:06.737000,12.512,1,,,0.8904109589041096,176,False,False,False,False,True,,152,v1
189,0,rec2018-02-05_11h03m04.776s.wav,Inhale,2.528,4.04,1.512,0.9807284854980836,0.9995381832122804,83,8000,0.2221214920282364,0.278533786535263,0.0843659490346908,1.1759999990463257,0.3501436412334442,0.0365064814686775,0.1090009957551956,0.0581270828843116,0.5410361886024475,0.0875665619969368,0.3415604531764984,0.0361429415643215,2018-02-05T11:03:04.776000,12.512,1,,,1.0,177,False,False,False,False,True,,153,v1
190,0,rec2018-02-05_11h03m43.815s.wav,Inhale,3.232,4.6160000000000005,1.3840000000000003,0.9782076946894328,0.9994127750396729,75,8000,0.1820852309465408,0.2723656892776489,0.0588715001940727,0.2399999946355819,0.3898027837276459,0.0536762699484825,0.141383945941925,0.0764469057321548,0.6607848405838013,0.0838098153471946,0.3911413550376892,0.0607468411326408,2018-02-05T11:03:43.815000,12.512,1,,,1.0,178,False,False,False,False,True,,154,v1
191,0,rec2018-02-05_11h04m48.418s.wav,Inhale,1.36,2.4720000000000004,1.1120000000000003,0.957307912152389,0.99833881855011,58,8000,0.1760344505310058,0.2788839638233185,0.0461825281381607,0.6800000071525574,0.379146546125412,0.0519406013190746,0.1287909150123596,0.0739775970578193,0.625,0.0904651433229446,0.3538853228092193,0.0504619516432285,2018-02-05T11:04:48.418000,12.512,1,,,1.0,179,False,False,False,False,True,,155,v1
192,0,rec2018-02-05_11h05m32.273s.wav,Inhale,1.968,3.4960000000000004,1.5280000000000005,0.9355266179357256,0.9984436631202698,84,8000,0.2069030851125717,0.2687358260154724,0.0762398168444633,0.527999997138977,0.3624750077724457,0.030956694856286,0.097802497446537,0.0345307104289531,0.5738118290901184,0.0825748518109321,0.3472646176815033,0.0400542952120304,2018-02-05T11:05:32.273000,12.512,1,,,1.0,180,False,False,False,False,True,,156,v1
193,0,rec2018-02-05_11h06m12.128s.wav,Inhale,0.256,0.632,0.376,0.8551827420790991,0.9721893668174744,12,8000,0.0867227017879486,0.1126641482114791,0.0029043590184301,0.1040000021457672,0.4715383052825928,0.0146003449335694,0.1155311241745948,0.0372840501368045,0.7156575322151184,0.0103028751909732,0.3839518129825592,0.0808741003274917,2018-02-05T11:06:12.128000,12.512,2,,1.192,1.0,181,False,True,False,False,False,short_duration,,v1
193,1,rec2018-02-05_11h06m12.128s.wav,Inhale,1.824,3.256,1.4320000000000002,0.9486066569120456,0.9994106888771056,78,8000,0.1918002068996429,0.2675652205944061,0.0624004155397415,0.4720000028610229,0.3750228583812713,0.0278537236154079,0.1212948933243751,0.0586094409227371,0.6180121302604675,0.0662016719579696,0.3526231646537781,0.0400419682264328,2018-02-05T11:06:12.128000,12.512,2,1.192,,1.0,182,False,False,False,False,True,,157,v1
194,0,rec2018-02-05_11h06m59.857s.wav,Inhale,1.648,2.9360000000000004,1.2880000000000005,0.7300328702207596,0.9521040320396424,63,8000,0.2096530795097351,0.2872790098190307,0.0637205615639686,0.4880000054836273,0.357386976480484,0.0263827182352542,0.0924584344029426,0.0700484812259674,0.5378086566925049,0.0804107785224914,0.3367061018943786,0.0431384667754173,2018-02-05T11:06:59.857000,12.512,1,,,0.9130434782608695,183,False,False,False,False,True,,158,v1
195,0,rec2018-02-05_11h20m08.624s.wav,Inhale,0.4,0.8560000000000001,0.456,0.5395156272820064,0.7233060598373413,7,8000,0.1037687808275222,0.1709509491920471,0.0053013050928711,0.2080000042915344,0.413518339395523,0.0405950509011745,0.1415992826223373,0.0395894572138786,0.6765894293785095,0.0353261493146419,0.3374696969985962,0.0579692982137203,2018-02-05T11:20:08.624000,12.512,2,,2.488,0.4117647058823529,184,False,True,False,False,False,short_duration,,v1
195,1,rec2018-02-05_11h20m08.624s.wav,Inhale,3.344,4.328,0.9840000000000004,0.7612186801433564,0.987502932548523,50,8000,0.2164851576089859,0.3093282580375671,0.053785540163517,0.0640000030398368,0.3511873185634613,0.0337133668363094,0.1712289601564407,0.0583988092839717,0.6245589852333069,0.059077326208353,0.3458645641803741,0.04999490827322,2018-02-05T11:20:08.624000,12.512,2,2.488,,1.0,185,False,False,False,False,True,,159,v1
196,0,rec2018-02-05_11h20m47.521s.wav,Inhale,5.5840000000000005,7.08,1.4959999999999996,0.9311994314193726,0.9836315512657166,82,8000,0.2078521251678466,0.3230136036872864,0.0760979801416397,1.2319999933242798,0.3589605093002319,0.0359362252056598,0.1669214963912964,0.0577668249607086,0.6473985910415649,0.0551299825310707,0.3621306717395782,0.0610288083553314,2018-02-05T11:20:47.521000,12.512,1,,,1.0,186,False,False,False,False,True,,160,v1
197,0,rec2018-02-05_11h22m34.731s.wav,Inhale,6.5760000000000005,8.168,1.5919999999999987,0.932743720032952,0.9994202256202698,88,8000,0.2234562486410141,0.3102858960628509,0.0944811254739761,0.4320000112056732,0.340365320444107,0.0381207205355167,0.1383199393749237,0.0404712185263633,0.6008203029632568,0.072385236620903,0.3365380764007568,0.0451110750436782,2018-02-05T11:22:34.731000,12.512,1,,,1.0,187,False,False,False,False,True,,161,v1
198,0,rec2018-02-05_11h23m35.644s.wav,Inhale,5.392,7.176,1.7839999999999998,0.932170993089676,0.9974996447563172,100,8000,0.2199441641569137,0.294072151184082,0.1020964682102203,0.6320000290870667,0.340901643037796,0.0578377805650234,0.1212323382496833,0.0488908775150775,0.578125,0.0855147615075111,0.3330318033695221,0.044960506260395,2018-02-05T11:23:35.644000,12.512,1,,,1.0,188,False,False,False,False,True,,162,v1
201,0,rec2018-02-05_11h30m48.760s.wav,Inhale,3.824,5.816000000000001,1.9920000000000004,0.9419403234414296,0.9983371496200562,113,8000,0.227863922715187,0.2802287936210632,0.1146444529294967,1.496000051498413,0.3444680869579315,0.0343605764210224,0.1137842312455177,0.0397515930235385,0.5494999885559082,0.0816094502806663,0.3416621088981628,0.0410431697964668,2018-02-05T11:30:48.760000,12.512,1,,,1.0,189,False,False,False,False,True,,163,v1
202,0,rec2018-02-06_10h28m57.917s.wav,Inhale,1.68,2.9200000000000004,1.2400000000000004,0.8426486922032905,0.9831128120422364,66,8000,0.1984117776155471,0.283028095960617,0.0605289041996002,0.7519999742507935,0.3500661551952362,0.0293697472661733,0.1394367665052414,0.0562470182776451,0.5904948115348816,0.0809918642044067,0.3481414020061493,0.0519101470708847,2018-02-06T10:28:57.917000,12.512,1,,,1.0,190,False,False,False,False,True,,164,v1
203,0,rec2018-02-06_10h30m00.277s.wav,Inhale,5.408,6.776000000000001,1.3680000000000003,0.8467826495567957,0.9680858254432678,72,8000,0.2065982371568679,0.266400545835495,0.0676778480410575,0.984000027179718,0.3566057384014129,0.0378416515886783,0.1467597931623459,0.0376444533467292,0.6079215407371521,0.0670207291841507,0.3667588233947754,0.0521568246185779,2018-02-06T10:30:00.277000,12.512,1,,,0.972972972972973,191,False,False,False,False,True,,165,v1
204,0,rec2018-02-06_10h32m03.907s.wav,Inhale,5.5200000000000005,6.648000000000001,1.128,0.875330215793545,0.9843457341194152,59,8000,0.1817221641540527,0.2642256319522857,0.0463647171854972,0.8880000114440918,0.3656334280967712,0.0362152308225631,0.1614663302898407,0.055021408945322,0.6238446235656738,0.0761803910136222,0.3677858114242553,0.0702308192849159,2018-02-06T10:32:03.907000,12.512,1,,,1.0,192,False,False,False,False,True,,166,v1
205,0,rec2018-02-06_10h32m43.911s.wav,Inhale,5.904,6.984,1.08,0.8556148558855057,0.963497281074524,56,8000,0.1796098500490188,0.2796510457992553,0.0474290326237678,0.5440000295639038,0.3455762267112732,0.0349852703511714,0.125128760933876,0.049451820552349,0.5643956661224365,0.080560028553009,0.3457713425159454,0.0588999241590499,2018-02-06T10:32:43.911000,12.512,1,,,1.0,193,False,False,False,False,True,,167,v1
206,0,rec2018-02-06_11h39m13.131s.wav,Inhale,7.136,8.2,1.0639999999999992,0.8236956238746643,0.972585916519165,55,8000,0.2040430009365081,0.2910551130771637,0.0495019108057022,0.4720000028610229,0.3515449166297912,0.0270282328128814,0.1720146685838699,0.0509950630366802,0.619752824306488,0.0503219589591026,0.3577352464199066,0.0708693414926529,2018-02-06T11:39:13.131000,12.512,1,,,1.0,194,False,False,False,False,True,,168,v1
207,0,rec2018-02-06_12h10m09.167s.wav,Inhale,1.264,2.104,0.8400000000000001,0.6970022112131119,0.971692144870758,40,8000,0.2030404806137085,0.3479919731616974,0.0452554337680339,0.3199999928474426,0.3429816365242004,0.0439131297171115,0.1272848397493362,0.0455888025462627,0.5723761916160583,0.0736349895596504,0.317203164100647,0.0488795191049575,2018-02-06T12:10:09.167000,12.512,2,,7.432,0.975609756097561,195,False,False,False,False,True,,169,v1
207,1,rec2018-02-06_12h10m09.167s.wav,Inhale,9.536,10.152,0.6159999999999997,0.677831766280261,0.7741479873657227,22,8000,0.2004244476556778,0.3277275860309601,0.0339078083634376,0.2800000011920929,0.3454592823982239,0.0560089796781539,0.1242038533091545,0.0442819632589817,0.5711137652397156,0.0779604613780975,0.3061711192131042,0.0486018285155296,2018-02-06T12:10:09.167000,12.512,2,7.432,,0.8148148148148148,196,False,False,False,False,True,,170,v1
208,0,rec2018-02-06_12h11m01.614s.wav,Inhale,1.056,1.576,0.52,0.6061815654530245,0.7166497707366943,17,8000,0.1854767799377441,0.3201758563518524,0.0248217042535543,0.3440000116825104,0.3485734462738037,0.0474169626832008,0.1510928869247436,0.0787134170532226,0.5910274386405945,0.078331783413887,0.2961499691009521,0.0583764687180519,2018-02-06T12:11:01.614000,12.512,2,,7.368,0.8095238095238095,197,False,False,False,False,True,,171,v1
208,1,rec2018-02-06_12h11m01.614s.wav,Inhale,8.944,9.624,0.6799999999999979,0.5698623680151426,0.6545184850692749,26,8000,0.2336081266403198,0.3435893654823303,0.0444629676640033,0.2560000121593475,0.3307217061519623,0.0457330644130706,0.1262718737125396,0.0437002927064895,0.5462390780448914,0.0818794071674346,0.3006336390972137,0.0463114194571971,2018-02-06T12:11:01.614000,12.512,2,7.368,,0.8387096774193549,198,False,False,False,False,True,,172,v1
209,0,rec2018-02-06_12h12m08.951s.wav,Inhale,1.552,2.104,0.552,0.7069392696670864,0.8457543253898621,23,8000,0.2449022084474563,0.3266220390796661,0.0361776947975158,0.2560000121593475,0.3362641632556915,0.0435051769018173,0.1403072029352188,0.0360591374337673,0.5811383724212646,0.0713623687624931,0.3011718690395355,0.0499884188175201,2018-02-06T12:12:08.951000,12.512,3,,0.696,1.0,199,False,False,False,False,True,,173,v1
209,1,rec2018-02-06_12h12m08.951s.wav,Inhale,2.8000000000000003,3.096,0.2959999999999998,0.5231948345899582,0.5382037162780762,4,8000,0.1590967327356338,0.2601921260356903,0.0099143348634243,0.0,0.3368494212627411,0.0316952243447303,0.0983329936861991,0.0380306802690029,0.5448190569877625,0.0763928890228271,0.2570543885231018,0.0564600750803947,2018-02-06T12:12:08.951000,12.512,3,0.696,6.824,0.5714285714285714,200,False,True,False,False,False,short_duration,,v1
209,2,rec2018-02-06_12h12m08.951s.wav,Inhale,9.92,10.152,0.2319999999999993,0.5995945533116659,0.631644070148468,3,8000,0.2035057991743087,0.303244411945343,0.0133526856079697,0.0719999969005584,0.3501402139663696,0.0617053359746933,0.1229718104004859,0.0270169861614704,0.5546875,0.0870197042822837,0.2624023556709289,0.0512172020971775,2018-02-06T12:12:08.951000,12.512,3,6.824,,1.0,201,False,True,False,False,False,short_duration,,v1
210,0,rec2018-02-06_12h13m05.267s.wav,Inhale,0.864,1.976,1.112,0.7586561706331041,0.9640050530433656,54,8000,0.1852717846632003,0.288036048412323,0.0507745817303657,0.2399999946355819,0.3522161841392517,0.0435724109411239,0.1588101536035537,0.0801393687725067,0.6281808018684387,0.0880913957953453,0.3349713981151581,0.0644801333546638,2018-02-06T12:13:05.267000,12.512,2,,5.912,0.9310344827586207,202,False,False,False,False,True,,174,v1
210,1,rec2018-02-06_12h13m05.267s.wav,Inhale,7.888,8.68,0.7919999999999998,0.7212484494635933,0.8426452875137329,38,8000,0.1876887530088424,0.2902151942253113,0.0361583270132541,0.5600000023841858,0.359521746635437,0.0345732420682907,0.1679241508245468,0.0420055240392684,0.6517968773841858,0.0488922111690044,0.329814463853836,0.0643024444580078,2018-02-06T12:13:05.267000,12.512,2,5.912,,1.0,203,False,False,False,False,True,,175,v1
211,0,rec2018-02-06_12h13m52.029s.wav,Inhale,1.632,2.568,0.936,0.8035755893017383,0.9223566055297852,47,8000,0.1633508801460266,0.2783538401126861,0.0358204208314418,0.2479999959468841,0.3552380204200744,0.0323347933590412,0.1326913237571716,0.0480078123509883,0.6244703531265259,0.0678470283746719,0.3190793693065643,0.0592705272138118,2018-02-06T12:13:52.029000,12.512,2,,6.504,1.0,204,False,False,False,False,True,,176,v1
211,1,rec2018-02-06_12h13m52.029s.wav,Inhale,9.072,9.944,0.8719999999999981,0.7791639372359874,0.911804735660553,43,8000,0.1719664931297302,0.2792045176029205,0.0351159945130348,0.3600000143051147,0.3570984899997711,0.0296133048832416,0.1384586095809936,0.0483490712940692,0.6193891763687134,0.0759288817644119,0.3154252469539642,0.058793805539608,2018-02-06T12:13:52.029000,12.512,2,6.504,,1.0,205,False,False,False,False,True,,177,v1
212,0,rec2018-02-06_12h15m08.616s.wav,Inhale,2.752,3.688,0.936,0.7298012505406919,0.8819358944892883,46,8000,0.1570522785186767,0.299962043762207,0.0366003029048442,0.5040000081062317,0.3559736013412475,0.0588584765791893,0.1172332391142845,0.051389317959547,0.5936175584793091,0.0836313217878341,0.3089868724346161,0.0473269745707511,2018-02-06T12:15:08.616000,12.512,2,,6.456,0.9787234042553191,206,False,False,False,False,True,,178,v1
212,1,rec2018-02-06_12h15m08.616s.wav,Inhale,10.144,11.0,0.8559999999999999,0.7765681544939677,0.8854939341545105,42,8000,0.1559944301843643,0.2745716571807861,0.0314246378839015,0.4000000059604645,0.3741998970508575,0.063236080110073,0.1409327834844589,0.0740450173616409,0.6247106194496155,0.099974937736988,0.3242323100566864,0.0366194359958171,2018-02-06T12:15:08.616000,12.512,2,6.456,,1.0,207,False,False,False,False,True,,179,v1
213,0,rec2018-02-06_12h16m57.870s.wav,Inhale,11.44,11.736,0.2959999999999994,0.7482584459441048,0.8670747876167297,7,8000,0.2050065547227859,0.3096502125263214,0.0125546706840395,0.2879999876022339,0.382064551115036,0.0420230515301227,0.1605486869812011,0.0492621958255767,0.6385690569877625,0.0568386875092983,0.3278937041759491,0.0727792382240295,2018-02-06T12:16:57.870000,12.512,1,,,1.0,208,False,True,False,False,False,short_duration,,v1
214,0,rec2018-02-06_12h17m38.883s.wav,Inhale,0.768,1.784,1.016,0.8817145824432373,0.9818456172943116,52,8000,0.1615450829267501,0.2859751880168915,0.0380265414714813,0.7120000123977661,0.3927575349807739,0.0741956830024719,0.1590059846639633,0.0512781329452991,0.63482666015625,0.0807023867964744,0.3752059936523437,0.0649646744132042,2018-02-06T12:17:38.883000,12.512,1,,,1.0,209,False,False,False,False,True,,180,v1
215,0,rec2018-02-06_12h18m33.477s.wav,Inhale,1.936,2.9040000000000004,0.9680000000000004,0.6129617455758547,0.7018182277679443,38,8000,0.203497439622879,0.2920591533184051,0.0511020347476005,0.5920000076293945,0.3487174212932586,0.0481952391564846,0.1365682035684585,0.0403893887996673,0.5642930269241333,0.0750601887702941,0.3330918550491333,0.0486968196928501,2018-02-06T12:18:33.477000,12.512,1,,,0.7755102040816326,210,False,False,False,False,True,,181,v1
216,0,rec2018-02-06_12h19m34.374s.wav,Inhale,2.912,3.192,0.2800000000000002,0.5943920115629832,0.6558352112770081,6,8000,0.2075839340686798,0.2942283749580383,0.0138154998421669,0.1519999951124191,0.3263104856014251,0.0309591516852378,0.1148177534341812,0.0422978922724723,0.5373263955116272,0.077188640832901,0.2385118305683136,0.0505786314606666,2018-02-06T12:19:34.374000,12.512,2,,0.152,1.0,211,False,True,True,False,False,short_duration;close_neighbor,,v1
216,1,rec2018-02-06_12h19m34.374s.wav,Inhale,3.344,3.944,0.6000000000000005,0.7227418147600614,0.8398787379264832,26,8000,0.1967800855636596,0.2959291636943817,0.0319288000464439,0.2879999876022339,0.3356779515743255,0.0306159481406211,0.1398277729749679,0.0659398660063743,0.5474917888641357,0.079255424439907,0.3101549744606018,0.0610181912779808,2018-02-06T12:19:34.374000,12.512,2,0.152,,1.0,212,False,False,True,False,False,close_neighbor,,v1
217,0,rec2018-02-06_12h20m19.800s.wav,Inhale,2.4,2.712,0.3120000000000003,0.5577349066734314,0.6246277689933777,6,8000,0.1506461650133133,0.2798363268375397,0.0105266505852341,0.2319999933242797,0.3236651420593261,0.0507328398525714,0.0859353989362716,0.0333017706871032,0.519726574420929,0.092273324728012,0.2223754823207855,0.0500416681170463,2018-02-06T12:20:19.800000,12.512,2,,0.056,0.75,213,False,True,True,False,False,short_duration;close_neighbor,,v1
217,1,rec2018-02-06_12h20m19.800s.wav,Inhale,2.768,3.544,0.7759999999999998,0.7171157399813334,0.8623086214065552,30,8000,0.2097509354352951,0.291852593421936,0.0441337078809738,0.2399999946355819,0.3281102776527405,0.0309785101562738,0.0956855192780494,0.0369740910828113,0.4914700388908386,0.057573352009058,0.3182896077632904,0.0493166036903858,2018-02-06T12:20:19.800000,12.512,2,0.056,,0.8108108108108109,214,False,False,True,False,False,close_neighbor,,v1
218,0,rec2018-02-06_12h21m35.410s.wav,Inhale,2.816,3.3040000000000003,0.4880000000000004,0.6792135834693909,0.8594282865524292,17,8000,0.229818120598793,0.512908935546875,0.0270430203527212,0.4880000054836273,0.3445683121681213,0.0344755612313747,0.1370791643857956,0.0335665866732597,0.5677923560142517,0.0711583048105239,0.3109091520309448,0.0630801543593406,2018-02-06T12:21:35.410000,12.512,2,,0.088,0.8947368421052632,215,False,True,True,False,False,short_duration;close_neighbor,,v1
218,1,rec2018-02-06_12h21m35.410s.wav,Inhale,3.392,3.976,0.5840000000000005,0.8003438040614128,0.9540013074874878,24,8000,0.180350124835968,0.3012714087963104,0.0287172645330429,0.0399999991059303,0.3380899429321289,0.0491982847452163,0.0811907276511192,0.0347197726368904,0.4978885054588318,0.0914997532963752,0.3060203790664673,0.0519196093082428,2018-02-06T12:21:35.410000,12.512,2,0.088,,0.96,216,False,False,True,False,False,close_neighbor,,v1
219,0,rec2018-02-08_14h33m35.005s.wav,Inhale,2.16,3.5280000000000005,1.3680000000000003,0.6193161793783599,0.8064149022102356,51,8000,0.2139564752578735,0.2704827487468719,0.0681429877877235,1.3519999980926514,0.3460437059402466,0.0527044683694839,0.1439122557640075,0.0524325482547283,0.6313590407371521,0.1128466352820396,0.3425832390785217,0.0763739719986915,2018-02-08T14:33:35.005000,12.512,1,,,0.6891891891891891,217,False,False,False,False,True,,182,v1
220,0,rec2018-02-08_14h35m33.038s.wav,Inhale,3.648,3.848,0.2000000000000001,0.5410417318344116,0.5410417318344116,1,8000,0.1831619441509246,0.2959383428096771,0.0089170914143323,0.1040000021457672,0.3645554184913635,0.0391617268323898,0.1578769087791443,0.0593959912657737,0.6292067170143127,0.0811387076973915,0.2472017705440521,0.0360859744250774,2018-02-08T14:35:33.038000,12.512,2,,0.824,1.0,218,False,True,False,False,False,short_duration,,v1
220,1,rec2018-02-08_14h35m33.038s.wav,Inhale,4.672,5.928,1.2560000000000002,0.7599560413787614,0.8957508206367493,67,8000,0.185563787817955,0.2671340107917785,0.0490147545933723,0.7919999957084656,0.3851930499076843,0.0274044573307037,0.1768325865268707,0.0540277920663356,0.6864121556282043,0.0719497129321098,0.4079651534557342,0.0816906318068504,2018-02-08T14:35:33.038000,12.512,2,0.824,,1.0,219,False,False,False,False,True,,183,v1
221,0,rec2018-02-08_14h36m13.041s.wav,Inhale,3.664,3.992,0.3280000000000003,0.5973939961857266,0.7128534317016602,9,8000,0.0288349110633134,0.0656167864799499,0.0003965878859162,0.0,0.3230742514133453,0.0487150736153125,0.0380552448332309,0.0352142713963985,0.5452008843421936,0.1044063791632652,0.202241450548172,0.0461772568523883,2018-02-08T14:36:13.041000,12.512,2,,0.008,1.0,220,False,True,True,False,False,short_duration;close_neighbor,,v1
221,1,rec2018-02-08_14h36m13.041s.wav,Inhale,4.0,6.04,2.04,0.9232310796606128,0.9945708513259888,116,8000,0.1671655774116516,0.270842045545578,0.0675716325640678,1.7999999523162842,0.3960561454296112,0.0489898063242435,0.1718598306179046,0.0635430216789245,0.69915771484375,0.0809693038463592,0.4410629272460937,0.091478407382965,2018-02-08T14:36:13.041000,12.512,2,0.008,,1.0,221,False,False,True,False,False,close_neighbor,,v1
222,0,rec2018-02-08_14h37m48.457s.wav,Inhale,4.192,5.656000000000001,1.4640000000000004,0.7844189666211605,0.9591581225395204,80,8000,0.2192680090665817,0.2867205739021301,0.0807918682694435,0.8320000171661377,0.3555395603179931,0.0229994431138038,0.1348274201154709,0.0403668545186519,0.6586276888847351,0.0461078435182571,0.330948531627655,0.0460020005702972,2018-02-08T14:37:48.457000,12.512,1,,,1.0,222,False,False,False,False,True,,184,v1
223,0,rec2018-02-08_14h50m50.378s.wav,Inhale,0.592,2.168,1.576,0.6937602174125219,0.8786656260490417,76,8000,0.2370450496673584,0.3515537083148956,0.1058555096387863,0.7279999852180481,0.3274410665035248,0.0339027047157287,0.1075169891119003,0.040100697427988,0.5963147282600403,0.0833290070295333,0.2892055213451385,0.0432642921805381,2018-02-08T14:50:50.378000,12.512,1,,,0.8735632183908046,223,False,False,False,False,True,,185,v1
225,0,rec2018-02-08_15h03m14.166s.wav,Inhale,2.128,2.3760000000000003,0.2480000000000002,0.5225927829742432,0.5263769626617432,2,8000,0.2403578162193298,0.2961775362491607,0.0151166003197431,0.0240000002086162,0.341243177652359,0.0308644510805606,0.1651683449745178,0.0560887679457664,0.6259765625,0.054539069533348,0.2496795654296875,0.0500538274645805,2018-02-08T15:03:14.166000,12.512,2,,0.312,0.5,224,False,True,False,False,False,short_duration,,v1
225,1,rec2018-02-08_15h03m14.166s.wav,Inhale,2.688,4.088,1.4,0.6674971529122057,0.8619572520256042,58,8000,0.2254826128482818,0.2867127060890198,0.0793372839689254,0.656000018119812,0.346335768699646,0.0321205705404281,0.1294678300619125,0.0424233525991439,0.5749289989471436,0.0673514008522033,0.3344587981700897,0.0410809144377708,2018-02-08T15:03:14.166000,12.512,2,0.312,,0.7631578947368421,225,False,False,False,False,True,,186,v1
226,0,rec2018-02-08_15h04m25.148s.wav,Inhale,9.072,9.272,0.1999999999999993,0.4761245846748352,0.4761245846748352,1,8000,0.15314482152462,0.2614911496639251,0.0062678516842424,0.0320000015199184,0.364445149898529,0.0350320003926754,0.1527574509382248,0.0487698279321193,0.6556490659713745,0.0406482852995395,0.2286095321178436,0.0354034416377544,2018-02-08T15:04:25.148000,12.512,1,,,1.0,226,False,True,False,False,False,short_duration,,v1
227,0,rec2018-02-08_15h06m27.101s.wav,Inhale,1.92,3.64,1.7200000000000002,0.8075224148730437,0.9255510568618774,96,8000,0.2075228989124298,0.2783021926879883,0.0802804380655288,1.2000000476837158,0.3880644142627716,0.0442617796361446,0.1722873002290725,0.0501958131790161,0.7184967994689941,0.0343051142990589,0.4302549064159393,0.0694104954600334,2018-02-08T15:06:27.101000,12.512,1,,,1.0,227,False,False,False,False,True,,187,v1
228,0,rec2018-02-08_15h08m45.803s.wav,Inhale,4.032,6.648000000000001,2.6160000000000005,0.8120058557471713,0.979480504989624,148,8000,0.1963481903076172,0.2807661890983581,0.1145805492997169,1.2319999933242798,0.39108806848526,0.0668672770261764,0.170313760638237,0.051125019788742,0.6964319944381714,0.0746116787195205,0.4316689074039459,0.0728634670376777,2018-02-08T15:08:45.803000,12.512,1,,,0.9736842105263158,228,False,False,False,False,True,,188,v1
229,0,rec2018-02-08_15h20m25.156s.wav,Inhale,3.168,5.192,2.024,0.9223712972972704,0.9978228211402892,115,8000,0.1760587394237518,0.2724710404872894,0.0693717375397682,1.184000015258789,0.3997859060764313,0.0323013179004192,0.1800316870212555,0.0510525479912757,0.6980807185173035,0.048064861446619,0.3904346823692322,0.0571545325219631,2018-02-08T15:20:25.156000,12.512,1,,,1.0,229,False,False,False,False,True,,189,v1
230,0,rec2018-02-08_15h23m00.916s.wav,Inhale,4.128,4.504,0.3760000000000003,0.5958696727951368,0.8117996454238892,12,8000,0.1757843345403671,0.305445522069931,0.01627853885293,0.0480000004172325,0.3535191714763641,0.0335146151483058,0.1393412202596664,0.041888028383255,0.6180012822151184,0.0776227265596389,0.281524658203125,0.0630949512124061,2018-02-08T15:23:00.916000,12.512,2,,0.376,1.0,230,False,True,False,False,False,short_duration,,v1
230,1,rec2018-02-08_15h23m00.916s.wav,Inhale,4.88,7.16,2.28,0.9132561447056196,0.9816110730171204,131,8000,0.2190298736095428,0.303301066160202,0.1212609410285949,1.0880000591278076,0.3636362254619598,0.0376885645091533,0.1356566697359085,0.0424171946942806,0.6855059266090393,0.0371194146573543,0.3484877049922943,0.0471665523946285,2018-02-08T15:23:00.916000,12.512,2,0.376,,1.0,231,False,False,False,False,True,,190,v1
231,0,rec2018-02-08_15h25m08.376s.wav,Inhale,4.992,6.104,1.112,0.80172025142832,0.9441379308700562,47,8000,0.2196898311376571,0.283357709646225,0.0553879290819168,0.9679999947547911,0.37348273396492,0.0255825333297252,0.1899389326572418,0.0359400175511837,0.6991629600524902,0.028468519449234,0.4084856212139129,0.0709046870470047,2018-02-08T15:25:08.376000,12.512,2,,0.008,0.8103448275862069,232,False,False,True,False,False,close_neighbor,,v1
231,1,rec2018-02-08_15h25m08.376s.wav,Inhale,6.112,7.208,1.096,0.7350317149792077,0.9191687107086182,53,8000,0.2177976667881012,0.2848450541496277,0.0615690387785434,0.0080000003799796,0.3655016124248504,0.048454288393259,0.135904312133789,0.0370787754654884,0.681046187877655,0.0377720855176448,0.3379967808723449,0.04623718932271,2018-02-08T15:25:08.376000,12.512,2,0.008,,0.9298245614035088,233,False,False,True,False,False,close_neighbor,,v1
233,0,rec2018-02-09_10h49m08.773s.wav,Inhale,2.992,4.728000000000001,1.7360000000000009,0.6700429071982702,0.8456264138221741,84,8000,0.2021010965108871,0.2749135494232178,0.0850412622094154,0.8560000061988831,0.3485071957111358,0.0258577521890401,0.1420175284147262,0.0676620081067085,0.6095541715621948,0.0754169523715972,0.3321521878242492,0.0559273324906826,2018-02-09T10:49:08.773000,12.512,1,,,0.865979381443299,234,False,False,False,False,True,,191,v1
234,0,rec2018-02-09_10h57m14.793s.wav,Inhale,8.288,9.448,1.1599999999999984,0.8542097367224146,0.9569432139396667,61,8000,0.2120307236909866,0.2803119719028473,0.0584498681128025,0.9919999837875366,0.3701046407222748,0.047036238014698,0.1613226979970932,0.042886234819889,0.6708047986030579,0.0434849932789802,0.3720502555370331,0.0611466765403747,2018-02-09T10:57:14.793000,12.512,1,,,1.0,235,False,False,False,False,True,,192,v1
235,0,rec2018-02-09_11h04m27.369s.wav,Inhale,3.792,3.992,0.2000000000000001,0.510915994644165,0.510915994644165,1,8000,0.2505329251289367,0.3010554611682892,0.0138215348124504,0.0719999969005584,0.3211737871170044,0.0163103863596916,0.1340263485908508,0.0182763263583183,0.5606971383094788,0.0547007024288177,0.1972468495368957,0.0304951034486293,2018-02-09T11:04:27.369000,12.512,1,,,1.0,236,False,True,False,False,False,short_duration,,v1
236,0,rec2018-02-09_11h05m06.012s.wav,Inhale,2.368,3.848,1.4800000000000004,0.8745245455223837,0.9906287789344788,81,8000,0.1879699826240539,0.2634990513324737,0.0620178095996379,0.4799999892711639,0.3806075155735016,0.0299397259950637,0.1500010937452316,0.0428621508181095,0.6845598220825195,0.054961796849966,0.3533029854297638,0.0488149411976337,2018-02-09T11:05:06.012000,12.512,1,,,1.0,237,False,False,False,False,True,,193,v1
237,0,rec2018-02-09_11h05m43.714s.wav,Inhale,1.648,3.064,1.416,0.8011328562513574,0.9505175352096558,77,8000,0.1565985083580017,0.254236102104187,0.0449812933802604,1.0880000591278076,0.4088411629199981,0.047724213451147,0.1749984622001648,0.0717069879174232,0.7085235118865967,0.0628774389624595,0.3916783630847931,0.0552352666854858,2018-02-09T11:05:43.714000,12.512,1,,,1.0,238,False,False,False,False,True,,194,v1
238,0,rec2018-05-02_17h33m13.522s.wav,Inhale,0.768,1.8,1.032,0.8902111413343897,0.9961105585098268,53,8000,0.2007789313793182,0.2459947913885116,0.042800810188055,1.0080000162124634,0.3757632970809936,0.0502761006355285,0.1390142440795898,0.0519703812897205,0.6708533763885498,0.0935614630579948,0.3821927607059479,0.0736682787537574,2018-05-02T17:33:13.522000,12.512,2,,0.024,1.0,239,False,False,True,False,False,close_neighbor,,v1
238,1,rec2018-05-02_17h33m13.522s.wav,Inhale,1.824,2.712,0.8880000000000001,0.9578546570105986,0.9996556639671326,44,8000,0.202882781624794,0.2620791792869568,0.0425728894770145,0.6079999804496765,0.3635909855365753,0.0223345700651407,0.1119876950979232,0.0335830897092819,0.6256975531578064,0.0664928033947944,0.3512529730796814,0.0520404987037181,2018-05-02T17:33:13.522000,12.512,2,0.024,,1.0,240,False,False,True,False,False,close_neighbor,,v1
239,0,rec2018-05-02_17h33m50.393s.wav,Inhale,2.64,4.248,1.608,0.9861947271261322,0.999882161617279,89,8000,0.2504820823669433,0.3426440060138702,0.1153458431363105,0.3680000007152557,0.3341110944747925,0.0385518670082092,0.085845872759819,0.0362356975674629,0.5795946717262268,0.0824177414178848,0.2679938971996307,0.0399848073720932,2018-05-02T17:33:50.393000,12.512,1,,,1.0,241,False,False,False,False,True,,195,v1
240,0,rec2018-05-02_17h34m27.816s.wav,Inhale,2.128,3.928,1.8000000000000005,0.9750870979658448,0.998965322971344,101,8000,0.1872608959674835,0.2623630166053772,0.076771967113018,1.0160000324249268,0.357607752084732,0.0363083481788635,0.1101275086402893,0.048545766621828,0.6152516603469849,0.0688769295811653,0.3371214866638183,0.060928825289011,2018-05-02T17:34:27.816000,12.512,1,,,1.0,242,False,False,False,False,True,,196,v1
241,0,rec2018-05-02_17h35m57.328s.wav,Inhale,2.896,4.696000000000001,1.8000000000000007,0.9794313417802945,0.9999226331710817,101,8000,0.2225721627473831,0.3025862872600555,0.1053429692983627,0.5199999809265137,0.3485543727874756,0.0394020453095436,0.1121668294072151,0.0610847175121307,0.6059527397155762,0.0764364525675773,0.314757764339447,0.0388136096298694,2018-05-02T17:35:57.328000,12.512,1,,,1.0,243,False,False,False,False,True,,197,v1
242,0,rec2018-05-02_17h38m14.494s.wav,Inhale,1.488,3.3680000000000003,1.8800000000000003,0.9891545873767924,0.999889612197876,106,8000,0.223146378993988,0.3081591129302978,0.110863983631134,0.6320000290870667,0.3442426025867462,0.023085992783308,0.0955708250403404,0.0335765555500984,0.5744504928588867,0.0625099092721939,0.306686133146286,0.0409552864730358,2018-05-02T17:38:14.494000,12.512,1,,,1.0,244,False,False,False,False,True,,198,v1
243,0,rec2018-05-02_17h38m56.671s.wav,Inhale,7.328,8.728,1.3999999999999997,0.9607514268473576,0.9994715452194214,76,8000,0.170288935303688,0.2621354460716247,0.0511185899376869,0.7039999961853027,0.3769764900207519,0.0362753868103027,0.1057394444942474,0.0463251583278179,0.6431108117103577,0.0817266926169395,0.3653231561183929,0.0563882961869239,2018-05-02T17:38:56.671000,12.512,1,,,1.0,245,False,False,False,False,True,,199,v1
244,0,rec2018-05-02_17h40m15.391s.wav,Inhale,2.624,4.184,1.56,0.9338268173295398,0.999053120613098,86,8000,0.1894250363111496,0.2736712098121643,0.0643302798271179,0.4480000138282776,0.333984762430191,0.0544953718781471,0.1177768930792808,0.1066930443048477,0.5480309128761292,0.0927862673997879,0.2741026580333709,0.0451679602265358,2018-05-02T17:40:15.391000,12.512,1,,,1.0,246,False,False,False,False,True,,200,v1
245,0,rec2018-05-02_17h40m35.031s.wav,Inhale,3.68,5.832,2.152,0.986578591470796,0.9997773170471193,123,8000,0.1646991372108459,0.2444805949926376,0.0697527378797531,0.6800000071525574,0.359722226858139,0.0362417176365852,0.0728773847222328,0.0468122623860836,0.5742766261100769,0.0791019424796104,0.3126627504825592,0.0512516349554061,2018-05-02T17:40:35.031000,12.512,1,,,1.0,247,False,False,False,False,True,,201,v1
246,0,rec2018-05-02_17h41m00.892s.wav,Inhale,3.344,5.32,1.9760000000000004,0.9746136031367562,0.999910831451416,110,8000,0.2021933794021606,0.3016065657138824,0.1009996309876442,0.5680000185966492,0.3459987938404083,0.0306497793644666,0.0886730551719665,0.0416868850588798,0.5533959269523621,0.0700006783008575,0.31719970703125,0.0376046113669872,2018-05-02T17:41:00.892000,12.512,1,,,0.9821428571428571,248,False,False,False,False,True,,202,v1
247,0,rec2018-05-02_17h42m58.720s.wav,Inhale,3.152,4.84,1.6879999999999995,0.9724335049061064,0.9991081953048706,94,8000,0.127819150686264,0.2655431628227234,0.0369904786348342,1.184000015258789,0.3552929162979126,0.0492936931550502,0.074123129248619,0.0405803397297859,0.5822892189025879,0.0924025624990463,0.3065415918827057,0.0609582178294658,2018-05-02T17:42:58.720000,12.512,3,,2.056,1.0,249,False,False,False,False,True,,203,v1
247,1,rec2018-05-02_17h42m58.720s.wav,Inhale,6.896,8.184,1.2879999999999994,0.95159301550492,0.9930620193481444,69,8000,0.0815620943903923,0.1418588608503341,0.0109629863873124,0.1679999977350235,0.3835695385932922,0.0421307459473609,0.0787583887577056,0.0974412858486175,0.598186731338501,0.1050844863057136,0.3277994692325592,0.0441178828477859,2018-05-02T17:42:58.720000,12.512,3,2.056,3.032,1.0,250,False,False,False,False,True,,204,v1
247,2,rec2018-05-02_17h42m58.720s.wav,Inhale,11.216,12.328,1.1119999999999983,0.9189288390093836,0.9984755516052246,58,8000,0.0875310525298118,0.1831630915403366,0.0119454190135002,0.1840000003576278,0.3885858356952667,0.0499172545969486,0.0793437287211418,0.0903898701071739,0.6017299294471741,0.1152195930480957,0.3363629877567291,0.0446108765900135,2018-05-02T17:42:58.720000,12.512,3,3.032,,1.0,251,False,False,False,False,True,,205,v1
248,0,rec2018-05-03_09h32m11.296s.wav,Inhale,2.096,3.768,1.6720000000000002,0.823901737152144,0.959595263004303,86,8000,0.1950573921203613,0.2770542800426483,0.0799988508224487,0.7039999961853027,0.3619021475315094,0.0574901960790157,0.1268316805362701,0.0533455982804298,0.6056175827980042,0.0939241051673889,0.3528948128223419,0.0483600310981273,2018-05-03T09:32:11.296000,12.512,1,,,0.9247311827956989,252,False,False,False,False,True,,206,v1
249,0,rec2018-05-03_09h32m39.426s.wav,Inhale,2.432,3.848,1.4160000000000004,0.7652435674295797,0.8681809902191162,77,8000,0.2081020623445511,0.323080450296402,0.0789192840456962,1.0720000267028809,0.3374465703964233,0.024857448413968,0.1254821121692657,0.0607140883803367,0.5682935118675232,0.0822808593511581,0.3124259412288666,0.0437398701906204,2018-05-03T09:32:39.426000,6.464,1,,,1.0,253,False,False,False,False,True,,207,v1
250,0,rec2018-05-03_09h32m52.456s.wav,Inhale,2.896,4.12,1.2240000000000002,0.7734057664871216,0.965319275856018,65,8000,0.2163575589656829,0.332920640707016,0.0737596005201339,0.7440000176429749,0.3346656560897827,0.0321707464754581,0.1121174171566963,0.0596641041338443,0.5680803656578064,0.0870906338095665,0.2997127473354339,0.0423804484307765,2018-05-03T09:32:52.456000,12.0,1,,,1.0,254,False,False,False,False,True,,208,v1
251,0,rec2018-05-03_09h33m56.681s.wav,Inhale,1.728,3.3360000000000003,1.6080000000000003,0.8309977201854482,0.9755316972732544,85,8000,0.1918813437223434,0.2800376713275909,0.0728939026594162,0.328000009059906,0.3694241344928741,0.0408065542578697,0.139749601483345,0.0454610586166381,0.6482441425323486,0.0682028383016586,0.3498390018939972,0.0441926009953022,2018-05-03T09:33:56.681000,12.512,1,,,0.9550561797752809,255,False,False,False,False,True,,209,v1
253,0,rec2018-05-03_11h21m20.915s.wav,Inhale,1.888,3.624,1.736,0.9849389797633455,0.9997239112854004,97,8000,0.2271107584238052,0.3184237778186798,0.1064421758055687,1.0399999618530271,0.3465891778469085,0.0379823520779609,0.1124623864889144,0.0724808499217033,0.6153239607810974,0.0827670395374298,0.3017981350421905,0.0438441596925258,2018-05-03T11:21:20.915000,12.0,1,,,1.0,256,False,False,False,False,True,,210,v1
254,0,rec2018-05-03_11h22m05.830s.wav,Inhale,1.36,1.864,0.504,0.9322609841823578,0.9970126748085022,20,8000,0.2727885246276855,0.6258725523948669,0.0502514615654945,0.0,0.3226591050624847,0.0639898478984832,0.074935033917427,0.0471241474151611,0.572021484375,0.1102388873696327,0.2448959350585937,0.0698230415582656,2018-05-03T11:22:05.830000,12.0,2,,0.648,1.0,257,False,False,False,False,True,,211,v1
254,1,rec2018-05-03_11h22m05.830s.wav,Inhale,2.512,3.096,0.5840000000000001,0.8087048387527466,0.961320459842682,25,8000,0.4437894821166992,0.4891667366027832,0.1180675774812698,0.4000000059604645,0.25814089179039,0.0124092204496264,0.0250716395676136,0.0114987650886178,0.4639991521835327,0.0343149043619632,0.1528584212064743,0.0355146676301956,2018-05-03T11:22:05.830000,12.0,2,0.648,,1.0,258,False,False,False,False,True,,212,v1
255,0,rec2018-05-03_11h22m59.308s.wav,Inhale,0.976,3.128,2.152,0.9574886545902346,0.9989746809005736,123,8000,0.2351628243923187,0.3882409036159515,0.1487627476453781,1.0479999780654907,0.3047342300415039,0.0421774312853813,0.0890492051839828,0.0402403101325035,0.5274884104728699,0.0823062360286712,0.2578414380550384,0.0478284619748592,2018-05-03T11:22:59.308000,12.0,1,,,1.0,259,False,False,False,False,True,,213,v1
256,0,rec2018-05-03_11h30m44.236s.wav,Inhale,3.728,5.4,1.6720000000000002,0.9772963549501152,0.9997573494911194,93,8000,0.1992896348237991,0.2950330674648285,0.0774770081043243,0.8159999847412109,0.3567139804363251,0.0481894835829734,0.1527550667524337,0.0585594624280929,0.6539806723594666,0.0914863124489784,0.3782691657543182,0.0763688758015632,2018-05-03T11:30:44.236000,12.0,1,,,1.0,260,False,False,False,False,True,,214,v1
257,0,rec2018-05-03_11h31m05.117s.wav,Inhale,2.976,4.856,1.88,0.9811230127541524,0.9999228715896606,106,8000,0.2180443108081817,0.2971781492233276,0.1056069806218147,0.5040000081062317,0.3378652334213257,0.0320954993367195,0.1193788200616836,0.0459244213998317,0.5801774263381958,0.0754914134740829,0.3392747640609741,0.0554160177707672,2018-05-03T11:31:05.117000,12.0,1,,,1.0,261,False,False,False,False,True,,215,v1
258,0,rec2018-05-03_11h31m22.631s.wav,Inhale,4.496,6.328,1.832,0.9831141337607672,0.9998303055763244,103,8000,0.2466941028833389,0.3480932116508484,0.1229434311389923,0.0640000030398368,0.3192106783390045,0.0505517423152923,0.0912571847438812,0.0339040383696556,0.515081524848938,0.0980188772082328,0.3141622841358185,0.0490275658667087,2018-05-03T11:31:22.631000,12.0,1,,,1.0,262,False,False,False,False,True,,216,v1
259,0,rec2018-05-03_11h31m40.430s.wav,Inhale,4.176,5.928,1.7519999999999998,0.9826036953196232,0.9998825192451476,98,8000,0.2467527985572815,0.3779923319816589,0.1251915395259857,0.4239999949932098,0.3260506391525268,0.0409592539072036,0.0930216163396835,0.0337902009487152,0.5472656488418579,0.0745533853769302,0.3054510056972503,0.0480337776243686,2018-05-03T11:31:40.430000,12.0,1,,,1.0,263,False,False,False,False,True,,217,v1
260,0,rec2018-05-03_11h32m00.868s.wav,Inhale,3.36,5.192,1.8320000000000003,0.9864310633788989,0.999843955039978,103,8000,0.192752793431282,0.2681905925273895,0.0805733203887939,0.3759999871253967,0.3555635511875152,0.0428607538342475,0.1341662257909774,0.0609429143369197,0.6299252510070801,0.0991664305329322,0.3844026029109955,0.0842112079262733,2018-05-03T11:32:00.868000,12.0,1,,,1.0,264,False,False,False,False,True,,218,v1
261,0,rec2018-05-03_11h33m06.158s.wav,Inhale,1.712,3.544,1.832,0.9794971954475328,0.9997748136520386,103,8000,0.2448060512542724,0.322898119688034,0.1259144395589828,0.5680000185966492,0.3077994883060455,0.0507350899279117,0.1002273708581924,0.0514339320361614,0.4998301565647125,0.1017229184508323,0.300403356552124,0.0576853901147842,2018-05-03T11:33:06.158000,12.0,1,,,1.0,265,False,False,False,False,True,,219,v1
262,0,rec2018-05-03_11h34m12.944s.wav,Inhale,4.848,6.712000000000001,1.8640000000000008,0.9833340815135412,0.9998143315315248,105,8000,0.2392325103282928,0.3713241517543793,0.1257200092077255,0.8159999847412109,0.3304579854011535,0.0388654358685016,0.0871621966361999,0.0338661596179008,0.5468416213989258,0.0789833292365074,0.3100627660751343,0.0477830991148948,2018-05-03T11:34:12.944000,12.0,1,,,1.0,266,False,False,False,False,True,,220,v1
263,0,rec2018-05-03_11h34m42.301s.wav,Inhale,3.536,5.096,1.56,0.9866180551606556,0.9997468590736388,86,8000,0.2313475459814071,0.3717260360717773,0.102304108440876,0.5839999914169312,0.324929416179657,0.0407151989638805,0.0895691290497779,0.0403866879642009,0.5290975570678711,0.0696385726332664,0.3148292899131775,0.0466730706393718,2018-05-03T11:34:42.301000,12.0,1,,,1.0,267,False,False,False,False,True,,221,v1
264,0,rec2018-05-03_11h35m02.168s.wav,Inhale,4.336,6.12,1.7839999999999998,0.9658768343925476,0.9997868537902832,100,8000,0.2411507964134216,0.3272208869457245,0.1164863780140876,0.4079999923706054,0.3293904662132263,0.040409468114376,0.1020716056227684,0.0385504849255085,0.5407017469406128,0.0774826034903526,0.3118896484375,0.0413288958370685,2018-05-03T11:35:02.168000,12.0,1,,,1.0,268,False,False,False,False,True,,222,v1
265,0,rec2018-05-03_11h35m22.211s.wav,Inhale,4.72,6.5840000000000005,1.8640000000000008,0.977025428272429,0.99977844953537,105,8000,0.2500765025615692,0.3892125487327575,0.1387231200933456,0.7680000066757202,0.322782963514328,0.0423046797513961,0.0959238335490226,0.0336924046277999,0.5410656929016113,0.0803447589278221,0.3095473647117615,0.0450515449047088,2018-05-03T11:35:22.211000,12.0,1,,,1.0,269,False,False,False,False,True,,223,v1
266,0,rec2018-05-03_11h35m39.758s.wav,Inhale,4.336,6.056,1.7199999999999998,0.9874747594197592,0.9998598098754884,96,8000,0.2119770646095276,0.3047162592411041,0.0940809249877929,0.9200000166893004,0.3457056581974029,0.0475798659026622,0.1054501160979271,0.073845088481903,0.5515769720077515,0.0992658957839012,0.340625911951065,0.0490064024925231,2018-05-03T11:35:39.758000,12.0,1,,,1.0,270,False,False,False,False,True,,224,v1
267,0,rec2018-05-03_11h35m58.563s.wav,Inhale,4.288,6.456,2.168,0.9764056866688112,0.9998460412025452,124,8000,0.2323362380266189,0.3465608656406402,0.1334650218486786,0.7919999957084656,0.337405264377594,0.0298551227897405,0.0862805545330047,0.0362251102924346,0.5208525061607361,0.0713236257433891,0.3301014602184295,0.0431208498775959,2018-05-03T11:35:58.563000,12.0,1,,,1.0,271,False,False,False,False,True,,225,v1
268,0,rec2018-05-03_11h36m16.780s.wav,Inhale,4.368,6.28,1.912,0.9832535805525604,0.9997474551200868,108,8000,0.2220548689365387,0.3654688000679016,0.1126525178551673,0.656000018119812,0.3372845351696014,0.0549717172980308,0.1079888269305229,0.0557175353169441,0.5810872316360474,0.1121831834316253,0.337969958782196,0.0686966553330421,2018-05-03T11:36:16.780000,12.0,1,,,1.0,272,False,False,False,False,True,,226,v1
269,0,rec2018-05-03_11h36m35.115s.wav,Inhale,4.0,6.104,2.104,0.9696106359362602,0.9999263286590576,120,8000,0.2339151054620742,0.3125169277191162,0.1293689459562301,0.7680000066757202,0.3332073390483856,0.0402341410517692,0.0891335308551788,0.0384261794388294,0.5173118114471436,0.0858792215585708,0.3317038714885711,0.0368468835949897,2018-05-03T11:36:35.115000,12.0,1,,,1.0,273,False,False,False,False,True,,227,v1
270,0,rec2018-05-03_11h36m53.106s.wav,Inhale,4.6080000000000005,6.5840000000000005,1.976,0.9844157759632384,0.99982887506485,112,8000,0.2277277112007141,0.3262957036495209,0.1193618476390838,0.6800000071525574,0.3334434330463409,0.0374084040522575,0.0989041924476623,0.044271994382143,0.5501196980476379,0.0843771919608116,0.3347285985946655,0.0647197887301445,2018-05-03T11:36:53.106000,12.0,1,,,1.0,274,False,False,False,False,True,,228,v1
271,0,rec2018-05-03_11h37m11.955s.wav,Inhale,3.76,5.704000000000001,1.9440000000000004,0.9867810254747216,0.9998304843902588,110,8000,0.2309719771146774,0.3125901818275451,0.1190520152449607,0.9279999732971193,0.3327446579933166,0.02640943787992,0.1036539375782013,0.0421409495174884,0.545946478843689,0.0735901296138763,0.3363577425479889,0.043545838445425,2018-05-03T11:37:11.955000,12.0,1,,,1.0,275,False,False,False,False,True,,229,v1
272,0,rec2018-05-03_11h37m32.414s.wav,Inhale,4.224,6.072,1.848,0.9695011807175784,0.9997001886367798,104,8000,0.2450396716594696,0.374995082616806,0.1310850530862808,1.368000030517578,0.3115083575248718,0.0357445105910301,0.0815337523818016,0.0385500080883502,0.4756532907485962,0.0741972252726554,0.2980557084083557,0.0449219271540641,2018-05-03T11:37:32.414000,12.0,1,,,1.0,276,False,False,False,False,True,,230,v1
273,0,rec2018-05-03_11h37m50.903s.wav,Inhale,3.872,5.720000000000001,1.8480000000000008,0.9658343895123556,0.9998899698257446,104,8000,0.2214773148298263,0.3563334941864013,0.109765738248825,0.4079999923706054,0.3351792395114898,0.0338251888751983,0.1039345189929008,0.0444744229316711,0.567719578742981,0.0861628875136375,0.3340264558792114,0.0612538009881973,2018-05-03T11:37:50.903000,12.0,1,,,1.0,277,False,False,False,False,True,,231,v1
274,0,rec2018-05-03_11h38m07.740s.wav,Inhale,3.616,5.416,1.8000000000000005,0.9733203953445548,0.99981951713562,101,8000,0.2179569900035858,0.2949896454811096,0.1002238169312477,1.3200000524520874,0.3367606699466705,0.0354621782898902,0.1049503982067108,0.0505531020462513,0.5551023483276367,0.094254732131958,0.3434345722198486,0.0542098246514797,2018-05-03T11:38:07.740000,12.0,1,,,1.0,278,False,False,False,False,True,,232,v1
275,0,rec2018-05-03_11h38m25.235s.wav,Inhale,3.952,5.864,1.912,0.9822356965806748,0.999861776828766,108,8000,0.2157948762178421,0.3315253257751465,0.1088397204875946,1.215999960899353,0.3410480618476867,0.0357107929885387,0.1031275615096092,0.0413097031414508,0.5641276240348816,0.081797756254673,0.3406005799770355,0.0403021052479743,2018-05-03T11:38:25.235000,12.0,1,,,1.0,279,False,False,False,False,True,,233,v1
276,0,rec2018-05-03_11h38m46.135s.wav,Inhale,3.44,5.5120000000000005,2.0720000000000005,0.987365648403006,0.9999032616615297,118,8000,0.223222404718399,0.3216775953769684,0.1167532354593277,0.8640000224113464,0.3455388844013214,0.049221470952034,0.1060826405882835,0.0405104272067546,0.5783053040504456,0.0900015085935592,0.3453068733215332,0.0567122995853424,2018-05-03T11:38:46.135000,12.0,1,,,1.0,280,False,False,False,False,True,,234,v1
277,0,rec2018-05-03_11h39m04.979s.wav,Inhale,4.4,6.184,1.7839999999999998,0.9801850086450576,0.9998233318328856,100,8000,0.1978119164705276,0.2995378971099853,0.0860704779624939,0.6159999966621399,0.3587978184223175,0.0387766845524311,0.1338320672512054,0.0541758798062801,0.6444963812828064,0.0716331750154495,0.3694392740726471,0.060175135731697,2018-05-03T11:39:04.979000,12.0,1,,,1.0,281,False,False,False,False,True,,235,v1
278,0,rec2018-05-03_11h39m23.236s.wav,Inhale,4.0,5.896,1.896,0.9800219569250802,0.9998205304145812,107,8000,0.1933556795120239,0.3009570240974426,0.0860407724976539,0.5600000023841858,0.3784879148006439,0.0654418841004371,0.1338167041540146,0.0560396425426006,0.6566110849380493,0.0930780693888664,0.4114446640014648,0.0583815798163414,2018-05-03T11:39:23.236000,12.0,1,,,1.0,282,False,False,False,False,True,,236,v1
279,0,rec2018-05-03_11h39m41.633s.wav,Inhale,4.24,5.928,1.6879999999999995,0.9724956605028598,0.999213695526123,94,8000,0.2727001309394836,0.4003757536411285,0.1484730243682861,1.0479999780654907,0.3177652060985565,0.0334379449486732,0.0820043459534645,0.0568154007196426,0.5345298051834106,0.0634092316031456,0.2566885352134704,0.0489955432713031,2018-05-03T11:39:41.633000,12.0,1,,,1.0,283,False,False,False,False,True,,237,v1
280,0,rec2018-05-03_11h40m00.485s.wav,Inhale,4.816,6.6000000000000005,1.7840000000000007,0.9883299779891968,0.9999138116836548,100,8000,0.2232610881328582,0.3125542402267456,0.107791930437088,1.312000036239624,0.3317011296749115,0.033904556185007,0.1113901808857917,0.0586498379707336,0.5435965657234192,0.0759399980306625,0.3279636800289154,0.0471630953252315,2018-05-03T11:40:00.485000,12.0,1,,,1.0,284,False,False,False,False,True,,238,v1
281,0,rec2018-05-03_11h40m20.470s.wav,Inhale,4.384,6.232,1.848,0.9758561184773078,0.9999236464500428,104,8000,0.2121196538209915,0.2934504449367523,0.0992034077644348,0.6880000233650208,0.345471441745758,0.0255702994763851,0.1109339445829391,0.0473820194602012,0.5600754022598267,0.0779389888048172,0.3531978130340576,0.0472566969692707,2018-05-03T11:40:20.470000,12.0,1,,,1.0,285,False,False,False,False,True,,239,v1
282,0,rec2018-05-03_11h40m45.441s.wav,Inhale,4.128,5.832,1.7039999999999995,0.9748669423555072,0.9998601675033568,95,8000,0.2139573395252227,0.2989303171634674,0.0937044993042945,0.8960000276565552,0.345922589302063,0.0344821326434612,0.105012409389019,0.0457168482244014,0.5626825094223022,0.0749631896615028,0.3503326773643493,0.0440344288945198,2018-05-03T11:40:45.441000,12.0,1,,,1.0,286,False,False,False,False,True,,240,v1
283,0,rec2018-05-03_11h41m04.101s.wav,Inhale,5.296,7.08,1.7839999999999998,0.9787498307228087,0.9999322891235352,100,8000,0.2218160629272461,0.330260157585144,0.1052718460559845,0.6959999799728394,0.3452703058719635,0.0540585443377494,0.0934494584798812,0.0439121574163436,0.5307965874671936,0.0822737738490104,0.3360050618648529,0.0382031165063381,2018-05-03T11:41:04.101000,12.0,1,,,1.0,287,False,False,False,False,True,,241,v1
284,0,rec2018-05-03_11h41m23.831s.wav,Inhale,4.048,5.736000000000001,1.6880000000000006,0.9820856788056962,0.9998478293418884,94,8000,0.2313674390316009,0.3306342363357544,0.1061390861868858,0.6320000290870667,0.3320581316947937,0.0312082152813673,0.0938649773597717,0.038750521838665,0.5329451560974121,0.0621999017894268,0.3242279589176178,0.0502373687922954,2018-05-03T11:41:23.831000,12.0,1,,,1.0,288,False,False,False,False,True,,242,v1
285,0,rec2018-05-03_11h41m45.507s.wav,Inhale,4.96,6.648000000000001,1.6880000000000006,0.985384982317052,0.999862790107727,94,8000,0.2649694383144378,0.5984951257705688,0.1624055504798889,0.8560000061988831,0.3442202806472778,0.065196044743061,0.1018907949328422,0.0598387643694877,0.6128758788108826,0.0973276123404502,0.3047542870044708,0.0794122889637947,2018-05-03T11:41:45.507000,12.0,1,,,1.0,289,False,False,False,False,True,,243,v1
286,0,rec2018-05-03_11h42m07.338s.wav,Inhale,3.392,5.208,1.8160000000000005,0.9734814015089296,0.999771773815155,102,8000,0.2170667946338653,0.2916272282600403,0.0999301746487617,0.7200000286102295,0.3331297039985657,0.0422808043658733,0.1024621129035949,0.0456382185220718,0.5394737124443054,0.0774355679750442,0.3418675363063812,0.0623544380068779,2018-05-03T11:42:07.338000,12.0,1,,,1.0,290,False,False,False,False,True,,244,v1
287,0,rec2018-05-03_11h42m25.033s.wav,Inhale,4.048,6.2,2.152,0.9871244495961724,0.9998883008956908,123,8000,0.1985510289669037,0.2759006917476654,0.0971544682979583,1.031999945640564,0.3622237145900726,0.0362624824047088,0.1311898827552795,0.0817906036972999,0.6165798902511597,0.0908195674419403,0.3736074864864349,0.0603836774826049,2018-05-03T11:42:25.033000,12.0,1,,,1.0,291,False,False,False,False,True,,245,v1
288,0,rec2018-05-03_11h42m42.981s.wav,Inhale,5.008,6.888,1.88,0.9806636448176402,0.9998643398284912,106,8000,0.2098529934883117,0.2714921832084656,0.0963503494858741,0.9679999947547911,0.3357673287391662,0.0454181693494319,0.0994507744908332,0.0600876100361347,0.521881639957428,0.0851539447903633,0.3438989818096161,0.0650296732783317,2018-05-03T11:42:42.981000,12.0,1,,,1.0,292,False,False,False,False,True,,246,v1
289,0,rec2018-05-03_11h43m01.074s.wav,Inhale,4.432,6.28,1.848,0.9851940583724242,0.9998271465301514,104,8000,0.1927609145641327,0.2864899337291717,0.0790115594863891,0.9760000109672546,0.3637236952781677,0.0577896200120449,0.1272415518760681,0.0606977902352809,0.6264480352401733,0.1076231598854065,0.3854454159736633,0.0797526463866233,2018-05-03T11:43:01.074000,12.0,1,,,1.0,293,False,False,False,False,True,,247,v1
290,0,rec2018-05-03_11h43m19.240s.wav,Inhale,4.16,5.752000000000001,1.5920000000000003,0.98748744008216,0.9997631907463074,88,8000,0.2055273205041885,0.3139626085758209,0.0825686603784561,0.8240000009536743,0.3618844151496887,0.0460837371647357,0.1254584938287735,0.0448861494660377,0.6435937285423279,0.054539754986763,0.3690502941608429,0.0563215650618076,2018-05-03T11:43:19.240000,12.0,1,,,1.0,294,False,False,False,False,True,,248,v1
291,0,rec2018-05-03_11h43m36.628s.wav,Inhale,3.264,5.32,2.056,0.9883021528904254,0.9999393820762634,117,8000,0.1977150291204452,0.2708124220371246,0.0928090587258338,1.2319999933242798,0.3619802892208099,0.0441588014364242,0.1243052259087562,0.0540202036499977,0.6145227551460266,0.0890097618103027,0.3764989078044891,0.0634533986449241,2018-05-03T11:43:36.628000,12.0,1,,,1.0,295,False,False,False,False,True,,249,v1
292,0,rec2018-05-03_11h43m55.823s.wav,Inhale,3.904,5.896,1.992,0.9867991277601866,0.9999198317527772,113,8000,0.2177507281303405,0.3099633157253265,0.1089522317051887,1.0399999618530271,0.3455014824867248,0.038503773510456,0.1144165769219398,0.0428041703999042,0.5652187466621399,0.0670942813158035,0.3596425652503967,0.0584431514143943,2018-05-03T11:43:55.823000,12.0,1,,,1.0,296,False,False,False,False,True,,250,v1
293,0,rec2018-05-03_11h48m01.012s.wav,Inhale,4.096,5.800000000000001,1.7040000000000006,0.984089948629078,0.9997128248214722,95,8000,0.2168460935354232,0.3135091662406921,0.0927102491259574,1.503999948501587,0.3443405926227569,0.0489600822329521,0.1276120394468307,0.0539064370095729,0.6140478849411011,0.0997167900204658,0.3676187396049499,0.0669043585658073,2018-05-03T11:48:01.012000,12.0,1,,,1.0,297,False,False,False,False,True,,251,v1
294,0,rec2018-05-03_11h48m24.363s.wav,Inhale,3.648,5.224,1.576,0.987802276666137,0.9997812509536744,87,8000,0.2040606141090393,0.3002451658248901,0.0784748047590255,0.9760000109672546,0.3505946397781372,0.0556772947311401,0.1310375481843948,0.0758114904165268,0.6044823527336121,0.1040724366903305,0.3564946353435516,0.061842106282711,2018-05-03T11:48:24.363000,12.0,1,,,1.0,298,False,False,False,False,True,,252,v1
295,0,rec2018-05-03_11h48m41.938s.wav,Inhale,3.824,5.6240000000000006,1.8000000000000005,0.9882930706043056,0.9998981952667236,101,8000,0.2125448435544967,0.3147228360176086,0.097976453602314,0.9760000109672546,0.3365452885627746,0.0462705567479133,0.1034579798579216,0.0467418245971202,0.563537061214447,0.1005657836794853,0.3400144279003143,0.0647045448422432,2018-05-03T11:48:41.938000,12.0,1,,,1.0,299,False,False,False,False,True,,253,v1
296,0,rec2018-05-03_11h48m59.604s.wav,Inhale,3.568,5.5440000000000005,1.9760000000000004,0.9860179823424134,0.9997897744178772,112,8000,0.2040203064680099,0.2642399668693542,0.0962996631860733,1.4240000247955322,0.3522767126560211,0.0366486050188541,0.1063459441065788,0.0506524741649627,0.5867880582809448,0.0844789817929267,0.3544724881649017,0.060454536229372,2018-05-03T11:48:59.604000,12.0,1,,,1.0,300,False,False,False,False,True,,254,v1
297,0,rec2018-05-03_11h49m17.127s.wav,Inhale,4.5120000000000005,6.424,1.912,0.9885743779164774,0.9998252391815186,108,8000,0.2032976597547531,0.2696009874343872,0.0910865664482116,1.0800000429153442,0.3547057509422302,0.042717806994915,0.1031670272350311,0.0465016588568687,0.5971028804779053,0.0980056151747703,0.3697733581066131,0.0603157803416252,2018-05-03T11:49:17.127000,12.0,1,,,1.0,301,False,False,False,False,True,,255,v1
298,0,rec2018-05-03_11h49m34.678s.wav,Inhale,4.928,6.696000000000001,1.768000000000001,0.986707435713874,0.999773383140564,99,8000,0.1917276084423065,0.2641428709030151,0.0772646814584732,0.5519999861717224,0.3501195013523102,0.0486705414950847,0.1184039041399955,0.0476317442953586,0.6175394058227539,0.0923398807644844,0.3600172400474548,0.080705888569355,2018-05-03T11:49:34.678000,12.0,1,,,1.0,302,False,False,False,False,True,,256,v1
299,0,rec2018-05-03_11h49m54.056s.wav,Inhale,4.656,6.392,1.7360000000000009,0.9780081338489178,0.9997875690460204,97,8000,0.2031147181987762,0.2671033442020416,0.0793991684913635,0.2879999876022339,0.3526073098182678,0.0507933497428894,0.1026299446821212,0.0465057417750358,0.609375,0.1057438030838966,0.3572247624397278,0.0718666687607765,2018-05-03T11:49:54.056000,12.0,1,,,1.0,303,False,False,False,False,True,,257,v1
300,0,rec2018-05-03_11h50m12.379s.wav,Inhale,4.4,6.152,1.7519999999999998,0.975544650943912,0.999716579914093,98,8000,0.1775446385145187,0.2557034194469452,0.0652711763978004,1.383999943733215,0.3675955235958099,0.060217909514904,0.1423686146736145,0.0576515197753906,0.6550071239471436,0.1263108551502227,0.4060458242893219,0.0936721116304397,2018-05-03T11:50:12.379000,12.0,1,,,1.0,304,False,False,False,False,True,,258,v1
301,0,rec2018-05-03_11h50m30.421s.wav,Inhale,4.416,6.376,1.96,0.978794502782392,0.9998531937599182,111,8000,0.1873696446418762,0.2545461058616638,0.0776140093803405,0.7279999852180481,0.3752217590808868,0.0487628728151321,0.119850218296051,0.0526234321296215,0.6661267876625061,0.0949750393629074,0.4057359099388122,0.0699573680758476,2018-05-03T11:50:30.421000,12.0,1,,,1.0,305,False,False,False,False,True,,259,v1
302,0,rec2018-05-03_11h50m48.244s.wav,Inhale,4.896,6.936,2.04,0.9881146940691716,0.9995645880699158,116,8000,0.1902991235256195,0.3584341406822204,0.0827775448560714,0.096000000834465,0.3679105341434479,0.0605140589177608,0.1122902557253837,0.0598770901560783,0.63702392578125,0.1329108327627182,0.3817520141601562,0.0816729962825775,2018-05-03T11:50:48.244000,12.0,1,,,1.0,306,False,False,False,False,True,,260,v1
303,0,rec2018-05-03_11h51m07.128s.wav,Inhale,4.656,7.064,2.4080000000000004,0.9783535841986428,0.9998129606246948,139,8000,0.1927850991487503,0.2548126578330993,0.1010331436991691,0.7200000286102295,0.3791826069355011,0.0438612177968025,0.1094259545207023,0.0470463894307613,0.6632864475250244,0.0794244930148124,0.3849370181560516,0.0561593472957611,2018-05-03T11:51:07.128000,12.0,1,,,1.0,307,False,False,False,False,True,,261,v1
304,0,rec2018-05-03_11h51m26.000s.wav,Inhale,4.288,6.376,2.088,0.9768763925848888,0.9995429515838624,119,8000,0.1852418184280395,0.2670975923538208,0.08452869951725,0.5839999914169312,0.3720218241214752,0.0468571074306964,0.1082200929522514,0.0574367754161357,0.6358540058135986,0.0950018465518951,0.3740141093730926,0.0578995458781719,2018-05-03T11:51:26.000000,12.0,1,,,1.0,308,False,False,False,False,True,,262,v1
305,0,rec2018-05-03_11h51m43.422s.wav,Inhale,4.32,6.184,1.864,0.9887061743509202,0.999847948551178,105,8000,0.1850596070289611,0.4002658426761627,0.0777621790766716,1.3040000200271606,0.3785684704780578,0.0735337883234024,0.126095712184906,0.0559992007911205,0.656784176826477,0.1074173599481582,0.3781654834747314,0.0933638215065002,2018-05-03T11:51:43.422000,12.0,1,,,1.0,309,False,False,False,False,True,,263,v1
306,0,rec2018-05-03_11h52m00.607s.wav,Inhale,3.072,4.888,1.816,0.986949455504324,0.9998911023139954,102,8000,0.1860191524028778,0.2594227194786072,0.074208877980709,0.2240000069141388,0.3711270689964294,0.0313295237720012,0.1299434900283813,0.0522728264331817,0.6468270421028137,0.0801667645573616,0.3905072212219238,0.0674962699413299,2018-05-03T11:52:00.607000,12.0,1,,,1.0,310,False,False,False,False,True,,264,v1
307,0,rec2018-05-03_11h52m17.833s.wav,Inhale,3.344,5.272,1.9280000000000004,0.9889063014896636,0.9998786449432372,109,8000,0.1865088790655136,0.2826216518878937,0.0786666646599769,1.4320000410079956,0.3868903517723083,0.0535497777163982,0.1288774758577346,0.054786778986454,0.664901852607727,0.0721837058663368,0.3991517722606659,0.0588749647140502,2018-05-03T11:52:17.833000,12.0,1,,,1.0,311,False,False,False,False,True,,265,v1
308,0,rec2018-05-03_11h52m35.208s.wav,Inhale,2.816,4.392,1.5760000000000003,0.9791574272616156,0.9997044801712036,87,8000,0.192852109670639,0.2765017747879028,0.0710067749023437,0.7760000228881836,0.3581891357898712,0.0386810526251792,0.1167285442352294,0.0483688935637474,0.638099730014801,0.0901209115982055,0.379061609506607,0.0633380711078643,2018-05-03T11:52:35.208000,12.0,1,,,1.0,312,False,False,False,False,True,,266,v1
309,0,rec2018-05-03_15h21m36.500s.wav,Inhale,3.968,6.168,2.2,0.9883310950937724,0.9997825622558594,126,8000,0.1600453853607177,0.2358049899339676,0.0656445324420929,0.3039999902248382,0.4138135015964508,0.0419918820261955,0.0795803219079971,0.0403452664613723,0.6477298736572266,0.0873878374695777,0.3883817493915558,0.0465184934437274,2018-05-03T15:21:36.500000,12.0,1,,,1.0,313,False,False,False,False,True,,267,v1
310,0,rec2018-05-03_15h23m24.541s.wav,Inhale,2.368,4.344,1.9760000000000004,0.9821535285030092,0.9996657371520996,112,8000,0.1229088678956031,0.2061322182416916,0.0354230962693691,0.2720000147819519,0.4529069662094116,0.0429589785635471,0.0961856842041015,0.0433368198573589,0.7084173560142517,0.0883468389511108,0.4299158751964569,0.0739819109439849,2018-05-03T15:23:24.541000,12.0,1,,,1.0,314,False,False,False,False,True,,268,v1
311,0,rec2018-05-03_15h24m03.886s.wav,Inhale,3.024,5.0,1.976,0.9754885749093124,0.9997791647911072,112,8000,0.1218965500593185,0.1907760053873062,0.0351634062826633,0.9039999842643738,0.4397495985031128,0.0318904668092727,0.1187127158045768,0.0708121359348297,0.6889805793762207,0.0737698823213577,0.4220364391803741,0.0633483529090881,2018-05-03T15:24:03.886000,12.0,1,,,1.0,315,False,False,False,False,True,,269,v1
312,0,rec2018-05-03_15h24m37.045s.wav,Inhale,2.384,4.04,1.656,0.946729391415914,0.9998871088027954,75,8000,0.1386003494262695,0.2261340618133545,0.037965465337038,0.3600000143051147,0.417194664478302,0.0377735495567321,0.1323425471782684,0.0568421818315982,0.6619967222213745,0.0834014043211937,0.4067735075950622,0.0706914514303207,2018-05-03T15:24:37.045000,12.0,1,,,0.8152173913043478,316,False,False,False,False,True,,270,v1
313,0,rec2018-05-03_15h25m08.571s.wav,Inhale,2.976,4.632000000000001,1.6560000000000006,0.9822329969509788,0.9998849034309388,92,8000,0.144761860370636,0.2529337108135223,0.0434240102767944,0.6880000233650208,0.4049946665763855,0.0360303074121475,0.1310176700353622,0.059522096067667,0.6509915590286255,0.0806273147463798,0.3907658457756042,0.0636627227067947,2018-05-03T15:25:08.571000,12.0,1,,,1.0,317,False,False,False,False,True,,271,v1
314,0,rec2018-05-03_15h27m21.669s.wav,Inhale,2.848,4.456,1.6080000000000003,0.9837208946099442,0.9999041557312012,89,8000,0.1519883424043655,0.2227666825056076,0.0459826737642288,0.3919999897480011,0.4071379601955414,0.0272166151553392,0.1566738188266754,0.0764819383621215,0.6710241436958313,0.0764825940132141,0.3945409059524536,0.0599144883453846,2018-05-03T15:27:21.669000,12.0,1,,,1.0,318,False,False,False,False,True,,272,v1
315,0,rec2018-05-03_15h27m45.362s.wav,Inhale,3.552,5.064,1.512,0.9738487321210196,0.9998369216918944,83,8000,0.1448324471712112,0.2871506214141845,0.0379224009811878,0.2879999876022339,0.4030994474887848,0.0365426465868949,0.1425785422325134,0.0611122399568557,0.6591283082962036,0.0784127339720726,0.3986790776252746,0.0725234597921371,2018-05-03T15:27:45.362000,12.0,1,,,1.0,319,False,False,False,False,True,,273,v1
316,0,rec2018-05-03_15h28m15.159s.wav,Inhale,2.896,4.5200000000000005,1.6240000000000006,0.978381926814715,0.9999253749847412,90,8000,0.134369894862175,0.2117338627576828,0.0354451611638069,0.5680000185966492,0.4456250667572021,0.0398982539772987,0.1733237653970718,0.0640441179275512,0.6989506483078003,0.0535898506641387,0.4630677402019501,0.0869393721222877,2018-05-03T15:28:15.159000,12.0,1,,,1.0,320,False,False,False,False,True,,274,v1
317,0,rec2018-05-03_15h28m42.685s.wav,Inhale,3.44,5.144,1.7040000000000002,0.9844727334223295,0.9999212622642516,95,8000,0.1967846453189849,0.7020707726478577,0.0942402184009552,0.3039999902248382,0.3691694438457489,0.0550400763750076,0.1018647328019142,0.0608847998082637,0.629928469657898,0.084339290857315,0.3335987627506256,0.0651353448629379,2018-05-03T15:28:42.685000,12.0,1,,,1.0,321,False,False,False,False,True,,275,v1
318,0,rec2018-05-03_15h29m02.811s.wav,Inhale,3.184,4.84,1.6559999999999997,0.9670846909284592,0.9996852278709412,92,8000,0.1449338793754577,0.2576378285884857,0.0433000028133392,0.4000000059604645,0.3939544260501861,0.0722755789756774,0.1203116178512573,0.0574496462941169,0.6328500509262085,0.1132384985685348,0.3947777450084686,0.0971711203455925,2018-05-03T15:29:02.811000,12.0,1,,,1.0,322,False,False,False,False,True,,276,v1
319,0,rec2018-05-03_15h29m32.895s.wav,Inhale,3.136,4.792000000000001,1.6560000000000006,0.9852119859146036,0.999865472316742,92,8000,0.1201694160699844,0.1968206167221069,0.0289638061076402,0.3440000116825104,0.4536045789718628,0.0401255302131176,0.1878103464841842,0.0702006816864013,0.7122145295143127,0.0492870360612869,0.4699026346206665,0.0948827415704727,2018-05-03T15:29:32.895000,12.0,1,,,1.0,323,False,False,False,False,True,,277,v1
320,0,rec2018-05-03_15h29m50.911s.wav,Inhale,2.848,4.392,1.5440000000000005,0.981267065861646,0.9999584555625916,85,8000,0.1452142149209976,0.244128793478012,0.0422833003103733,0.5120000243186951,0.4015585482120514,0.0566514134407043,0.156972125172615,0.0816328153014183,0.6720763444900513,0.0885108336806297,0.3834366798400879,0.0759935528039932,2018-05-03T15:29:50.911000,12.0,1,,,1.0,324,False,False,False,False,True,,278,v1
321,0,rec2018-05-03_15h30m09.333s.wav,Inhale,4.384,6.264,1.88,0.989292339896256,0.9999294877052308,106,8000,0.1481766104698181,0.2330226004123687,0.0495337881147861,0.6159999966621399,0.4145433604717254,0.0360822305083274,0.1298891752958297,0.0616602413356304,0.680349588394165,0.0932580903172493,0.393240213394165,0.0613593570888042,2018-05-03T15:30:09.333000,12.0,1,,,1.0,325,False,False,False,False,True,,279,v1
322,0,rec2018-05-03_15h30m28.140s.wav,Inhale,2.896,4.456,1.5600000000000005,0.9830885224564132,0.9999120831489564,86,8000,0.1514467895030975,0.229507565498352,0.0455547645688056,0.3600000143051147,0.3911961615085602,0.033589344471693,0.1362506747245788,0.056621178984642,0.6401067972183228,0.0828192308545112,0.3865194618701935,0.0696764141321182,2018-05-03T15:30:28.140000,12.0,1,,,1.0,326,False,False,False,False,True,,280,v1
323,0,rec2018-05-03_15h30m45.469s.wav,Inhale,2.768,4.408,1.64,0.9836964567939004,0.9999256134033204,91,8000,0.1467639803886413,0.2255694717168808,0.0437734760344028,0.5920000076293945,0.4022633135318756,0.0393996872007846,0.144110232591629,0.0566557347774505,0.6812044978141785,0.0705233663320541,0.3860882520675659,0.0663182511925697,2018-05-03T15:30:45.469000,12.0,1,,,1.0,327,False,False,False,False,True,,281,v1
324,0,rec2018-05-03_15h31m15.084s.wav,Inhale,2.72,4.248,1.528,0.981472372299149,0.999820113182068,84,8000,0.1279373317956924,0.2162577956914901,0.0316769070923328,0.8320000171661377,0.4086881875991821,0.0474262982606887,0.1653790175914764,0.0786099582910537,0.6736246943473816,0.0834858417510986,0.4097620546817779,0.0844779461622238,2018-05-03T15:31:15.084000,12.0,1,,,1.0,328,False,False,False,False,True,,282,v1
325,0,rec2018-05-03_15h31m38.884s.wav,Inhale,3.408,5.048,1.64,0.9853728662480364,0.9998904466629028,91,8000,0.1366716474294662,0.2217396348714828,0.0380893945693969,0.7919999957084656,0.4050204753875732,0.0381032228469848,0.15780970454216,0.0706971809267997,0.668878972530365,0.0704108327627182,0.3995681405067444,0.0756191685795784,2018-05-03T15:31:38.884000,12.0,1,,,1.0,329,False,False,False,False,True,,283,v1
326,0,rec2018-05-03_15h31m59.455s.wav,Inhale,3.504,5.288,1.7840000000000005,0.9795184832811356,0.9999330639839172,100,8000,0.1466095894575119,0.2448479980230331,0.0479434989392757,0.2399999946355819,0.3929972648620605,0.0314512550830841,0.1330634802579879,0.0792071148753166,0.6448799967765808,0.0816042274236679,0.3721117377281189,0.064727559685707,2018-05-03T15:31:59.455000,12.0,1,,,1.0,330,False,False,False,False,True,,284,v1
327,0,rec2018-05-03_15h32m17.555s.wav,Inhale,3.68,5.304,1.624,0.9853017932838865,0.9998250603675842,90,8000,0.1485853493213653,0.2192994207143783,0.0443273708224296,0.8320000171661377,0.3989061713218689,0.0351118929684162,0.1618894338607788,0.0775562152266502,0.6632965803146362,0.0725781247019767,0.3931645452976227,0.0791836157441139,2018-05-03T15:32:17.555000,12.0,1,,,1.0,331,False,False,False,False,True,,285,v1
328,0,rec2018-05-03_15h32m35.669s.wav,Inhale,3.776,5.464,1.6880000000000002,0.9824281531445525,0.9999155402183532,94,8000,0.1320054829120636,0.1955908387899398,0.0363419651985168,1.0,0.4157350659370422,0.0356865599751472,0.1281419843435287,0.056820698082447,0.6604142189025879,0.0858516320586204,0.4022032618522644,0.0691621899604797,2018-05-03T15:32:35.669000,12.0,1,,,1.0,332,False,False,False,False,True,,286,v1
329,0,rec2018-05-03_15h33m11.807s.wav,Inhale,2.688,4.152,1.464,0.9822374500334264,0.9999192357063292,80,8000,0.178028792142868,0.3760019242763519,0.0669137835502624,0.5600000023841858,0.3617193102836609,0.0575871244072914,0.1155968531966209,0.0783236250281333,0.621688187122345,0.0883375480771064,0.2999904453754425,0.0857417583465576,2018-05-03T15:33:11.807000,12.0,1,,,1.0,333,False,False,False,False,True,,287,v1
330,0,rec2018-05-03_15h33m29.486s.wav,Inhale,3.696,5.176,1.48,0.9797479900313012,0.9998722672462464,81,8000,0.1656523793935775,0.245958462357521,0.0512030459940433,0.8080000281333923,0.3750917315483093,0.033741220831871,0.098546102643013,0.0442973673343658,0.5911458134651184,0.0782075598835945,0.3673870265483856,0.0570312105119228,2018-05-03T15:33:29.486000,12.0,1,,,1.0,334,False,False,False,False,True,,288,v1
331,0,rec2018-05-03_15h33m51.966s.wav,Inhale,3.584,5.272,1.6880000000000002,0.9860346583609886,0.9998939633369446,94,8000,0.1331580877304077,0.1939883381128311,0.0362650603055954,0.4799999892711639,0.4062504172325134,0.0606223829090595,0.1496409624814987,0.0658622160553932,0.6636571288108826,0.0988451018929481,0.4058446288108825,0.0883824452757835,2018-05-03T15:33:51.966000,12.0,1,,,1.0,335,False,False,False,False,True,,289,v1
332,0,rec2018-05-03_15h34m13.707s.wav,Inhale,3.3280000000000003,5.0,1.6719999999999997,0.9850767017692648,0.9998601675033568,93,8000,0.1676094681024551,0.2426594495773315,0.0579741597175598,1.0880000591278076,0.3654796779155731,0.0419124402105808,0.1146404296159744,0.0723863914608955,0.5881324410438538,0.0888351127505302,0.3565848171710968,0.0601990967988967,2018-05-03T15:34:13.707000,12.0,1,,,1.0,336,False,False,False,False,True,,290,v1
333,0,rec2018-05-03_15h34m32.131s.wav,Inhale,3.04,4.488,1.4480000000000004,0.983156996437266,0.9998359084129332,79,8000,0.1776945143938064,0.3762296140193939,0.0584334805607795,0.7440000176429749,0.3596280217170715,0.0465638227760791,0.125046357512474,0.0877104774117469,0.5882984399795532,0.0950932204723358,0.3413703143596649,0.065149687230587,2018-05-03T15:34:32.131000,12.0,1,,,1.0,337,False,False,False,False,True,,291,v1
334,0,rec2018-05-03_15h35m02.114s.wav,Inhale,2.896,4.312,1.4160000000000004,0.9844831754634906,0.9999316930770874,77,8000,0.1719822585582733,0.2923260331153869,0.0550127848982811,0.5839999914169312,0.3704258799552917,0.0669409409165382,0.1348087936639785,0.0915554836392402,0.6196014881134033,0.100942775607109,0.3398903906345367,0.0571468546986579,2018-05-03T15:35:02.114000,12.0,1,,,1.0,338,False,False,False,False,True,,292,v1
335,0,rec2018-05-03_15h35m21.837s.wav,Inhale,2.976,4.5200000000000005,1.5440000000000005,0.9831075030214648,0.9997297525405884,85,8000,0.1684522330760955,0.2534911036491394,0.0555976442992687,0.4720000028610229,0.3696713149547577,0.0430529788136482,0.1079558730125427,0.0786181613802909,0.5744603872299194,0.0950602367520332,0.3607819676399231,0.0521814413368701,2018-05-03T15:35:21.837000,12.0,1,,,1.0,339,False,False,False,False,True,,293,v1
336,0,rec2018-05-03_15h35m44.100s.wav,Inhale,3.408,5.128,1.7200000000000002,0.9861173747728268,0.999943733215332,96,8000,0.1602076292037964,0.2269324958324432,0.0538028106093406,1.215999960899353,0.3817464709281921,0.0376669950783252,0.1164797395467758,0.0584155730903148,0.6210213899612427,0.0971776247024536,0.3723438382148742,0.0579240843653678,2018-05-03T15:35:44.100000,12.0,1,,,1.0,340,False,False,False,False,True,,294,v1
337,0,rec2018-05-03_15h36m09.330s.wav,Inhale,2.88,4.392,1.5120000000000005,0.9814656699996396,0.9999370574951172,83,8000,0.1569026410579681,0.2870849967002868,0.0494519807398319,0.5440000295639038,0.3453447520732879,0.0640274137258529,0.0879411399364471,0.0563598833978176,0.5601151585578918,0.1165970414876937,0.3174110949039459,0.0674802511930465,2018-05-03T15:36:09.330000,12.0,1,,,1.0,341,False,False,False,False,True,,295,v1
338,0,rec2018-05-03_15h36m33.401s.wav,Inhale,1.872,3.256,1.384,0.9737179676691692,0.9998098611831664,75,8000,0.1504352837800979,0.356717586517334,0.0455144420266151,0.6079999804496765,0.3754419386386871,0.0576026961207389,0.1368675529956817,0.0966176837682724,0.6338900923728943,0.0960211306810379,0.3220972418785095,0.0664589554071426,2018-05-03T15:36:33.401000,12.0,1,,,1.0,342,False,False,False,False,True,,296,v1
339,0,rec2018-05-03_15h39m20.550s.wav,Inhale,3.056,4.808000000000001,1.752000000000001,0.9747276300070236,0.9998444318771362,98,8000,0.1394958198070526,0.2084857821464538,0.0417709797620773,0.4880000054836273,0.4210955500602722,0.033708319067955,0.1436622440814972,0.0798899829387664,0.677521288394928,0.0679080784320831,0.4027654528617859,0.0689606592059135,2018-05-03T15:39:20.550000,12.0,1,,,1.0,343,False,False,False,False,True,,297,v1
340,0,rec2018-05-03_15h39m43.079s.wav,Inhale,3.712,5.144,1.432,0.9871108478460556,0.9998899102211,78,8000,0.138623908162117,0.2055394351482391,0.0334060117602348,0.6000000238418579,0.4219293296337127,0.0411049090325832,0.1512103676795959,0.0627157092094421,0.6888455152511597,0.0663875043392181,0.4031575620174408,0.0754582285881042,2018-05-03T15:39:43.079000,12.0,1,,,1.0,344,False,False,False,False,True,,298,v1
341,0,rec2018-05-03_15h40m01.822s.wav,Inhale,5.824,7.464,1.6400000000000006,0.9824248847070632,0.9999401569366456,91,8000,0.1311620324850082,0.2161036282777786,0.0345297195017337,0.2319999933242797,0.4392143189907074,0.0323346480727195,0.1930385380983352,0.0750081539154052,0.7092688083648682,0.0497053377330303,0.427070677280426,0.0790112540125846,2018-05-03T15:40:01.822000,12.0,1,,,1.0,345,False,False,False,False,True,,299,v1
342,0,rec2018-05-03_15h40m28.424s.wav,Inhale,3.024,4.728000000000001,1.7040000000000006,0.9860961098419992,0.9999213218688964,95,8000,0.118826575577259,0.1759829521179199,0.0290111824870109,0.3840000033378601,0.4422727823257446,0.0472179017961025,0.1747942119836807,0.0631195828318595,0.6968457698822021,0.0722288787364959,0.4532139897346496,0.099786140024662,2018-05-03T15:40:28.424000,12.0,1,,,1.0,346,False,False,False,False,True,,300,v1
343,0,rec2018-05-03_15h40m49.846s.wav,Inhale,2.896,4.488,1.5920000000000003,0.9737035340883516,0.99992835521698,88,8000,0.1288943886756897,0.1961090117692947,0.0306101106107234,0.5040000081062317,0.4367133378982544,0.0468583814799785,0.1617771387100219,0.0727182179689407,0.6884375214576721,0.0699014067649841,0.4347363412380218,0.1024282276630401,2018-05-03T15:40:49.846000,12.0,1,,,1.0,347,False,False,False,False,True,,301,v1
344,0,rec2018-05-03_15h41m19.370s.wav,Inhale,3.632,5.4,1.7680000000000002,0.9848711797685334,0.9999596476554872,99,8000,0.1343922615051269,0.2015130966901779,0.038549531251192,0.2399999946355819,0.4226742684841156,0.0269772484898567,0.1606864631175995,0.0743625238537788,0.6693060398101807,0.0582395829260349,0.4173770844936371,0.0773225799202919,2018-05-03T15:41:19.370000,12.0,1,,,1.0,348,False,False,False,False,True,,302,v1
345,0,rec2018-05-03_15h41m44.230s.wav,Inhale,5.184,6.92,1.7359999999999998,0.9809916707658276,0.9998467564582824,97,8000,0.1201794147491455,0.1703282296657562,0.030240150168538,0.5519999861717224,0.4215999245643616,0.0434084013104438,0.1390879601240158,0.0703736916184425,0.6580777168273926,0.0909657254815101,0.407696932554245,0.0814619287848472,2018-05-03T15:41:44.230000,12.0,1,,,1.0,349,False,False,False,False,True,,303,v1
346,0,rec2018-05-03_15h42m04.570s.wav,Inhale,2.512,4.12,1.608,0.9837761943259936,0.9998689889907836,89,8000,0.1449500322341919,0.2083827257156372,0.0414252541959285,1.184000015258789,0.4045586884021759,0.0338728316128253,0.1699691861867904,0.0658311545848846,0.6564433574676514,0.0792708322405815,0.4252301156520843,0.0795266926288604,2018-05-03T15:42:04.570000,12.0,1,,,1.0,350,False,False,False,False,True,,304,v1
347,0,rec2018-05-03_15h42m24.025s.wav,Inhale,2.864,4.6000000000000005,1.7360000000000009,0.9808324815071736,0.9999072551727296,97,8000,0.1343395560979843,0.2316751033067703,0.038286093622446,0.4880000054836273,0.408581018447876,0.0568935796618461,0.1408734768629074,0.0570481978356838,0.6608729958534241,0.079694427549839,0.4053719937801361,0.0889161229133606,2018-05-03T15:42:24.025000,12.0,1,,,1.0,351,False,False,False,False,True,,305,v1
348,0,rec2018-05-03_15h42m44.455s.wav,Inhale,2.832,4.696000000000001,1.8640000000000008,0.9846717669850304,0.9996636509895324,105,8000,0.1096515506505966,0.1637402176856994,0.0263145472854375,1.4320000410079956,0.4213517606258392,0.0282451286911964,0.1193609982728958,0.0443985722959041,0.677550733089447,0.0586693659424781,0.4011793732643127,0.0591627657413482,2018-05-03T15:42:44.455000,12.0,1,,,1.0,352,False,False,False,False,True,,306,v1
349,0,rec2018-05-03_15h44m07.780s.wav,Inhale,3.536,5.208,1.6720000000000002,0.9839558428333652,0.999829888343811,93,8000,0.148661196231842,0.2051898539066314,0.041646908968687,0.2560000121593475,0.4140572547912597,0.0223406292498111,0.1346418261528015,0.0770951062440872,0.671093761920929,0.0640817806124687,0.401264876127243,0.0690864920616149,2018-05-03T15:44:07.780000,12.0,1,,,1.0,353,False,False,False,False,True,,307,v1
350,0,rec2018-05-03_15h44m27.242s.wav,Inhale,2.608,3.976,1.3680000000000003,0.9852421203175108,0.9998525381088256,74,8000,0.1420836299657821,0.2257028222084045,0.0356898680329322,0.2319999933242797,0.3908628523349762,0.0476861521601676,0.1664730310440063,0.0684814751148223,0.6524800062179565,0.0967654660344123,0.3785769343376159,0.0869971960783004,2018-05-03T15:44:27.242000,12.0,1,,,1.0,354,False,False,False,False,True,,308,v1
351,0,rec2018-05-03_15h44m47.231s.wav,Inhale,3.792,5.768000000000001,1.9760000000000004,0.967204470445614,0.9999260306358336,101,8000,0.124715007841587,0.1909617930650711,0.0363469347357749,0.3519999980926513,0.4145486354827881,0.0382330939173698,0.126840278506279,0.0742949545383453,0.6517137289047241,0.0888249576091766,0.4001523852348327,0.0711579993367195,2018-05-03T15:44:47.231000,12.0,1,,,0.9017857142857143,355,False,False,False,False,True,,309,v1
352,0,rec2018-05-03_15h45m14.147s.wav,Inhale,3.04,4.92,1.88,0.9838783780358872,0.99994957447052,106,8000,0.1341398656368255,0.1936201751232147,0.0394143164157867,1.600000023841858,0.414804995059967,0.0278606228530406,0.1220700070261955,0.0556609295308589,0.6548265218734741,0.0769999176263809,0.3915146589279175,0.0547022819519043,2018-05-03T15:45:14.147000,12.0,1,,,1.0,356,False,False,False,False,True,,310,v1
353,0,rec2018-05-03_15h46m16.542s.wav,Inhale,2.576,4.088,1.512,0.977988747229059,0.9999270439147948,83,8000,0.1208579465746879,0.1902381479740142,0.0283921975642442,0.6480000019073486,0.4248230755329132,0.0394349656999111,0.1945561021566391,0.0910626500844955,0.6977384686470032,0.0644152462482452,0.4039653539657593,0.0835845842957496,2018-05-03T15:46:16.542000,12.0,1,,,1.0,357,False,False,False,False,True,,311,v1
354,0,rec2018-05-03_15h46m45.482s.wav,Inhale,2.448,4.152,1.7040000000000002,0.984722754202391,0.9999279975891112,95,8000,0.1388957351446151,0.1930484026670456,0.0401723012328147,0.8880000114440918,0.4092672169208526,0.0350574627518653,0.1544532775878906,0.0614626742899417,0.6746860146522522,0.0734651759266853,0.417400598526001,0.0788364857435226,2018-05-03T15:46:45.482000,12.0,1,,,1.0,358,False,False,False,False,True,,312,v1
355,0,rec2018-05-03_15h47m08.625s.wav,Inhale,3.152,4.776000000000001,1.6240000000000006,0.9823214696513282,0.9999428987503052,90,8000,0.131480261683464,0.2175658047199249,0.0353504903614521,1.3600000143051147,0.3908461034297943,0.0597358755767345,0.1435367614030838,0.0553511902689933,0.658930778503418,0.1005915775895118,0.3801054060459137,0.0890536308288574,2018-05-03T15:47:08.625000,12.0,1,,,1.0,359,False,False,False,False,True,,313,v1
356,0,rec2018-05-03_15h47m37.180s.wav,Inhale,3.376,4.936,1.56,0.9825566036756648,0.9999240636825562,86,8000,0.1416065841913223,0.2304139733314514,0.0391918048262596,1.2799999713897705,0.4190565645694732,0.0541745275259017,0.1736577898263931,0.0736237317323684,0.6878587603569031,0.0804705843329429,0.4204550087451935,0.0911856740713119,2018-05-03T15:47:37.180000,12.0,1,,,1.0,360,False,False,False,False,True,,314,v1
357,0,rec2018-05-03_15h47m57.575s.wav,Inhale,3.696,5.176,1.48,0.982640055226691,0.9997032284736632,81,8000,0.1254103779792785,0.1986404657363891,0.0293917972594499,1.0800000429153442,0.4229089915752411,0.0553978979587554,0.168596938252449,0.0864708572626113,0.6903981566429138,0.0881269723176956,0.4164697825908661,0.1009308695793151,2018-05-03T15:47:57.575000,12.0,1,,,1.0,361,False,False,False,False,True,,315,v1
358,0,rec2018-05-03_15h48m19.468s.wav,Inhale,3.024,4.328,1.3040000000000005,0.9768876501492092,0.9999362826347352,70,8000,0.1508039534091949,0.2820166051387787,0.0406654924154281,0.5199999809265137,0.3903648555278778,0.0365704298019409,0.148483470082283,0.052806444466114,0.6680163741111755,0.0675508677959442,0.3706322610378265,0.0629273504018783,2018-05-03T15:48:19.468000,12.0,1,,,1.0,362,False,False,False,False,True,,316,v1
359,0,rec2018-05-03_15h48m42.154s.wav,Inhale,2.64,4.312,1.6720000000000002,0.9858944044318252,0.999929666519165,93,8000,0.1500540375709533,0.2328975796699524,0.0461088195443153,1.0800000429153442,0.3956194519996643,0.0530687719583511,0.1445582211017608,0.0680103972554206,0.65625,0.1021787598729133,0.4085472524166107,0.0858270972967147,2018-05-03T15:48:42.154000,12.0,1,,,1.0,363,False,False,False,False,True,,317,v1
360,0,rec2018-05-03_15h49m02.235s.wav,Inhale,3.2,4.904,1.7039999999999995,0.979347661608144,0.9999451637268066,95,8000,0.1392817497253418,0.2371320277452469,0.0378016158938407,1.5199999809265137,0.4179994761943817,0.0326845720410347,0.136753425002098,0.0652124285697937,0.6732257604598999,0.0809658020734787,0.4002674221992492,0.0778006017208099,2018-05-03T15:49:02.235000,12.0,1,,,1.0,364,False,False,False,False,True,,318,v1
