recording_file,event_id,recording_timestamp,date,session,usable_order,calibration,group,baseline_version,z_duration_s,z_mean_rms,z_spectral_centroid_mean,z_spectral_centroid_std,z_spectral_flatness_mean,z_spectral_flatness_std,z_spectral_rolloff_std,mean_abs_z,rms_z,max_abs_z,max_abs_z_feature,abs_z_duration_s,rms_share_duration_s,abs_z_mean_rms,rms_share_mean_rms,abs_z_spectral_centroid_mean,rms_share_spectral_centroid_mean,abs_z_spectral_centroid_std,rms_share_spectral_centroid_std,abs_z_spectral_flatness_mean,rms_share_spectral_flatness_mean,abs_z_spectral_flatness_std,rms_share_spectral_flatness_std,abs_z_spectral_rolloff_std,rms_share_spectral_rolloff_std,top1_share_mean_abs,top1_share_rms,mean_abs_without_top,rms_without_top,max_abs_without_top
rec2018-01-22_17h41m33.475s.wav,0,2018-01-22T17:41:33.475000,2018-01-22,2018-01-22#1,1,True,calibration,v1,-0.6744907594765986,0.00048419843528622685,-0.3943857226239801,-0.13063875808630604,2.6061936776756816,0.8899881788798658,-0.605484803618255,0.7573808712565676,1.1070218022054004,2.6061936776756816,spectral_flatness_mean,0.6744907594765986,0.05303244131982204,0.00048419843528622685,2.7329795057323085e-08,0.3943857226239801,0.01813142677978337,0.13063875808630604,0.0019894530658050224,2.6061936776756816,0.7917771887073004,0.8899881788798658,0.09233324271999242,0.605484803618255,0.04273622007750156,0.4915801238911589,0.7917771887073004,0.5931565221269812,0.4928758598012446,0.3414896546267415
rec2018-01-22_17h41m49.809s.wav,0,2018-01-22T17:41:49.809000,2018-01-22,2018-01-22#1,2,True,calibration,v1,-0.6744907594765986,0.023331581124456373,-0.405858942750394,0.018080857206593533,-0.4314157828342636,-1.5615128724683445,-0.8589662565061345,0.5676652931952549,0.7543015316440466,1.5615128724683445,spectral_flatness_std,0.6744907594765986,0.11422574236728193,0.023331581124456373,0.00013667853734553652,0.405858942750394,0.04135825630243793,0.018080857206593533,8.208239382336806e-05,0.4314157828342636,0.046730888592164926,1.5615128724683445,0.6122138048307691,0.8589662565061345,0.18525254697617718,0.392966190058671,0.6122138048307691,0.7082061115982173,0.6726196753719265,0.5500859273406647
rec2018-01-22_17h42m07.718s.wav,0,2018-01-22T17:42:07.718000,2018-01-22,2018-01-22#1,3,True,calibration,v1,-0.6034917321632727,-0.8068745881927329,0.2902336612552053,0.6239880180602692,0.37592185720277044,-0.5686284861210992,-0.6790298628127964,0.5640240294011638,0.5873162508042983,0.8068745881927329,mean_rms,0.6034917321632727,0.15083446031898173,0.8068745881927329,0.2696311104876599,0.2902336612552053,0.034886185466917546,0.6239880180602692,0.16125397356346272,0.37592185720277044,0.0585265709454656,0.5686284861210992,0.13391065960568047,0.6790298628127964,0.19095703961183205,0.20436682181010943,0.2696311104876599,0.9282387078882056,0.9230910235531472,0.8415556429081652
rec2018-01-22_17h42m23.769s.wav,0,2018-01-22T17:42:23.769000,2018-01-22,2018-01-22#1,4,True,calibration,v1,0.10649854096998895,-0.6551111264507683,0.5480875668370614,2.2909103188770366,0.4336023623046924,-0.0001651580987296794,-0.8471922546468158,0.6973667611692991,0.9924665053357826,2.2909103188770366,spectral_centroid_std,0.10649854096998895,0.001644968396164531,0.6551111264507683,0.06224438692406331,0.5480875668370614,0.04356825273513075,2.2909103188770366,0.761178336178429,0.4336023623046924,0.027268014846014862,0.0001651580987296794,3.9561248780786145e-09,0.8471922546468158,0.10409603696407277,0.4692981095743217,0.7611783361784289,0.6191522054966248,0.5278496703214842,0.36980594467883593
rec2018-01-22_17h44m03.761s.wav,0,2018-01-22T17:44:03.761000,2018-01-22,2018-01-22#1,5,True,calibration,v1,-0.24849659559664383,0.7981718815333934,-2.1498058157866833,-0.6583227316636588,-2.621671575300789,-1.5978265009359713,1.027013325861595,1.300186918096962,1.5229131164805605,2.621671575300789,spectral_flatness_mean,0.24849659559664383,0.003803580324793913,0.7981718815333934,0.03924140549307742,2.1498058157866833,0.28467555270695,0.6583227316636588,0.02669496823676164,2.621671575300789,0.42335849284476434,1.5978265009359713,0.15725734730753924,1.027013325861595,0.06496865308611345,0.288054360141874,0.4233584928447644,0.830603246501147,0.8202124267617759,0.8200133975744206
rec2018-01-22_17h44m21.408s.wav,0,2018-01-22T17:44:21.408000,2018-01-22,2018-01-22#1,6,True,calibration,v1,-0.6744907594765966,0.6428728355646802,-0.08275793884335819,-0.04916611155991706,0.31908973411072966,-2.1326990039575424,-2.727669420680823,0.9469636863133781,1.3610863947968403,2.727669420680823,spectral_rolloff_std,0.6744907594765966,0.0350818577039966,0.6428728355646802,0.0318699017440064,0.08275793884335819,0.0005281410269264755,0.04916611155991706,0.000186407035063723,0.31908973411072966,0.007851565146139054,2.1326990039575424,0.3507435606363558,2.727669420680823,0.5737385667075119,0.4114910273003944,0.5737385667075119,0.6865938014828732,0.7051985575055459,0.7818759076109828
rec2018-01-22_17h44m39.521s.wav,0,2018-01-22T17:44:39.521000,2018-01-22,2018-01-22#1,7,True,calibration,v1,0.6744907594765938,0.43392132819423135,-2.147780837212771,-1.631922825697923,-1.4722249045932503,0.3409185880606449,0.17823353562688113,0.9827846826946137,1.2091791184828877,2.147780837212771,spectral_centroid_mean,0.6744907594765938,0.044450094753144244,0.43392132819423135,0.01839681652328767,2.147780837212771,0.4507135442423806,1.631922825697923,0.260207563743129,1.4722249045932503,0.21177222660528922,0.3409185880606449,0.011355912692244388,0.17823353562688113,0.0031038414405247638,0.3122004639371048,0.4507135442423806,0.8024327920733777,0.8005212042062904,0.7598181329412129
rec2018-01-22_17h44m56.745s.wav,0,2018-01-22T17:44:56.745000,2018-01-22,2018-01-22#1,8,True,calibration,v1,1.3134820052965264,1.290601690219484,-1.2488520501569402,2.89548686334199,-1.4462159747785988,0.2460869230925771,-0.9194333234301075,1.337165547188032,1.5274544826352727,2.89548686334199,spectral_centroid_std,1.3134820052965264,0.10563641642845725,1.290601690219484,0.10198818530235448,1.2488520501569402,0.09549648522376336,2.89548686334199,0.5133441332897463,1.4462159747785988,0.1280653716239841,0.2460869230925771,0.003708023497945901,0.9194333234301075,0.05176138463374862,0.309341637875195,0.5133441332897463,0.8057680891456057,0.7535019428167583,0.49947246975569654
rec2018-01-22_17h45m12.839s.wav,0,2018-01-22T17:45:12.839000,2018-01-22,2018-01-22#1,9,True,calibration,v1,-1.8104751964898131,0.8967799454847297,-1.1967971648262092,0.924395714952882,0.0554418319993054,0.8033900112477282,0.669951656140394,0.9081759315915802,1.032763984084944,1.8104751964898131,duration_s,1.8104751964898131,0.43902065184545974,0.8967799454847297,0.10771385440028612,1.1967971648262092,0.19184076381809193,0.924395714952882,0.11444995830562005,0.0554418319993054,0.00041169437811696964,0.8033900112477282,0.08644754154088843,0.669951656140394,0.06011553571153677,0.2847898791272668,0.43902065184545974,0.8344118076848556,0.8089968517740331,0.6610403540167711
rec2018-01-23_10h42m07.256s.wav,0,2018-01-23T10:42:07.256000,2018-01-23,2018-01-23#1,10,True,calibration,v1,-0.39049465022329477,0.1265687692469548,-0.976758614652347,-0.022902564909411432,0.06341689350839307,-0.3225353255305524,-0.794385139509821,0.38529456536868206,0.5157776559235712,0.976758614652347,spectral_centroid_mean,0.39049465022329477,0.08188551573648865,0.1265687692469548,0.008602605867122248,0.976758614652347,0.5123319171334981,0.022902564909411432,0.0002816729596947852,0.06341689350839307,0.0021596672385071807,0.3225353255305524,0.05586393024967241,0.794385139509821,0.3388746908150165,0.362156535524488,0.5123319171334981,0.744150708554764,0.7542851560766562,0.81328705740933
rec2018-01-23_10h42m23.823s.wav,0,2018-01-23T10:42:23.823000,2018-01-23,2018-01-23#1,11,True,calibration,v1,-0.6034917321632707,-1.2871339405561526,0.517683035964319,1.7390412717428088,-0.6283215940062613,-0.6098301434419143,0.8907788615208962,0.8966115113422318,0.9909118550786972,1.7390412717428088,spectral_centroid_std,0.6034917321632707,0.05298763801264439,1.2871339405561526,0.2410346039970724,0.517683035964319,0.03899058749107882,1.7390412717428088,0.43999900002904296,0.6283215940062613,0.05743754683706453,0.6098301434419143,0.05410653049257097,0.8907788615208962,0.11544409314052578,0.27708150547824467,0.43999900002904296,0.8434049102753812,0.8082910985320304,0.7401399618688924
rec2018-01-23_10h42m45.728s.wav,0,2018-01-23T10:42:45.728000,2018-01-23,2018-01-23#1,12,True,calibration,v1,1.8104751964898083,0.12701905040053785,-0.44112192958734225,0.2756048762037413,-1.3701525063813966,0.09776898412635834,0.5514705054717361,0.66765900695156,0.9067601087880472,1.8104751964898083,duration_s,1.8104751964898083,0.5695112492675434,0.12701905040053785,0.002803205079244592,0.44112192958734225,0.0338091650173091,0.2756048762037413,0.013197477872054076,1.3701525063813966,0.3261782265821219,0.09776898412635834,0.0016608077144811115,0.5514705054717361,0.052839868467245914,0.38738234801200405,0.5695112492675433,0.7147205939859953,0.7086867261735137,0.7567916473188256
rec2018-01-23_10h43m05.349s.wav,0,2018-01-23T10:43:05.349000,2018-01-23,2018-01-23#1,13,True,calibration,v1,1.1714839506698744,-1.6962547184599384,1.3097830086470374,-0.018080857206593533,0.9517080379612575,0.445774183481003,0.16789789073640748,0.8229975210231587,1.0069874220809363,1.6962547184599384,mean_rms,1.1714839506698744,0.19334215472133837,1.6962547184599384,0.40535543978295063,1.3097830086470374,0.24168660012447798,0.018080857206593533,4.605660281453945e-05,0.9517080379612575,0.1276031344799131,0.445774183481003,0.027995207731642907,0.16789789073640748,0.003971406556862484,0.2944384356539456,0.40535543978295063,0.8231551584037301,0.832917755195488,0.772161748110693
rec2018-01-23_10h43m22.564s.wav,0,2018-01-23T10:43:22.564000,2018-01-23,2018-01-23#1,14,True,calibration,v1,1.1714839506698784,0.47666061181902725,1.715530005407473,2.975322753308041,-0.0554418319993054,-2.909823453595163,-3.0706839661097862,1.767849510415525,2.114386605373981,3.0706839661097862,spectral_rolloff_std,1.1714839506698784,0.04385366033678916,0.47666061181902725,0.00726025198817462,1.715530005407473,0.09404371986747377,2.975322753308041,0.28287940455214516,0.0554418319993054,9.822189466022501e-05,2.909823453595163,0.2705617767892576,3.0706839661097862,0.3013029645714995,0.2481371493620951,0.3013029645714995,0.8771733257442224,0.9028546623533883,0.9689446345328213
rec2018-01-23_10h43m40.126s.wav,0,2018-01-23T10:43:40.126000,2018-01-23,2018-01-23#1,15,True,calibration,v1,0.6034917321632678,-0.5608433049954353,0.08275793884335819,-0.15841551187075772,-2.9390963428036296,-1.2969312254686944,0.4141484126176353,0.8650977812518255,1.2650538474107735,2.9390963428036296,spectral_flatness_mean,0.6034917321632678,0.032510719848168744,0.5608433049954353,0.028078054728761445,0.08275793884335819,0.000611368794557447,0.15841551187075772,0.0022401615891858217,2.9390963428036296,0.771101558946505,1.2969312254686944,0.15014740465790444,0.4141484126176353,0.015310731434917178,0.4853450271335073,0.7711015589465049,0.6004308016775748,0.5167670473521678,0.44126870105644117
rec2018-01-23_10h43m56.234s.wav,0,2018-01-23T10:43:56.234000,2018-01-23,2018-01-23#1,16,True,calibration,v1,-0.10649854096998994,-1.4805677067686822,0.7257259513919561,-0.6906587872895316,0.1358744000932836,0.999263719609209,0.8382838576790823,0.7109818519716764,0.8389466227284481,1.4805677067686822,mean_rms,0.10649854096998994,0.002302081081195021,1.4805677067686822,0.4449281101911456,0.7257259513919561,0.10690022187211741,0.6906587872895316,0.09681895331465326,0.1358744000932836,0.0037472147168821543,0.999263719609209,0.20267190014853625,0.8382838576790823,0.14263151867547022,0.2974895516797974,0.44492811019114575,0.8195955230402363,0.8047259604633514,0.6749192995638732
rec2018-01-23_10h44m12.634s.wav,0,2018-01-23T10:44:12.634000,2018-01-23,2018-01-23#1,17,True,calibration,v1,3.0174586608163496,-2.293018763897272,2.773904709805601,0.8890343384169014,1.4333332871932642,0.7391513755112762,0.5484752950423227,1.670625204383284,1.9179429245438557,3.0174586608163496,duration_s,3.0174586608163496,0.3536008171312019,2.293018763897272,0.2041953364687505,2.773904709805601,0.2988227635875589,0.8890343384169014,0.03069500251573612,1.4333332871932642,0.07978568458252096,0.7391513755112762,0.0212176548718371,0.5484752950423227,0.011682740842394563,0.25802646927794515,0.3536008171312019,0.8656357858423972,0.8684079571339715,0.9192850744987979
rec2018-01-23_10h44m30.273s.wav,0,2018-01-23T10:44:30.273000,2018-01-23,2018-01-23#1,18,True,calibration,v1,0.17749756828331295,-1.7483118980603993,1.9535097662386969,1.1876970363313442,-0.24409249382163523,0.5295530020253799,-0.16789789073640649,0.858365665071025,1.1137530994508202,1.9535097662386969,spectral_centroid_mean,0.17749756828331295,0.0036283479140814495,1.7483118980603993,0.3520156201142573,1.9535097662386969,0.4394963596895404,1.1876970363313442,0.16245588719873721,0.24409249382163523,0.006861719453831727,0.5295530020253799,0.03229557174472445,0.16789789073640649,0.0032464938848275966,0.3251211402139362,0.43949635968954026,0.7873586697504079,0.8086537662655979,0.894959384526965
rec2018-01-23_10h45m25.926s.wav,0,2018-01-23T10:45:25.926000,2018-01-23,2018-01-23#1,19,True,calibration,v1,-0.7454897867899266,-0.6938703925024221,0.2555030397927266,-0.1893017751125435,0.7206599249469291,0.0001651580987306897,0.2728852534090492,0.4111250472360468,0.49744277853745883,0.7454897867899266,duration_s,0.7454897867899266,0.32084782156127356,0.6938703925024221,0.2779536695434879,0.2555030397927266,0.037688412255956656,0.1893017751125435,0.020688312697217527,0.7206599249469291,0.2998309378444555,0.0001651580987306897,1.5747638925315918e-08,0.2728852534090492,0.042990830349970054,0.2590417238890423,0.3208478215612735,0.8644513221294506,0.8901371850330231,0.9666932233238034
rec2018-01-23_10h45m44.127s.wav,0,2018-01-23T10:45:44.127000,2018-01-23,2018-01-23#1,20,True,calibration,v1,0.31949562290996486,-0.00048419843528622685,-0.6232555675612345,-1.4339583770867055,-3.10736689325002,-1.913271418434621,-0.2380171317146134,1.090835601341778,1.508061693607049,3.10736689325002,spectral_flatness_mean,0.31949562290996486,0.006412000806502798,0.00048419843528622685,1.4726871800099894e-08,0.6232555675612345,0.024400351151574424,1.4339583770867055,0.12916261639585128,3.10736689325002,0.6065251467356796,1.913271418434621,0.22994126196398373,0.2380171317146134,0.0035586082195363856,0.4069445071581319,0.6065251467356796,0.6918980749821796,0.6775352355966738,0.6157211182853001
rec2018-01-23_10h46m04.850s.wav,0,2018-01-23T10:46:04.850000,2018-01-23,2018-01-23#1,21,False,calibration_session_other,v1,0.10649854096998698,-1.9307868735999094,1.7877724842607292,-0.5151934545758247,0.889745030369309,-0.6007244811707816,-1.1056198780601332,0.9909058204295249,1.1695998142049937,1.9307868735999094,mean_rms,0.10649854096998698,0.0011844444429376846,1.9307868735999094,0.389310443385726,1.7877724842607292,0.33377351796292476,0.5151934545758247,0.027718393270199586,0.889745030369309,0.08267201455027506,0.6007244811707816,0.03768582618513682,1.1056198780601332,0.12765536020280005,0.2783581350940059,0.38931044338572607,0.8419155090569932,0.844080061003291,0.9259294791700479
rec2018-01-23_10h47m11.936s.wav,0,2018-01-23T10:47:11.936000,2018-01-23,2018-01-23#1,22,False,calibration_session_other,v1,-0.46149367753662274,1.2929232696736965,-1.0026455029081003,-1.0274632705128228,-0.2708361468123068,-2.128702666120173,-2.2027934425700684,1.1981225680191128,1.3837130163968097,2.2027934425700684,spectral_rolloff_std,0.46149367753662274,0.01589064108369049,1.2929232696736965,0.12472554521239781,1.0026455029081003,0.07500750642376386,1.0274632705128228,0.07876667610162269,0.2708361468123068,0.005472971168456874,2.128702666120173,0.33809590883028806,2.2027934425700684,0.3620407511797803,0.26264823475471816,0.36204075117978035,0.8602437261194956,0.8627199952998981,0.9663650821642853
rec2018-01-23_10h49m01.624s.wav,0,2018-01-23T10:49:01.624000,2018-01-23,2018-01-23#1,23,False,calibration_session_other,v1,6.49641099916932,0.6550608353089282,1.26671614246565,1.9622721247313295,-2.6673624265119673,0.03810650234402324,1.0019269837592302,2.01255085918435,2.8336668406309062,6.49641099916932,duration_s,6.49641099916932,0.7508468614171216,0.6550608353089282,0.007634272418307317,1.26671614246565,0.028547165565156855,1.9622721247313295,0.06850509181016712,2.6673624265119673,0.12658097665794352,0.03810650234402324,2.5834648698689183e-05,1.0019269837592302,0.017859797482604817,0.46113553351052755,0.7508468614171216,0.6286752109043845,0.5391462340404733,0.41059015922068914
rec2018-01-23_10h49m24.634s.wav,0,2018-01-23T10:49:24.634000,2018-01-23,2018-01-23#1,24,False,calibration_session_other,v1,3.656449906636283,0.9326960076808786,-0.7302062786789685,-3.104248766469983,-4.469028137585225,3.8647106294108364,2.1462074002514178,2.7005067323876557,3.021908486950884,4.469028137585225,spectral_flatness_mean,3.656449906636283,0.2091503516775068,0.9326960076808786,0.013608792080949457,0.7302062786789685,0.008341237154650856,3.104248766469983,0.15074828417145414,4.469028137585225,0.31243920301770167,3.8647106294108364,0.23365404639586648,2.1462074002514178,0.07205808550187047,0.23641214570094135,0.31243920301770167,0.8908524966822351,0.8956306510755506,0.8647765264461005
rec2018-01-23_10h50m00.411s.wav,0,2018-01-23T10:50:00.411000,2018-01-23,2018-01-23#1,25,False,calibration_session_other,v1,4.4374392070828605,0.519834972298718,0.27079734970973507,-0.7100363667944193,-3.1328413559292625,-0.01417674813030879,1.5089327387127982,1.5134369626654431,2.15904581812459,4.4374392070828605,duration_s,4.4374392070828605,0.6034524778910756,0.519834972298718,0.008281504261510125,0.27079734970973507,0.0022473310984997977,0.7100363667944193,0.015450389364776707,3.1328413559292625,0.3007842203936378,0.01417674813030879,6.159301869745285e-06,1.5089327387127982,0.0697779176886302,0.41886111041564134,0.6034524778910758,0.6779953711817518,0.6801755477770022,0.7060020903337105
rec2018-01-23_10h50m22.155s.wav,0,2018-01-23T10:50:22.155000,2018-01-23,2018-01-23#1,26,False,calibration_session_other,v1,4.721435316336168,0.04462929490841648,1.0627828887138246,0.13341479342809195,-4.4698156309341,-1.0259531598865288,0.733541952025031,1.7416532908903086,2.535777301290008,4.721435316336168,duration_s,4.721435316336168,0.4952538136562335,0.04462929490841648,4.4250663922245595e-05,1.0627828887138246,0.025093939518729447,0.13341479342809195,0.0003954464819465283,4.4698156309341,0.4438732364528869,1.0259531598865288,0.02338486175664196,0.733541952025031,0.011954451469639514,0.3872703958959623,0.4952538136562335,0.714851204788044,0.7673790137437916,0.946706950631842
rec2018-01-23_10h50m40.883s.wav,0,2018-01-23T10:50:40.883000,2018-01-23,2018-01-23#1,27,False,calibration_session_other,v1,4.224442125142889,0.24123608130194665,0.2953682506613041,-5.033118811763611,-2.650258125097597,-0.21083421167298136,0.10244603612674154,1.8225290916810102,2.6833467343494455,5.033118811763611,spectral_centroid_std,4.224442125142889,0.3540683443026208,0.24123608130194665,0.0011546035832167686,0.2953682506613041,0.0017309160005732982,5.033118811763611,0.502600291062145,2.650258125097597,0.139355694524158,0.21083421167298136,0.0008819227375634929,0.10244603612674154,0.00020822778972264566,0.39451604717371164,0.5026002910621449,0.7063979449640031,0.761774021890677,0.8393289097943307
rec2018-01-23_10h52m21.295s.wav,0,2018-01-23T10:52:21.295000,2018-01-23,2018-01-23#1,28,False,calibration_session_other,v1,4.295441152456215,0.38392842453164955,-2.0371831745110494,-4.813590614814877,-7.541720291479536,-0.7819438660130085,-0.10053898321292448,2.85062092957418,3.843697529250737,7.541720291479536,spectral_flatness_mean,4.295441152456215,0.17840996089504654,0.38392842453164955,0.0014252927773227091,2.0371831745110494,0.040129496623719375,4.813590614814877,0.22404840387074082,7.541720291479536,0.5499768297166006,0.7819438660130085,0.00591227607298726,0.10053898321292448,9.774004358278287e-05,0.37794874860104366,0.5499768297166007,0.725726459965449,0.7245874909196952,0.6382616205288284
rec2018-01-23_10h52m39.068s.wav,0,2018-01-23T10:52:39.068000,2018-01-23,2018-01-23#1,29,False,calibration_session_other,v1,6.212414889916014,0.5475956825884551,-0.5033464861836318,-3.6246744845858982,-5.7636103737234965,-0.6543761844632136,1.4134399074402098,2.674208286985846,3.5442268490609483,6.212414889916014,duration_s,6.212414889916014,0.4389144120534656,0.5475956825884551,0.0034101930759188976,0.5033464861836318,0.0028813301250285002,3.6246744845858982,0.14941594945368858,5.7636103737234965,0.37778800636301085,0.6543761844632136,0.004869831199979946,1.4134399074402098,0.022720277728907615,0.3318693782139457,0.43891441205346565,0.7794857254170633,0.8090734531575549,0.927756834637523
rec2018-01-23_10h52m57.816s.wav,0,2018-01-23T10:52:57.816000,2018-01-23,2018-01-23#1,30,False,calibration_session_other,v1,5.928418780662707,0.22856973092960187,0.48252204436267554,-4.0679714665389355,-3.180292565983902,1.0257985784148016,1.3397282125541647,2.321900197063827,3.0458638922063823,5.928418780662707,duration_s,5.928418780662707,0.5412011662423756,0.22856973092960187,0.000804485848730877,0.48252204436267554,0.0035852157311609036,4.0679714665389355,0.25482191261320797,3.180292565983902,0.15574536220945273,1.0257985784148016,0.016203362970673228,1.3397282125541647,0.027638494384398495,0.36475166750796395,0.5412011662423757,0.7411230545740422,0.7316182789204775,0.686181529518095
rec2018-01-23_10h53m20.922s.wav,0,2018-01-23T10:53:20.922000,2018-01-23,2018-01-23#1,31,False,calibration_session_other,v1,3.940446015889587,-0.7872388212120094,0.8028368369640764,-0.4387633740189162,-3.4774008169345003,0.7926289712513483,1.6088866454977953,1.6926002116811762,2.1478565201040776,3.940446015889587,duration_s,3.940446015889587,0.480819631286635,0.7872388212120094,0.01919130164864873,0.8028368369640764,0.019959332332041127,0.4387633740189162,0.005961453516166905,3.4774008169345003,0.37445611797171596,0.7926289712513483,0.019455003407720228,1.6088866454977953,0.08015715983707215,0.332577566473111,0.480819631286635,0.7786595057813706,0.7782740071244784,0.8824891402932846
rec2018-01-23_10h54m18.511s.wav,0,2018-01-23T10:54:18.511000,2018-01-23,2018-01-23#1,32,False,calibration_session_other,v1,3.1594567154429996,0.4428029777535659,-2.302136943544953,-5.661997419065293,-7.183132759521569,-4.011106876607534,-0.6836020287861992,3.349176531531731,4.065358477330885,7.183132759521569,spectral_flatness_mean,3.1594567154429996,0.08628376467029587,0.4428029777535659,0.0016948268333657616,2.302136943544953,0.04581066269864228,5.661997419065293,0.2771045137005057,7.183132759521569,0.4459971178859348,4.011106876607534,0.13906976917457226,0.6836020287861992,0.00403934503668332,0.3063922767664579,0.4459971178859348,0.8092090104391324,0.8039506799547734,0.7882351069677862
rec2018-01-23_10h54m39.487s.wav,0,2018-01-23T10:54:39.487000,2018-01-23,2018-01-23#1,33,False,calibration_session_other,v1,7.0644032176759275,-1.9066845514878838,-0.8399631026116634,-2.7931688045236323,-9.395488091496485,-2.4943469673761416,1.4295041171028688,3.703365550324943,4.759787121245631,9.395488091496485,spectral_flatness_mean,7.0644032176759275,0.3146863174120597,1.9066845514878838,0.02292369367475058,0.8399631026116634,0.004448845450330597,2.7931688045236323,0.04919503419558724,9.395488091496485,0.5566286983446087,2.4943469673761416,0.039232016352888706,1.4295041171028688,0.012885394569774458,0.3624304882302879,0.5566286983446086,0.7438310970646641,0.7192124293961809,0.7518931585970144
rec2018-01-23_10h56m48.215s.wav,0,2018-01-23T10:56:48.215000,2018-01-23,2018-01-23#1,34,False,calibration_session_other,v1,2.66246352424972,3.192681678326401,-2.6304297536973995,1.9574963380542727,-4.867393555231019,-1.8382218427179582,-1.0808408862331973,2.6042182255014237,2.8352797167530053,4.867393555231019,spectral_flatness_mean,2.66246352424972,0.1259729997786657,3.192681678326401,0.1811429257303304,2.6304297536973995,0.12295991510908653,1.9574963380542727,0.06809450301376567,4.867393555231019,0.4210203262403114,1.8382218427179582,0.06004902808714224,1.0808408862331973,0.02076030204069805,0.2670060172579013,0.4210203262403114,0.8551596465324487,0.8218736436052504,0.6559325113325192
rec2018-01-23_10h57m38.405s.wav,0,2018-01-23T10:57:38.405000,2018-01-23,2018-01-23#1,35,False,calibration_session_other,v1,2.3074683876830897,3.549518381710782,-1.5936830145592638,7.5448824771892795,-3.0568644847388198,-2.2194685671863947,-1.8514029408828674,3.1604697505643564,3.6856230776985273,7.5448824771892795,spectral_centroid_std,2.3074683876830897,0.05599530861500844,3.549518381710782,0.13250094690272446,1.5936830145592638,0.026710622572382745,7.5448824771892795,0.598666672065569,3.0568644847388198,0.09827261106933675,2.2194685671863947,0.05180576847934086,1.8514029408828674,0.03604807029563792,0.3410380224938763,0.5986666720655689,0.7687889737571444,0.6842676493328491,0.47045376683363477
rec2018-01-23_10h57m54.607s.wav,0,2018-01-23T10:57:54.607000,2018-01-23,2018-01-23#1,36,False,calibration_session_other,v1,2.378467414996416,-0.477134284201379,1.3750400577268755,-1.2702608538979652,0.7136658474205552,0.2518579647035328,-0.6150835484507692,1.0116442816282132,1.215385965409055,2.378467414996416,duration_s,2.378467414996416,0.5471015407038241,0.477134284201379,0.022016829193956155,1.3750400577268755,0.18285389946476782,1.2702608538979652,0.15604841248151669,0.7136658474205552,0.04925647786510861,0.2518579647035328,0.006134580994198821,0.6150835484507692,0.03658825929662789,0.33587009332799683,0.5471015407038241,0.7748182244506703,0.7268985732862175,0.5781202000318123
rec2018-01-23_10h59m20.895s.wav,0,2018-01-23T10:59:20.895000,2018-01-23,2018-01-23#1,37,False,calibration_session_other,v1,0.7454897867899206,-0.10691779796754518,-0.014625121665918261,-0.12412671929315572,0.2748006751838078,-0.457852149138235,-1.0055358367351117,0.38990686953909914,0.5181083856363721,1.0055358367351117,spectral_rolloff_std,0.7454897867899206,0.2957631841074752,0.10691779796754518,0.006083601080700851,0.014625121665918261,0.00011383077492403996,0.12412671929315572,0.00819957364961952,0.2748006751838078,0.04018799207950311,0.457852149138235,0.11156070016458348,1.0055358367351117,0.5380911181431939,0.36841612164014403,0.5380911181431938,0.7368478580864986,0.7340937920317862,0.741385597166245
rec2018-01-23_10h59m40.619s.wav,0,2018-01-23T10:59:40.619000,2018-01-23,2018-01-23#1,38,False,calibration_session_other,v1,0.7454897867899206,-0.21342741899325823,-0.8249026354292397,1.8408175717931932,-2.2004573493460176,-0.7228156394925923,0.4617945823379372,1.001386426311737,1.2099651238899147,2.2004573493460176,spectral_flatness_mean,0.7454897867899206,0.05423000584508868,0.21342741899325823,0.004444845605868294,0.8249026354292397,0.06639901509435493,1.8408175717931932,0.33065702795582014,2.2004573493460176,0.47247862492376064,0.7228156394925923,0.05098135062100356,0.4617945823379372,0.020809129954103656,0.3139158287419354,0.47247862492376064,0.8004315331344085,0.7845008631324841,0.8365613504575717
rec2018-01-23_10h59m57.587s.wav,0,2018-01-23T10:59:57.587000,2018-01-23,2018-01-23#1,39,False,calibration_session_other,v1,1.5974781145498302,0.5828836902924573,-0.2683643901946405,1.9332544098941038,-0.9279736379051295,0.07366186801351005,-0.5099893273346884,0.8419436340263371,1.0574789453909157,1.9332544098941038,spectral_centroid_std,1.5974781145498302,0.3260080586234709,0.5828836902924573,0.043403255804354016,0.2683643901946405,0.009200433218298595,1.9332544098941038,0.477459479771687,0.9279736379051295,0.11000939574185983,0.07366186801351005,0.0006931767022822124,0.5099893273346884,0.0332262001380475,0.32802576116966536,0.477459479771687,0.7839699453020571,0.7807884521002035,0.8263155156270063
rec2018-01-23_11h00m14.641s.wav,0,2018-01-23T11:00:14.641000,2018-01-23,2018-01-23#1,40,False,calibration_session_other,v1,0.31949562290996486,-1.4503848347410717,0.3706929757714145,1.737687694841206,-0.9457179468006326,0.05367909404443479,0.899676678444721,0.8253335496504922,1.00494118056516,1.737687694841206,spectral_centroid_std,0.31949562290996486,0.014439444941773356,1.4503848347410717,0.2975686494768185,0.3706929757714145,0.01943790194981971,1.737687694841206,0.4271339826857491,0.9457179468006326,0.12651555792856817,0.05367909404443479,0.0004075970468305423,0.899676678444721,0.11449686597044065,0.30077669733425133,0.42713398268574904,0.8157605197767068,0.8175228968454804,0.8346636965013504
rec2018-01-23_11h01m08.679s.wav,0,2018-01-23T11:01:08.679000,2018-01-23,2018-01-23#1,41,False,calibration_session_other,v1,1.3134820052965264,-0.15919251599544926,1.0788259929192225,0.3715524860583021,0.7327862400545688,-0.6992449482061652,-2.0237222319670374,0.9112580600710388,1.0805993609133113,2.0237222319670374,spectral_rolloff_std,1.3134820052965264,0.21106722579231682,0.15919251599544926,0.003100400802915763,1.0788259929192225,0.14238864284183608,0.3715524860583021,0.016889348233882544,0.7327862400545688,0.06569421973074636,0.6992449482061652,0.05981790823144257,2.0237222319670374,0.5010422543668599,0.31725719492978033,0.5010422543668599,0.796533272581923,0.7629661656360197,0.6490426327035185
rec2018-01-23_11h01m26.075s.wav,0,2018-01-23T11:01:26.075000,2018-01-23,2018-01-23#1,42,False,calibration_session_other,v1,0.5324927048499437,-0.4242923288760985,-0.17370037339701933,-2.3574881526970533,-1.391437829184139,0.2628332491958103,0.7937804900006681,0.8480035897429617,1.1139865789496708,2.3574881526970533,spectral_centroid_std,0.5324927048499437,0.03264144433888038,0.4242923288760985,0.020723943641471225,0.17370037339701933,0.003473310001313313,2.3574881526970533,0.6397953519215913,1.391437829184139,0.22287925920667545,0.2628332491958103,0.00795248119183787,0.7937804900006681,0.07253420969823025,0.39714928791274023,0.6397953519215915,0.7033258307684698,0.6482582479934033,0.5902204970117381
rec2018-01-23_11h01m41.256s.wav,0,2018-01-23T11:01:41.256000,2018-01-23,2018-01-23#1,43,False,calibration_session_other,v1,0.7454897867899206,-0.5648806310790319,0.46231952470815574,2.299320426734133,0.024150472572932003,-0.24781660840247877,0.29798746557727096,0.6631378451234176,0.9655680610520203,2.299320426734133,spectral_centroid_std,0.7454897867899206,0.08515684689060635,0.5648806310790319,0.04889332176008292,0.46231952470815574,0.03275070448803847,2.299320426734133,0.8100935446944488,0.024150472572932003,8.936911210551987e-05,0.24781660840247877,0.009410159709438943,0.29798746557727096,0.013606053345279052,0.49533343495901966,0.8100935446944489,0.5887776592144771,0.47069898150496303,0.3242217909788179
rec2018-01-23_11h01m57.075s.wav,0,2018-01-23T11:01:57.075000,2018-01-23,2018-01-23#1,44,False,calibration_session_other,v1,-0.31949562290996686,-1.482732564990222,1.3897298592981078,-0.20737388545710134,0.25745958453223444,-0.5482443427166691,-2.7975305085877564,1.000366624070294,1.3345925309676807,2.7975305085877564,spectral_rolloff_std,0.31949562290996686,0.008187181256970528,1.482732564990222,0.17633163400253468,1.3897298592981078,0.1549049719559618,0.20737388545710134,0.0034491549874512573,0.25745958453223444,0.0053164619278837245,0.5482443427166691,0.024107540100857843,2.7975305085877564,0.6277030557683401,0.3995007489218814,0.6277030557683401,0.7005824595911383,0.6590496452748735,0.5300147971357538
rec2018-01-23_11h02m14.505s.wav,0,2018-01-23T11:02:14.505000,2018-01-23,2018-01-23#1,45,False,calibration_session_other,v1,-0.1774975682833159,-0.8417836579908613,0.7734025046709747,-2.716151590851886,0.21846648603058139,-0.5473884495153413,-0.8555092271602821,0.8757427835004633,1.1829137011309514,2.716151590851886,spectral_centroid_std,0.1774975682833159,0.003216478487422617,0.8417836579908613,0.07234305028469956,0.7734025046709747,0.061067056116694135,2.716151590851886,0.7531887857738713,0.21846648603058139,0.004872652973343069,0.5473884495153413,0.030590536522082493,0.8555092271602821,0.07472143984188676,0.44307719475004786,0.7531887857738713,0.6497432727916107,0.5366063888896127,0.31497108999426743
rec2018-01-23_11h02m29.845s.wav,0,2018-01-23T11:02:29.845000,2018-01-23,2018-01-23#1,46,False,calibration_session_other,v1,0.5324927048499447,-0.9837613991820072,0.5627599545876335,-1.650574415652996,-0.7399900451910341,-0.2887904614491699,0.5065301819800561,0.7521284518418346,0.8602315022461983,1.650574415652996,spectral_centroid_std,0.5324927048499447,0.05473921932048274,0.9837613991820072,0.18683181382521347,0.5627599545876335,0.06113890363073518,1.650574415652996,0.5259464074577719,0.7399900451910341,0.10571169328800156,0.2887904614491699,0.016100411055544436,0.5065301819800561,0.04953155142225091,0.313505418543681,0.5259464074577719,0.8009103450323721,0.7436817361160616,0.5960115398934098
rec2018-01-23_11h02m48.266s.wav,0,2018-01-23T11:02:48.266000,2018-01-23,2018-01-23#1,47,False,calibration_session_other,v1,-0.035499513656664955,-0.7183306004144396,1.3117010166083272,-0.4710939628560082,1.1004874514822431,-0.5955511545838184,-0.733469478724282,0.7094475969036832,0.8074191185135511,1.3117010166083272,spectral_centroid_mean,0.035499513656664955,0.0002761523282898317,0.7183306004144396,0.11307136568494149,1.3117010166083272,0.3770280074976642,0.4710939628560082,0.04863164723649543,1.1004874514822431,0.2653836068049793,0.5955511545838184,0.0777216558375914,0.733469478724282,0.11788756461003815,0.2641292469426961,0.3770280074976642,0.8585158785668545,0.8525260453026592,0.838977356537986
rec2018-01-23_11h03m04.371s.wav,0,2018-01-23T11:03:04.371000,2018-01-23,2018-01-23#1,48,False,calibration_session_other,v1,0.8874878414165707,-1.6823018505059175,2.620523777430396,-1.2013913422219473,0.8850701342861964,-1.154992890960019,-1.2696153196022957,1.385911879489049,1.495590709417148,2.620523777430396,spectral_centroid_mean,0.8874878414165707,0.0503038548091217,1.6823018505059175,0.1807524896727463,2.620523777430396,0.4385838665325927,1.2013913422219473,0.09218185397224522,0.8850701342861964,0.050030151163101326,1.154992890960019,0.08519911133961476,1.2696153196022957,0.1029486725105779,0.2701185733186233,0.4385838665325927,0.8515283311282729,0.8093117378645316,0.6419716031561944
rec2018-01-23_11h03m19.651s.wav,0,2018-01-23T11:03:19.651000,2018-01-23,2018-01-23#1,49,False,calibration_session_other,v1,-0.39049465022329377,1.4784812091634831,-1.2161787472210377,-2.252568449098921,-2.229413290352862,-0.2518986440381985,-0.32144342291392686,1.1629254875731032,1.4156578753849218,2.252568449098921,spectral_centroid_std,0.39049465022329377,0.010869648951164745,1.4784812091634831,0.1558177611007741,1.2161787472210377,0.10543387321730342,2.252568449098921,0.3616940254386092,2.229413290352862,0.3542962152013932,0.2518986440381985,0.0045231084491900745,0.32144342291392686,0.007365367641565238,0.27671204747603284,0.3616940254386092,0.843835944611295,0.8629544041575754,0.9897205526627519
rec2018-01-23_11h03m36.803s.wav,0,2018-01-23T11:03:36.803000,2018-01-23,2018-01-23#1,50,False,calibration_session_other,v1,-0.8164888141032496,-0.8223443773316966,0.18146196203414555,0.21302545169645526,-1.0706493014316265,-1.5964135720453168,-0.6866490814307457,0.7695760800104623,0.8934304454434325,1.5964135720453168,spectral_flatness_std,0.8164888141032496,0.1193111255781023,0.8223443773316966,0.12102857473968993,0.18146196203414555,0.0058932066321500595,0.21302545169645526,0.008121634744336371,1.0706493014316265,0.2051516150232949,1.5964135720453168,0.45611177791800617,0.6866490814307457,0.0843820653644202,0.2963437763263888,0.45611177791800617,0.8209322609525465,0.7965778424583874,0.6706591075017712
rec2018-01-23_11h03m51.751s.wav,0,2018-01-23T11:03:51.751000,2018-01-23,2018-01-23#1,51,False,calibration_session_other,v1,-0.46149367753661974,-1.8337717523269783,0.7332089188985234,2.7084712992967077,0.5083141024277847,2.702973918350261,0.9481105324337248,1.4137634573243714,1.6866057276429254,2.7084712992967077,spectral_centroid_std,0.46149367753661974,0.010695628983493181,1.8337717523269783,0.16887500517264292,0.7332089188985234,0.02699791941125113,2.7084712992967077,0.3684031153356484,0.5083141024277847,0.012975949174154214,2.702973918350261,0.3669091383152272,0.9481105324337248,0.045143243607583095,0.27368402353557647,0.3684031153356484,0.847368639208494,0.8584072647108774,0.9979703011998412
rec2018-01-23_11h04m10.613s.wav,0,2018-01-23T11:04:10.613000,2018-01-23,2018-01-23#1,52,False,calibration_session_other,v1,-0.24849659559664186,-1.1412393381095063,0.35161986677113855,0.20093510163353032,0.9892330431922387,1.682096183451956,0.2539887659931115,0.6953726992497319,0.8783693583669762,1.682096183451956,spectral_flatness_std,0.24849659559664186,0.011433744738530335,1.1412393381095063,0.24115766608494957,0.35161986677113855,0.022892562880892392,0.20093510163353032,0.007475826737629828,0.9892330431922387,0.18119442656160892,1.682096183451956,0.5239010351729655,0.2539887659931115,0.011944737823423503,0.34556929692252875,0.5239010351729656,0.7635024869237165,0.7452843700884964,0.6784625928866227
rec2018-01-23_11h04m27.250s.wav,0,2018-01-23T11:04:27.250000,2018-01-23,2018-01-23#1,53,False,calibration_session_other,v1,1.5264790872365044,-1.3546000921008048,0.7411396703649202,-0.14752457526589902,-1.2872437994069261,0.41597575725312985,0.764064320685617,0.8910039003305431,1.0106545291093416,1.5264790872365044,duration_s,1.5264790872365044,0.32589539555101904,1.3546000921008048,0.25663666823424913,0.7411396703649202,0.07682394887913667,0.14752457526589902,0.0030438640596511532,1.2872437994069261,0.23174913611156156,0.41597575725312985,0.024200957494160576,0.764064320685617,0.08165002967022181,0.2447446537022876,0.32589539555101904,0.8811312373473311,0.8868231908656564,0.8874016705680098
rec2018-01-23_11h04m44.325s.wav,0,2018-01-23T11:04:44.325000,2018-01-23,2018-01-23#1,54,False,calibration_session_other,v1,-0.5324927048499467,-2.3730155966874737,2.257286404590221,0.5645738642558537,1.3733471314616408,1.6246157411809814,0.0077482951535901646,1.2475828197399583,1.5049611171746877,2.3730155966874737,mean_rms,0.5324927048499467,0.017884579178071063,2.3730155966874737,0.35518333958893367,2.257286404590221,0.32138435600092996,0.5645738642558537,0.02010448442294909,1.3733471314616408,0.11896303913572119,1.6246157411809814,0.16647641494886734,0.0077482951535901646,3.7867245276880574e-06,0.2717272334424026,0.35518333958893367,0.8496515609838635,0.8673442821699527,0.9512311708954628
rec2018-01-23_11h05m01.603s.wav,0,2018-01-23T11:05:01.603000,2018-01-23,2018-01-23#1,55,False,calibration_session_other,v1,-0.8164888141032486,-0.4960554491435565,0.023774840578525868,-0.17942547450498697,-2.0719308575535607,0.34243348648352206,0.3993257711071904,0.6184906704963702,0.8876214587910825,2.0719308575535607,spectral_flatness_mean,0.8164888141032486,0.12087788498691776,0.4960554491435565,0.04461766345494727,0.023774840578525868,0.00010249002542885592,0.17942547450498697,0.005837334502259172,2.0719308575535607,0.7783893600948893,0.34243348648352206,0.021261741279751563,0.3993257711071904,0.028913525655806092,0.4785684515986384,0.7783893600948892,0.6083368064682552,0.5084739389152236,0.3940714580926318
rec2018-01-23_11h11m07.436s.wav,0,2018-01-23T11:11:07.436000,2018-01-23,2018-01-23#1,56,False,calibration_session_other,v1,0.24849659559663695,1.1344628991383725,-1.575271630744076,-2.610338067288439,-1.0587638348052688,-1.3845051547416416,-1.0846126718852087,1.2994929791713776,1.4569205387253579,2.610338067288439,spectral_centroid_std,0.24849659559663695,0.004155957666049113,1.1344628991383725,0.0866185328864053,1.575271630744076,0.1670094831956447,2.610338067288439,0.4585891150409243,1.0587638348052688,0.07544464599177492,1.3845051547416416,0.1290088139557204,1.0846126718852087,0.07917345126348135,0.2869622569425854,0.45858911504092426,0.831877366900317,0.7947616198913074,0.6034741823232241
rec2018-01-23_11h11m22.731s.wav,0,2018-01-23T11:11:22.731000,2018-01-23,2018-01-23#1,57,False,calibration_session_other,v1,-0.46149367753662074,-1.2428917704836688,1.1159298693688178,-2.8612510986155475,0.35182212518067074,0.16677035636523954,-2.1679115668185585,1.1954386377670174,1.513805300336823,2.8612510986155475,spectral_centroid_std,0.46149367753662074,0.013276800456921681,1.2428917704836688,0.09630049996294635,1.1159298693688178,0.07763109667736036,2.8612510986155475,0.5103567484582082,0.35182212518067074,0.007716284153316925,0.16677035636523954,0.001733802522752109,2.1679115668185585,0.2929847677684944,0.34192483330519613,0.5103567484582082,0.7677543611439379,0.7558111272878235,0.757679592632583
rec2018-01-23_11h11m37.608s.wav,0,2018-01-23T11:11:37.608000,2018-01-23,2018-01-23#1,58,False,calibration_session_other,v1,-0.1774975682833159,-0.4711929120968963,0.5169640939399232,1.5911405814089692,-0.7302613902452725,-1.2980458392384895,-0.944652974085677,0.818536479899792,0.938317819419615,1.5911405814089692,spectral_centroid_std,0.1774975682833159,0.0051119529406201715,0.4711929120968963,0.036024630076656544,0.5169640939399232,0.04336334660280718,1.5911405814089692,0.4107893131667829,0.7302613902452725,0.08652840755867812,1.2980458392384895,0.2733896637353737,0.944652974085677,0.1447926859190814,0.2776978215704766,0.4107893131667829,0.8426858748344439,0.8291034121097842,0.8157958224464732
rec2018-01-23_11h11m52.435s.wav,0,2018-01-23T11:11:52.435000,2018-01-23,2018-01-23#1,59,False,calibration_session_other,v1,0.035499513656661014,1.838173981579192,-1.5218112013172036,4.827971549376046,-3.9862087940570228,-0.4800071995783472,0.03002563559926268,1.8170996964519621,2.5390248807738693,4.827971549376046,spectral_centroid_std,0.035499513656661014,2.79262648891217e-05,1.838173981579192,0.07487576555313595,1.5218112013172036,0.05132034880076988,4.827971549376046,0.5165322605130259,3.9862087940570228,0.3521179237824273,0.4800071995783472,0.005105797064733272,0.03002563559926268,1.997802101877572e-05,0.37956652718953804,0.5165322605130258,0.7238390516122056,0.7510297571122841,0.8256487747058472
rec2018-01-23_11h51m22.121s.wav,0,2018-01-23T11:51:22.121000,2018-01-23,2018-01-23#2,60,False,other_session,v1,0.035499513656661014,1.1334208198972153,-1.68937942215316,-0.2063034882142363,-2.0722583032415796,-2.1876996339874113,-1.4430489538107234,1.2525157335658552,1.4805955065777126,2.1876996339874113,spectral_flatness_std,0.035499513656661014,8.212472200548136e-05,1.1334208198972153,0.08371657994371723,1.68937942215316,0.18598739246277216,0.2063034882142363,0.0027735899069965975,2.0722583032415796,0.2798445689994135,2.1876996339874113,0.31189218596552504,1.4430489538107234,0.13570355799956993,0.24952063336665975,0.31189218596552504,0.8755592610722303,0.8959868579989817,0.947231635937415
rec2018-01-23_11h51m37.745s.wav,0,2018-01-23T11:51:37.745000,2018-01-23,2018-01-23#2,61,False,other_session,v1,-1.810475196489814,1.2863620300071346,-2.0179384149928463,1.227232852778743,-1.7509907846892367,1.5794410688413483,-0.6145767643477325,1.4695738731638364,1.5329258228385938,2.0179384149928463,spectral_centroid_mean,1.810475196489814,0.19927133868763924,1.2863620300071346,0.10059724900436243,2.0179384149928463,0.24755716216671736,1.227232852778743,0.09156165311616653,1.7509907846892367,0.1863920567155632,1.5794410688413483,0.15165842186211378,0.6145767643477325,0.02296211844743748,0.1961636102082571,0.24755716216671736,0.9378091214237001,0.9369364852924467,0.8971905103933671
rec2018-01-23_11h51m52.565s.wav,0,2018-01-23T11:51:52.565000,2018-01-23,2018-01-23#2,62,False,other_session,v1,-1.5974781145498342,-1.436236650026921,-0.6613992978731115,0.6639622709677242,-0.12769908254358783,2.3204059290919417,0.7313418318950545,1.0769318824211678,1.2777468213544068,2.3204059290919417,spectral_flatness_std,1.5974781145498342,0.2232966335234752,1.436236650026921,0.18049465735876363,0.6613992978731115,0.03827716820285557,0.6639622709677242,0.03857439691649825,0.12769908254358783,0.0014268814620540906,2.3204059290919417,0.47112947382933,0.7313418318950545,0.04680078870702319,0.30780643298775573,0.47112947382933,0.807559161514285,0.7855034142928863,0.6884476955180789
rec2018-01-23_11h52m38.758s.wav,0,2018-01-23T11:52:38.758000,2018-01-23,2018-01-23#2,63,False,other_session,v1,-0.6034917321632707,0.42244793048854035,-0.8766664611860783,-1.428643565036053,-0.014481353206808125,0.06802533940250709,-0.8369761642524639,0.6072475065336745,0.76135192733239,1.428643565036053,spectral_centroid_std,0.6034917321632707,0.08975811146177114,0.42244793048854035,0.04398224879048959,0.8766664611860783,0.1894086640936068,1.428643565036053,0.5030125674452707,0.014481353206808125,5.168319454978357e-05,0.06802533940250709,0.0011404401318852021,0.8369761642524639,0.17264628488242673,0.3360934967478133,0.5030125674452706,0.7745575871275512,0.7614582531654975,0.6136355369815107
rec2018-01-23_11h52m53.640s.wav,0,2018-01-23T11:52:53.640000,2018-01-23,2018-01-23#2,64,False,other_session,v1,-1.0294858960432285,-0.08757676046916321,-1.6811202957828892,0.9716845312462032,-1.4580473181507405,4.246988981806362,1.6302006729459475,1.5864434937777907,1.9877560501338882,4.246988981806362,spectral_flatness_std,1.0294858960432285,0.03831921417883247,0.08757676046916321,0.0002773023464978059,1.6811202957828892,0.1021817590254189,0.9716845312462032,0.034137080010726344,1.4580473181507405,0.07686330045470069,4.246988981806362,0.6521358276707486,1.6302006729459475,0.09608551631307512,0.38243575271745794,0.6521358276707486,0.7204916218296323,0.6370569318233079,0.39583815804199757
rec2018-01-23_11h53m23.410s.wav,0,2018-01-23T11:53:23.410000,2018-01-23,2018-01-23#2,65,False,other_session,v1,-0.5324927048499457,1.1373025943095703,-2.9732332518371405,-1.5385325796339988,-3.4299604315307164,0.6502339434121814,0.9752472870448169,1.605286113231196,1.9243828010220763,3.4299604315307164,spectral_flatness_mean,0.5324927048499457,0.010938212367987548,1.1373025943095703,0.049896615240070996,2.9732332518371405,0.3410177532626813,1.5385325796339988,0.09131295994456089,3.4299604315307164,0.45383422726916645,0.6502339434121814,0.016310162946182385,0.9752472870448169,0.036690068969350335,0.3052380154060183,0.4538342272691665,0.8105556486929786,0.7982439486268003,0.8668418517324561
rec2018-01-23_11h53m38.425s.wav,0,2018-01-23T11:53:38.425000,2018-01-23,2018-01-23#2,66,False,other_session,v1,-1.1004849233565543,1.0191312761866573,-3.094348862217625,-2.2035871149997273,-5.610150651793968,-1.3810295123879799,1.056075119461142,2.2092582086290933,2.7038811836478156,5.610150651793968,spectral_flatness_mean,1.1004849233565543,0.023664370003767917,1.0191312761866573,0.02029490453053291,3.094348862217625,0.1870963449604699,2.2035871149997273,0.09488273646050756,5.610150651793968,0.6150009694003893,1.3810295123879799,0.0372677069564702,1.056075119461142,0.021792967687862184,0.3627688651254333,0.6150009694003894,0.7434363240203279,0.6701981316741682,0.551562525549673
rec2018-01-23_11h53m56.835s.wav,0,2018-01-23T11:53:56.835000,2018-01-23,2018-01-23#2,67,False,other_session,v1,-0.46149367753661974,2.344129768294476,-2.465398975300499,0.9478602657487231,-3.7404445682207164,-0.02694192334778626,1.1377959075830213,1.589152155147406,1.9989562611625522,3.7404445682207164,spectral_flatness_mean,0.46149367753661974,0.0076142457247683456,2.344129768294476,0.19645300536377763,2.465398975300499,0.217305040077832,0.9478602657487231,0.03212062691872111,3.7404445682207164,0.5001978528381088,0.02694192334778626,2.5950908677797985e-05,1.1377959075830213,0.04628327816811424,0.33624799381275483,0.5001978528381088,0.774377340551786,0.7636114882728038,0.6591192384581331
rec2018-01-23_11h56m03.777s.wav,0,2018-01-23T11:56:03.777000,2018-01-23,2018-01-23#2,68,False,other_session,v1,-0.5324927048499467,1.2103627582116434,-1.6141542045896795,4.138794261845544,-3.5602797561191544,-1.7439992829875783,-1.0747182148255638,1.9821144547755873,2.3408113034170484,4.138794261845544,spectral_centroid_std,0.5324927048499467,0.007392587485509192,1.2103627582116434,0.038194449322052966,1.6141542045896795,0.06792962100349864,4.138794261845544,0.44659805232563976,3.5602797561191544,0.3304740766841378,1.7439992829875783,0.07929791203588223,1.0747182148255638,0.03011330114327949,0.2982957526475097,0.4465980523256396,0.8186549552445721,0.8035145335462746,0.8602214874366761
rec2018-01-23_11h56m18.749s.wav,0,2018-01-23T11:56:18.749000,2018-01-23,2018-01-23#2,69,False,other_session,v1,-1.1714839506698784,4.322186806529556,-3.185336075167274,1.8464450841619677,-4.64181730321817,-2.94311976021299,-1.5370455023740943,2.806776354619133,3.074789876063158,4.64181730321817,spectral_flatness_mean,1.1714839506698784,0.02073689656115876,4.322186806529556,0.28227872147410504,3.185336075167274,0.15331392261823176,1.8464450841619677,0.05151620543362174,4.64181730321817,0.3255720853589298,2.94311976021299,0.1308841160486165,1.5370455023740943,0.035698052505336225,0.23625564484726383,0.32557208535892984,0.8910350810115256,0.8870358319037898,0.9311410863872186
rec2018-01-23_11h56m33.584s.wav,0,2018-01-23T11:56:33.584000,2018-01-23,2018-01-23#2,70,False,other_session,v1,-1.1004849233565543,1.1775378468958406,-2.411346475971179,-0.9195751006078768,-3.347435999661194,-1.2901253015838885,-0.7090428023593756,1.5650783500622727,1.7980292942725646,3.347435999661194,spectral_flatness_mean,1.1004849233565543,0.05351513530834237,1.1775378468958406,0.061271453477463586,2.411346475971179,0.2569376023778052,0.9195751006078768,0.037366536096864154,3.347435999661194,0.49514568470541226,1.2901253015838885,0.07354822886250428,0.7090428023593756,0.02221535917160814,0.30554709468041313,0.49514568470541237,0.8101950562061848,0.767461204998024,0.7203562596014501
rec2018-01-23_11h57m24.977s.wav,0,2018-01-23T11:57:24.977000,2018-01-23,2018-01-23#2,71,False,other_session,v1,-0.9584868687299005,0.14015673403235207,-0.039036810542879635,0.5569520673406134,-1.478143282442036,-2.8122483742973614,-2.734025117555454,1.2455784649915138,1.63962549256597,2.8122483742973614,spectral_flatness_std,0.9584868687299005,0.04881856066227997,0.14015673403235207,0.0010438559565021555,0.039036810542879635,8.097692664884771e-05,0.5569520673406134,0.016483456131149394,1.478143282442036,0.11610360480710157,2.8122483742973614,0.4202618662320217,2.734025117555454,0.39720767928429634,0.3225407142531988,0.42026186623202166,0.7903691667046014,0.8224117922687159,0.9721847979514073
rec2018-01-23_11h57m41.504s.wav,0,2018-01-23T11:57:41.504000,2018-01-23,2018-01-23#2,72,False,other_session,v1,-1.8104751964898111,1.801402969971946,-0.13546957398184128,6.467657215139682,-2.7741516663289607,-3.5082848077808175,-2.59639223591166,2.727690523657817,3.2758215405420614,6.467657215139682,spectral_centroid_std,1.8104751964898111,0.04363617251178091,1.801402969971946,0.0431999496032213,0.13546957398184128,0.00024431212514611976,6.467657215139682,0.5568721258836248,2.7741516663289607,0.10245234255656219,3.5082848077808175,0.16385178498548392,2.59639223591166,0.08974331233418073,0.3387301538501617,0.5568721258836248,0.7714814871748114,0.719014964936362,0.5424351803259643
rec2018-01-23_11h57m58.590s.wav,0,2018-01-23T11:57:58.590000,2018-01-23,2018-01-23#2,73,False,other_session,v1,-0.46149367753661974,-0.6315631764602959,1.1051482266914765,2.205214031340229,-0.4124428760679951,-2.009095659168501,-2.8956162441202884,1.388653413055058,1.6599198738910033,2.8956162441202884,spectral_rolloff_std,0.46149367753661974,0.011042291857697138,0.6315631764602959,0.02068051317582878,1.1051482266914765,0.06332406309230071,2.205214031340229,0.25213271762338646,0.4124428760679951,0.008819730684257844,2.009095659168501,0.20928058530693183,2.8956162441202884,0.4347200982595973,0.2978853179323548,0.4347200982595973,0.819133795745586,0.8120918782361615,0.761569850914478
rec2018-01-23_11h58m15.852s.wav,0,2018-01-23T11:58:15.852000,2018-01-23,2018-01-23#2,74,False,other_session,v1,-0.6034917321632727,0.48976671729201193,-0.8643772791772951,-0.6395180716227481,-2.809452205811555,-2.063997574012922,-1.2223156463198788,1.2418456037713834,1.4835944947686763,2.809452205811555,spectral_flatness_mean,0.6034917321632727,0.023638188037070466,0.48976671729201193,0.015568618309032157,0.8643772791772951,0.04849290693935257,0.6395180716227481,0.02654466058024573,2.809452205811555,0.5122887637240386,2.063997574012922,0.2764966658824005,1.2223156463198788,0.0969701965278599,0.32318857827178227,0.5122887637240386,0.7896133253495875,0.7543185284228108,0.7346619279528563
rec2018-01-23_11h58m34.582s.wav,0,2018-01-23T11:58:34.582000,2018-01-23,2018-01-23#2,75,False,other_session,v1,-0.03549951365666594,0.7406657151938076,-1.1130093228752371,0.9491755751288872,-2.8582592033843612,-2.551885987889027,-2.5807858776489723,1.54704017082528,1.8528662528845872,2.8582592033843612,spectral_flatness_mean,0.03549951365666594,5.2439509855386735e-05,0.7406657151938076,0.02282749735813858,1.1130093228752371,0.05154795271503163,0.9491755751288872,0.037489264961130475,2.8582592033843612,0.3399515599267424,2.551885987889027,0.27097944673531893,2.5807858776489723,0.2771518387937826,0.2639380353793918,0.3399515599267424,0.8587389587240428,0.8775286396573051,0.9029222663197086
rec2018-01-23_11h58m49.449s.wav,0,2018-01-23T11:58:49.449000,2018-01-23,2018-01-23#2,76,False,other_session,v1,-1.1004849233565523,1.238887192120331,-2.3020523621303126,-0.9444238423224648,-4.210861568044771,-2.268850025121391,-0.6133177391230756,1.811268236031271,2.1445107415420486,4.210861568044771,spectral_flatness_mean,1.1004849233565523,0.0376195591912453,1.238887192120331,0.04767701253375374,2.3020523621303126,0.1646174628153137,0.9444238423224648,0.027706354911392523,4.210861568044771,0.5507917627845882,2.268850025121391,0.1599031748359971,0.6133177391230756,0.011684672927709618,0.3321162711360212,0.5507917627845882,0.7791976836746419,0.7239311270772336,0.5466939069192019
rec2018-01-23_11h59m04.620s.wav,0,2018-01-23T11:59:04.620000,2018-01-23,2018-01-23#2,77,False,other_session,v1,-0.46149367753661974,-0.9251558450908076,-1.0702136147584158,0.609567722619878,-1.3832151537870097,3.5988782284680667,2.363168657589154,1.4873846999785645,1.8140560123264982,3.5988782284680667,spectral_flatness_std,0.46149367753661974,0.009245535829540784,0.9251558450908076,0.03715612103246426,1.0702136147584158,0.049721190424109635,0.609567722619878,0.01613037633052896,1.3832151537870097,0.083057728801049,3.5988782284680667,0.5622570104345941,2.363168657589154,0.2424320371477133,0.3456573549648138,0.5622570104345941,0.7633997525410506,0.714632880920668,0.6566403494555256
rec2018-01-23_12h02m44.138s.wav,0,2018-01-23T12:02:44.138000,2018-01-23,2018-01-23#2,78,False,other_session,v1,-0.8874878414165746,-0.11187673846419421,-0.5751063534357335,0.4785134885864108,-0.11438476200586416,0.018279394628932903,-1.1647131262830857,0.4786231006886851,0.6244824401484318,1.1647131262830857,spectral_rolloff_std,0.8874878414165746,0.28852690821856464,0.11187673846419421,0.004585018496065257,0.5751063534357335,0.12115959948484302,0.4785134885864108,0.08387834772158645,0.11438476200586416,0.004792894217605197,0.018279394628932903,0.0001224010422161164,1.1647131262830857,0.4969348308191194,0.3476380250547855,0.4969348308191193,0.7610889707694168,0.7661001005380176,0.7619797711465552
rec2018-01-23_12h03m01.599s.wav,0,2018-01-23T12:03:01.599000,2018-01-23,2018-01-23#2,79,False,other_session,v1,-1.6684771418631612,0.5170607725680443,-0.18492731234553378,-0.7421679645199735,-0.21376046907628063,-2.908625311591534,-3.443275288775362,1.3826134658199842,1.8515676242239905,3.443275288775362,spectral_rolloff_std,1.6684771418631612,0.11600142541404446,0.5170607725680443,0.011140533398070562,0.18492731234553378,0.001425032992055988,0.7421679645199735,0.022952352855029355,0.21376046907628063,0.0019040466783650165,2.908625311591534,0.35253185133948267,3.443275288775362,0.4940447573229519,0.355772948828705,0.4940447573229519,0.7515982263665107,0.7682975442213492,0.8447263339859236
rec2018-01-23_12h03m19.922s.wav,0,2018-01-23T12:03:19.922000,2018-01-23,2018-01-23#2,80,False,other_session,v1,-0.8874878414165746,1.2521184406671741,-0.7481773416003145,-0.5405724748019566,-1.0777164453511978,-2.805477163444802,-2.0744762895843283,1.3408608566951925,1.5373005060056666,2.805477163444802,spectral_flatness_std,0.8874878414165746,0.04761121271193361,1.2521184406671741,0.09477095197116878,0.7481773416003145,0.03383713022562381,0.5405724748019566,0.017664130974659287,1.0777164453511978,0.07020910546556342,2.805477163444802,0.4757709220791898,2.0744762895843283,0.2601365465718613,0.29889936000405803,0.4757709220791898,0.8179507466619323,0.7820489696352856,0.7394379525218131
rec2018-01-23_12h03m36.988s.wav,0,2018-01-23T12:03:36.988000,2018-01-23,2018-01-23#2,81,False,other_session,v1,-1.3134820052965324,0.7401908732500245,-0.44097018057872717,7.036702912616507,-1.5610763448809022,0.4861660508464304,-1.370481226171875,1.849867084805857,2.8418880962813033,7.036702912616507,spectral_centroid_std,1.3134820052965324,0.03051660868894925,0.7401908732500245,0.009691153350762897,0.44097018057872717,0.003439588269048306,7.036702912616507,0.8758433672902706,1.5610763448809022,0.043105858594136355,0.4861660508464304,0.004180779582125461,1.370481226171875,0.03322264422470722,0.5434137844213978,0.8758433672902706,0.5326839181750359,0.38059086277526116,0.22184769831364617
rec2018-01-23_12h03m52.821s.wav,0,2018-01-23T12:03:52.821000,2018-01-23,2018-01-23#2,82,False,other_session,v1,-0.8874878414165746,0.36534643240645787,-0.7048144404677033,2.745756985482785,-3.889161739999352,-2.3251133416992342,-1.1240328574696263,1.7202448055631048,2.0959906781229316,3.889161739999352,spectral_flatness_mean,0.8874878414165746,0.02561227110998408,0.36534643240645787,0.004340432513494635,0.7048144404677033,0.016153731252665535,2.745756985482785,0.2451587852139378,3.889161739999352,0.49185294461801893,2.3251133416992342,0.17579702560113705,1.1240328574696263,0.0410848096907619,0.3229741095505029,0.491852944618019,0.7898635388577465,0.7699598893961801,0.7060022619381322
rec2018-01-23_12h04m16.860s.wav,0,2018-01-23T12:04:16.860000,2018-01-23,2018-01-23#2,83,False,other_session,v1,-1.0294858960432265,1.8586296111278784,-3.1950828393596655,-2.5714325715872315,-5.21320664611209,-1.4663253989197504,0.25484363354060696,2.22700094238435,2.691991935093105,5.21320664611209,spectral_flatness_mean,1.0294858960432265,0.020892732960925395,1.8586296111278784,0.06809890910858939,3.1950828393596655,0.2012420331615648,2.5714325715872315,0.13034810820032686,5.21320664611209,0.5357526545660848,1.4663253989197504,0.042385290648595544,0.25484363354060696,0.0012802713539134109,0.33441557765578567,0.5357526545660848,0.7765151594015833,0.7359496606468642,0.6128824457289637
rec2018-01-23_12h04m31.917s.wav,0,2018-01-23T12:04:31.917000,2018-01-23,2018-01-23#2,84,False,other_session,v1,-0.46149367753661974,-0.2340140394229881,-1.791046282544855,0.27733456817332497,-2.7930866868172712,1.1885593083600088,1.7578594826997176,1.2147705779363982,1.5050665227090885,2.7930866868172712,spectral_flatness_mean,0.46149367753661974,0.013431424633014355,0.2340140394229881,0.003453618760587489,1.791046282544855,0.20230386760643942,0.27733456817332497,0.004850634807971437,2.7930866868172712,0.49199353713986804,1.1885593083600088,0.08909068201686546,1.7578594826997176,0.19487623503525378,0.32846727693130706,0.49199353713986804,0.7834548435801418,0.769853366992802,0.6412426406234303
rec2018-01-23_12h04m50.656s.wav,0,2018-01-23T12:04:50.656000,2018-01-23,2018-01-23#2,85,False,other_session,v1,-0.9584868687299005,0.5219974913973734,-0.9998145132064817,-3.530296389789685,-1.6665395649695416,-1.7359925051434983,-1.268655709620143,1.525969006122375,1.7749974458013114,3.530296389789685,spectral_centroid_std,0.9584868687299005,0.04165612135988027,0.5219974913973734,0.012355016418292517,0.9998145132064817,0.04532578854432852,3.530296389789685,0.5651045866392822,1.6665395649695416,0.12593247891944095,1.7359925051434983,0.13664765613108382,1.268655709620143,0.07297835198769169,0.3304969194399196,0.5651045866392822,0.7810869273200938,0.7123046976218609,0.49174129123105126
rec2018-01-23_12h05m05.795s.wav,0,2018-01-23T12:05:05.795000,2018-01-23,2018-01-23#2,86,False,other_session,v1,-1.1714839506698784,0.6469160094554705,-2.7825991816923863,1.299765112936489,-4.041972659418933,-0.27457059322411453,1.432716218432325,1.6642891036899423,2.059428848611099,4.041972659418933,spectral_flatness_mean,1.1714839506698784,0.046225440894651,0.6469160094554705,0.014096268832614289,2.7825991816923863,0.26080125803960136,1.299765112936489,0.0569033883571121,4.041972659418933,0.5502944324939352,0.27457059322411453,0.0025393140750355823,1.432716218432325,0.06913989730705042,0.3469497362874344,0.5502944324939352,0.7618919743313266,0.7243317578456313,0.6884260276249389
rec2018-01-23_12h37m08.326s.wav,0,2018-01-23T12:37:08.326000,2018-01-23,2018-01-23#3,87,False,other_session,v1,-1.2424829779832043,2.0103813772554684,-0.8059141078436036,4.161762428220284,-1.4281049808357584,-2.5182783487632423,-2.2429936418913536,2.0585596946847025,2.2980548124279743,4.161762428220284,spectral_centroid_std,1.2424829779832043,0.04176015375100782,2.0103813772554684,0.10932968553836726,0.8059141078436036,0.017569472007835818,4.161762428220284,0.46852823072543004,1.4281049808357584,0.055169806591343996,2.5182783487632423,0.1715491841244424,2.2429936418913536,0.1360934672615727,0.28881236297440316,0.46852823072543004,0.8297189098631963,0.7874327891871142,0.6050990156687408
rec2018-01-23_12h37m25.023s.wav,0,2018-01-23T12:37:25.023000,2018-01-23,2018-01-23#3,88,False,other_session,v1,-0.39049465022329477,-0.17598741824353722,-0.1685458824815945,0.13636248593756703,-0.8419433722436048,1.633699707806952,0.17129302682541264,0.5026180776802803,0.7208769226928782,1.633699707806952,spectral_flatness_std,0.39049465022329477,0.041918901310746465,0.17598741824353722,0.008514182497726798,0.1685458824815945,0.0078093701685757275,0.13636248593756703,0.005111749161611241,0.8419433722436048,0.1948702218366942,1.633699707806952,0.7337095589771679,0.17129302682541264,0.008066016047477595,0.46433998876639865,0.7337095589771679,0.624936679772535,0.5573797459482217,0.5153599331751206
rec2018-01-23_12h37m39.981s.wav,0,2018-01-23T12:37:39.981000,2018-01-23,2018-01-23#3,89,False,other_session,v1,-1.0294858960432274,0.6051030184894809,-2.4426615008955843,0.8115109001042168,-4.303641680047998,-1.0250191623626426,0.928473441944459,1.5922707999839443,2.0172539661606317,4.303641680047998,spectral_flatness_mean,1.0294858960432274,0.037206738872213214,0.6051030184894809,0.012854033951823699,2.4426615008955843,0.20946302873696446,0.8115109001042168,0.023119025240713093,4.303641680047998,0.6502090557603382,1.0250191623626426,0.03688457407895529,0.928473441944459,0.030263543358992066,0.3861189656299485,0.6502090557603382,0.7161945400983933,0.6388187809905655,0.5675801292240347
rec2018-01-23_12h37m54.913s.wav,0,2018-01-23T12:37:54.913000,2018-01-23,2018-01-23#3,90,False,other_session,v1,-1.0294858960432285,-0.7893498796073999,-1.226241447873974,-0.4744964921918529,-3.297822565600534,1.7027786419772464,0.3554841851750163,1.267951301209893,1.5726768461013074,3.297822565600534,spectral_flatness_mean,1.0294858960432285,0.061215834826635826,0.7893498796073999,0.0359883610076323,1.226241447873974,0.08685102679252137,0.4744964921918529,0.013004360088954026,3.297822565600534,0.6281705110696859,1.7027786419772464,0.167470903195188,0.3554841851750163,0.00729900301938246,0.3715580471599811,0.628170511069686,0.7331822783133555,0.6586357646064321,0.5163342199604272
rec2018-01-23_12h38m10.740s.wav,0,2018-01-23T12:38:10.740000,2018-01-23,2018-01-23#3,91,False,other_session,v1,-0.8874878414165746,-1.0162576637337695,-0.13170321334190246,2.7482017334246214,-0.4439520815926027,1.4810545724147874,0.4418956357620299,1.0215075345266127,1.3080116132014614,2.7482017334246214,spectral_centroid_std,0.8874878414165746,0.06576632647689913,1.0162576637337695,0.08623556786669843,0.13170321334190246,0.0014483432595768526,2.7482017334246214,0.6306319627487705,0.4439520815926027,0.01645701077445603,1.4810545724147874,0.1831558871669319,0.4418956357620299,0.016304901706667173,0.3843341672599877,0.6306319627487705,0.7182768048633478,0.6564521130997303,0.538917705495076
rec2018-01-23_12h39m14.259s.wav,0,2018-01-23T12:39:14.259000,2018-01-23,2018-01-23#3,92,False,other_session,v1,-1.0294858960432285,-0.2965376243311195,-0.6012818135767037,1.023682439393457,-1.6436508407605712,1.4692651588381065,0.08267034706232566,0.8780820171436446,1.0298685012069957,1.6436508407605712,spectral_flatness_mean,1.0294858960432285,0.14275101721579433,0.2965376243311195,0.01184398959543154,0.6012818135767037,0.048696140969200934,1.023682439393457,0.14114611080494677,1.6436508407605712,0.3638794601757498,1.4692651588381065,0.2907627512720698,0.08267034706232566,0.000920529966806947,0.2674092606173758,0.3638794601757497,0.8546891959463948,0.8614758439996788,0.893903451026271
rec2018-01-23_12h39m29.011s.wav,0,2018-01-23T12:39:29.011000,2018-01-23,2018-01-23#3,93,False,other_session,v1,0.10649854096998698,-1.173915715122699,-0.28706434589504537,-0.5771124909986363,-1.6437442033741005,2.46292570689075,1.2470962251534015,1.0711938897720887,1.316273519663572,2.46292570689075,spectral_flatness_std,0.10649854096998698,0.0009351838261177991,1.173915715122699,0.11362751378453384,0.28706434589504537,0.006794667074059157,0.5771124909986363,0.02746190242462142,1.6437442033741005,0.22278099526363293,2.46292570689075,0.5001638446123439,1.2470962251534015,0.12823589301469096,0.32846203933321705,0.5001638446123439,0.7834609541112468,0.7636374671829552,0.6673949598947498
rec2018-01-23_12h39m44.218s.wav,0,2018-01-23T12:39:44.218000,2018-01-23,2018-01-23#3,94,False,other_session,v1,-0.3194956229099688,-0.3404955909741962,-0.9085163391736143,0.18127215575439568,-2.7787007258460155,1.604687206324786,0.9375823307441841,1.0101071388181657,1.3229585683185396,2.7787007258460155,spectral_flatness_mean,0.3194956229099688,0.008331808866355516,0.3404955909741962,0.009463078843478563,0.9085163391736143,0.06737130466930732,0.18127215575439568,0.002682079658095393,2.7787007258460155,0.6302212201656071,1.604687206324786,0.2101794510651646,0.9375823307441841,0.07175105673199157,0.39298528967320656,0.6302212201656071,0.7081838287145923,0.6568170037944042,0.5774955148637735
rec2018-01-23_12h39m59.067s.wav,0,2018-01-23T12:39:59.067000,2018-01-23,2018-01-23#3,95,False,other_session,v1,0.7454897867899197,0.5172946848556156,-1.2895506367285379,-1.3375307831773564,-4.59680028652201,-1.6017284627169108,1.109804285424427,1.5997427037449685,2.042514233145537,4.59680028652201,spectral_flatness_mean,0.7454897867899197,0.019030717954769006,0.5172946848556156,0.009163213572685715,1.2895506367285379,0.056944079542396435,1.3375307831773564,0.061260332400593476,4.59680028652201,0.7235741586163092,1.6017284627169108,0.08785157723407785,1.109804285424427,0.042175920679168075,0.41049460871435184,0.7235741586163094,0.6877562898332562,0.5678880302908657,0.34844421399233694
rec2018-01-23_12h40m15.223s.wav,0,2018-01-23T12:40:15.223000,2018-01-23,2018-01-23#3,96,False,other_session,v1,-0.39049465022329477,-0.908383164510033,-0.3676953109291957,0.9884861598786006,-0.5980694010608764,4.005807172887539,1.2396552802752479,1.2140844485378268,1.6916126753623517,4.005807172887539,spectral_flatness_std,0.39049465022329477,0.007612552056407956,0.908383164510033,0.0411944066582343,0.3676953109291957,0.006749572733397048,0.9884861598786006,0.04877994256228068,0.5980694010608764,0.017856784812582797,4.005807172887539,0.8010879117378087,1.2396552802752479,0.07671882943928846,0.47134955747481755,0.8010879117378088,0.6167588496127129,0.48173032183220144,0.3094645415449833
rec2018-01-23_12h40m30.209s.wav,0,2018-01-23T12:40:30.209000,2018-01-23,2018-01-23#3,97,False,other_session,v1,-0.5324927048499467,0.7405452503657094,-1.5685772605445547,-1.7891618846235093,-4.664003778203658,-1.3151799749988493,0.44653075299666356,1.579498800940413,2.076243515285388,4.664003778203658,spectral_flatness_mean,0.5324927048499467,0.0093966425505554,0.7405452503657094,0.01817391881259739,1.5685772605445547,0.08153746620741005,1.7891618846235093,0.10608272255875319,4.664003778203658,0.720880319303109,1.3151799749988493,0.05732126382901524,0.44653075299666356,0.006607666738559713,0.4218339726705686,0.720880319303109,0.6745270318843365,0.570648427212155,0.38361072797256723
rec2018-01-23_12h40m47.865s.wav,0,2018-01-23T12:40:47.865000,2018-01-23,2018-01-23#3,98,False,other_session,v1,0.035499513656661014,0.895075894469727,-2.0230431521349517,0.3024752364086964,-4.274947560283433,-1.16386532504575,0.8445144455345464,1.362774446790538,1.9022385205370504,4.274947560283433,spectral_flatness_mean,0.035499513656661014,4.97527192964015e-05,0.895075894469727,0.03162945716505459,2.0230431521349517,0.1615780301189473,0.3024752364086964,0.00361203263696638,4.274947560283433,0.7214954548378546,1.16386532504575,0.053478285453281274,0.8445144455345464,0.02815698706859939,0.44813490285533064,0.7214954548378546,0.6438426133354475,0.570019271039003,0.47323227328683815
rec2018-01-23_12h41m04.075s.wav,0,2018-01-23T12:41:04.075000,2018-01-23,2018-01-23#3,99,False,other_session,v1,2.591464496936392,0.12836404605411725,0.21039129352810088,-0.6882512135114062,-2.6278808656409907,1.5827203656063735,0.25210340216929505,1.1544536690638108,1.5457054571381252,2.6278808656409907,spectral_flatness_mean,2.591464496936392,0.40154942312492803,0.12836404605411725,0.00098522466289921,0.21039129352810088,0.002646695671247284,0.6882512135114062,0.02832320861544889,2.6278808656409907,0.4129142062379586,1.5827203656063735,0.14978104659555747,0.25210340216929505,0.0038001950919606146,0.32518546416753336,0.41291420623795866,0.7872836251378776,0.8276070480945138,0.9861423060760723
rec2018-01-23_12h41m19.889s.wav,0,2018-01-23T12:41:19.889000,2018-01-23,2018-01-23#3,100,False,other_session,v1,1.8814742238031381,-2.529945011300603,2.8829624932232214,1.7405326117216298,1.0294317371816044,2.1944648785375525,-0.08802014626272284,1.763833014575782,1.969940059843681,2.8829624932232214,spectral_centroid_mean,1.8814742238031381,0.13031442194119883,2.529945011300603,0.23562322711232986,2.8829624932232214,0.3059665297834467,1.7405326117216298,0.111521927243728,1.0294317371816044,0.03901135569213351,2.1944648785375525,0.17727733127477466,0.08802014626272284,0.00028520695238851775,0.23349817207340834,0.30596652978344663,0.8942521325810235,0.899836493621283,0.8775504423826421
rec2018-01-23_12h41m54.714s.wav,0,2018-01-23T12:41:54.714000,2018-01-23,2018-01-23#3,101,False,other_session,v1,-0.035499513656664955,-0.07439112481839988,-0.2156104643488351,-0.430822316638987,-0.35053399173026756,-0.42527613793951047,-0.6287878793204903,0.3087030612075936,0.36605972694005057,0.6287878793204903,spectral_rolloff_std,0.035499513656664955,0.0013435160644695424,0.07439112481839988,0.005899841005488911,0.2156104643488351,0.049560733684966,0.430822316638987,0.1978766004741317,0.35053399173026756,0.1309960903298775,0.42527613793951047,0.19281467637588964,0.6287878793204903,0.4215085420651768,0.29098137074358754,0.4215085420651768,0.8271884007991479,0.8215270542860779,0.6851632017852539
rec2018-01-23_12h42m11.121s.wav,0,2018-01-23T12:42:11.121000,2018-01-23,2018-01-23#3,102,False,other_session,v1,-0.46149367753661974,0.7603225342804154,-0.7756439121588161,5.011713600300682,-3.376170711866422,-2.019848563297945,-1.6796332830795522,2.0121180403600643,2.53008888382542,5.011713600300682,spectral_centroid_std,0.46149367753661974,0.004752935427444657,0.7603225342804154,0.012901081754033287,0.7756439121588161,0.013426263902364418,5.011713600300682,0.5605352030188826,3.376170711866422,0.25437779537391986,2.019848563297945,0.09104749939087108,1.6796332830795522,0.06295922113248395,0.3558236005026429,0.5605352030188827,0.7515391327469166,0.7160369612047296,0.6736559550537495
rec2018-01-23_12h50m45.316s.wav,0,2018-01-23T12:50:45.316000,2018-01-23,2018-01-23#3,103,False,other_session,v1,-1.8814742238031381,-0.4708724522629146,-0.028571104326092615,-5.058848799829333,-7.033593590819488,-1.683420160197472,-1.6820912917797044,2.5484102318597346,3.474174248428995,7.033593590819488,spectral_flatness_mean,1.8814742238031381,0.04189819483745412,0.4708724522629146,0.0026242507685904,0.028571104326092615,9.66168380308433e-06,5.058848799829333,0.3029020167263995,7.033593590819488,0.5855356036747713,1.683420160197472,0.03354160297811911,1.6820912917797044,0.03348866933086247,0.3942846688657027,0.5855356036747713,0.7066678863233469,0.695371696082582,0.7192409874850223
rec2018-01-23_12h51m39.774s.wav,0,2018-01-23T12:51:39.774000,2018-01-23,2018-01-23#3,104,False,other_session,v1,-5.076430452902804,-1.5987448726987867,0.15117186484002737,-5.122398032665946,-10.262935694209165,-5.580819346966272,-3.4560826964230627,4.4640832801008665,5.385242362239065,10.262935694209165,spectral_flatness_mean,5.076430452902804,0.1269428763321114,1.5987448726987867,0.012590697285269887,0.15117186484002737,0.00011257278076286897,5.122398032665946,0.12925224558722045,10.262935694209165,0.5188414549034719,5.580819346966272,0.1534219089170996,3.4560826964230627,0.058838244194063846,0.32842883490475155,0.5188414549034719,0.7834996926111233,0.7492340328268261,0.5437839145884188
rec2018-01-23_12h52m08.363s.wav,0,2018-01-23T12:52:08.363000,2018-01-23,2018-01-23#3,105,False,other_session,v1,-4.082444070516241,-0.6208792327251759,-4.05128308589265,-5.8371445846720675,-9.904083296575864,-5.605885139399371,-1.2852917706558515,4.48385874006246,5.3279020426470245,9.904083296575864,spectral_flatness_mean,4.082444070516241,0.08387450775480694,0.6208792327251759,0.0019400090890095746,4.05128308589265,0.08259897895397635,5.8371445846720675,0.17147088872333502,9.904083296575864,0.49364877728867,5.605885139399371,0.1581531649519563,1.2852917706558515,0.008313673238245736,0.3155471936986738,0.49364877728867,0.7985282740182138,0.7685981350245512,0.5893674770172966
rec2018-01-23_12h52m40.101s.wav,0,2018-01-23T12:52:40.101000,2018-01-23,2018-01-23#3,106,False,other_session,v1,-3.3724537973829816,4.997402694097637,-2.6554459509201327,3.6154837192911495,-1.9351316263538176,1.6174127869898554,-1.2120434816928312,2.7721962938183435,3.0308038057236297,4.997402694097637,mean_rms,3.3724537973829816,0.17687983696103332,4.997402694097637,0.3883962296521737,2.6554459509201327,0.10966328332562784,3.6154837192911495,0.203291458928696,1.9351316263538176,0.058238118224450075,1.6174127869898554,0.040684413218501365,1.2120434816928312,0.022846659689517608,0.25752673870076176,0.3883962296521737,0.8662188048491113,0.8447116265758771,0.7234725597681666
rec2018-01-23_12h52m40.101s.wav,1,2018-01-23T12:52:40.101000,2018-01-23,2018-01-23#3,107,False,other_session,v1,0.9584868687298966,-4.8430948514475505,-1.7478251796661866,0.27438250223282495,-11.598785220337275,-5.958151363462242,-0.03650115147111297,3.6310324481924416,5.31221183454221,11.598785220337275,spectral_flatness_mean,0.9584868687298966,0.004650755676087598,4.8430948514475505,0.1187400259253874,1.7478251796661866,0.01546490203338584,0.27438250223282495,0.0003811219962848505,11.598785220337275,0.6810456179898363,5.958151363462242,0.17971083165288618,0.03650115147111297,6.744726131815841e-06,0.4563355852178883,0.6810456179898362,0.6342751505791303,0.6100110209484124,0.5136875328129396
rec2018-01-23_12h53m35.233s.wav,0,2018-01-23T12:53:35.233000,2018-01-23,2018-01-23#3,108,False,other_session,v1,-3.869446988576263,2.9959415619289516,-3.1831842244714,-5.6249429780445475,-2.3151431719534665,-4.221547854712103,-1.4094808550110791,3.374241090671116,3.603350060905255,5.6249429780445475,spectral_centroid_std,3.869446988576263,0.16473536850131276,2.9959415619289516,0.09875423408624207,3.1831842244714,0.11148401395028928,5.6249429780445475,0.3481170525387293,2.3151431719534665,0.05897185058992607,4.221547854712103,0.19607963181890842,1.4094808550110791,0.021857848514592073,0.23814637454313284,0.3481170525387293,0.8888292296996784,0.872083771991821,0.7505050044400059
rec2018-01-23_12h54m08.620s.wav,0,2018-01-23T12:54:08.620000,2018-01-23,2018-01-23#3,109,False,other_session,v1,-1.739476169176485,-1.789007957853198,-0.2817829828576675,1.9976477149181406,-0.6936361841156798,0.6496828740252761,0.0962106872515194,1.0353492243139955,1.2654079154733644,1.9976477149181406,spectral_centroid_std,1.739476169176485,0.26994658208246014,1.789007957853198,0.2855389849004385,0.2817829828576675,0.007083866869281828,1.9976477149181406,0.3560235055575282,0.6936361841156798,0.042924411264855716,0.6496828740252761,0.037656825325169056,0.0962106872515194,0.0008258240002666939,0.27563476968594103,0.35602350555752815,0.8450927686997354,0.8667790434608372,0.8955572819437324
rec2018-01-23_12h55m02.432s.wav,0,2018-01-23T12:55:02.432000,2018-01-23,2018-01-23#3,110,False,other_session,v1,-2.8754606061896997,0.33535653801610127,-0.7115411506198793,-2.9458124808018717,-0.8419420191622493,-0.39763263166655916,-0.7035432955377282,1.2587555317134413,1.6443318629464105,2.9458124808018717,spectral_centroid_std,2.8754606061896997,0.43685555195180853,0.33535653801610127,0.005942053674865846,0.7115411506198793,0.026749955179297503,2.9458124808018717,0.4584935293483061,0.8419420191622493,0.03745306673004878,0.39763263166655916,0.008353857257858808,0.7035432955377282,0.026151985857814215,0.3343225461956265,0.4584935293483061,0.7766236961051024,0.7948317740840779,0.9761180064682794
rec2018-01-23_12h55m27.681s.wav,0,2018-01-23T12:55:27.681000,2018-01-23,2018-01-23#3,111,False,other_session,v1,-2.02347227842979,-2.0366941704851116,-1.1397096853246798,-1.4919599126707148,-1.9565468449666843,1.2476604153239865,-0.3095297644750734,1.457939010239434,1.5697127351894982,2.0366941704851116,mean_rms,2.02347227842979,0.23738655304833747,2.0366941704851116,0.2404989791001075,1.1397096853246798,0.07530955378706518,1.4919599126707148,0.12905531792879316,1.9565468449666843,0.22194332985997584,1.2476604153239865,0.09025149180323214,0.3095297644750734,0.005554774472488883,0.19956685981090422,0.2404989791001075,0.9338386635539452,0.9413206278326254,0.9935081603085394
rec2018-01-23_12h55m53.736s.wav,0,2018-01-23T12:55:53.736000,2018-01-23,2018-01-23#3,112,False,other_session,v1,-3.1594567154430053,1.3095193464773476,-1.8554401036576746,-1.2031374345578751,-0.1010623229800052,-0.39405285021615827,-0.4748715166041073,1.213934327133739,1.5573879010071203,3.1594567154430053,duration_s,3.1594567154430053,0.5879402421521799,1.3095193464773476,0.1010025189559489,1.8554401036576746,0.2027693204054236,1.2031374345578751,0.0852587275098563,0.1010623229800052,0.0006015710390510045,0.39405285021615827,0.00914570762263902,0.4748715166041073,0.013281912314901419,0.37180838308996544,0.5879402421521799,0.7328902197283738,0.6933515588471625,0.5872655556851054
rec2018-01-23_12h56m34.401s.wav,0,2018-01-23T12:56:34.401000,2018-01-23,2018-01-23#3,113,False,other_session,v1,-2.7334625515630497,1.1552366493981625,-2.8368158684736455,-0.6141937192844253,-1.0742836779523952,0.4919924163525378,-1.0422470020777352,1.421175983585993,1.6781609068580297,2.8368158684736455,spectral_centroid_mean,2.7334625515630497,0.3790190311080855,1.1552366493981625,0.0676981306592848,2.8368158684736455,0.40822261033003604,0.6141937192844253,0.01913575061007798,1.0742836779523952,0.0585426955031747,0.4919924163525378,0.012278677062898409,1.0422470020777352,0.05510310472644262,0.28515779499691196,0.40822261033003604,0.8339825725036026,0.8309073080765134,0.9635671394611152
rec2018-01-23_12h57m02.652s.wav,0,2018-01-23T12:57:02.652000,2018-01-23,2018-01-23#3,114,False,other_session,v1,-3.0174586608163514,1.099759672153313,-0.7670116324886789,-3.34729782213896,0.8356623685915608,-0.8770380482874466,-1.7330670013167973,1.6681850293990155,1.9485630685264554,3.34729782213896,spectral_centroid_std,3.0174586608163514,0.3425750137890114,1.099759672153313,0.04550599411464611,0.7670116324886789,0.02213486751594244,3.34729782213896,0.4215622713816763,0.8356623685915608,0.0262745155345956,0.8770380482874466,0.028940757566383753,1.7330670013167973,0.11300658009774442,0.2866500986014609,0.42156227138167635,0.8322415516316289,0.8214889023726234,0.9014610653581347
rec2018-01-23_12h57m37.371s.wav,0,2018-01-23T12:57:37.371000,2018-01-23,2018-01-23#3,115,False,other_session,v1,-2.236469360369768,2.9979169511975448,-3.7265302567115546,0.8785807449143125,-2.6554133650618956,-1.2807186122362524,-0.7048800840850815,2.068644196368059,2.324913189214621,3.7265302567115546,spectral_centroid_mean,2.236469360369768,0.13219480328555844,2.9979169511975448,0.23753503419045552,3.7265302567115546,0.3670268031430995,0.8785807449143125,0.02040101801978216,2.6554133650618956,0.18636002115163902,1.2807186122362524,0.043350680529794114,0.7048800840850815,0.01313163967967126,0.2573480089902269,0.3670268031430995,0.8664273228447354,0.8593420329917442,0.8044794338643131
rec2018-02-01_17h36m45.706s.wav,0,2018-02-01T17:36:45.706000,2018-02-01,2018-02-01#1,116,False,other_session,v1,-0.9584868687299025,-0.5167870951915803,0.3234965464048848,8.28898240486366,-2.351470700184863,-1.065432725373233,0.772057014853407,2.039530479371647,3.322182558914028,8.28898240486366,spectral_centroid_std,0.9584868687299025,0.011891244448947562,0.5167870951915803,0.0034568321519489334,0.3234965464048848,0.0013545475943738852,8.28898240486366,0.8893186656386055,2.351470700184863,0.07157051060503905,1.065432725373233,0.01469288355426533,0.772057014853407,0.007715316006819697,0.5805945807276044,0.8893186656386057,0.48930632248446165,0.35934415735006275,0.28368629408660695
rec2018-02-01_17h40m59.475s.wav,0,2018-02-01T17:40:59.475000,2018-02-01,2018-02-01#1,117,False,other_session,v1,-1.0294858960432265,0.1565212376712989,-1.8413473473662259,-3.139946897194752,-0.7318187868854147,0.8431136527424138,0.7609289246744726,1.214737534653972,1.5193785795296617,3.139946897194752,spectral_centroid_std,1.0294858960432265,0.06558594245030014,0.1565212376712989,0.0015160604141266109,1.8413473473662259,0.20981735228173648,3.139946897194752,0.6101190255724737,0.7318187868854147,0.03314187460969392,0.8431136527424138,0.04398880917106331,0.7609289246744726,0.03583093550060594,0.3692681173173513,0.6101190255724737,0.7358538631297566,0.6744339380785298,0.5864262701421151
rec2018-02-02_00h11m42.617s.wav,0,2018-02-02T00:11:42.617000,2018-02-02,2018-02-01#4,118,False,other_session,v1,-0.6744907594765966,0.25626728490169953,-1.9526938043563324,-0.14115357962321007,-2.4317368392721246,-0.051432509988743415,1.7988449857798245,1.0438028233426473,1.3890068792365078,2.4317368392721246,spectral_flatness_mean,0.6744907594765966,0.03368566886291298,0.25626728490169953,0.004862722674024322,1.9526938043563324,0.28233288326992695,0.14115357962321007,0.0014752885071449395,2.4317368392721246,0.43785096876889956,0.051432509988743415,0.00019587030739938796,1.7988449857798245,0.23959659760969187,0.3328128352119215,0.43785096876889956,0.7783850255860916,0.8098398214685938,0.8030037514013314
rec2018-02-02_00h27m33.111s.wav,0,2018-02-02T00:27:33.111000,2018-02-02,2018-02-01#4,119,False,other_session,v1,0.5324927048499418,0.3462065594753994,0.079556283530539,3.227554920767417,-3.194000633196065,-1.163544771888599,0.5374900354561032,1.2972637013091521,1.7996515317702924,3.227554920767417,spectral_centroid_std,0.5324927048499418,0.012506979668031331,0.3462065594753994,0.005286834353345922,0.079556283530539,0.0002791734367432905,3.227554920767417,0.45948612465502436,3.194000633196065,0.4499819723890909,1.163544771888599,0.05971608360714542,0.5374900354561032,0.012742831890618726,0.3554244784079294,0.4594861246550244,0.7520047751907489,0.7941029663940343,0.989603805854565
rec2018-02-02_01h32m24.455s.wav,0,2018-02-02T01:32:24.455000,2018-02-02,2018-02-02#1,120,False,other_session,v1,-4.934432398276151,1.2844252362659898,-2.574695576830031,-5.2780517228457065,-2.3061370624515285,0.004329094794910776,-1.4220898868355707,2.543451568328556,3.112782061142899,5.2780517228457065,spectral_centroid_std,4.934432398276151,0.3589871779725992,1.2844252362659898,0.024323282838236298,2.574695576830031,0.09773639225645753,5.2780517228457065,0.41072563873291107,2.3061370624515285,0.0784105970944326,0.004329094794910776,2.7631134794380544e-07,1.4220898868355707,0.029816634794015518,0.29645046061303953,0.41072563873291107,0.8208077959514538,0.829148210401255,0.9348965598267592
rec2018-02-02_01h34m08.386s.wav,0,2018-02-02T01:34:08.386000,2018-02-02,2018-02-02#1,121,False,other_session,v1,-2.3784674149964236,-0.05708044597619396,0.34390554421866615,0.07826036144001777,-0.2466701138037895,-0.8557947573349287,-1.5106213137199846,0.7815428502128576,1.1250376942396634,2.3784674149964236,duration_s,2.3784674149964236,0.638501945033945,0.05708044597619396,0.0003677414024009464,0.34390554421866615,0.013348921133489393,0.07826036144001777,0.0006912760512029035,0.2466701138037895,0.006867534992946883,0.8557947573349287,0.08266221833940343,1.5106213137199846,0.2575603630466115,0.43475678805411894,0.6385019450339451,0.6594504139368612,0.6494210735676282,0.6351238214134862
rec2018-02-02_01h35m12.866s.wav,0,2018-02-02T01:35:12.866000,2018-02-02,2018-02-02#1,122,False,other_session,v1,-0.9584868687299005,0.5018471173839762,-1.5152735555036287,-1.1612312184960294,-1.7374302033448092,0.8446030587822392,1.2615321660591265,1.1400577411856727,1.2034795352271306,1.7374302033448092,spectral_flatness_mean,0.9584868687299005,0.0906143283126907,0.5018471173839762,0.0248409046891496,1.5152735555036287,0.22646788735674409,1.1612312184960294,0.13300315602880844,1.7374302033448092,0.2977414332862744,0.8446030587822392,0.07036064962277036,1.2615321660591265,0.15697164070356232,0.2177120559748219,0.2977414332862744,0.9126692680293744,0.9051528385670637,0.8721349223620631
rec2018-02-02_01h36m19.632s.wav,0,2018-02-02T01:36:19.632000,2018-02-02,2018-02-02#1,123,False,other_session,v1,-0.6034917321632727,-0.11966952632485153,-0.9151311033358318,0.0012365876217347894,0.1283715639772566,1.5897551785475459,0.834759116052242,0.598916401146105,0.7979091516270035,1.5897551785475459,spectral_flatness_std,0.6034917321632727,0.08172176104086452,0.11966952632485153,0.0032133809263395286,0.9151311033358318,0.1879151089735548,0.0012365876217347894,3.4311907091804393e-07,0.1283715639772566,0.003697709015594845,1.5897551785475459,0.567094668339062,0.834759116052242,0.15635702858551337,0.37919796855629384,0.5670946683390621,0.7242690366843239,0.7106730755214342,0.5756427880750333
rec2018-02-02_01h40m26.773s.wav,0,2018-02-02T01:40:26.773000,2018-02-02,2018-02-02#1,124,False,other_session,v1,-3.940446015889591,0.05802428205657074,-4.221334020017021,-5.657901154233426,-1.7677879366359177,-0.11769480702692357,-0.5120688349641516,2.325036721546229,3.134215070324294,5.657901154233426,spectral_centroid_std,3.940446015889591,0.22580582190699416,0.05802428205657074,4.8962538055149436e-05,4.221334020017021,0.25914558038089963,5.657901154233426,0.4655379424018036,1.7677879366359177,0.045446945852440974,0.11769480702692357,0.00020144615076489884,0.5120688349641516,0.0038133007690415426,0.34763820544063917,0.4655379424018036,0.7610887603192543,0.7896448994313178,0.7460953991496442
rec2018-02-02_01h58m20.818s.wav,0,2018-02-02T01:58:20.818000,2018-02-02,2018-02-02#1,125,False,other_session,v1,-4.508438234396197,4.999236566432253,-3.5634622646719367,-7.624734220842812,-3.3000781522200833,-3.6660479458648076,-1.694105989637847,4.193729053437991,4.525382939866097,7.624734220842812,spectral_centroid_std,4.508438234396197,0.14178932592469815,4.999236566432253,0.17434065205672167,3.5634622646719367,0.08857998813973857,7.624734220842812,0.40554654808860113,3.3000781522200833,0.07596958242792438,3.6660479458648076,0.09375351742106654,1.694105989637847,0.020020385941249615,0.2597325034486263,0.40554654808860113,0.8636454126432693,0.8327839018796924,0.6556604363685813
rec2018-02-02_01h58m59.251s.wav,0,2018-02-02T01:58:59.251000,2018-02-02,2018-02-02#1,126,False,other_session,v1,-1.3844810326098582,0.6258054255015618,-0.46697647789043145,0.48925900860975463,-0.812773644382598,0.12265117716234598,-0.4117895918290868,0.6162480511408053,0.7182395685537013,1.3844810326098582,duration_s,1.3844810326098582,0.5308078369006852,0.6258054255015618,0.10845309583518807,0.46697647789043145,0.06038837122235598,0.48925900860975463,0.06628892368591835,0.812773644382598,0.18293741182098916,0.12265117716234598,0.004165879917652008,0.4117895918290868,0.046958480617210994,0.32094706716299226,0.5308078369006853,0.7922284216431759,0.7398586736324717,0.5870601512325917
rec2018-02-02_02h09m32.913s.wav,0,2018-02-02T02:09:32.913000,2018-02-02,2018-02-02#1,127,False,other_session,v1,-2.6624635242497225,2.378931238440312,-2.6639463830909897,-3.990645379301169,-4.072516441396412,-1.2497968939805335,-0.6008518023923963,2.5170216661216473,2.7846080016659545,4.072516441396412,spectral_flatness_mean,2.6624635242497225,0.13059939340107934,2.378931238440312,0.10426477367617414,2.6639463830909897,0.130744908554992,3.990645379301169,0.2933999936025873,4.072516441396412,0.30556212319519443,1.2497968939805335,0.028777476536285155,0.6008518023923963,0.0066513310336876064,0.23114146011825093,0.3055621231951944,0.8970016298620406,0.9000986184518559,0.9798966896086562
rec2018-02-02_10h29m51.284s.wav,0,2018-02-02T10:29:51.284000,2018-02-02,2018-02-02#2,128,False,other_session,v1,1.2424829779832025,0.7228638205476968,-2.4863627276867417,-1.6728428330640688,-3.2282390038146382,2.9385680138596824,1.4771407647836525,1.9669285916770975,2.1476017417513322,3.2282390038146382,spectral_flatness_mean,1.2424829779832025,0.047816233122384116,0.7228638205476968,0.016184803929602885,2.4863627276867417,0.19148000870025295,1.6728428330640688,0.0866771743570093,3.2282390038146382,0.3227942765994545,2.9385680138596824,0.26746438409612633,1.4771407647836525,0.06758311919516997,0.23446555329785854,0.3227942765994545,0.8931235211524984,0.8888606999790817,0.9102696579736919
rec2018-02-02_10h46m42.260s.wav,0,2018-02-02T10:46:42.260000,2018-02-02,2018-02-02#2,129,False,other_session,v1,-0.46149367753662074,2.537505056435118,-3.5607282948282823,1.068922303252536,-4.159916701930334,-1.824058925561426,1.3299104608128258,2.1346479171938775,2.474846285862161,4.159916701930334,spectral_flatness_mean,0.46149367753662074,0.004967490113954841,2.537505056435118,0.1501825012109575,3.5607282948282823,0.29572168465610893,1.068922303252536,0.026650034643948505,4.159916701930334,0.4036219434021188,1.824058925561426,0.07760384297289147,1.3299104608128258,0.04125250300001992,0.278394300893744,0.4036219434021188,0.8418733156239653,0.834130924594092,0.8559614410490457
rec2018-02-02_10h48m38.792s.wav,0,2018-02-02T10:48:38.792000,2018-02-02,2018-02-02#2,130,False,other_session,v1,0.8874878414165746,2.5476814105061893,-1.9391334134393579,0.5133489600419009,-3.427900365167022,-1.283339446170858,-0.033817523334693025,1.5189584228680852,1.8784752730601546,3.427900365167022,spectral_flatness_mean,0.8874878414165746,0.03188715835121847,2.5476814105061893,0.2627732975192633,1.9391334134393579,0.152232147611119,0.5133489600419009,0.01066881950290964,3.427900365167022,0.47571558013271426,1.283339446170858,0.06667669756503683,0.033817523334693025,4.629931773844259e-05,0.32239200546521196,0.4757155801327143,0.790542660290586,0.7820902483165438,0.7432192126687017
rec2018-02-02_10h57m01.870s.wav,0,2018-02-02T10:57:01.870000,2018-02-02,2018-02-02#2,131,False,other_session,v1,1.0294858960432265,1.6073738969875284,-2.777723311907525,2.1852044910525303,-4.344684696803174,-1.4755883546182402,1.702609435425133,2.160381440405337,2.3930519222060593,4.344684696803174,spectral_flatness_mean,1.0294858960432265,0.026438603942637518,1.6073738969875284,0.06445127888520068,2.777723311907525,0.19247560082318188,2.1852044910525303,0.11911923222606619,4.344684696803174,0.47088433745902175,1.4755883546182402,0.05431604693585982,1.702609435425133,0.07231489972803207,0.28729613705809365,0.4708843374590218,0.8314878400988908,0.785685437244326,0.6393382962753035
rec2018-02-02_10h58m28.930s.wav,0,2018-02-02T10:58:28.930000,2018-02-02,2018-02-02#2,132,False,other_session,v1,1.668477141863158,-0.032651816222997294,-1.0777289222176332,0.29604629280498806,-4.982805305985675,-1.076973181421772,1.0995458748544602,1.4620326479100978,2.1122515486378397,4.982805305985675,spectral_flatness_mean,1.668477141863158,0.08913560323996841,0.032651816222997294,3.413700160103754e-05,1.0777289222176332,0.037190306820188465,0.29604629280498806,0.0028062731416333775,4.982805305985675,0.7949842453317246,1.076973181421772,0.03713816684887587,1.0995458748544602,0.03871126761600823,0.48687649379379405,0.7949842453317246,0.5986440905739069,0.4890654834610472,0.33484694653007474
rec2018-02-02_10h59m19.989s.wav,0,2018-02-02T10:59:19.989000,2018-02-02,2018-02-02#2,133,False,other_session,v1,-0.24849659559664383,1.4344413732197585,-2.088867394230584,-1.2471254037866188,-2.8664913503509863,1.570446054360505,-0.23098933755093826,1.3838367870137191,1.6377026993423718,2.8664913503509863,spectral_flatness_mean,0.24849659559664383,0.0032890669731679358,1.4344413732197585,0.10959668957036976,2.088867394230584,0.2324093371833484,1.2471254037866188,0.0828422874097936,2.8664913503509863,0.437656216439373,1.570446054360505,0.13136445723941573,0.23098933755093826,0.002841945184531662,0.2959155069287773,0.437656216439373,0.8214319085830932,0.809980090796927,0.7287192385823225
rec2018-02-02_11h00m10.171s.wav,0,2018-02-02T11:00:10.171000,2018-02-02,2018-02-02#2,134,False,other_session,v1,-0.7454897867899246,-0.6114806370103008,-0.7250766646502057,-3.3017720452267705,-3.7733860103600723,-1.18480975848628,-1.8365705128318142,1.7397979164793382,2.1170162896834843,3.7733860103600723,spectral_flatness_mean,0.7454897867899246,0.017714828671849314,0.6114806370103008,0.011918428051667047,0.7250766646502057,0.01675797032731126,3.3017720452267705,0.3474943381498558,3.7733860103600723,0.4538538568378036,1.18480975848628,0.04474564837391791,1.8365705128318142,0.10751492958759498,0.3098377916373111,0.45385385683780366,0.8051892430898038,0.798229603783207,0.8750157116609709
rec2018-02-02_11h00m59.338s.wav,0,2018-02-02T11:00:59.338000,2018-02-02,2018-02-02#2,135,False,other_session,v1,-0.24849659559664383,-1.7293930722411,-0.576268104042632,0.522069581501639,-4.612025834474329,-0.7705997555531222,1.1667730608313311,1.3750894291772566,1.9597069091577257,4.612025834474329,spectral_flatness_mean,0.24849659559664383,0.002296997904409135,1.7293930722411,0.11125182455621495,0.576268104042632,0.012352898621772319,0.522069581501639,0.010138565045710988,4.612025834474329,0.7912307828057099,0.7705997555531222,0.022089070751749162,1.1667730608313311,0.05063986031443363,0.4791403522682465,0.7912307828057099,0.607669589020379,0.493522123847221,0.37497471486696765
rec2018-02-02_11h01m45.212s.wav,0,2018-02-02T11:01:45.212000,2018-02-02,2018-02-02#2,136,False,other_session,v1,-0.6744907594765966,1.0471083553424083,-1.2637458421987544,-6.02653328172617,-2.9551574184929352,-2.2761088455987832,-1.7407822338331858,2.2834181052384044,2.838799551938187,6.02653328172617,spectral_centroid_std,0.6744907594765966,0.008064631213734668,1.0471083553424083,0.01943639667900387,1.2637458421987544,0.028310789682478955,6.02653328172617,0.6438246828527151,2.9551574184929352,0.15480812284794696,2.2761088455987832,0.09183718370762513,1.7407822338331858,0.053718193016495074,0.37703709363861515,0.6438246828527151,0.7267900574216157,0.6446222692439082,0.4903577696075536
rec2018-02-05_10h37m14.374s.wav,0,2018-02-05T10:37:14.374000,2018-02-05,2018-02-05#1,137,False,other_session,v1,-2.094471305743115,-0.4316313268988482,0.8062350196814848,8.226553863726672,0.6238171861739368,1.4120613360428431,1.4214590517177574,2.1451755842835225,3.3231424449698674,8.226553863726672,spectral_centroid_std,2.094471305743115,0.05674830245707866,0.4316313268988482,0.0024100716808558268,0.8062350196814848,0.00840867101982997,8.226553863726672,0.8754673141335625,0.6238171861739368,0.005034063804987521,1.4120613360428431,0.025793552942951763,1.4214590517177574,0.0261380239607339,0.547844190071229,0.8754673141335623,0.5275151115835662,0.38116680536327396,0.25459886854667824
rec2018-02-05_10h38m19.385s.wav,0,2018-02-05T10:38:19.385000,2018-02-05,2018-02-05#1,138,False,other_session,v1,-3.58545087932296,4.033819738403543,-4.015256378635323,-2.6715447811333757,-3.201097544905459,-1.8001313409122288,-1.3228001423066873,2.947157257945654,3.1081435328772167,4.033819738403543,mean_rms,3.58545087932296,0.19010230458185026,4.033819738403543,0.24062059766909671,4.015256378635323,0.23841105474091484,2.6715447811333757,0.10554186018090313,3.201097544905459,0.15152965844703148,1.8001313409122288,0.04791905160405341,1.3228001423066873,0.02587547277615003,0.19553078176451485,0.24062059766909671,0.9385474212747326,0.941245258183392,0.995398069082887
rec2018-02-05_10h39m00.035s.wav,0,2018-02-05T10:39:00.035000,2018-02-05,2018-02-05#1,139,False,other_session,v1,-3.656449906636287,-1.0830864042947677,-0.5691433637039413,2.691986744413486,2.7037481372416514,1.954931938650443,-1.5857539085024241,2.035014343349,2.2602163996326556,3.656449906636287,duration_s,3.656449906636287,0.37387047730706596,1.0830864042947677,0.03280409984382384,0.5691433637039413,0.009058270156251852,2.691986744413486,0.20265053312429274,2.7037481372416514,0.20442517724495732,1.954931938650443,0.10687231093626742,1.5857539085024241,0.07031913138734083,0.25668123095520856,0.37387047730706596,0.8672052305522567,0.8546838264187269,0.7394462405554836
rec2018-02-05_10h41m21.507s.wav,0,2018-02-05T10:41:21.507000,2018-02-05,2018-02-05#1,140,False,other_session,v1,-1.5264790872365093,0.08744693914955312,-2.9785768070911574,1.8401364099113822,-2.5940714218121133,5.245571186962182,1.6688585663670317,2.277305774075704,2.715724573328102,5.245571186962182,spectral_flatness_std,1.5264790872365093,0.04513487391622282,0.08744693914955312,0.00014812205933718953,2.9785768070911574,0.17184944067171506,1.8401364099113822,0.06558893107370699,2.5940714218121133,0.13034499938444427,5.245571186962182,0.5329863494200482,1.6688585663670317,0.05394728347452547,0.3290587153265865,0.5329863494200482,0.7827648321189825,0.7381390512701138,0.567826972684001
rec2018-02-05_10h42m50.893s.wav,0,2018-02-05T10:42:50.893000,2018-02-05,2018-02-05#1,141,False,other_session,v1,-2.236469360369768,1.187975013167566,-1.1587852820136215,-5.3160978393509035,0.9148690449774972,-1.4477794190509938,-2.339285530979839,2.085894498558598,2.5191287272241927,5.3160978393509035,spectral_centroid_std,2.236469360369768,0.11259708426522139,1.187975013167566,0.031769900260106315,1.1587852820136215,0.030227844542806085,5.3160978393509035,0.6361904851984337,0.9148690449774972,0.018841657526486005,1.4477794190509938,0.04718522564876282,2.339285530979839,0.12318780255818389,0.36408483219237264,0.6361904851984336,0.7419010291088985,0.6514940014575428,0.44003808840084596
rec2018-02-05_10h43m40.571s.wav,0,2018-02-05T10:43:40.571000,2018-02-05,2018-02-05#1,142,False,other_session,v1,-2.094471305743116,2.624452592850694,-3.1333259682325267,6.994750775528928,-3.107568502371976,7.019978815002015,1.1393813271621374,3.7305613266987705,4.313667744446748,7.019978815002015,spectral_flatness_std,2.094471305743116,0.03367886195527722,2.624452592850694,0.052879342008515386,3.1333259682325267,0.07537368252539449,6.994750775528928,0.37562377083114845,3.107568502371976,0.07413955923080277,7.019978815002015,0.37833818930542906,1.1393813271621374,0.009966594143432747,0.26882123857652807,0.37833818930542906,0.8530418883273839,0.8516290932542169,0.9964062513380847
rec2018-02-05_10h44m37.655s.wav,0,2018-02-05T10:44:37.655000,2018-02-05,2018-02-05#1,143,False,other_session,v1,-1.4554800599231823,4.665105728803059,-3.7738038044267226,3.050693370199646,-4.888550335304995,0.33490509761509546,-0.6758145874701668,2.6920504262489815,3.204834963900803,4.888550335304995,spectral_flatness_mean,1.4554800599231823,0.02946477573635849,4.665105728803059,0.30270082306324025,3.7738038044267226,0.19808393548372397,3.050693370199646,0.1294457322112841,4.888550335304995,0.332392183596951,0.33490509761509546,0.0015600342598977883,0.6758145874701668,0.00635251564854421,0.25941725563739837,0.332392183596951,0.8640132017563684,0.8825393961764864,0.9542922561545037
rec2018-02-05_10h45m35.939s.wav,0,2018-02-05T10:45:35.939000,2018-02-05,2018-02-05#1,144,False,other_session,v1,-3.4434528246963088,1.7173384025007647,-0.057358637566100455,6.65591046016447,0.21279572206984754,4.009140708765457,0.22805549137617578,2.332007463877017,3.279406591808985,6.65591046016447,spectral_centroid_std,3.4434528246963088,0.1575069437074661,1.7173384025007647,0.039176279777388114,0.057358637566100455,4.370278196056602e-05,6.65591046016447,0.5884727691403957,0.21279572206984754,0.0006015021931668347,4.009140708765457,0.21350793850318128,0.22805549137617578,0.0006908638964413631,0.40773641001614364,0.5884727691403957,0.6909741883144989,0.6929033862448202,0.6023429450801822
rec2018-02-05_10h52m39.045s.wav,0,2018-02-05T10:52:39.045000,2018-02-05,2018-02-05#1,145,False,other_session,v1,1.4554800599231803,1.5544243420099557,-1.8840211587384303,-5.994969683354735,-6.7080225970161065,-2.8613618910146967,-0.6103103616431726,3.0097985848143254,3.733655662479229,6.7080225970161065,spectral_flatness_mean,1.4554800599231803,0.021709306734593384,1.5544243420099557,0.024761252690190225,1.8840211587384303,0.03637516623350996,5.994969683354735,0.3683048326036455,6.7080225970161065,0.4611290353749799,2.8613618910146967,0.08390329419975513,0.6103103616431726,0.0038171121633259588,0.31838972457022047,0.4611290353749799,0.7952119880014094,0.7928951961404,0.8937014741157021
rec2018-02-05_10h53m45.411s.wav,0,2018-02-05T10:53:45.411000,2018-02-05,2018-02-05#1,146,False,other_session,v1,2.66246352424972,1.0281836817159238,0.011453318617092648,-3.456153066978857,-2.549542867485265,-0.36970870917999255,-0.17770506243383688,1.465030032951527,1.9551920385843355,3.456153066978857,spectral_centroid_std,2.66246352424972,0.26490518143414565,1.0281836817159238,0.0395061340935703,0.011453318617092648,4.90214106601438e-06,3.456153066978857,0.4463844490667892,2.549542867485265,0.24291132151145461,0.36970870917999255,0.005107901129672459,0.17770506243383688,0.001180110623301848,0.3370143555561412,0.4463844490667892,0.7734832518511687,0.8036695897084071,0.7703546320583166
rec2018-02-05_10h54m35.447s.wav,0,2018-02-05T10:54:35.447000,2018-02-05,2018-02-05#1,147,False,other_session,v1,2.7334625515630475,-0.4467256868162493,1.0622355972073652,-2.76271715098977,-0.5308158453690809,0.8175713697026343,-0.028812104563392907,1.1974771866016487,1.5758603284749502,2.76271715098977,spectral_centroid_std,2.7334625515630475,0.42982608867330896,0.4467256868162493,0.011480171220940315,1.0622355972073652,0.06490949307532952,2.76271715098977,0.4390756597659571,0.5308158453690809,0.016208927210339147,0.8175713697026343,0.038451905314726316,0.028812104563392907,4.7754739398477745e-05,0.3295878060381922,0.4390756597659571,0.782147559622109,0.808957186922182,0.9894109321266414
rec2018-02-05_10h55m27.871s.wav,0,2018-02-05T10:55:27.871000,2018-02-05,2018-02-05#1,148,False,other_session,v1,1.4554800599231803,-1.6356246535197543,0.9151087141378401,-2.7434204799588096,-2.692190116303305,3.7149759648160874,0.9419138007187556,2.0141019699111045,2.2390561069359727,3.7149759648160874,spectral_flatness_std,1.4554800599231803,0.06036490578717211,1.6356246535197543,0.0762323491708382,0.9151087141378401,0.02386257954384742,2.7434204799588096,0.21446516449357747,2.692190116303305,0.20653014893776445,3.7149759648160874,0.3932638474785737,0.9419138007187556,0.025281004588226578,0.26349750908590175,0.3932638474785737,0.859252906066448,0.8413434760003377,0.7384759702192648
rec2018-02-05_10h56m11.262s.wav,0,2018-02-05T10:56:11.262000,2018-02-05,2018-02-05#1,149,False,other_session,v1,5.715421698722732,-2.9863242582251934,2.914028749281057,1.3006474526453515,-4.347273141436167,-0.48736798958797745,0.735525710257159,2.64094128573652,3.1947442220707454,5.715421698722732,duration_s,5.715421698722732,0.45722117126936074,2.9863242582251934,0.12482561012062536,2.914028749281057,0.11885499483950937,1.3006474526453515,0.02367821516375148,4.347273141436167,0.2645231156019578,0.48736798958797745,0.0033246334932892016,0.735525710257159,0.007572259511505829,0.3091658336037337,0.4572211712693608,0.8059731941289773,0.7957650198723317,0.7606215902507569
rec2018-02-05_10h58m35.817s.wav,0,2018-02-05T10:58:35.817000,2018-02-05,2018-02-05#1,150,False,other_session,v1,4.224442125142893,-2.3898572813930796,2.6638667770536766,-3.5661415771325875,-3.442328271660296,-0.20349511730851416,0.6140308340822545,2.4434517119676142,2.8192944686316035,4.224442125142893,duration_s,4.224442125142893,0.32074493777162666,2.3898572813930796,0.10265143244432506,2.6638667770536766,0.12753990360909692,3.5661415771325875,0.22856948149624381,3.442328271660296,0.21297353958460183,0.20349511730851416,0.0007442675218310756,0.6140308340822545,0.006776437572274507,0.2469832856558899,0.3207449377716267,0.8785195000681285,0.8902046052826482,0.8441686432174667
rec2018-02-05_11h01m02.037s.wav,0,2018-02-05T11:01:02.037000,2018-02-05,2018-02-05#1,151,False,other_session,v1,-1.6684771418631592,2.064052551640217,-1.7685650400725075,6.573765398618289,-5.950811208873453,-3.737713543328592,0.47675582242353326,3.1771629581171075,3.835851468443866,6.573765398618289,spectral_centroid_std,1.6684771418631592,0.027028311665803967,2.064052551640217,0.04136374923715357,1.7685650400725075,0.030368299057178038,6.573765398618289,0.4195722898735123,5.950811208873453,0.3438196869189719,3.737713543328592,0.1356408254839707,0.47675582242353326,0.002206837763409521,0.29558110649014463,0.4195722898735123,0.8218220424281646,0.8229007606110446,0.9052363216558089
rec2018-02-05_11h02m06.737s.wav,0,2018-02-05T11:02:06.737000,2018-02-05,2018-02-05#1,152,False,other_session,v1,-1.5264790872365082,2.242345175477832,-1.605437343504907,0.6114144038693152,-3.94313344910595,-1.1655429408072762,-0.040022190082593584,1.5906249414406262,1.9718700495780628,3.94313344910595,spectral_flatness_mean,1.5264790872365082,0.08561051240197985,2.242345175477832,0.18473547935069073,1.605437343504907,0.09469610152122808,0.6114144038693152,0.013734621962753574,3.94313344910595,0.5712527837243322,1.1655429408072762,0.04991165095606623,0.040022190082593584,5.885008294921957e-05,0.35414054172539455,0.5712527837243322,0.753502701320373,0.7072517837764326,0.5686708817796294
rec2018-02-05_11h03m04.776s.wav,0,2018-02-05T11:03:04.776000,2018-02-05,2018-02-05#1,153,False,other_session,v1,-0.8164888141032506,3.526025401107897,-2.788136776662336,-0.786177800903842,-4.771712436801677,-0.10220791312487634,0.4462995790373504,1.8910069602487471,2.520492034847474,4.771712436801677,spectral_flatness_mean,0.8164888141032506,0.014991040583174372,3.526025401107897,0.279577472579303,2.788136776662336,0.1748072542529684,0.786177800903842,0.013898657552071616,4.771712436801677,0.5120116327275882,0.10220791312487634,0.00023490937169191967,0.4462995790373504,0.0044790329332023695,0.360481595037447,0.5120116327275882,0.7461048057896451,0.7545328102990709,0.7389433977440764
rec2018-02-05_11h03m43.815s.wav,0,2018-02-05T11:03:43.815000,2018-02-05,2018-02-05#1,154,False,other_session,v1,-1.3844810326098562,0.3836617645238108,0.5223300383919364,4.2530862281258655,-1.8312190374985404,2.565103517307964,0.17956503415228012,1.5884923789443217,2.0836409764567434,4.2530862281258655,spectral_centroid_std,1.3844810326098562,0.06307107036637802,0.3836617645238108,0.00484343215316832,0.5223300383919364,0.008977309231815516,4.2530862281258655,0.5952022392081779,1.8312190374985404,0.11034096304145131,2.565103517307964,0.21650402425192344,0.17956503415228012,0.0010609617470853897,0.38249081640474136,0.5952022392081779,0.7204273808611351,0.6872147075384272,0.6031158033770418
rec2018-02-05_11h04m48.418s.wav,0,2018-02-05T11:04:48.418000,2018-02-05,2018-02-05#1,155,False,other_session,v1,-2.5914644969363967,-0.09125152250701399,-0.367177871686716,3.7436744493623655,-2.9747135033234042,2.2055795575499424,0.6521031220732141,1.8037092176341503,2.236472769623156,3.7436744493623655,spectral_centroid_std,2.5914644969363967,0.19180735532806623,0.09125152250701399,0.0002378236110506814,0.367177871686716,0.003850594009163061,3.7436744493623655,0.40028644270669317,2.9747135033234042,0.2527347852088633,2.2055795575499424,0.13893772590728878,0.6521031220732141,0.012145273228875033,0.2965060168205404,0.40028644270669306,0.8207429803760361,0.8364602900569706,0.7945972716270954
rec2018-02-05_11h05m32.273s.wav,0,2018-02-05T11:05:32.273000,2018-02-05,2018-02-05#1,156,False,other_session,v1,-0.7454897867899226,2.331564000205792,-1.7588008620594562,-2.4150179044094586,-5.788578107435119,-3.5377691895450876,0.09188080428353454,2.3813000935326243,2.950775372358703,5.788578107435119,spectral_flatness_mean,0.7454897867899226,0.009118282762331184,2.331564000205792,0.08919167952379804,1.7588008620594562,0.05075314969998314,2.4150179044094586,0.09569084055909687,5.788578107435119,0.5497604018836958,3.5377691895450876,0.2053471361748896,0.09188080428353454,0.00013850939620519676,0.34726397226434214,0.549760401883696,0.761525365691601,0.7247617064495667,0.6111637648978101
rec2018-02-05_11h06m12.128s.wav,1,2018-02-05T11:06:12.128000,2018-02-05,2018-02-05#1,157,False,other_session,v1,-1.1714839506698793,1.1461702091316437,-0.711394376988605,-3.325727513654935,-3.6553804026470003,-0.03197802497915261,-1.0706390788981166,1.5875390795670477,2.0270218396551116,3.6553804026470003,spectral_flatness_mean,1.1714839506698793,0.047715314471804486,1.1461702091316437,0.04567550278015851,0.711394376988605,0.01759567615870397,3.325727513654935,0.3845549720330079,3.6553804026470003,0.46456903834787483,0.03197802497915261,3.5553992706825545e-05,1.0706390788981166,0.03985394221574335,0.32893502093854354,0.4645690383478747,0.7829091422383659,0.7903603325451075,0.9098170771082126
rec2018-02-05_11h06m59.857s.wav,0,2018-02-05T11:06:59.857000,2018-02-05,2018-02-05#1,158,False,other_session,v1,-1.8104751964898111,2.547405394006852,-2.183513997207536,-3.7574616906622156,-6.273839086269249,1.6335120404763779,-0.06177158633742495,2.6097112844927812,3.17774809320273,6.273839086269249,spectral_flatness_mean,1.8104751964898111,0.04637118402048402,2.547405394006852,0.09180348215591666,2.183513997207536,0.06744891795672414,3.7574616906622156,0.19973406883683645,6.273839086269249,0.5568391700717766,1.6335120404763779,0.03774919600677352,0.06177158633742495,5.398095148862558e-05,0.34343367097180205,0.5568391700717766,0.7659940505328976,0.7190417013286461,0.5989094777527355
rec2018-02-05_11h20m08.624s.wav,1,2018-02-05T11:20:08.624000,2018-02-05,2018-02-05#1,159,False,other_session,v1,-3.1594567154430035,3.0836411263490935,-2.701017919587926,-1.6059457387793914,0.8788202515053256,-0.06264536179545206,-1.576478119510098,1.8668578904243271,2.1589382836349587,3.1594567154430035,duration_s,3.1594567154430035,0.30594708849303925,3.0836411263490935,0.2914400033517962,2.701017919587926,0.2236023871841627,1.6059457387793914,0.07904660819970155,0.8788202515053256,0.023671273170779425,0.06264536179545206,0.00012028164205517424,1.576478119510098,0.07617235795846593,0.24177038952140636,0.3059470884930392,0.884601212225026,0.8998490966590571,0.9760035993772811
rec2018-02-05_11h20m47.521s.wav,0,2018-02-05T11:20:47.521000,2018-02-05,2018-02-05#1,160,False,other_session,v1,-0.8874878414165785,2.406052198623528,-2.0521665233448396,-0.9535457260785761,0.4876863771637934,-0.15466038963140644,-1.8567453340525288,1.2569063414730357,1.4835584545535516,2.406052198623528,mean_rms,0.8874878414165785,0.0511231326560429,2.406052198623528,0.3757532314963522,2.0521665233448396,0.27334921544670726,0.9535457260785761,0.05901680333193572,0.4876863771637934,0.01543739024544449,0.15466038963140644,0.0015525687273244071,1.8567453340525288,0.22376765809619306,0.27346647185953254,0.37575323149635215,0.847622449497212,0.853397853634276,0.8529185378932586
rec2018-02-05_11h22m34.731s.wav,0,2018-02-05T11:22:34.731000,2018-02-05,2018-02-05#1,161,False,other_session,v1,-0.4614936775366267,3.6307876973454056,-3.6043623540254597,-0.3124051115463064,-2.10944233197098,-2.6728489726628304,-0.6315968809771757,1.9175624322949691,2.3445195625139204,3.6307876973454056,mean_rms,0.4614936775366267,0.005535103543355854,3.6307876973454056,0.34260677652611005,3.6043623540254597,0.3376378517824119,0.3124051115463064,0.002536474500538968,2.10944233197098,0.11564571687067596,2.6728489726628304,0.18567057325241385,0.6315968809771757,0.010367503524493497,0.2704913008453447,0.34260677652611005,0.8510934823470978,0.8757618173450692,0.992721870425179
rec2018-02-05_11h23m35.644s.wav,0,2018-02-05T11:23:35.644000,2018-02-05,2018-02-05#1,162,False,other_session,v1,0.3904946502232889,3.355131422926364,-3.5595939087966975,5.4744728969846985,-3.661060638177225,-1.4469717986601376,0.3006187224963628,2.5983348626092533,3.1540771625484374,5.4744728969846985,spectral_centroid_std,0.3904946502232889,0.002189714574958881,3.355131422926364,0.16165025914788206,3.5595939087966975,0.18195259007920841,5.4744728969846985,0.4303699624526953,3.661060638177225,0.19247360319194257,1.4469717986601376,0.030066125500249386,0.3006187224963628,0.0012977450530633405,0.30098797809561234,0.4303699624526953,0.815514025555119,0.8152106336024588,0.6687512582615418
rec2018-02-05_11h30m48.760s.wav,0,2018-02-05T11:30:48.760000,2018-02-05,2018-02-05#1,163,False,other_session,v1,1.3134820052965284,3.976736953304467,-3.261892206166924,-1.4159923224444377,-4.337376704402331,-2.7776242941961145,0.023335873838338846,2.4437771942355915,2.8463817823058273,4.337376704402331,spectral_flatness_mean,1.3134820052965284,0.03042032939770321,3.976736953304467,0.27884919018862836,3.261892206166924,0.18760951807468415,1.4159923224444377,0.035353910237004973,4.337376704402331,0.3317186909637002,2.7776242941961145,0.13603875909201638,0.023335873838338846,9.602046262687299e-06,0.25355226529964603,0.3317186909637002,0.8708556904837464,0.8829844433561762,0.9168530253017168
rec2018-02-06_10h28m57.917s.wav,0,2018-02-06T10:28:57.917000,2018-02-06,2018-02-06#1,164,False,other_session,v1,-2.023472278429789,1.6650987713159953,-2.7946047671932743,-2.880780654848486,-2.008030237460591,-0.37593969846821373,-0.020513647126766718,1.6812057221204453,1.9693959867046755,2.880780654848486,spectral_centroid_std,2.023472278429789,0.1508100836095885,1.6650987713159953,0.10212118920623496,2.7946047671932743,0.2876581307304734,2.880780654848486,0.3056724140456906,2.008030237460591,0.1485170654277495,0.37593969846821373,0.005205617339807219,0.020513647126766718,1.549964045572002e-05,0.24478865860075874,0.3056724140456907,0.8810798982991147,0.90002713863529,0.9700859253167456
rec2018-02-06_10h30m00.277s.wav,0,2018-02-06T10:30:00.277000,2018-02-06,2018-02-06#1,165,False,other_session,v1,-1.4554800599231823,2.3076371123094455,-2.2487262678913953,-0.39431072774396864,-1.3430719361332129,-3.084417530798492,-1.012484809571694,1.6923040634816273,1.889764204656221,3.084417530798492,spectral_flatness_std,1.4554800599231823,0.08474210408884947,2.3076371123094455,0.2130206731544667,2.2487262678913953,0.20228324369515369,0.39431072774396864,0.006219620819613838,1.3430719361332129,0.07215813037423345,3.084417530798492,0.38056868425965046,1.012484809571694,0.04100754360803241,0.2603734667644966,0.38056868425965046,0.8628976221080874,0.8500999166943503,0.748159770610578
rec2018-02-06_10h32m03.907s.wav,0,2018-02-06T10:32:03.907000,2018-02-06,2018-02-06#1,166,False,other_session,v1,-2.5204654696230726,0.35516540008963465,-1.49515810495241,-0.8716586969627674,-0.007663176256644,-0.5543847526863784,-0.36213532977568613,0.8809472757637992,1.1900011082306976,2.5204654696230726,duration_s,2.5204654696230726,0.6408682146264693,0.35516540008963465,0.012725314644008794,1.49515810495241,0.22551813280275035,0.8716586969627674,0.07664788290080893,0.007663176256644,5.9241337841686115e-06,0.5543847526863784,0.031004860589375512,0.36213532977568613,0.013229670302803028,0.4087264988114686,0.6408682146264693,0.6898190847199532,0.6472921156137975,0.5932071369245959
rec2018-02-06_10h32m43.911s.wav,0,2018-02-06T10:32:43.911000,2018-02-06,2018-02-06#1,167,False,other_session,v1,-2.7334625515630497,0.18937421846161537,-3.1693924785085064,-1.2326471603851779,-3.307250836485378,-1.3653001696513378,-0.05117461436250394,1.721228861345367,2.133967442183215,3.307250836485378,spectral_flatness_mean,2.7334625515630497,0.23439731824703458,0.18937421846161537,0.0011250403239144082,3.1693924785085064,0.31512178480826386,1.2326471603851779,0.04766547671437747,3.307250836485378,0.3431315496752663,1.3653001696513378,0.05847667494001451,0.05117461436250394,8.215529112879539e-05,0.27449249534597264,0.34313154967526627,0.8464254220963653,0.8754122031242516,0.9583163283365062
rec2018-02-06_11h39m13.131s.wav,0,2018-02-06T11:39:13.131000,2018-02-06,2018-02-06#2,168,False,other_session,v1,-2.8044615788763796,2.1070818865016028,-2.671168143287649,-3.5680057521061226,0.9501655252160328,-1.140608678222926,-2.1981220886850537,2.2056590932708238,2.366617433007521,3.5680057521061226,spectral_centroid_std,2.8044615788763796,0.20060642132939063,2.1070818865016028,0.11324229669483778,2.671168143287649,0.18199032251651984,3.5680057521061226,0.32471094910408094,0.9501655252160328,0.023027372120335596,1.140608678222926,0.033183270286208454,2.1981220886850537,0.12323936794862675,0.23109423799843126,0.32471094910408094,0.8970567223351635,0.8876019524793978,0.7860025385948333
rec2018-02-06_12h10m09.167s.wav,0,2018-02-06T12:10:09.167000,2018-02-06,2018-02-06#3,169,False,other_session,v1,-3.798447961262938,2.0283961320832837,-3.385970653748321,1.3876437425537058,-3.111470789001128,-1.9277440409257234,-0.5428625817508914,2.31179084304657,2.5530121578850866,3.798447961262938,duration_s,3.798447961262938,0.31623399597538715,2.0283961320832837,0.09017823719296446,3.385970653748321,0.25128269053983254,1.3876437425537058,0.04220385839648389,3.111470789001128,0.2121913374670034,1.9277440409257234,0.0814507209195923,0.5428625817508914,0.006459159508736343,0.23472513729765274,0.31623399597538715,0.8928206731527385,0.8931556441602896,0.8914089881653997
rec2018-02-06_12h10m09.167s.wav,1,2018-02-06T12:10:09.167000,2018-02-06,2018-02-06#3,170,False,other_session,v1,-4.792434343649503,1.8230690956088522,-3.179154168832892,4.937727174327796,-3.391235919678116,-2.1180159337084477,-0.23574771229706132,2.9253406211575244,3.3127724316018634,4.937727174327796,spectral_centroid_std,4.792434343649503,0.29897239930821456,1.8230690956088522,0.04326383477013526,3.179154168832892,0.1315654729146257,4.937727174327796,0.3173751603869345,3.391235919678116,0.14970446736726123,2.1180159337084477,0.05839520658008993,0.23574771229706132,0.0007234586727390269,0.24113075627187228,0.3173751603869345,0.885347451016149,0.8924100213552307,0.9705749577591691
rec2018-02-06_12h11m01.614s.wav,0,2018-02-06T12:11:01.614000,2018-02-06,2018-02-06#3,171,False,other_session,v1,-5.218428507529456,0.6498574564717603,-2.9192056293944733,2.4160046597839937,-0.9496107618602916,2.89510078879366,-0.20938330089101023,2.179655872103521,2.7081981718932338,5.218428507529456,duration_s,5.218428507529456,0.5304208105032462,0.6498574564717603,0.008225783817670324,2.9192056293944733,0.16598561598840317,2.4160046597839937,0.11369375595723592,0.9496107618602916,0.017564360184029477,2.89510078879366,0.1632557378636491,0.20938330089101023,0.0008539356857659272,0.3420217825809688,0.5304208105032462,0.7676412536555363,0.7401637573849539,0.5594032044671057
rec2018-02-06_12h11m01.614s.wav,1,2018-02-06T12:11:01.614000,2018-02-06,2018-02-06#3,172,False,other_session,v1,-4.508438234396206,4.427587683312157,-4.409343578619404,1.921787273751942,-3.2034519064639624,-2.202705426958175,0.04250321037823414,2.95940247341144,3.3419615062440977,4.508438234396206,duration_s,4.508438234396206,0.2599868139559578,4.427587683312157,0.2507456542105286,4.409343578619404,0.24868349066090434,1.921787273751942,0.04723997941891057,3.2034519064639624,0.1312609339675122,2.202705426958175,0.06206002084053559,0.04250321037823414,2.3106945651045085e-05,0.21763265074631874,0.2599868139559578,0.9127619074626281,0.9291656025980419,0.982066838474748
rec2018-02-06_12h12m08.951s.wav,0,2018-02-06T12:12:08.951000,2018-02-06,2018-02-06#3,173,False,other_session,v1,-5.076430452902804,5.314036892616009,-3.9466981666960406,1.2679112280808897,-1.9289913431627366,-3.315234787636114,-0.704222005354209,3.0790749823498293,3.5132581026837877,5.314036892616009,mean_rms,5.076430452902804,0.2982625512264886,5.314036892616009,0.3268368206684912,3.9466981666960406,0.18028088226253566,1.2679112280808897,0.018606279580957043,1.9289913431627366,0.043066780232417834,3.315234787636114,0.1272068295909287,0.704222005354209,0.00573985643818114,0.24655071145335367,0.3268368206684912,0.8790241699710875,0.8862037251972182,0.9552870172874853
rec2018-02-06_12h13m05.267s.wav,0,2018-02-06T12:13:05.267000,2018-02-06,2018-02-06#3,174,False,other_session,v1,-2.5914644969363976,0.633767799770711,-2.615135443780391,1.2876441488563914,-0.24885398711150483,3.102715095530235,0.4835635516739942,1.5661635033799464,1.910007991222948,3.102715095530235,spectral_flatness_std,2.5914644969363976,0.26297963495211374,0.633767799770711,0.015728667487738067,2.615135443780391,0.267805791783408,1.2876441488563914,0.06492669687838566,0.24885398711150483,0.00242505056262352,3.102715095530235,0.3769774641719385,0.4835635516739942,0.009156694163792507,0.2830132439496942,0.37697746417193856,0.8364845487253567,0.8525606284204885,0.8428538758030828
rec2018-02-06_12h13m05.267s.wav,1,2018-02-06T12:13:05.267000,2018-02-06,2018-02-06#3,175,False,other_session,v1,-4.011445043202917,0.8234706649963798,-2.0053183703915143,-1.3535758082427665,0.5787311623286437,-2.449458677552542,-2.29963628744489,1.9316622877370935,2.2118631167882494,4.011445043202917,duration_s,4.011445043202917,0.46988021628453447,0.8234706649963798,0.019800754161666018,2.0053183703915143,0.11742271862884501,1.3535758082427665,0.05349961222475084,0.5787311623286437,0.009780007829755459,2.449458677552542,0.17519661106076512,2.29963628744489,0.1544200798096831,0.29666861606111805,0.46988021628453447,0.820553281262029,0.7864305951585151,0.6106175333756497
rec2018-02-06_12h13m52.029s.wav,0,2018-02-06T12:13:52.029000,2018-02-06,2018-02-06#3,176,False,other_session,v1,-3.372453797382983,-1.0867588272097404,-2.362893763828457,-2.010551523151345,-2.620541752368977,-1.5755434461894415,-0.9538163501115121,1.997508494320351,2.1527197278547905,3.372453797382983,duration_s,3.372453797382983,0.35060571868278695,1.0867588272097404,0.03640770732615954,2.362893763828457,0.17211367215258594,2.010551523151345,0.12461129012702638,2.620541752368977,0.21169429077783308,1.5755434461894415,0.07652225251047719,0.9538163501115121,0.028045068423130867,0.24119002010841473,0.35060571868278695,0.8852783098735162,0.8704175213865748,0.7770430404124474
rec2018-02-06_12h13m52.029s.wav,1,2018-02-06T12:13:52.029000,2018-02-06,2018-02-06#3,177,False,other_session,v1,-3.656449906636295,-0.4105371168050765,-2.207594823491953,-2.8092974714573757,-2.096850556877072,-1.5258571644400367,-0.3799928568801821,1.8695114137982844,2.1769313509515147,3.656449906636295,duration_s,3.656449906636295,0.4030247786863118,0.4105371168050765,0.005080627424295915,2.207594823491953,0.14690995519951972,2.8092974714573757,0.23790739893278937,2.096850556877072,0.13254014787323498,1.5258571644400367,0.0701843455554947,0.3799928568801821,0.004352746328353592,0.27940454538390325,0.40302477868631176,0.840694697052113,0.8345484357019888,0.768312856237583
rec2018-02-06_12h15m08.616s.wav,0,2018-02-06T12:15:08.616000,2018-02-06,2018-02-06#3,178,False,other_session,v1,-3.372453797382983,-1.5811230905141067,-2.3014926321805245,5.774043081836425,-4.024193846948859,-1.0832063402745087,0.16689172856106926,2.614772073956925,3.1601347537321014,5.774043081836425,spectral_centroid_std,3.372453797382983,0.16269820925842857,1.5811230905141067,0.035762026279396994,2.3014926321805245,0.07577220640514189,5.774043081836425,0.47692577675891396,4.024193846948859,0.23165866067259677,1.0832063402745087,0.01678468296495753,0.16689172856106926,0.00039843766056417635,0.31546279143058953,0.47692577675891407,0.7986267433309788,0.781187084153299,0.6969455873316711
rec2018-02-06_12h15m08.616s.wav,1,2018-02-06T12:15:08.616000,2018-02-06,2018-02-06#3,179,False,other_session,v1,-3.727448933949613,-1.6641514265513135,-0.7800894118045034,7.058852154032183,-1.8721862816978074,2.2153957521998704,1.3273125310320326,2.6636337844667604,3.322521140766161,7.058852154032183,spectral_centroid_std,3.727448933949613,0.17980007091346875,1.6641514265513135,0.03583869087527,0.7800894118045034,0.007875084463982154,7.058852154032183,0.64481424861904,1.8721862816978074,0.04535911488244115,2.2153957521998704,0.06351394539728193,1.3273125310320326,0.02279884484851602,0.37858336850082486,0.64481424861904,0.7249860700823709,0.6437261658586825,0.5280531243058273
rec2018-02-06_12h17m38.883s.wav,0,2018-02-06T12:17:38.883000,2018-02-06,2018-02-06#3,180,False,other_session,v1,-3.0174586608163536,-1.2284921300603784,0.7689719311572818,10.275451630087167,-0.2310717919380414,-1.0993945459061574,-0.041066969418177925,2.3802725227690797,4.10668832086494,10.275451630087167,spectral_centroid_std,3.0174586608163536,0.07712605747935067,1.2284921300603784,0.012783896064240206,0.7689719311572818,0.005008866410009329,10.275451630087167,0.894376361471482,0.2310717919380414,0.000452285160024533,1.0993945459061574,0.010238247640628952,0.041066969418177925,1.4285774264260968e-05,0.616703191504023,0.894376361471482,0.44717960991197314,0.3510378587606628,0.29365703517897407
rec2018-02-06_12h18m33.477s.wav,0,2018-02-06T12:18:33.477000,2018-02-06,2018-02-06#3,181,False,other_session,v1,-3.2304557427563294,2.064261903137599,-2.907187605450261,2.6444256820389906,-2.2685065168748237,-2.6847631361991406,-0.44167133883124987,2.320181703612628,2.4695545277266384,3.2304557427563294,duration_s,3.2304557427563294,0.2444512776622446,2.064261903137599,0.0998146562473696,2.907187605450261,0.19797522131280573,2.6444256820389906,0.16380511270874903,2.2685065168748237,0.12054377358662002,2.6847631361991406,0.16884051662350924,0.44167133883124987,0.004569441858701982,0.19890411031948574,0.2444512776622445,0.9346118712939332,0.9388682066158425,0.899931104757917
rec2018-02-08_14h33m35.005s.wav,0,2018-02-08T14:33:35.005000,2018-02-08,2018-02-08#1,182,False,other_session,v1,-1.4554800599231823,2.8851700590235674,-3.130370594097621,3.9678663638181635,-1.6016390177548916,-0.9313151285514372,2.241222013539517,2.31615189095834,2.519679218179185,3.9678663638181635,spectral_centroid_std,1.4554800599231823,0.04766767524847413,2.8851700590235674,0.1873071195391234,3.130370594097621,0.2204971408770659,3.9678663638181635,0.354262779454134,1.6016390177548916,0.057721915179104154,0.9313151285514372,0.01951662725060963,2.241222013539517,0.11302674245148864,0.24473267672418766,0.354262779454134,0.8811452104884476,0.8679631850699913,0.7889304495339292
rec2018-02-08_14h35m33.038s.wav,1,2018-02-08T14:35:33.038000,2018-02-08,2018-02-08#1,183,False,other_session,v1,-1.952473251116464,0.6566865257075967,0.13754181864040735,-3.4575853656388746,1.3876505544702133,-0.6990523993554317,-0.6625197042995555,1.2790728027469347,1.6505576537676798,3.4575853656388746,spectral_centroid_std,1.952473251116464,0.1998990581703896,0.6566865257075967,0.022612926594637848,0.13754181864040735,0.000991996380139182,3.4575853656388746,0.6268828448300494,1.3876505544702133,0.10097196068281966,0.6990523993554317,0.025624772819773628,0.6625197042995555,0.023016440522190627,0.38617095560084835,0.6268828448300495,0.7161338851323436,0.659775225132223,0.564692710271145
rec2018-02-08_14h37m48.457s.wav,0,2018-02-08T14:37:48.457000,2018-02-08,2018-02-08#1,184,False,other_session,v1,-1.0294858960432265,3.302061403120695,-2.3377233299084432,-4.750439364201368,-2.4265761869823943,-2.6880440601375533,-2.4973304913289236,2.718808675960372,2.911690419269864,4.750439364201368,spectral_centroid_std,1.0294858960432265,0.01785880385583346,3.302061403120695,0.18373075296006788,2.3377233299084432,0.0920868859927307,4.750439364201368,0.38025866848330936,2.4265761869823943,0.09922004686541747,2.6880440601375533,0.12175430644911064,2.4973304913289236,0.10509053539353058,0.2496071904162929,0.38025866848330936,0.8754582778476583,0.8503126210024988,0.6951065259362235
rec2018-02-08_14h50m50.378s.wav,0,2018-02-08T14:50:50.378000,2018-02-08,2018-02-08#1,185,False,other_session,v1,-0.5324927048499467,4.697344689838482,-4.683188346944678,-1.550375830844144,-4.906465808991963,-2.7267957367293474,0.14542693548727062,2.7488700076694044,3.3426782385197398,4.906465808991963,spectral_flatness_mean,0.5324927048499467,0.003625268158568322,4.697344689838482,0.28210947416720844,4.683188346944678,0.28041165511489446,1.550375830844144,0.03073171456423708,4.906465808991963,0.30778706584088383,2.7267957367293474,0.09506442475068978,0.14542693548727062,0.00027039740351807596,0.25498611612890393,0.30778706584088383,0.8691828645162787,0.8986555271732148,0.9573784619531578
rec2018-02-08_15h03m14.166s.wav,1,2018-02-08T15:03:14.166000,2018-02-08,2018-02-08#1,186,False,other_session,v1,-1.3134820052965324,3.789832848599672,-3.1059912451733145,-2.073425060894928,-2.9132470765889122,-2.3886240885407597,-0.9890066341428422,2.367658422748137,2.541231669452346,3.789832848599672,mean_rms,1.3134820052965324,0.0381646862729551,3.789832848599672,0.31772658398767545,3.1059912451733145,0.21340957284226036,2.073425060894928,0.09510210480466413,2.9132470765889122,0.18774487069912707,2.3886240885407597,0.1262144437028963,0.9890066341428422,0.021637737690421623,0.2286667229763187,0.31772658398767545,0.8998888231942949,0.8921802799963572,0.8195589012114257
rec2018-02-08_15h06m27.101s.wav,0,2018-02-08T15:06:27.101000,2018-02-08,2018-02-08#1,187,False,other_session,v1,0.10649854096998698,2.380211908214805,0.3772231585189967,1.4899710949130056,0.9749215016955283,-1.2569770677442396,-3.335341648376364,1.4173064172047039,1.7604394352763477,3.335341648376364,spectral_rolloff_std,0.10649854096998698,0.0005228138677894754,2.380211908214805,0.26115060131811185,0.3772231585189967,0.006559284634532189,1.4899710949130056,0.10233294423533888,0.9749215016955283,0.04381260543397191,1.2569770677442396,0.07283070130242146,3.335341648376364,0.5127910492078341,0.3361851555567057,0.5127910492078341,0.77445065185051,0.7539299984685981,0.7136336121289064
rec2018-02-08_15h08m45.803s.wav,0,2018-02-08T15:08:45.803000,2018-02-08,2018-02-08#1,188,False,other_session,v1,4.082444070516239,1.503132055589883,0.629616587479546,8.124593879573304,0.7957167008156714,-1.1216873636930107,-0.47351621297991986,2.390100981521082,3.5344582032660927,8.124593879573304,spectral_centroid_std,4.082444070516239,0.1905885239804033,1.503132055589883,0.025837502558363968,0.629616587479546,0.00453323863807998,8.124593879573304,0.754848127478147,0.7957167008156714,0.007240577493843739,1.1216873636930107,0.014387982939734352,0.47351621297991986,0.0025640469114277357,0.4856097200427991,0.7548481274781469,0.600121993283401,0.5347995119127933,0.5024797708080204
rec2018-02-08_15h20m25.156s.wav,0,2018-02-08T15:20:25.156000,2018-02-08,2018-02-08#1,189,False,other_session,v1,1.4554800599231783,-0.08934513736325203,1.355651012266059,-2.02037643594439,1.6781408845112629,-1.1322390407136564,-2.358379336214602,1.441373129562343,1.5904262921552212,2.358379336214602,spectral_rolloff_std,1.4554800599231783,0.11964302544878896,0.08934513736325203,0.00045083404894328915,1.355651012266059,0.10379362310478259,2.02037643594439,0.23053637284354234,1.6781408845112629,0.15904927842213767,1.1322390407136564,0.07240209251953489,2.358379336214602,0.31412477361227026,0.23374331520058414,0.3141247736122703,0.8939661322659852,0.8945321481752446,0.8566800111076552
rec2018-02-08_15h23m00.916s.wav,1,2018-02-08T15:23:00.916000,2018-02-08,2018-02-08#1,190,False,other_session,v1,2.591464496936392,3.2833706417817816,-1.66187056088735,-0.43924117135816443,-2.351277209551032,-2.38952066107674,-3.1355221781729825,2.2646095599663494,2.4354750317996863,3.2833706417817816,mean_rms,2.591464496936392,0.16174286199361979,3.2833706417817816,0.25964168448506375,1.66187056088735,0.06651643824597482,0.43924117135816443,0.004646657677448159,2.351277209551032,0.13315033562908588,2.38952066107674,0.13751693267804097,3.1355221781729825,0.23678508929076666,0.20712309844392723,0.25964168448506375,0.9250230518154183,0.9293822507992925,0.9549705227526288
rec2018-02-09_10h49m08.773s.wav,0,2018-02-09T10:49:08.773000,2018-02-09,2018-02-09#1,191,False,other_session,v1,0.1774975682833159,1.9546658094772915,-2.9247357612984306,-3.91153711892158,-1.7736873713457268,1.2860486898594603,-0.41634059771468523,1.7777875595572126,2.160676261096816,3.91153711892158,spectral_centroid_std,0.1774975682833159,0.0009640673486258818,1.9546658094772915,0.11691428875803718,2.9247357612984306,0.2617555083966165,3.91153711892158,0.4681849735363865,1.7736873713457268,0.09626683792639375,1.2860486898594603,0.05061012170600896,0.41634059771468523,0.005304202327931336,0.3143182175984926,0.4681849735363865,0.7999620794684253,0.7876870344289977,0.7477203136205408
rec2018-02-09_10h57m14.793s.wav,0,2018-02-09T10:57:14.793000,2018-02-09,2018-02-09#1,192,False,other_session,v1,-2.3784674149964276,2.734021786597926,-1.1219326621192618,2.3042634971478297,-0.020705527441925206,-2.321229821216668,-2.683556721123587,1.9377396329490892,2.147768237485788,2.734021786597926,mean_rms,2.3784674149964276,0.1751949328542281,2.734021786597926,0.23148937962336102,1.1219326621192618,0.03898169436869643,2.3042634971478297,0.16443391957726378,0.020705527441925206,1.32769929601038e-05,2.321229821216668,0.16686429265148295,2.683556721123587,0.2230225039320076,0.20156193035497588,0.23148937962336097,0.9315110812525281,0.9468873870596997,0.9815418202877105
rec2018-02-09_11h05m06.012s.wav,0,2018-02-09T11:05:06.012000,2018-02-09,2018-02-09#1,193,False,other_session,v1,-0.9584868687299005,0.8455437980136671,-0.24522639791453624,-2.713494184826575,-1.0487496796935052,-2.324736379864673,-1.8686867651066368,1.4292748677356417,1.6498092280112286,2.713494184826575,spectral_centroid_std,0.9584868687299005,0.04821773856814668,0.8455437980136671,0.037523791991736034,0.24522639791453624,0.0031562321615071073,2.713494184826575,0.38644909401727173,1.0487496796935052,0.057726893282211034,2.324736379864673,0.2836494377169176,1.8686867651066368,0.1832768122622098,0.2712158697773272,0.38644909401727173,0.8502481519264516,0.8460551934201356,0.8567316609205308
rec2018-02-09_11h05m43.714s.wav,0,2018-02-09T11:05:43.714000,2018-02-09,2018-02-09#1,194,False,other_session,v1,-1.2424829779832063,-1.6167385754207113,2.1115202872208543,2.5061815274037764,1.2211051827520374,1.874985655822514,-1.3066645173476776,1.6970969605643966,1.7570719385734601,2.5061815274037764,spectral_centroid_std,1.2424829779832063,0.07143380262231229,1.6167385754207113,0.1209490539381323,2.1115202872208543,0.20630672791979418,2.5061815274037764,0.29063500662837527,1.2211051827520374,0.06899681179011381,1.874985655822514,0.1626742351335181,1.3066645173476776,0.07900436196775407,0.21096374621234754,0.29063500662837527,0.9205422960855945,0.9097211068601715,0.8425248786380758
rec2018-05-02_17h33m50.393s.wav,0,2018-05-02T17:33:50.393000,2018-05-02,2018-05-02#1,195,False,other_session,v1,-0.39049465022329477,5.75198969908665,-4.126421234352825,-0.18586535168625673,-6.874284498190313,-3.289528160084283,0.08072573499264604,2.9570441898023243,3.9348819046512786,6.874284498190313,spectral_flatness_mean,0.39049465022329477,0.0014069178234531023,5.75198969908665,0.30526341185038797,4.126421234352825,0.15710343252958542,0.18586535168625673,0.0003187391647470581,6.874284498190313,0.4360070968650751,3.289528160084283,0.09984027573104569,0.08072573499264604,6.0126035705657174e-05,0.3321021194019642,0.43600709686507505,0.7792141940310418,0.8111668880841223,0.8367401291873922
rec2018-05-02_17h34m27.816s.wav,0,2018-05-02T17:34:27.816000,2018-05-02,2018-05-02#1,196,False,other_session,v1,0.4614936775366178,0.7898890474302626,-2.1650851995716973,-0.8443291265003913,-4.669420839410237,-1.497218912836771,-0.8806918476621773,1.615446950135451,2.1063902872629967,4.669420839410237,spectral_flatness_mean,0.4614936775366178,0.0068573415932228505,0.7898890474302626,0.02008891387337017,2.1650851995716973,0.15092954240494771,0.8443291265003913,0.022953441770673905,4.669420839410237,0.702021329266401,1.497218912836771,0.07217634436801432,0.8806918476621773,0.024973086723370074,0.41292604493129104,0.7020213292664009,0.6849196142468272,0.5896115522295441,0.46367317790211315
rec2018-05-02_17h35m57.328s.wav,0,2018-05-02T17:35:57.328000,2018-05-02,2018-05-02#1,197,False,other_session,v1,0.4614936775366188,3.561397617235423,-2.9207977501405504,0.0636585686121888,-4.484242860886694,0.32841484536728005,-0.3439545823298965,1.737708557444093,2.4426635466174713,4.484242860886694,spectral_flatness_mean,0.4614936775366188,0.005099248404766891,3.561397617235423,0.30367957654557154,2.9207977501405504,0.20425731954157825,0.0636585686121888,9.702605993994107e-05,4.484242860886694,0.48145190378611924,0.32841484536728005,0.002582380408638734,0.3439545823298965,0.0028325452533854963,0.36864992132285307,0.48145190378611913,0.7365750917900047,0.7777999607329602,0.7942026620144316
rec2018-05-02_17h38m14.494s.wav,0,2018-05-02T17:38:14.494000,2018-05-02,2018-05-02#1,198,False,other_session,v1,0.8164888141032466,3.6064666672444923,-3.2807140586119554,-4.725037383462356,-5.991222336635623,-3.676691286986223,-1.3327596666363508,3.3470543162400355,3.740728940628835,5.991222336635623,spectral_flatness_mean,0.8164888141032466,0.006805968884396072,3.6064666672444923,0.13278631715322428,3.2807140586119554,0.10988192017027887,4.725037383462356,0.22792920645833947,5.991222336635623,0.3664547489425461,3.676691286986223,0.13800785711093988,1.3327596666363508,0.01813398128027535,0.2557140770261345,0.3664547489425461,0.8683335768028431,0.8597302636488356,0.7886599959025565
rec2018-05-02_17h38m56.671s.wav,0,2018-05-02T17:38:56.671000,2018-05-02,2018-05-02#1,199,False,other_session,v1,-1.3134820052965333,-0.5422051739212336,-0.548318921882985,-0.8540031559231408,-5.0678735308034595,-1.8205328408327741,0.03166025238253542,1.4540108401489515,2.139688921970944,5.0678735308034595,spectral_flatness_mean,1.3134820052965333,0.05383304406617877,0.5422051739212336,0.009173350732562601,0.548318921882985,0.009381389120929307,0.8540031559231408,0.02275724236936462,5.0678735308034595,0.8014053191479025,1.8205328408327741,0.10341837725059923,0.03166025238253542,3.127731246313057e-05,0.4979205883346487,0.8014053191479025,0.5857593136095766,0.4813458157369264,0.35923012477861643
rec2018-05-02_17h40m15.391s.wav,0,2018-05-02T17:40:15.391000,2018-05-02,2018-05-02#1,200,False,other_session,v1,-0.6034917321632727,0.9597479637392613,-4.136966546606925,4.493489358025955,-3.974828026776252,6.96885085763213,0.8169063499675051,3.1363258335587574,3.8474988786058284,6.96885085763213,spectral_flatness_std,0.6034917321632727,0.0035146946912985796,0.9597479637392613,0.008889131990226753,4.136966546606925,0.16516155919744438,4.493489358025955,0.19485537544402323,3.974828026776252,0.152469031961111,6.96885085763213,0.4686701528486788,0.8169063499675051,0.0064400538672170875,0.3174256041468865,0.4686701528486788,0.7963367951619658,0.7873276456955779,0.6447963157519414
rec2018-05-02_17h40m35.031s.wav,0,2018-05-02T17:40:35.031000,2018-05-02,2018-05-02#1,201,False,other_session,v1,2.0234722784297863,-0.9809369083095085,-1.9885836887370485,-0.863884923319478,-8.051871878388033,-1.749611946388902,-0.15470087297191146,2.2590089280778094,3.331133539299636,8.051871878388033,spectral_flatness_mean,2.0234722784297863,0.052712351624425655,0.9809369083095085,0.012387966565139255,1.9885836887370485,0.050910295675005775,0.863884923319478,0.009607926300439636,8.051871878388033,0.8346638134515358,1.749611946388902,0.039409538080064206,0.15470087297191146,0.0003081083033897315,0.5091911753430088,0.8346638134515356,0.5726102954331564,0.4391949654081603,0.2513045797289662
rec2018-05-02_17h41m00.892s.wav,0,2018-05-02T17:41:00.892000,2018-05-02,2018-05-02#1,202,False,other_session,v1,1.2424829779832025,1.9619089034621406,-3.1341195409169,-2.5050963698312425,-6.617565725700201,-2.4958515603675666,-0.8009040335616844,2.6797041588318486,3.2105620787663485,6.617565725700201,spectral_flatness_mean,1.2424829779832025,0.02139541484788595,1.9619089034621406,0.05334546346623314,3.1341195409169,0.1361353558450169,2.5050963698312425,0.08697384932819735,6.617565725700201,0.6069268395126081,2.4958515603675666,0.08633309711652525,0.8009040335616844,0.008889979883533362,0.352787649758694,0.6069268395126081,0.7550810752815236,0.6771893043322209,0.473606106962433
rec2018-05-02_17h42m58.720s.wav,0,2018-05-02T17:42:58.720000,2018-05-02,2018-05-02#1,203,False,other_session,v1,-0.03549951365666791,-3.8755710584884775,-2.358311441306149,2.9668175233261564,-7.938753600530886,-2.656961251716558,0.7896627369129738,2.9459395894196954,3.7813786105997336,7.938753600530886,spectral_flatness_mean,0.03549951365666791,1.2590600383078963e-05,3.8755710584884775,0.15006279859868996,2.358311441306149,0.05556533657879955,2.9668175233261564,0.08793936076372157,7.938753600530886,0.6296602520095133,2.656961251716558,0.07052970625926289,0.7896627369129738,0.006229955189629702,0.3849731546742612,0.6296602520095133,0.7175313195466952,0.6573150228940721,0.4881838199675712
rec2018-05-02_17h42m58.720s.wav,1,2018-05-02T17:42:58.720000,2018-05-02,2018-05-02#1,204,False,other_session,v1,-1.810475196489816,-7.506192093328981,0.0020224908852465224,0.8645212575332876,-7.517854642531937,5.621822489133917,1.69009800450566,3.573283739201264,4.649847909412284,7.517854642531937,spectral_flatness_mean,1.810475196489816,0.02165756482006991,7.506192093328981,0.3722749491247827,0.0020224908852465224,2.702698560257756e-08,0.8645212575332876,0.004938281210576885,7.517854642531937,0.3734326727052514,5.621822489133917,0.20882318777867925,1.69009800450566,0.01887331733365426,0.30055806172489574,0.3734326727052513,0.8160155946542883,0.8549825817975514,0.9984486865259439
rec2018-05-02_17h42m58.720s.wav,2,2018-05-02T17:42:58.720000,2018-05-02,2018-05-02#1,205,False,other_session,v1,-2.5914644969364056,-7.037700868153614,0.42074775941488135,3.1498303046277116,-7.464703577267419,4.5951574408907865,2.4097055097060482,3.9527585652852664,4.613448252044488,7.464703577267419,spectral_flatness_mean,2.5914644969364056,0.04507556504785564,7.037700868153614,0.3324392240108777,0.42074775941488135,0.001188212937226941,3.1498303046277116,0.06659244594961095,7.464703577267419,0.3740036029732147,4.5951574408907865,0.14172662482012618,2.4097055097060482,0.03897432426108776,0.26978278782047416,0.3740036029732147,0.8519200808761135,0.8545929615112581,0.9427970977422098
rec2018-05-03_09h32m11.296s.wav,0,2018-05-03T09:32:11.296000,2018-05-03,2018-05-03#1,206,False,other_session,v1,-0.10649854096999092,1.4018199655941463,-1.8066192135924177,5.372458244943552,-3.152619346102027,-0.7983777748260262,0.8976945072191858,1.933726799035335,2.5491144953491696,5.372458244943552,spectral_centroid_std,0.10649854096999092,0.0002493506994689646,1.4018199655941463,0.04320238842213573,1.8066192135924177,0.0717557196222006,5.372458244943552,0.6345551490200526,3.152619346102027,0.2185074996188669,0.7983777748260262,0.01401329136744423,0.8976945072191858,0.01771660124983104,0.3968988977009629,0.6345551490200526,0.7036179526822098,0.6529566035681635,0.5868113259082485
rec2018-05-03_09h32m39.426s.wav,0,2018-05-03T09:32:39.426000,2018-05-03,2018-05-03#1,207,False,other_session,v1,-1.2424829779832043,2.425669252621254,-3.8479991188825844,-4.205122263418405,-3.275165218303352,0.27445235195802026,0.07100690666181375,2.191699727118376,2.691915383524247,4.205122263418405,spectral_centroid_std,1.2424829779832043,0.030434070794282245,2.425669252621254,0.11599581420786222,3.8479991188825844,0.29191007138736363,4.205122263418405,0.3486072428865219,3.275165218303352,0.21146844788722108,0.27445235195802026,0.0014849542205545348,0.07100690666181375,9.939861619439981e-05,0.2740940031537763,0.3486072428865219,0.8468903296539276,0.8717558239738873,0.9150742541679372
rec2018-05-03_09h32m52.456s.wav,0,2018-05-03T09:32:52.456000,2018-05-03,2018-05-03#1,208,False,other_session,v1,-2.094471305743116,3.0736261717564397,-4.080130323660631,-2.058698625282923,-4.488729678661401,0.12157778511834638,0.4125079768102199,2.3328202667190108,2.80441818511297,4.488729678661401,spectral_flatness_mean,2.094471305743116,0.07968292000695869,3.0736261717564397,0.17160048138209277,4.080130323660631,0.3023879501851681,2.058698625282923,0.07698426359159473,4.488729678661401,0.3659850241842564,0.12157778511834638,0.0002684879909863712,0.4125079768102199,0.003090872658942778,0.27488062672462504,0.3659850241842564,0.8459726021546042,0.8600489163133112,0.9089721626715067
rec2018-05-03_09h33m56.681s.wav,0,2018-05-03T09:33:56.681000,2018-05-03,2018-05-03#1,209,False,other_session,v1,-0.39049465022329377,1.1525384711609516,-1.178736545112901,0.4758763096795748,-1.9796236474840612,-1.9463431751251141,-0.9285533212759364,1.1503094457231189,1.2909620950363652,1.9796236474840612,spectral_flatness_mean,0.39049465022329377,0.013070889862963711,1.1525384711609516,0.1138638436708784,1.178736545112901,0.11909909880793058,0.4758763096795748,0.01941168112394429,1.9796236474840612,0.335923390044867,1.9463431751251141,0.32472356895106436,0.9285533212759364,0.07390752753835163,0.24584982698653754,0.335923390044867,0.8798418685157062,0.88020227501845,0.9831884851440101
rec2018-05-03_11h21m20.915s.wav,0,2018-05-03T11:21:20.915000,2018-05-03,2018-05-03#2,210,False,other_session,v1,0.17749756828331195,3.917622639987788,-3.084838428448484,-0.3530156986675974,-4.457405168741825,1.987657649800718,0.10552641590958765,2.0119376528341872,2.6417121164886885,4.457405168741825,spectral_flatness_mean,0.17749756828331195,0.000644934781099503,3.917622639987788,0.3141782999357076,3.084838428448484,0.19480308415390057,0.3530156986675974,0.002551050298893841,4.457405168741825,0.40671969986142253,1.987657649800718,0.0808749737448714,0.10552641590958765,0.0002279572241045353,0.31649696801792343,0.4067196998614225,0.7974202039790893,0.8319617480159012,0.8789020723224047
rec2018-05-03_11h22m05.830s.wav,0,2018-05-03T11:22:05.830000,2018-05-03,2018-05-03#2,211,False,other_session,v1,-5.289427534842782,7.502776389149621,-5.082352919495555,7.280079975612189,-7.865029609797277,-1.704202418690482,2.056068071194594,5.254276702683215,5.7580997039176145,7.865029609797277,spectral_flatness_mean,5.289427534842782,0.12054825889155694,7.502776389149621,0.2425423632481567,5.082352919495555,0.11129438072731877,7.280079975612189,0.22835782577846706,7.865029609797277,0.2665289097067179,1.704202418690482,0.012513706176690785,2.056068071194594,0.01821455547109187,0.21384021476613307,0.2665289097067179,0.9171864161061781,0.9250493349053492,0.9539412769411056
rec2018-05-03_11h22m05.830s.wav,1,2018-05-03T11:22:05.830000,2018-05-03,2018-05-03#2,212,False,other_session,v1,-4.934432398276153,20.924289190708677,-10.467880456685513,-7.858627225325819,-12.392812937350985,-6.891151565653233,-3.334646539491831,9.543405759070314,10.991546714868658,20.924289190708677,mean_rms,4.934432398276153,0.028791132417943344,20.924289190708677,0.5177090624467449,10.467880456685513,0.12956922127765358,7.858627225325819,0.07302603431124365,12.392812937350985,0.18160346413686548,6.891151565653233,0.05615235097452456,3.334646539491831,0.013148734435024543,0.3132198552136628,0.5177090624467449,0.8012435022507268,0.750115164810576,0.5922692438629624
rec2018-05-03_11h22m59.308s.wav,0,2018-05-03T11:22:59.308000,2018-05-03,2018-05-03#2,213,False,other_session,v1,2.0234722784297863,4.549612706372913,-6.578595656706221,0.878223216928187,-6.583409893044318,-2.7064685443934406,0.07280868813877735,3.3417987120019497,4.1320035192116595,6.583409893044318,spectral_flatness_mean,2.0234722784297863,0.034259033949394,4.549612706372913,0.1731926474027472,6.578595656706221,0.3621153896855362,0.878223216928187,0.006453427309572364,6.583409893044318,0.3626455779013975,2.7064685443934406,0.061289568299623245,0.07280868813877735,4.435545172955507e-05,0.281431411233727,0.3626455779013975,0.8383300202273185,0.86231094108508,0.9992687320983639
rec2018-05-03_11h30m44.236s.wav,0,2018-05-03T11:30:44.236000,2018-05-03,2018-05-03#2,214,False,other_session,v1,-0.10649854096999092,1.733999974744942,-2.2396909826574025,2.642736444306357,-0.7986785959027713,-0.03925474436380511,0.724607633949734,1.1836381309850004,1.5204723946943315,2.642736444306357,spectral_centroid_std,0.10649854096999092,0.0007008614885728813,1.733999974744942,0.18579886402596296,2.2396909826574025,0.30997101377981207,2.642736444306357,0.4315713323349362,0.7986785959027713,0.03941749055983042,0.03925474436380511,9.522022157078737e-05,0.724607633949734,0.03244521758931467,0.3189604726943654,0.4315713323349363,0.7945461151899071,0.8143505258441074,0.8474893466893774
rec2018-05-03_11h31m05.117s.wav,0,2018-05-03T11:31:05.117000,2018-05-03,2018-05-03#2,215,False,other_session,v1,0.8164888141032447,3.2060158482797743,-3.813052068506186,-2.0807833585910136,-3.8293670452795325,-1.878878939345401,-0.4110537497755179,2.2908056891258104,2.623449754124152,3.8293670452795325,spectral_flatness_mean,0.8164888141032447,0.013837477797394943,3.2060158482797743,0.21334761301480998,3.813052068506186,0.3017879743364585,2.0807833585910136,0.08986905815226301,3.8293670452795325,0.30437603093208115,1.878878939345401,0.07327470104653376,0.4110537497755179,0.0035071447204586604,0.23880350814419918,0.30437603093208115,0.8880625738317677,0.900866969782945,0.9957395108433238
rec2018-05-03_11h31m22.631s.wav,0,2018-05-03T11:31:22.631000,2018-05-03,2018-05-03#2,216,False,other_session,v1,0.6034917321632678,5.454678994645092,-5.3702033750089715,3.336049904226812,-6.382917063198995,-3.629010767631302,1.1884293526997984,3.7092544556534635,4.232691682799502,6.382917063198995,spectral_flatness_mean,0.6034917321632678,0.0029040984810449586,5.454678994645092,0.2372504723072776,5.3702033750089715,0.22995886515686814,3.336049904226812,0.0887429308390151,6.382917063198995,0.32486811854925224,3.629010767631302,0.10501351707940669,1.1884293526997984,0.011261997587135397,0.24582980370972501,0.3248681185492522,0.8798652290053209,0.88749865447365,0.85457463110312
rec2018-05-03_11h31m40.430s.wav,0,2018-05-03T11:31:40.430000,2018-05-03,2018-05-03#2,217,False,other_session,v1,0.24849659559663695,5.45928589714894,-4.799251461645042,0.5206930440871558,-6.222700052980304,-3.645585155746691,-0.4776551261554254,3.053381047622885,3.8805362368731524,6.222700052980304,spectral_flatness_mean,0.24849659559663695,0.0005858134787577468,5.45928589714894,0.28274188583342424,4.799251461645042,0.2185070657455427,0.5206930440871558,0.0025720655077983465,6.222700052980304,0.367346755685124,3.645585155746691,0.12608196473893035,0.4776551261554254,0.002164449010422544,0.2911386219279207,0.36734675568512404,0.8270049410840925,0.8591248172999595,0.8773178605216985
rec2018-05-03_11h32m00.868s.wav,0,2018-05-03T11:32:00.868000,2018-05-03,2018-05-03#2,218,False,other_session,v1,0.6034917321632687,1.2209367631716017,-2.335720740532518,1.078775643347212,-2.4866151128868834,0.3077687270476095,1.2699073288140645,1.3290308639947368,1.5289995818764244,2.4866151128868834,spectral_flatness_mean,0.6034917321632687,0.022255116700808965,1.2209367631716017,0.09109060117291953,2.335720740532518,0.33337195432819827,1.078775643347212,0.07111308041212232,2.4866151128868834,0.37783689562969036,0.3077687270476095,0.005788102365391203,1.2699073288140645,0.09854424939086935,0.2672855386854422,0.37783689562969036,0.8548335382003175,0.8519723910425117,0.9393173589381183
rec2018-05-03_11h33m06.158s.wav,0,2018-05-03T11:33:06.158000,2018-05-03,2018-05-03#2,219,False,other_session,v1,0.6034917321632678,5.306489712657308,-6.322729414368295,3.3898616928908454,-5.5683905019204,-1.0767106641154016,1.4514217360557824,3.388442207738757,4.040226453652716,6.322729414368295,spectral_centroid_mean,0.6034917321632678,0.0031873752314770932,5.306489712657308,0.24643659382405297,6.322729414368295,0.3498643863888279,3.3898616928908454,0.10056677023656302,5.5683905019204,0.27136255035922974,1.0767106641154016,0.01014585317504288,1.4514217360557824,0.018436470784806487,0.2665670546579112,0.3498643863888279,0.8556717695657702,0.8709142031296965,0.8806941017065079
rec2018-05-03_11h34m12.944s.wav,0,2018-05-03T11:34:12.944000,2018-05-03,2018-05-03#2,220,False,other_session,v1,0.7454897867899226,4.869033969797771,-4.431357135622592,-0.09383414931274447,-6.754757350493025,-3.634525800629452,-0.16312258792002807,2.956017254366505,3.831674594191975,6.754757350493025,spectral_flatness_mean,0.7454897867899226,0.005407644299579589,4.869033969797771,0.23068020577676882,4.431357135622592,0.19107251764686986,0.09383414931274447,8.567351064249397e-05,6.754757350493025,0.4439603921299396,3.634525800629452,0.12853465419064514,0.16312258792002807,0.0002589124455545863,0.3264410362826237,0.44396039212993954,0.7858187910036055,0.8054271387583136,0.7208303299662397
rec2018-05-03_11h34m42.301s.wav,0,2018-05-03T11:34:42.301000,2018-05-03,2018-05-03#2,221,False,other_session,v1,-0.6034917321632727,4.2501593653771375,-4.892843284627718,0.44906389743566755,-6.53619885493028,-2.68515636976756,-0.8266140692522326,2.8919325105076963,3.6485786217684435,6.53619885493028,spectral_flatness_mean,0.6034917321632727,0.003908383678641757,4.2501593653771375,0.19384962773716394,4.892843284627718,0.25690771901447657,0.44906389743566755,0.0021640676069942318,6.53619885493028,0.45846380534180037,2.68515636976756,0.0773737606083712,0.8266140692522326,0.007332636012552075,0.3228784524427039,0.45846380534180026,0.7899751388168453,0.7948535884684883,0.7485762586517739
rec2018-05-03_11h35m02.168s.wav,0,2018-05-03T11:35:02.168000,2018-05-03,2018-05-03#2,222,False,other_session,v1,0.3904946502232889,5.0195962919430315,-4.520466143629593,0.35933311978020444,-5.400927064502538,-2.9525020419598187,-0.2696763260927573,2.7018565197330333,3.461473142986573,5.400927064502538,spectral_flatness_mean,0.3904946502232889,0.001818068340451101,5.0195962919430315,0.3004122284692726,4.520466143629593,0.24363880972438856,0.35933311978020444,0.0015394816737784008,5.400927064502538,0.3477896490161142,2.9525020419598187,0.10393466978980491,0.2696763260927573,0.000867092986190068,0.28556698091832255,0.3477896490161142,0.8335051889286238,0.8723027434026943,0.9293953115816369
rec2018-05-03_11h35m22.211s.wav,0,2018-05-03T11:35:22.211000,2018-05-03,2018-05-03#2,223,False,other_session,v1,0.7454897867899226,5.720156575870179,-5.072014085400712,0.9155701311485811,-5.959167839324773,-3.6598240076612654,-0.06645907478938673,3.1626687858549736,3.9415361714356982,5.959167839324773,spectral_flatness_mean,0.7454897867899226,0.0051103932768776054,5.720156575870179,0.3008754553947495,5.072014085400712,0.2365548349405646,0.9155701311485811,0.007708221030690091,5.959167839324773,0.3265443411297077,3.6598240076612654,0.12316613987723035,0.06645907478938673,4.0614350180291876e-05,0.2691744690874967,0.32654434112970765,0.8526297860645872,0.8863962255571759,0.9598918389448021
rec2018-05-03_11h35m39.758s.wav,0,2018-05-03T11:35:39.758000,2018-05-03,2018-05-03#2,224,False,other_session,v1,0.10649854096998501,2.729810195860088,-3.158588446633178,2.463816101084538,-5.09414563494175,2.186286705096759,1.2769695081204377,2.430873590386677,2.825169952697327,5.09414563494175,spectral_flatness_mean,0.10649854096998501,0.00020300190746153513,2.729810195860088,0.13337600527001153,3.158588446633178,0.17856604829715034,2.463816101084538,0.10864991246342282,5.09414563494175,0.4644676983578968,2.186286705096759,0.08555138216293934,1.2769695081204377,0.0291859515411175,0.29937183635707043,0.4644676983578968,0.8173995242500846,0.7904351239976121,0.6200428242506058
rec2018-05-03_11h35m58.563s.wav,0,2018-05-03T11:35:58.563000,2018-05-03,2018-05-03#2,225,False,other_session,v1,2.094471305743112,4.327759766781101,-3.851447055373303,-2.7383248861381992,-6.834813761970185,-3.291069635672484,-0.7069728167694236,3.40640846120683,3.845108419858206,6.834813761970185,spectral_flatness_mean,2.094471305743112,0.042387090755228105,4.327759766781101,0.18097186841536,3.851447055373303,0.14332852916496353,2.7383248861381992,0.07245272539126293,6.834813761970185,0.4513756744330768,3.291069635672484,0.10465474483364678,0.7069728167694236,0.004829367006461793,0.286636783907535,0.4513756744330768,0.8322570854412091,0.8000385697961132,0.6331935174095501
rec2018-05-03_11h36m16.780s.wav,0,2018-05-03T11:36:16.780000,2018-05-03,2018-05-03#2,226,False,other_session,v1,0.9584868687298966,3.5207962919190936,-3.8615246821582434,4.633294827536331,-4.863621164411991,-0.453030834393879,2.1941159550605507,2.926410089172855,3.345950431461681,4.863621164411991,spectral_flatness_mean,0.9584868687298966,0.011722906177181963,3.5207962919190936,0.1581775158189415,3.8615246821582434,0.19027449788908318,4.633294827536331,0.27393203692801377,4.863621164411991,0.30184392091034523,0.453030834393879,0.0026188973649311246,2.1941159550605507,0.061430224911503274,0.2374250369276892,0.30184392091034523,0.8896707902510292,0.9025050834231335,0.9526430350782664
rec2018-05-03_11h36m35.115s.wav,0,2018-05-03T11:36:35.115000,2018-05-03,2018-05-03#2,227,False,other_session,v1,1.8104751964898083,4.451681818494112,-4.20186039314156,0.30787533036427395,-6.575752805653766,-2.9706005491472784,0.32649592288060275,2.9492488594530575,3.6452964136586767,6.575752805653766,spectral_flatness_mean,1.8104751964898083,0.03523882525702948,4.451681818494112,0.2130514503363374,4.20186039314156,0.18981018003092529,0.30787533036427395,0.0010190278304397133,6.575752805653766,0.4648653983227366,2.9706005491472784,0.09486909930111131,0.32649592288060275,0.0011460189214200815,0.31851949520623013,0.46486539832273666,0.7950605889260648,0.7901415708319663,0.6769843621047618
rec2018-05-03_11h36m53.106s.wav,0,2018-05-03T11:36:53.106000,2018-05-03,2018-05-03#2,228,False,other_session,v1,1.2424829779832005,3.9660459922007263,-4.182152923531528,-0.5214671413782409,-5.688540067041203,-2.119467372369251,0.21984960932371153,2.562858011975409,3.205699827890509,5.688540067041203,spectral_flatness_mean,1.2424829779832005,0.021460367135324215,3.9660459922007263,0.2186612087730462,4.182152923531528,0.24313980852513592,0.5214671413782409,0.0037801597019092065,5.688540067041203,0.4498398181636083,2.119467372369251,0.06244673304798685,0.21984960932371153,0.000671904652989374,0.31708685272794723,0.44983981816360835,0.7967320051507284,0.8011576283577347,0.7351891476975749
rec2018-05-03_11h37m11.955s.wav,0,2018-05-03T11:37:11.955000,2018-05-03,2018-05-03#2,229,False,other_session,v1,1.1004849233565506,4.220681738896574,-4.240481759677265,-3.7496195821591796,-5.257245384988249,-2.429741132845467,-0.5460477039683939,3.0777574608416685,3.4827532843650295,5.257245384988249,spectral_flatness_mean,1.1004849233565506,0.01426345490080444,4.220681738896574,0.20980785793026036,4.240481759677265,0.21178097235849258,3.7496195821591796,0.16558879900443532,5.257245384988249,0.32551652150131216,2.429741132845467,0.06953069186183249,0.5460477039683939,0.0035117024428627593,0.24402022074635377,0.3255165215013121,0.881976409129254,0.8870723711072297,0.8065976474649078
rec2018-05-03_11h37m32.414s.wav,0,2018-05-03T11:37:32.414000,2018-05-03,2018-05-03#2,230,False,other_session,v1,0.6744907594765938,5.324826096880543,-6.013139047604919,-1.0098131962619767,-7.265841210455427,-2.952571468024326,-0.5029430180941791,3.3919463995425665,4.27199105624747,7.265841210455427,spectral_flatness_mean,0.6744907594765938,0.0035611748600364096,5.324826096880543,0.22194846608315694,6.013139047604919,0.28303737224891695,1.0098131962619767,0.00798221412992681,7.265841210455427,0.41325022176262505,2.952571468024326,0.0682404886032704,0.5029430180941791,0.001980062312067529,0.30601229899131865,0.413250221762625,0.8096523178434616,0.8273701758847755,0.8275902092316729
rec2018-05-03_11h37m50.903s.wav,0,2018-05-03T11:37:50.903000,2018-05-03,2018-05-03#2,231,False,other_session,v1,0.6744907594765966,3.4754652601479323,-4.037259984883843,-1.5731264190254877,-5.231767539605614,-2.089994380818691,0.3466366234597318,2.4898201382025564,3.0039882186363736,5.231767539605614,spectral_flatness_mean,0.6744907594765966,0.007202072986984991,3.4754652601479323,0.19121916322292745,4.037259984883843,0.25803519402012204,1.5731264190254877,0.039177142757918344,5.231767539605614,0.4333136675830752,2.089994380818691,0.06915056720872216,0.3466366234597318,0.001902192220249751,0.3001804633728923,0.4333136675830752,0.8164561260649591,0.8131015031878938,0.7716818368402093
rec2018-05-03_11h38m07.740s.wav,0,2018-05-03T11:38:07.740000,2018-05-03,2018-05-03#2,232,False,other_session,v1,0.4614936775366178,3.1991622182537447,-3.905253273524719,-1.0926765938536775,-5.139521894737788,-1.2049568769673926,0.921169508634871,2.2748905776441157,2.8185031546072823,5.139521894737788,spectral_flatness_mean,0.4614936775366178,0.0038299792463009625,3.1991622182537447,0.18405068319273818,3.905253273524719,0.2742605355501243,1.0926765938536775,0.021470798188927335,5.139521894737788,0.47501831037702474,1.2049568769673926,0.026110062944592404,0.921169508634871,0.01525963050029224,0.3227484524967032,0.4750183103770247,0.790126805420513,0.7826101442566862,0.7598475798932188
rec2018-05-03_11h38m25.235s.wav,0,2018-05-03T11:38:25.235000,2018-05-03,2018-05-03#2,233,False,other_session,v1,0.9584868687298966,3.029462362300303,-3.5473718943818944,-1.0197091773091447,-5.305042307329207,-2.550768119772473,0.03670587532067625,2.3496495150205137,2.887688958570363,5.305042307329207,spectral_flatness_mean,0.9584868687298966,0.01573886717510275,3.029462362300303,0.1572288572283807,3.5473718943818944,0.21558303269820497,1.0197091773091447,0.01781368593876905,5.305042307329207,0.48214630057984936,2.550768119772473,0.11146617443980791,0.03670587532067625,2.3081939885223562e-05,0.3225430779852709,0.48214630057984936,0.7903664090171841,0.7772790035267318,0.6686792845140944
rec2018-05-03_11h38m46.135s.wav,0,2018-05-03T11:38:46.135000,2018-05-03,2018-05-03#2,234,False,other_session,v1,1.668477141863158,3.612433769700602,-3.1725095524066855,2.945620596515735,-5.036710037565178,-2.667140306031689,0.619184373468217,2.8174393967930382,3.103925302282312,5.036710037565178,spectral_flatness_mean,1.668477141863158,0.041278124827165655,3.612433769700602,0.19349922263739036,3.1725095524066855,0.14924002547427442,2.945620596515735,0.12865689127695526,5.036710037565178,0.3761606275362835,2.667140306031689,0.10548025297885352,0.619184373468217,0.0056848552690773446,0.2553843770998099,0.3761606275362834,0.8687182267168884,0.8531193358538238,0.7172209126112226
rec2018-05-03_11h39m04.979s.wav,0,2018-05-03T11:39:04.979000,2018-05-03,2018-05-03#2,235,False,other_session,v1,0.3904946502232889,1.6180169060723202,-2.0657468157711403,-0.11988230448537023,-2.516957962283077,-0.6774912672013927,-0.6849943625640541,1.1533691812286633,1.430056718743553,2.516957962283077,spectral_flatness_mean,0.3904946502232889,0.010651863962828922,1.6180169060723202,0.18287803416994997,2.0657468157711403,0.2980915178863902,0.11988230448537023,0.0010039350110468508,2.516957962283077,0.44253472902330104,0.6774912672013927,0.03206290273989006,0.6849943625640541,0.03277701720659294,0.31175223773558625,0.44253472902330104,0.802955722641816,0.8064590190907505,0.8207315524242396
rec2018-05-03_11h39m23.236s.wav,0,2018-05-03T11:39:23.236000,2018-05-03,2018-05-03#2,236,False,other_session,v1,0.8874878414165707,1.2682560493871726,-0.4221557911996933,7.706246774927256,-2.518352989160551,-0.4061329854378925,0.8376247209438262,2.0066081646389944,3.14345633014272,7.706246774927256,spectral_centroid_std,0.8874878414165707,0.01138706818280429,1.2682560493871726,0.02325417745342397,0.4221557911996933,0.002576514553782615,7.706246774927256,0.8585644888086642,2.518352989160551,0.09168964780484684,0.4061329854378925,0.0023846443919519292,0.8376247209438262,0.010143458804526313,0.5486334680673639,0.8585644888086641,0.526594287254742,0.4062118860765794,0.3267937119992272
rec2018-05-03_11h39m41.633s.wav,0,2018-05-03T11:39:41.633000,2018-05-03,2018-05-03#2,237,False,other_session,v1,-0.03549951365666791,7.495838550700061,-5.490861250674963,-1.6867809577341866,-7.2231095481686385,-0.2931849143751051,-1.2689064566606807,3.3563115988529,4.520635789699542,7.495838550700061,mean_rms,0.03549951365666791,8.809428367308349e-06,7.495838550700061,0.392774577217426,5.490861250674963,0.2107578993156804,1.6867809577341866,0.019889336758255566,7.2231095481686385,0.3647130683062086,0.2931849143751051,0.0006008778049031772,1.2689064566606807,0.011255431169159006,0.3190508530368338,0.392774577217426,0.7944406714570272,0.8416826361004502,0.9636159449424173
rec2018-05-03_11h40m00.485s.wav,0,2018-05-03T11:40:00.485000,2018-05-03,2018-05-03#2,238,False,other_session,v1,0.3904946502232928,3.615469951193361,-4.327588178308342,-1.5498324320395536,-4.554765461133289,-0.026096335577909593,-0.3792035856048946,2.1204929420115204,2.8092824155510354,4.554765461133289,spectral_flatness_mean,0.3904946502232928,0.0027602049811530738,3.615469951193361,0.23661412737262108,4.327588178308342,0.3390025850892358,1.5498324320395536,0.04347911023090555,4.554765461133289,0.3755287536798747,0.026096335577909593,1.2327363867425744e-05,0.3792035856048946,0.0026028912823424116,0.3068535467723162,0.3755287536798747,0.8086708620989644,0.8535512798733769,0.9501231655584694
rec2018-05-03_11h40m20.470s.wav,0,2018-05-03T11:40:20.470000,2018-05-03,2018-05-03#2,239,False,other_session,v1,0.6744907594765938,2.74100172925925,-3.1781391918572726,-3.9959033367484995,-4.596193429534089,-1.6666570199692528,-0.23727229662372254,2.4413796804955257,2.8783645721269453,4.596193429534089,spectral_flatness_mean,0.6744907594765938,0.007844447616514753,2.74100172925925,0.12954748253381765,3.1781391918572726,0.17416311619283123,3.9959033367484995,0.2753216137838136,4.596193429534089,0.3642562010933201,1.6666570199692528,0.04789639542401381,0.23727229662372254,0.0009707433556887871,0.2689459024369135,0.3642562010933201,0.8528964471569342,0.8612207026798996,0.8693940753388962
rec2018-05-03_11h40m45.441s.wav,0,2018-05-03T11:40:45.441000,2018-05-03,2018-05-03#2,240,False,other_session,v1,0.03549951365665806,2.8852378935869605,-3.1404805608352113,-1.3803160588747931,-5.13389104667704,-1.909100973044907,-0.44855841841099287,2.1332977807266524,2.6805238547874106,5.13389104667704,spectral_flatness_mean,0.03549951365665806,2.505575036919861e-05,2.8852378935869605,0.16551061857969226,3.1404805608352113,0.19608971984409074,1.3803160588747931,0.03788084763472609,5.13389104667704,0.5240297006207545,1.909100973044907,0.07246368325141622,0.44855841841099287,0.004000374318951075,0.3437930762850795,0.5240297006207545,0.7655747443340739,0.745183656965932,0.6117154673291941
rec2018-05-03_11h41m04.101s.wav,0,2018-05-03T11:41:04.101000,2018-05-03,2018-05-03#2,241,False,other_session,v1,0.3904946502232889,3.5020529003154772,-3.1949286026623844,4.365282227588397,-6.183850381102335,-2.1718585586782395,0.07050382557414465,2.839853020877752,3.4773155536019527,6.183850381102335,spectral_flatness_mean,0.3904946502232889,0.0018015400884508123,3.5020529003154772,0.14489692129221174,3.1949286026623844,0.12059687899566356,4.365282227588397,0.22513261110974722,6.183850381102335,0.45178488840502307,2.1718585586782395,0.05572843293268617,0.07050382557414465,5.872717621758529e-05,0.3110749714178119,0.45178488840502307,0.8037458666792194,0.7997401433345749,0.705916533965403
rec2018-05-03_11h41m23.831s.wav,0,2018-05-03T11:41:23.831000,2018-05-03,2018-05-03#2,242,False,other_session,v1,-0.035499513656662984,4.25172072989672,-4.297788155781375,-2.341197668815453,-6.1461197075053215,-2.923377265513978,-1.3547706544767266,3.0500676708066052,3.589407124914036,6.1461197075053215,spectral_flatness_mean,0.035499513656662984,1.3973375358942128e-05,4.25172072989672,0.20044073198310652,4.297788155781375,0.2048078168594357,2.341197668815453,0.060776079978443386,6.1461197075053215,0.418850027549231,2.923377265513978,0.09476026124128616,1.3547706544767266,0.020351109013138184,0.2878680723959127,0.418850027549231,0.8308205822047685,0.823412594749779,0.6992685402032017
rec2018-05-03_11h41m45.507s.wav,0,2018-05-03T11:41:45.507000,2018-05-03,2018-05-03#2,243,False,other_session,v1,-0.035499513656662984,6.889072415845897,-3.2825773374226035,7.63409390991076,-5.417345353669697,0.14700779319446616,1.139348529026027,3.506420693246587,4.585421616547632,7.63409390991076,spectral_centroid_std,0.035499513656662984,8.562256197347812e-06,6.889072415845897,0.3224518789163469,3.2825773374226035,0.07321049540919147,7.63409390991076,0.3959664665640312,5.417345353669697,0.1993960070203184,0.14700779319446616,0.00014683315428864067,1.139348529026027,0.008819756679625897,0.31102509929097966,0.3959664665640312,0.8038040508271904,0.8394675628090881,0.9024086547982257
rec2018-05-03_11h42m07.338s.wav,0,2018-05-03T11:42:07.338000,2018-05-03,2018-05-03#2,244,False,other_session,v1,0.5324927048499437,3.1292926179542273,-4.208340822115827,0.9085628012920847,-5.365467537960676,-1.9205492226015322,-0.2730159169512689,2.3339602319607944,2.955936605659227,5.365467537960676,spectral_flatness_mean,0.5324927048499437,0.004635953306925685,3.1292926179542273,0.16010469946846534,4.208340822115827,0.2895566465598726,0.9085628012920847,0.013496514701153955,5.365467537960676,0.4706812214368336,1.9205492226015322,0.060306290197112186,0.2730159169512689,0.0012186743296366141,0.3284097783970667,0.47068122143683366,0.7835219252034221,0.7858362265703718,0.7843381387254365
rec2018-05-03_11h42m25.033s.wav,0,2018-05-03T11:42:25.033000,2018-05-03,2018-05-03#2,245,False,other_session,v1,2.0234722784297863,1.6760283229530786,-1.7797770528890275,-0.8577905471890166,-2.7568782297451504,3.3431299633928546,0.6772677565004773,1.8734777358713417,2.071662862861791,3.3431299633928546,spectral_flatness_std,2.0234722784297863,0.1362882189703732,1.6760283229530786,0.09350320667218355,1.7797770528890275,0.10543747678255053,0.8577905471890166,0.024492116150166707,2.7568782297451504,0.2529874433223424,3.3431299633928546,0.3720234520667022,0.6772677565004773,0.01526808603568151,0.25492162817098224,0.3720234520667022,0.8692581004671873,0.8559435179509105,0.8246398614271242
rec2018-05-03_11h42m42.981s.wav,0,2018-05-03T11:42:42.981000,2018-05-03,2018-05-03#2,246,False,other_session,v1,0.8164888141032447,2.563096230257572,-3.9881704244426848,1.8293668360173736,-5.638908366382247,0.1832389782105027,0.275000204185593,2.184895693371317,2.888269175824593,5.638908366382247,spectral_flatness_mean,0.8164888141032447,0.011416345608322132,2.563096230257572,0.11250101816353802,3.9881704244426848,0.2723792666344207,1.8293668360173736,0.057309712855396426,5.638908366382247,0.5445235957443091,0.1832389782105027,0.0005749927277080843,0.275000204185593,0.0012950682663054787,0.36869418549295685,0.5445235957443091,0.736523450258217,0.7289644286920357,0.7072593071771043
rec2018-05-03_11h43m01.074s.wav,0,2018-05-03T11:43:01.074000,2018-05-03,2018-05-03#2,247,False,other_session,v1,0.6744907594765938,1.221574174155256,-1.654569194653382,5.460337967918554,-3.115401490338738,0.2720793907692988,1.8703475674985772,2.0384000778300573,2.6125527979765404,5.460337967918554,spectral_centroid_std,0.6744907594765938,0.009521904390044932,1.221574174155256,0.0312328411958442,1.654569194653382,0.05729829201134283,5.460337967918554,0.6240377414944013,3.115401490338738,0.20314206113286956,0.2720793907692988,0.0015493983919442587,1.8703475674985772,0.07321776138355278,0.38267673241143546,0.6240377414944014,0.7202104788533252,0.6622859162953705,0.5705510370681889
rec2018-05-03_11h43m19.240s.wav,0,2018-05-03T11:43:19.240000,2018-05-03,2018-05-03#2,248,False,other_session,v1,-0.46149367753661974,2.2235830708912117,-1.8080993883485363,2.0247083193725834,-3.2773098522517516,-2.0300482284759664,-1.898652358956737,1.9605564136904865,2.104169388958841,3.2773098522517516,spectral_flatness_mean,0.46149367753661974,0.006871824738498234,2.2235830708912117,0.15953180582643778,1.8080993883485363,0.1054836531344928,2.0247083193725834,0.13227126228959715,3.2773098522517516,0.3465577142645558,2.0300482284759664,0.13296987938971513,1.898652358956737,0.11631386035670313,0.23880318795262326,0.3465577142645557,0.8880629473886061,0.8731261840982769,0.6784781333273836
rec2018-05-03_11h43m36.628s.wav,0,2018-05-03T11:43:36.628000,2018-05-03,2018-05-03#2,249,False,other_session,v1,1.5974781145498302,1.6104124176031631,-1.8000964939108375,1.4597474064712037,-3.3820309072169237,-0.7001572500848895,0.5487688912606783,1.5855273544425035,1.802620112406148,3.3820309072169237,spectral_flatness_mean,1.5974781145498302,0.1121923821617931,1.6104124176031631,0.11401651351236206,1.8000964939108375,0.14245743071753159,1.4597474064712037,0.09368044821944073,3.3820309072169237,0.5028618394124384,0.7001572500848895,0.021551857947789535,0.5487688912606783,0.013239528028644596,0.30472339130941245,0.5028618394124383,0.8111560434723522,0.7615737132316797,0.5322531175187096
rec2018-05-03_11h43m55.823s.wav,0,2018-05-03T11:43:55.823000,2018-05-03,2018-05-03#2,250,False,other_session,v1,1.3134820052965264,3.1829731488304747,-3.175631601682201,-0.19998060031281803,-4.279957344002023,-2.333178155394095,-1.00726249990035,2.2132093364883554,2.5845008987508664,4.279957344002023,spectral_flatness_mean,1.3134820052965264,0.03689749134852648,3.1829731488304747,0.2166778586171052,3.175631601682201,0.2156794737093008,0.19998060031281803,0.0008553115178655898,4.279957344002023,0.3917666529681733,2.333178155394095,0.11642450181228259,1.00726249990035,0.021698710026746105,0.2762605722080965,0.39176665296817326,0.8443626657572207,0.8423808945703429,0.7436927270527887
rec2018-05-03_11h48m01.012s.wav,0,2018-05-03T11:48:01.012000,2018-05-03,2018-05-03#2,251,False,other_session,v1,0.035499513656662984,3.1119702434976446,-3.2725345382789883,2.8689040562267936,-3.0817598285979324,-0.7167213327688402,1.3089836629715805,2.056624739428349,2.4008951646024643,3.2725345382789883,spectral_centroid_mean,0.035499513656662984,3.123204146794071e-05,3.1119702434976446,0.24000839757485268,3.2725345382789883,0.2654141322857408,2.8689040562267936,0.20398001301017724,3.0817598285979324,0.2353711046452157,0.7167213327688402,0.01273081562348088,1.3089836629715805,0.04246430481906493,0.2273165955252494,0.26541413228574073,0.9014639718872091,0.9257520432959551,0.9509357982618012
rec2018-05-03_11h48m24.363s.wav,0,2018-05-03T11:48:24.363000,2018-05-03,2018-05-03#2,252,False,other_session,v1,-0.5324927048499467,2.1084643081211945,-2.7504905840836082,4.840378973188148,-2.77071078044202,2.472588947242336,1.6182409913161107,2.441909612749052,2.729020638392679,4.840378973188148,spectral_centroid_std,0.5324927048499467,0.005438957240052174,2.1084643081211945,0.08527482312916457,2.7504905840836082,0.1451137766453393,4.840378973188148,0.4494144697246611,2.77071078044202,0.1472552233740224,2.472588947242336,0.11727141543251507,1.6182409913161107,0.05023133445424532,0.2831729343482917,0.4494144697246611,0.8362982432603263,0.8014672702744814,0.5724160847300501
rec2018-05-03_11h48m41.938s.wav,0,2018-05-03T11:48:41.938000,2018-05-03,2018-05-03#2,253,False,other_session,v1,0.4614936775366178,2.774373995327985,-3.9232317995120622,2.0795391174649724,-5.275039081353229,-1.759867477853204,1.3692634631184488,2.5204012303095027,2.938036551726547,5.275039081353229,spectral_flatness_mean,0.4614936775366178,0.0035246750324575866,2.774373995327985,0.1273847916861961,3.9232317995120622,0.25472730941158445,2.0795391174649724,0.07156847434566789,5.275039081353229,0.46050986082903517,1.759867477853204,0.05125632943754107,1.3692634631184488,0.03102855925751779,0.2989908918308818,0.46050986082903517,0.8178439595306379,0.793350592339935,0.7437351153246089
rec2018-05-03_11h48m59.604s.wav,0,2018-05-03T11:48:59.604000,2018-05-03,2018-05-03#2,254,False,other_session,v1,1.2424829779832025,2.1053006444316993,-2.610082948100262,-0.7444651091647839,-5.012801090014194,-1.190488593605337,0.22707683731498773,1.8760997429449235,2.3886582545242216,5.012801090014194,spectral_flatness_mean,1.2424829779832025,0.03865225320687124,2.1053006444316993,0.11097423693374935,2.610082948100262,0.17056995678747747,0.7444651091647839,0.013876585555847802,5.012801090014194,0.6291509614519958,1.190488593605337,0.03548496637265765,0.22707683731498773,0.0012910396914006857,0.3817038215177784,0.6291509614519959,0.721345541562592,0.6577668368345566,0.520683526282283
rec2018-05-03_11h49m17.127s.wav,0,2018-05-03T11:49:17.127000,2018-05-03,2018-05-03#2,255,False,other_session,v1,0.9584868687298966,2.0485815929398177,-2.4073238833986683,1.0368213195441545,-5.30145867135927,-1.7948348915390087,1.1874877287922847,2.1049992794718713,2.5276362132788615,5.30145867135927,spectral_flatness_mean,0.9584868687298966,0.0205421150451588,2.0485815929398177,0.09383813215709479,2.4073238833986683,0.12958116238945047,1.0368213195441545,0.02403702193675787,5.30145867135927,0.6284396564598076,1.7948348915390087,0.07203139564352108,1.1874877287922847,0.031530516368209444,0.35978693491791774,0.6284396564598076,0.7469152425957626,0.6583973477039209,0.45408707916635355
rec2018-05-03_11h49m34.678s.wav,0,2018-05-03T11:49:34.678000,2018-05-03,2018-05-03#2,256,False,other_session,v1,0.3194956229099678,1.1404721058062486,-2.79015180448159,2.7839250113777525,-3.9178930695011975,-1.6302978306468128,0.7852122414444758,1.9096353837382922,2.253956997402528,3.9178930695011975,spectral_flatness_mean,0.3194956229099678,0.002870387521620056,1.1404721058062486,0.036574638567821414,2.79015180448159,0.2189103893164702,2.7839250113777525,0.21793439319207294,3.9178930695011975,0.43163421706883054,1.6302978306468128,0.07473853991807623,0.7852122414444758,0.01733743441510853,0.2930920817109488,0.43163421706883054,0.8247259046705598,0.8143054791782367,0.7121561908367283
rec2018-05-03_11h49m54.056s.wav,0,2018-05-03T11:49:54.056000,2018-05-03,2018-05-03#2,257,False,other_session,v1,0.1774975682833159,2.0342228871668446,-2.5824870177311463,3.4069607148328065,-5.3502277826541285,-1.7942404308617914,1.7369104667662707,2.4403638383280435,2.861250542536785,5.3502277826541285,spectral_flatness_mean,0.1774975682833159,0.0005497623561706612,2.0342228871668446,0.07220832260517276,2.5824870177311463,0.11637681784939193,3.4069607148328065,0.20254635661614023,5.3502277826541285,0.49949912109834704,1.7942404308617914,0.05617608397640668,1.7369104667662707,0.052643535498370725,0.3131984840377449,0.49949912109834704,0.8012684352892976,0.7641450726478112,0.63678797487435
rec2018-05-03_11h50m12.379s.wav,0,2018-05-03T11:50:12.379000,2018-05-03,2018-05-03#2,258,False,other_session,v1,0.24849659559663695,0.027280020538768934,-1.3313761462657183,6.173031194059409,-1.7418074215297232,-0.17144847985156308,3.197201453627337,1.8415201873527367,2.75750291110417,6.173031194059409,spectral_centroid_std,0.24849659559663695,0.0011601412993973589,0.027280020538768934,1.398168091876188e-05,1.3313761462657183,0.033302094127403224,6.173031194059409,0.7159240369156412,1.7418074215297232,0.056999398687788944,0.17144847985156308,0.0005522519758640203,3.197201453627337,0.1920480953129865,0.4788769654592045,0.7159240369156412,0.607976873630928,0.575692588915084,0.5179305519635395
rec2018-05-03_11h50m30.421s.wav,0,2018-05-03T11:50:30.421000,2018-05-03,2018-05-03#2,259,False,other_session,v1,1.1714839506698744,0.7984245068039796,-0.694791542833419,2.8110238833536627,-3.7865623165995452,-0.903523007109178,0.9723123828656629,1.5911602271764747,1.9454799728110084,3.7865623165995452,spectral_flatness_mean,1.1714839506698744,0.05179896920162419,0.7984245068039796,0.024061137143297738,0.694791542833419,0.018220382004158278,2.8110238833536627,0.2982479739783272,3.7865623165995452,0.5411761493476934,0.903523007109178,0.030812494757788897,0.9723123828656629,0.035682893567110435,0.33996417492148645,0.5411761493476933,0.7700417959249326,0.7316382251001455,0.7423683141383113
rec2018-05-03_11h50m48.244s.wav,0,2018-05-03T11:50:48.244000,2018-05-03,2018-05-03#2,260,False,other_session,v1,1.5264790872365044,1.0283532681244179,-1.305081277068783,6.259949855567104,-4.473035288019421,0.1525879131280748,3.665809584239885,2.630185181912027,3.3326811567695422,6.259949855567104,spectral_centroid_std,1.5264790872365044,0.029970648879792394,1.0283532681244179,0.013601884829852261,1.305081277068783,0.021907334857034375,6.259949855567104,0.5040297101642565,4.473035288019421,0.2573469803943654,0.1525879131280748,0.00029947094628874775,3.665809584239885,0.17284396992841045,0.3400059269382698,0.5040297101642565,0.7699930852386851,0.7606786475301955,0.714548102017376
rec2018-05-03_11h51m07.128s.wav,0,2018-05-03T11:51:07.128000,2018-05-03,2018-05-03#2,261,False,other_session,v1,3.1594567154430013,1.2234723723689505,-0.3641677684011639,1.3724078022275523,-4.733124586165988,-1.7155237487229615,-0.13179930993586136,1.8142789004664972,2.356087369849985,4.733124586165988,spectral_flatness_mean,3.1594567154430013,0.2568881063971669,1.2234723723689505,0.03852188330787283,0.3641677684011639,0.003412889185751275,1.3724078022275523,0.04847139673544999,4.733124586165988,0.5765208921417736,1.7155237487229615,0.07573779319336849,0.13179930993586136,0.00044703903861686707,0.372688374975155,0.5765208921417736,0.7318635625289859,0.7028932772248792,0.6675202940310266
rec2018-05-03_11h51m26.000s.wav,0,2018-05-03T11:51:26.000000,2018-05-03,2018-05-03#2,262,False,other_session,v1,1.7394761691764822,0.6314158117191174,-0.9618996502518488,2.251689389463271,-4.842621341775249,-0.2027146164741126,0.9742157327641113,1.657718958803456,2.199382714819007,4.842621341775249,spectral_flatness_mean,1.7394761691764822,0.08935879659102385,0.6314158117191174,0.011774195732269696,0.9618996502518488,0.027324981620507647,2.251689389463271,0.14973292464692828,4.842621341775249,0.6925663208112779,0.2027146164741126,0.0012135857630842233,0.9742157327641113,0.028029194834908393,0.41732227598119526,0.6925663208112779,0.6797906780219388,0.5988928332516392,0.4649732511685143
rec2018-05-03_11h51m43.422s.wav,0,2018-05-03T11:51:43.422000,2018-05-03,2018-05-03#2,263,False,other_session,v1,0.7454897867899197,0.6171144144566032,-0.41543156873618764,10.081188197479118,-3.2194480342482055,-0.41202118353268374,1.8557354688618304,2.47806123630065,4.083378945980351,10.081188197479118,spectral_centroid_std,0.7454897867899197,0.004761524086104132,0.6171144144566032,0.0032628264254552907,0.41543156873618764,0.0014786370386710857,10.081188197479118,0.8707350651395377,3.2194480342482055,0.08880254827460757,0.41202118353268374,0.0014544596590405987,1.8557354688618304,0.0295049393765837,0.5811679394359764,0.8707350651395377,0.4886374039913609,0.38834146143637494,0.31935204176163023
rec2018-05-03_11h52m00.607s.wav,0,2018-05-03T11:52:00.607000,2018-05-03,2018-05-03#2,264,False,other_session,v1,0.5324927048499418,0.6924271536880622,-1.036587527063533,-2.3055941135365803,-2.8700553666412687,-0.9545701482008747,-0.07909693723351593,1.2101177073162537,1.5263382915809367,2.8700553666412687,spectral_flatness_mean,0.5324927048499418,0.017387121358713325,0.6924271536880622,0.0294000820046956,1.036587527063533,0.06588890929035117,2.3055941135365803,0.3259613217120282,2.8700553666412687,0.5051041194641137,0.9545701482008747,0.05587480986882108,0.07909693723351593,0.00038363630127709683,0.33881655234140723,0.5051041194641136,0.7713806889350249,0.7598542803010768,0.8033273993019658
rec2018-05-03_11h52m17.833s.wav,0,2018-05-03T11:52:17.833000,2018-05-03,2018-05-03#2,265,False,other_session,v1,1.0294858960432245,0.7308647903442985,0.27922066353194497,4.215961265529859,-2.966853453729541,-0.5885461731547145,-0.6459058613560498,1.4938340148128046,2.0358255089024118,4.215961265529859,spectral_centroid_std,1.0294858960432245,0.036531008243407714,0.7308647903442985,0.01841174437682685,0.27922066353194497,0.0026872988485294076,4.215961265529859,0.6126523174764,2.966853453729541,0.3033982326434411,0.5885461731547145,0.011939384450579875,0.6459058613560498,0.01438001396081512,0.4031774446275765,0.6126523174764,0.6962929812678275,0.672239265151082,0.7037193339480716
rec2018-05-03_11h52m35.208s.wav,0,2018-05-03T11:52:35.208000,2018-05-03,2018-05-03#2,266,False,other_session,v1,-0.5324927048499457,1.228731890155137,-2.116555369080328,-0.14794989143288012,-4.070022035917627,-1.5229711012434153,0.6276621626490303,1.463769307904052,1.9113759620403343,4.070022035917627,spectral_flatness_mean,0.5324927048499457,0.011087587107536403,1.228731890155137,0.05903695917457919,2.116555369080328,0.1751737343590811,0.14794989143288012,0.0008559315240540809,4.070022035917627,0.6477437651030205,1.5229711012434153,0.0906970257375803,0.6276621626490303,0.01540499699414843,0.3972154056497787,0.6477437651030205,0.7032486934085915,0.6410659929990121,0.520035358629976
rec2018-05-03_15h21m36.500s.wav,0,2018-05-03T15:21:36.500000,2018-05-03,2018-05-03#3,267,False,other_session,v1,2.236469360369764,-1.346200301853885,2.5265762149685145,0.8237652538305102,-7.443220028046101,-2.691187216729239,0.43360987437808146,2.500146892882299,3.3103357093589456,7.443220028046101,spectral_flatness_mean,2.236469360369764,0.06520543366431392,1.346200301853885,0.023625295507199117,2.5265762149685145,0.08321903759841813,0.8237652538305102,0.008846364328929835,7.443220028046101,0.7222367727769048,2.691187216729239,0.09441602333054375,0.43360987437808146,0.002451072793690342,0.42530186921852475,0.7222367727769047,0.6704811525783878,0.5692601324763088,0.3615622279858487
rec2018-05-03_15h23m24.541s.wav,0,2018-05-03T15:23:24.541000,2018-05-03,2018-05-03#3,268,False,other_session,v1,1.2424829779832025,-4.260969036966841,5.78982421145827,1.1076042072927055,-5.935390817205948,-2.2556259870089064,0.5017003919375744,3.013371089979064,3.684269429299226,5.935390817205948,spectral_flatness_mean,1.2424829779832025,0.016247258497166354,4.260969036966841,0.1910803163806965,5.78982421145827,0.3528011166829283,1.1076042072927055,0.01291125291692699,5.935390817205948,0.37076423648874574,2.2556259870089064,0.05354678172032057,0.5017003919375744,0.0026490373132156283,0.2813835231599222,0.37076423648874574,0.8383858896467574,0.8568012551129521,0.9754748069283493
rec2018-05-03_15h24m03.886s.wav,0,2018-05-03T15:24:03.886000,2018-05-03,2018-05-03#3,269,False,other_session,v1,1.2424829779832005,-4.340423778030576,4.691539517795586,-2.140959582751199,-3.8898518114906393,1.7446978827615338,-0.5332849970061875,2.654748649688418,3.0574640334523857,4.691539517795586,spectral_centroid_mean,1.2424829779832005,0.02359174913173227,4.340423778030576,0.2879012259277776,4.691539517795586,0.3363643837028883,2.140959582751199,0.07004807156855401,3.8898518114906393,0.23123062845026193,1.7446978827615338,0.04651785860247317,0.5332849970061875,0.004346082616312625,0.2524607861434706,0.3363643837028883,0.8721290828326176,0.8799099683187084,0.9251598034220571
rec2018-05-03_15h24m37.045s.wav,0,2018-05-03T15:24:37.045000,2018-05-03,2018-05-03#3,270,False,other_session,v1,-0.17749756828331786,-3.0293769843153395,2.8088119571633476,-0.414298400876573,-2.6522119745748793,-0.2892856645498107,0.1505672498183612,1.3602928285116611,1.8674001455816642,3.0293769843153395,mean_rms,0.17749756828331786,0.0012906604394480193,3.0293769843153395,0.3759532351885684,2.8088119571633476,0.323200864568884,0.414298400876573,0.007031592549857016,2.6522119745748793,0.2881666026469684,0.2892856645498107,0.0034283172907892297,0.1505672498183612,0.0009287273154849646,0.31814336703515683,0.3759532351885684,0.7954994051256504,0.8532611317449484,0.9271912910496212
rec2018-05-03_15h25m08.571s.wav,0,2018-05-03T15:25:08.571000,2018-05-03,2018-05-03#3,271,False,other_session,v1,-0.17749756828331492,-2.545772686239558,1.7904417741990741,-0.9259329759574624,-2.772515790970207,0.10090183528660629,-0.046397195537351464,1.1942085466390822,1.6157561374879357,2.772515790970207,spectral_flatness_mean,0.17749756828331492,0.001723991604754486,2.545772686239558,0.35464151750786665,1.7904417741990741,0.175416618861492,0.9259329759574624,0.04691475297155657,2.772515790970207,0.42062820254089484,0.10090183528660629,0.0005571196321320145,0.046397195537351464,0.00011779688130326304,0.3316620748854999,0.4206282025408949,0.77972757930025,0.8221519103561635,0.9182175605747215
rec2018-05-03_15h27m21.669s.wav,0,2018-05-03T15:27:21.669000,2018-05-03,2018-05-03#3,272,False,other_session,v1,-0.39049465022329377,-1.978581001759261,1.969348879973499,-3.512716290435205,-0.4428412017997673,2.5702041634836603,-0.340678471734812,1.6006949513442141,1.9713265726996128,3.512716290435205,spectral_centroid_std,0.39049465022329377,0.005605508102929297,1.978581001759261,0.14391049838690195,1.969348879973499,0.14257064967407237,3.512716290435205,0.4535978187200823,0.4428412017997673,0.007209096670749255,2.5702041634836603,0.24283990448848067,0.340678471734812,0.004266523956784076,0.3134992163859235,0.4535978187200823,0.8009175808830893,0.7984166903899474,0.7316856674369302
rec2018-05-03_15h27m45.362s.wav,0,2018-05-03T15:27:45.362000,2018-05-03,2018-05-03#3,273,False,other_session,v1,-0.8164888141032506,-2.54023247370828,1.6322421888783156,-0.7755634838111823,-1.7227452113940018,0.3324220310272155,-0.20363569203979545,1.1461899849945774,1.3889858196221125,2.54023247370828,mean_rms,0.8164888141032506,0.04936359887227696,2.54023247370828,0.4778078309931683,1.6322421888783156,0.1972765816289936,0.7755634838111823,0.04453905945421195,1.7227452113940018,0.21975989496678794,0.3324220310272155,0.008182498479148252,0.20363569203979545,0.0030705356054130392,0.31660576181758737,0.4778078309931683,0.7972932778794813,0.7805281527111224,0.678184075365002
rec2018-05-03_15h28m15.159s.wav,0,2018-05-03T15:28:15.159000,2018-05-03,2018-05-03#3,274,False,other_session,v1,-0.31949562290996686,-3.3614166460935864,5.181982362869991,0.20929382167614638,1.0690364284559255,0.7592946972545,-1.966096964835854,1.8380880777279958,2.50379280955806,5.181982362869991,spectral_centroid_mean,0.31949562290996686,0.002326135501898434,3.3614166460935864,0.2574837805153042,5.181982362869991,0.6119233778393076,0.20929382167614638,0.0009982010001105964,1.0690364284559255,0.02604295096070417,0.7592946972545,0.013137898974007536,1.966096964835854,0.08808765520866753,0.4027463121412301,0.6119233778393076,0.6967959691685649,0.6728715027310003,0.6486738878501119
rec2018-05-03_15h28m42.685s.wav,0,2018-05-03T15:28:42.685000,2018-05-03,2018-05-03#3,275,False,other_session,v1,0.035499513656661014,1.5373885101056581,-1.1999963324503582,4.653357942354085,-5.419711892960394,0.29930742543755534,0.21715857515655437,1.908917170303038,2.8022586494372543,5.419711892960394,spectral_flatness_mean,0.035499513656661014,2.292610778374115e-05,1.5373885101056581,0.042998448494661154,1.1999963324503582,0.02619662605335667,4.653357942354085,0.39392944479451214,5.419711892960394,0.5343649007900213,0.29930742543755534,0.0016297481842938927,0.21715857515655437,0.0008579055753709734,0.4055935837248972,0.5343649007900213,0.6934741523209533,0.737048810512783,0.8585987658123087
rec2018-05-03_15h29m02.811s.wav,0,2018-05-03T15:29:02.811000,2018-05-03,2018-05-03#3,276,False,other_session,v1,-0.17749756828331886,-2.532271269000567,0.8688799956622854,9.711908802194944,-3.7446655055090745,-0.2008406551239349,2.269044883997826,2.786444097110279,4.152992889782067,9.711908802194944,spectral_centroid_std,0.17749756828331886,0.0002609542654492981,2.532271269000567,0.053112903068370264,0.8688799956622854,0.0062531548273086135,9.711908802194944,0.7812477436174597,3.7446655055090745,0.11614637109744873,0.2008406551239349,0.0003341048988055767,2.269044883997826,0.04264476822515778,0.4979161593837627,0.7812477436174597,0.5857644807189435,0.5051840909803379,0.38557461584305236
rec2018-05-03_15h29m32.895s.wav,0,2018-05-03T15:29:32.895000,2018-05-03,2018-05-03#3,277,False,other_session,v1,-0.17749756828331492,-4.475982966050589,5.8480560277460425,0.27599848499582236,2.384472354444543,1.6556719724366529,-2.271603138613974,2.44132607322442,3.115147377281388,5.8480560277460425,spectral_centroid_mean,0.17749756828331492,0.00046379875592482135,4.475982966050589,0.2949318088198275,5.8480560277460425,0.5034632948834219,0.27599848499582236,0.001121393825442775,2.384472354444543,0.08370074958659061,1.6556719724366529,0.04035462892864793,2.271603138613974,0.07596432520014447,0.3422060594670486,0.5034632948834218,0.7674262639551099,0.7611128842924733,0.7653796312508521
rec2018-05-03_15h29m50.911s.wav,0,2018-05-03T15:29:50.911000,2018-05-03,2018-05-03#3,278,False,other_session,v1,-0.6744907594765966,-2.510268309669551,1.5036187341046061,5.126278906019903,-0.41575386614481136,3.3201564447393053,0.5133442592568617,2.0091301827730907,2.584453573478921,5.126278906019903,spectral_centroid_std,0.6744907594765966,0.009730081957602183,2.510268309669551,0.13477358378078055,1.5036187341046061,0.04835483950623968,5.126278906019903,0.5620422353248321,0.41575386614481136,0.00369689471974561,3.3201564447393053,0.23576622293324848,0.5133442592568617,0.0056361417775515855,0.36449880862974005,0.562042235324832,0.7414180565986366,0.7148081738860871,0.6476737816275216
rec2018-05-03_15h30m09.333s.wav,0,2018-05-03T15:30:09.333000,2018-05-03,2018-05-03#3,279,False,other_session,v1,0.8164888141032447,-2.277755987132817,2.5874997103926187,-0.9106937555580396,-2.8749873481819237,0.41220939325440065,0.8504064719850619,1.532863068658301,1.7943563984200488,2.8749873481819237,spectral_flatness_mean,0.8164888141032447,0.029579104603973408,2.277755987132817,0.23019661779963346,2.5874997103926187,0.2970606755721927,0.9106937555580396,0.03679842764037039,2.8749873481819237,0.36673842909269494,0.41220939325440065,0.007539114042251965,0.8504064719850619,0.03208763124888301,0.26793813923065923,0.366738429092695,0.8540721708975643,0.8595377630206381,0.9000038598531206
rec2018-05-03_15h30m28.140s.wav,0,2018-05-03T15:30:28.140000,2018-05-03,2018-05-03#3,280,False,other_session,v1,-0.6034917321632707,-2.021086373096477,0.6386394342702052,-1.642345805183339,-2.297339327478326,-0.3214630182688105,0.10923207628719592,1.090513966678232,1.359999504899965,2.297339327478326,spectral_flatness_mean,0.6034917321632707,0.028129830076076452,2.021086373096477,0.3154962541403348,0.6386394342702052,0.031501840086154274,1.642345805183339,0.2083308906695449,2.297339327478326,0.4076380860928784,0.3214630182688105,0.007981536344079478,0.10923207628719592,0.0009215625909315206,0.3009510584230235,0.40763808609287844,0.8155570985064725,0.8313175684167324,0.8797509139909786
rec2018-05-03_15h30m45.469s.wav,0,2018-05-03T15:30:45.469000,2018-05-03,2018-05-03#3,281,False,other_session,v1,-0.24849659559664383,-2.388630411444738,1.5624475956721575,0.06296647315278583,-1.5836619788662443,-0.31643179815760586,-0.763792413557268,0.9894896094924919,1.2763791568151026,2.388630411444738,mean_rms,0.24849659559664383,0.0054148127066426955,2.388630411444738,0.500311479191121,1.5624475956721575,0.2140688485063414,0.06296647315278583,0.00034766525461610667,1.5836619788662443,0.21992142106213705,0.31643179815760586,0.008780167300003156,0.763792413557268,0.05115560597913869,0.34485750294608436,0.5003114791911208,0.7643329132295683,0.7635246826027907,0.6630000067312143
rec2018-05-03_15h31m15.084s.wav,0,2018-05-03T15:31:15.084000,2018-05-03,2018-05-03#3,282,False,other_session,v1,-0.7454897867899246,-3.8662952667245785,2.0987509812995824,2.4187446143198525,0.34762351373468015,2.8800375023632445,0.15656243169694137,1.7876434424184002,2.210334338635255,3.8662952667245785,mean_rms,0.7454897867899246,0.01625060052511337,3.8662952667245785,0.43709521693956777,2.0987509812995824,0.12879762148883597,2.4187446143198525,0.1710669251639059,0.34762351373468015,0.003533493596806668,2.8800375023632445,0.2425394031235719,0.15656243169694137,0.0007167391621983473,0.308969832652509,0.43709521693956777,0.8062018619054061,0.8103840119991493,0.7449088348606998
rec2018-05-03_15h31m38.884s.wav,0,2018-05-03T15:31:38.884000,2018-05-03,2018-05-03#3,283,False,other_session,v1,-0.24849659559664383,-3.180756829905685,1.7925961125836052,-0.317540612925002,-0.3396985162357445,1.7279607773074819,-0.771782462714073,1.196975986752605,1.567075945480274,3.180756829905685,mean_rms,0.24849659559664383,0.0035922186061863102,3.180756829905685,0.5885492467848579,1.7925961125836052,0.18693334270199435,0.317540612925002,0.005865707855301617,0.3396985162357445,0.006712884444316472,1.7279607773074819,0.1736959258866889,0.771782462714073,0.034650673720654564,0.3796181693472727,0.5885492467848579,0.7237788024281818,0.6928389991556475,0.5635753402239048
rec2018-05-03_15h31m59.455s.wav,0,2018-05-03T15:31:59.455000,2018-05-03,2018-05-03#3,284,False,other_session,v1,0.39049465022329183,-2.400748237502706,0.7889828987845346,-2.2698664621523936,-2.586748545516363,2.9669817155356,0.022965043299483064,1.632398221859196,1.970701175925947,2.9669817155356,spectral_flatness_std,0.39049465022329183,0.005609066453613919,2.400748237502706,0.2120086818871637,0.7889828987845346,0.02289789652454766,2.2698664621523936,0.1895226082932052,2.586748545516363,0.24613242787678893,2.9669817155356,0.32380991926773023,0.022965043299483064,1.9399696950316976e-05,0.2596514288701302,0.3238099192677303,0.8637399996515148,0.8881939132424751,0.8718451252907038
rec2018-05-03_15h32m17.555s.wav,0,2018-05-03T15:32:17.555000,2018-05-03,2018-05-03#3,285,False,other_session,v1,-0.3194956229099688,-2.2456749168915118,1.2822169305419153,-1.1954839302677065,0.030756215750293914,2.7266156628745675,-0.6179015431447775,1.202592117482963,1.5135377953075877,2.7266156628745675,spectral_flatness_std,0.3194956229099688,0.006365686471682766,2.2456749168915118,0.31449170532820026,1.2822169305419153,0.10252704330439137,1.1954839302677065,0.08912568988027697,0.030756215750293914,5.899038310834004e-05,2.7266156628745675,0.46362118159321913,0.6179015431447775,0.02380970303912118,0.32389745251536917,0.46362118159321913,0.7887863053987361,0.7910595983497352,0.8236125639078821
rec2018-05-03_15h32m35.669s.wav,0,2018-05-03T15:32:35.669000,2018-05-03,2018-05-03#3,286,False,other_session,v1,-0.035499513656664955,-3.5469944681278167,2.6869749170697874,-1.026821469510206,-3.0336388432723447,-0.2924136341898818,0.3245370277516528,1.563839981939765,2.078819072552672,3.5469944681278167,mean_rms,0.035499513656664955,4.165943553011408e-05,3.5469944681278167,0.4159006478793282,2.6869749170697874,0.2386688822612296,1.026821469510206,0.03485446780557177,3.0336388432723447,0.30422600017030993,0.2924136341898818,0.002826596463646034,0.3245370277516528,0.0034817459843844646,0.32401876234057564,0.4159006478793282,0.7886447772693284,0.8254993907573668,0.8552702493707489
rec2018-05-03_15h33m11.807s.wav,0,2018-05-03T15:33:11.807000,2018-05-03,2018-05-03#3,287,False,other_session,v1,-1.0294858960432285,0.06528024121723244,-1.8218811835567668,5.400906320390039,-4.172783829080083,2.8383482354175955,0.5010407262001162,2.2613894902721516,2.9098976478738936,5.400906320390039,spectral_centroid_std,1.0294858960432285,0.01788081604956964,0.06528024121723244,7.18968782937084e-05,1.8218811835567668,0.05599982037423167,5.400906320390039,0.49212997926225716,4.172783829080083,0.29376381962205406,2.8383482354175955,0.1359182857865068,0.5010407262001162,0.0042353820270870125,0.34118759686866273,0.49212997926225716,0.7686144703198934,0.7697499751179168,0.7726080738202353
rec2018-05-03_15h33m29.486s.wav,0,2018-05-03T15:33:29.486000,2018-05-03,2018-05-03#3,288,False,other_session,v1,-0.9584868687299025,-0.9061188935662856,-0.7056453284820623,-1.5977707028397572,-5.721055965094264,-2.115773146390659,-0.2182033544921387,1.7461506085135814,2.450805848284751,5.721055965094264,spectral_flatness_mean,0.9584868687299025,0.021850253446074355,0.9061188935662856,0.019527853846303712,0.7056453284820623,0.011842873366900483,1.5977707028397572,0.06071738390334532,5.721055965094264,0.7784604202285792,2.115773146390659,0.10646879662037423,0.2182033544921387,0.0011324185884226024,0.4680545339642298,0.7784604202285792,0.6206030437083985,0.5083924105124481,0.3698221376087864
rec2018-05-03_15h33m51.966s.wav,0,2018-05-03T15:33:51.966000,2018-05-03,2018-05-03#3,289,False,other_session,v1,-0.035499513656664955,-3.456528890907071,1.8952630238189299,6.291742512388386,-1.081450949892268,1.024004348560569,1.247092522138033,2.147368823051703,2.9007451944644984,6.291742512388386,spectral_centroid_std,0.035499513656664955,2.1395754380538933e-05,3.456528890907071,0.20284447336303926,1.8952630238189299,0.06098482423857898,6.291742512388386,0.6720857371509928,1.081450949892268,0.019856214237400322,1.024004348560569,0.01780272154225537,1.247092522138033,0.02640463371335272,0.41856822603733285,0.6720857371509928,0.6783370696231117,0.6185197167354557,0.5493754526828133
rec2018-05-03_15h34m13.707s.wav,0,2018-05-03T15:34:13.707000,2018-05-03,2018-05-03#3,290,False,other_session,v1,-0.1064985409699929,-0.7525110334367584,-1.5079920907789868,0.8004493996894512,-4.259630679339619,1.973904780337605,0.536368550802207,1.4196221536220885,1.9205958528721754,4.259630679339619,spectral_flatness_mean,0.1064985409699929,0.000439255595422054,0.7525110334367584,0.021930863432876948,1.5079920907789868,0.08807002384115893,0.8004493996894512,0.02481405571228931,4.259630679339619,0.702706351684697,1.973904780337605,0.15089761793601303,0.536368550802207,0.011141831797542813,0.4286483321808455,0.702706351684697,0.6665769457890136,0.5889334340154129,0.46339810395102715
rec2018-05-03_15h34m32.131s.wav,0,2018-05-03T15:34:32.131000,2018-05-03,2018-05-03#3,291,False,other_session,v1,-1.1004849233565523,0.03904346948105871,-1.9964472726094702,2.1656115200697323,-3.314733376381076,4.205045875812409,0.9807034156864579,1.9717242647709654,2.3760685954183542,4.205045875812409,spectral_flatness_std,1.1004849233565523,0.03064447642628503,0.03904346948105871,3.857276909010071e-05,1.9964472726094702,0.10085552649217071,2.1656115200697323,0.11867114084987385,3.314733376381076,0.278023312870065,4.205045875812409,0.44743039955070957,0.9807034156864579,0.024336571041805612,0.30466777233253367,0.44743039955070957,0.8112209322787107,0.8029100409494861,0.788275199433032
rec2018-05-03_15h35m02.114s.wav,0,2018-05-03T15:35:02.114000,2018-05-03,2018-05-03#3,292,False,other_session,v1,-1.2424829779832043,-0.40929972080378946,-1.0951178659911949,8.14621393583522,-2.428267538676727,4.7648672859788155,1.3960304451950698,2.783182824352003,3.776255124120625,8.14621393583522,spectral_centroid_std,1.2424829779832043,0.015465365916310005,0.40929972080378946,0.0016782714306462047,1.0951178659911949,0.012014370847826618,8.14621393583522,0.6647998725021341,2.428267538676727,0.05907073479882027,4.7648672859788155,0.22744737168554738,1.3960304451950698,0.019524012818715485,0.41813453208824314,0.664799872502134,0.6788430458970496,0.6253533524449814,0.5849180151061525
rec2018-05-03_15h35m21.837s.wav,0,2018-05-03T15:35:21.837000,2018-05-03,2018-05-03#3,293,False,other_session,v1,-0.6744907594765966,-0.6863641471940498,-1.1581036553192026,1.135192903543183,-4.866613503829592,2.8812318476289693,0.9783615229681579,1.76862261999425,2.2834346234491267,4.866613503829592,spectral_flatness_mean,0.6744907594765966,0.012464555754777935,0.6863641471940498,0.012907257535904918,1.1581036553192026,0.03674681144281329,1.135192903543183,0.03530726939242535,4.866613503829592,0.6489010992491586,2.8812318476289693,0.22744752184087233,0.9783615229681579,0.026225484784047546,0.3930914897771379,0.6489010992491586,0.7080599285933391,0.6400120188006746,0.5920404086664569
rec2018-05-03_15h35m44.100s.wav,0,2018-05-03T15:35:44.100000,2018-05-03,2018-05-03#3,294,False,other_session,v1,0.10649854096998698,-1.3334661169181383,-0.15015440017574205,-0.44557171276387286,-4.09261443530974,-0.06020460171562542,1.1286991858337847,1.0453155705266985,1.691898075348689,4.09261443530974,spectral_flatness_mean,0.10649854096998698,0.0005660318682820415,1.3334661169181383,0.08873961432897663,0.15015440017574205,0.001125199923824481,0.44557171276387286,0.009908063715020196,4.09261443530974,0.835901742804232,0.06020460171562542,0.0001808893268205135,1.1286991858337847,0.06357845803284405,0.5593135905836156,0.8359017428042321,0.5141341443191152,0.43754767366356306,0.3258225611026117
rec2018-05-03_15h36m09.330s.wav,0,2018-05-03T15:36:09.330000,2018-05-03,2018-05-03#3,295,False,other_session,v1,-0.8164888141032486,-1.5928678264733902,-3.188714356375357,7.291105395221029,-6.684026375717695,-0.35950687443745466,2.5075063775564357,3.2057451456978012,4.099216668105002,7.291105395221029,spectral_centroid_std,0.8164888141032486,0.005667619561582826,1.5928678264733902,0.021570474195663925,3.188714356375357,0.08644332156031741,7.291105395221029,0.4519464342980718,6.684026375717695,0.37981885655106407,0.35950687443745466,0.0010987897782658677,2.5075063775564357,0.05345450405503412,0.3249124424096574,0.45194643429807185,0.7876021505220664,0.799622302498029,0.9167370396399365
rec2018-05-03_15h36m33.401s.wav,0,2018-05-03T15:36:33.401000,2018-05-03,2018-05-03#3,296,False,other_session,v1,-1.3844810326098582,-2.1004773730618522,-0.6764124989708906,5.405476555808993,-2.241324465524983,5.501908488803321,1.0465864070852393,2.6223809745521622,3.215928638933494,5.501908488803321,spectral_flatness_std,1.3844810326098582,0.02647665851256909,2.1004773730618522,0.06094318796472885,0.6764124989708906,0.006319931943309851,5.405476555808993,0.4036055500881471,2.241324465524983,0.06939027634011533,5.501908488803321,0.4181343810329495,1.0465864070852393,0.015130014118180303,0.2997226316844104,0.41813438103294936,0.8169902630348547,0.8239194269637207,0.982473003106
rec2018-05-03_15h39m20.550s.wav,0,2018-05-03T15:39:20.550000,2018-05-03,2018-05-03#3,297,False,other_session,v1,0.24849659559664186,-2.9590933592668094,3.134430502000118,-1.607427238538407,-1.6243410167367982,3.0664052638005117,-0.9494817061237673,1.941382240294722,2.209372938082681,3.134430502000118,spectral_centroid_mean,0.24849659559664186,0.001807194042328546,2.9590933592668094,0.25626024342191106,3.134430502000118,0.2875286925110718,1.607427238538407,0.07561823675171152,1.6243410167367982,0.07721795957681975,3.0664052638005117,0.27518388849043796,0.9494817061237673,0.02638378520571942,0.2306479253318192,0.2875286925110718,0.8975774204462109,0.9117107685026812,0.97829741697696
rec2018-05-03_15h39m43.079s.wav,0,2018-05-03T15:39:43.079000,2018-05-03,2018-05-03#3,298,False,other_session,v1,-1.1714839506698804,-3.027527907682034,3.2040285678016773,0.5634422389786694,-0.9389430684538431,0.5658823598357352,-1.0574447061445988,1.5041075427952053,1.829972378243892,3.2040285678016773,spectral_centroid_mean,1.1714839506698804,0.05854442936337916,3.027527907682034,0.39101120352378954,3.2040285678016773,0.4379309611807378,0.5634422389786694,0.013542900674816317,0.9389430684538431,0.03760896756341524,0.5658823598357352,0.013660456191884945,1.0574447061445988,0.04770108150197711,0.30431226079632295,0.43793096118073777,0.8116356957376233,0.8097822003204355,0.9449128943813562
rec2018-05-03_15h40m01.822s.wav,0,2018-05-03T15:40:01.822000,2018-05-03,2018-05-03#3,299,False,other_session,v1,-0.2484965955966409,-3.6131951541966747,4.646858141670129,-2.010594164103837,2.8592117726586106,2.355625554652663,-2.241903103865877,2.5679834981063476,2.8661298570828806,4.646858141670129,spectral_centroid_mean,0.2484965955966409,0.001073868541143963,3.6131951541966747,0.2270351348175058,4.646858141670129,0.37551653305572724,2.010594164103837,0.07030060599937486,2.8592117726586106,0.14216833594431202,2.355625554652663,0.09649898547959444,2.241903103865877,0.08740653616234169,0.2585051180706441,0.3755165330557272,0.8650773622509152,0.8535596316417021,0.7775565864160542
rec2018-05-03_15h40m28.424s.wav,0,2018-05-03T15:40:28.424000,2018-05-03,2018-05-03#3,300,False,other_session,v1,0.035499513656662984,-4.581379749368155,4.9021571909922645,2.357581088106272,1.2025584966127414,0.6246851516788395,-0.6426985210463515,2.0495085302087555,2.747182301950301,4.9021571909922645,spectral_centroid_mean,0.035499513656662984,2.3854581760486897e-05,4.581379749368155,0.39730093183246357,4.9021571909922645,0.4548848430268889,2.357581088106272,0.1052107891545571,1.2025584966127414,0.02737407307711166,0.6246851516788395,0.007386681380085831,0.6426985210463515,0.00781882694713236,0.34169566011536495,0.454884843026889,0.7680217298654076,0.7974758197809487,0.934564023729484
rec2018-05-03_15h40m49.846s.wav,0,2018-05-03T15:40:49.846000,2018-05-03,2018-05-03#3,301,False,other_session,v1,-0.46149367753661974,-3.7911778442532493,4.438093796529426,2.2520633178157405,0.02055939465553802,2.0222177277487625,-0.8079524588109757,1.9705083167643305,2.5098960137320394,4.438093796529426,spectral_centroid_mean,0.46149367753661974,0.0048297206668853464,3.7911778442532493,0.3259408679513751,4.438093796529426,0.4466665759783761,2.2520633178157405,0.11501426167308668,0.02055939465553802,9.585420044215097e-06,2.0222177277487625,0.09273556642739665,0.8079524588109757,0.01480342188283579,0.321751191867733,0.4466665759783761,0.7912902761543115,0.8034647853879853,0.8542356286426253
rec2018-05-03_15h41m19.370s.wav,0,2018-05-03T15:41:19.370000,2018-05-03,2018-05-03#3,302,False,other_session,v1,0.31949562290996486,-3.3596611343753184,3.2662108336906583,-3.582969446351104,-0.07847804207601086,2.2616237481117274,-1.6359591263421607,2.072056850550992,2.469605714587645,3.582969446351104,spectral_centroid_std,0.31949562290996486,0.0023909832988205453,3.3596611343753184,0.2643855212301437,3.2662108336906583,0.24988210002002875,3.582969446351104,0.30069965280210914,0.07847804207601086,0.00014425903941662964,2.2616237481117274,0.11980844424933902,1.6359591263421607,0.0626890393601421,0.24702641624627628,0.30069965280210914,0.8784691810460111,0.9032443772668646,0.9376750722216728
rec2018-05-03_15h41m44.230s.wav,0,2018-05-03T15:41:44.230000,2018-05-03,2018-05-03#3,303,False,other_session,v1,0.17749756828331098,-4.475198190325763,3.176532144979196,1.2395079803023772,-2.039703165829204,1.6808617012426943,0.6876451925643715,1.9252779919324168,2.364746489131429,4.475198190325763,mean_rms,0.17749756828331098,0.0008048549075289915,4.475198190325763,0.5116315623511596,3.176532144979196,0.25777410661245614,1.2395079803023772,0.03924925662800115,2.039703165829204,0.10628371378524856,1.6808617012426943,0.07217665399152924,0.6876451925643715,0.012079851724076269,0.332063229241877,0.5116315623511597,0.7792595658844769,0.7548265875398006,0.7098081492448868
rec2018-05-03_15h42m04.570s.wav,0,2018-05-03T15:42:04.570000,2018-05-03,2018-05-03#3,304,False,other_session,v1,-0.39049465022329477,-2.5310034644018904,1.754049376707882,-1.559143466687397,0.7644280475520039,1.0194818913282162,-0.14270945121035472,1.1659014783015766,1.3994969365763326,2.5310034644018904,mean_rms,0.39049465022329477,0.011122136800167458,2.5310034644018904,0.46724378665918165,1.754049376707882,0.22440973090415084,1.559143466687397,0.17730876878372462,0.7644280475520039,0.04262175048660984,1.0194818913282162,0.07580835758924082,0.14270945121035472,0.001485468776924802,0.31012219318282624,0.46724378665918165,0.8048574412867027,0.7883837362378096,0.6930252768825771
rec2018-05-03_15h42m24.025s.wav,0,2018-05-03T15:42:24.025000,2018-05-03,2018-05-03#3,305,False,other_session,v1,0.1774975682833159,-3.3637978731811313,2.0898052528575657,5.1973537202892395,-1.8775715454925368,-0.25929035034215603,-0.11263356040254487,1.8682785529783554,2.572703023230976,5.1973537202892395,spectral_centroid_std,0.1774975682833159,0.0006799977277014577,3.3637978731811313,0.2442206762940295,2.0898052528575657,0.09426148539711393,5.1973537202892395,0.5830250248682097,1.8775715454925368,0.07608790669841252,0.25929035034215603,0.0014510933615460248,0.11263356040254487,0.00027381565298656457,0.39741349153466654,0.58302502486821,0.7030175932095557,0.6974745904478684,0.6472135733324558
rec2018-05-03_15h42m44.455s.wav,0,2018-05-03T15:42:44.455000,2018-05-03,2018-05-03#3,306,False,other_session,v1,0.7454897867899226,-5.301508550493343,3.155817161459528,-3.2108516943330745,-3.8309853305806594,-2.1010380065932024,-1.6054438992112132,2.8501620613515635,3.175773424684225,5.301508550493343,mean_rms,0.7454897867899226,0.007872022661943033,5.301508550493343,0.3981088866320674,3.155817161459528,0.14106738207238373,3.2108516943330745,0.14603045304968587,3.8309853305806594,0.20788536564475388,2.1010380065932024,0.06252745565997578,1.6054438992112132,0.03650843427919036,0.2657246668973792,0.3981088866320674,0.8566545552863909,0.837977505025794,0.7226217394715244
rec2018-05-03_15h44m07.780s.wav,0,2018-05-03T15:44:07.780000,2018-05-03,2018-05-03#3,307,False,other_session,v1,-0.10649854096999092,-2.2397218491726525,2.5469230205656426,-4.943798589945435,-2.4434288152646517,2.6594795737278143,-1.221154486501337,2.308714982306789,2.6856776620161367,4.943798589945435,spectral_centroid_std,0.10649854096999092,0.00022463710939272881,2.2397218491726525,0.09935331435944154,2.5469230205656426,0.12847712917985057,4.943798589945435,0.4840784225291748,2.4434288152646517,0.11824793586803345,2.6594795737278143,0.14008366774800327,1.221154486501337,0.029534893206103627,0.3059091082412904,0.48407842252917493,0.8097727070518279,0.7758276271500621,0.53794254060766
rec2018-05-03_15h44m27.242s.wav,0,2018-05-03T15:44:27.242000,2018-05-03,2018-05-03#3,308,False,other_session,v1,-1.4554800599231823,-2.7559814721557445,0.6108171242325066,2.495010691213421,0.4469640406898572,1.405360636037034,1.0994353133956536,1.4670070482353428,1.6773961695589938,2.7559814721557445,mean_rms,1.4554800599231823,0.10755811589946655,2.7559814721557445,0.38564104698079493,0.6108171242325066,0.01894318820330441,2.495010691213421,0.31606433176829074,0.4469640406898572,0.010143219766114306,1.405360636037034,0.1002781321246216,1.0994353133956536,0.061371965257407644,0.26837746918325056,0.38564104698079493,0.8535596192862076,0.8466121377914088,0.9053074980441757
rec2018-05-03_15h44m47.231s.wav,0,2018-05-03T15:44:47.231000,2018-05-03,2018-05-03#3,309,False,other_session,v1,1.2424829779832025,-4.119208834203137,2.5879400312864607,-0.2794239748445457,-3.151838618159924,2.251785857816652,0.5356475208101036,2.0240468307291466,2.407687130378904,4.119208834203137,mean_rms,1.2424829779832025,0.03804370036476695,4.119208834203137,0.41814747411170394,2.5879400312864607,0.1650480031007941,0.2794239748445457,0.0019241068679324146,3.151838618159924,0.2448103654169022,2.251785857816652,0.12495568848802845,0.5356475208101036,0.007070661649872079,0.2907335917095234,0.41814747411170394,0.8274774763388894,0.8239101570375733,0.7651563067133614
rec2018-05-03_15h45m14.147s.wav,0,2018-05-03T15:45:14.147000,2018-05-03,2018-05-03#3,310,False,other_session,v1,0.8164888141032447,-3.3794711660102896,2.609339129189199,-3.323702615091327,-3.584997169780023,-0.46127246759676016,-0.30394773331096375,2.0684598707259725,2.4813731892819777,3.584997169780023,spectral_flatness_mean,0.8164888141032447,0.015467433860488159,3.3794711660102896,0.264981332557402,2.609339129189199,0.15797153672183778,3.323702615091327,0.2563079674644399,3.584997169780023,0.2981916124040939,0.46127246759676016,0.004936655887827207,0.30394773331096375,0.002143461103910982,0.24759603029957244,0.2981916124040939,0.8778046313171655,0.9048626703512659,0.9426705255161067
rec2018-05-03_15h46m16.542s.wav,0,2018-05-03T15:46:16.542000,2018-05-03,2018-05-03#3,311,False,other_session,v1,-0.8164888141032506,-4.421941625470752,3.445578161868246,0.07332057109961915,2.997012284061397,4.693112193978779,-1.1974779352492697,2.520704512261616,3.0364204630690788,4.693112193978779,spectral_flatness_std,0.8164888141032506,0.0103294838130599,4.421941625470752,0.302973156135679,3.445578161868246,0.18395108477769964,0.07332057109961915,8.329708797856492e-05,2.997012284061397,0.13917306343495756,4.693112193978779,0.3412714943178093,1.1974779352492697,0.022218420432816015,0.2659750858851329,0.3412714943178093,0.8563623998006783,0.8766507799360905,0.9422194575156467
rec2018-05-03_15h46m45.482s.wav,0,2018-05-03T15:46:45.482000,2018-05-03,2018-05-03#3,312,False,other_session,v1,0.035499513656661014,-3.0061927679320615,2.147084284386353,-1.21145898043678,-0.6444746792277406,0.38344422212697504,-0.5549195997846552,1.1404391496501753,1.5112138831723558,3.0061927679320615,mean_rms,0.035499513656661014,7.883061180130478e-05,3.0061927679320615,0.5653061913163587,2.147084284386353,0.2883688044125336,1.21145898043678,0.09180525007154271,0.6444746792277406,0.02598135569696228,0.38344422212697504,0.009197175774302574,0.5549195997846552,0.019262392116498724,0.37657082347297005,0.5653061913163587,0.727334039281535,0.712139576766789,0.714220427675141
rec2018-05-03_15h47m08.625s.wav,0,2018-05-03T15:47:08.625000,2018-05-03,2018-05-03#3,313,False,other_session,v1,-0.31949562290996686,-3.58821800012911,0.6094190432023576,6.031556167256011,-1.6357353148311289,-0.5063695780049656,1.3710948687183446,2.008841227864555,2.7913229978230567,6.031556167256011,spectral_centroid_std,0.31949562290996686,0.0018715938000740495,3.58821800012911,0.23606924628526801,0.6094190432023576,0.006809477895377602,6.031556167256011,0.6670225637879293,1.6357353148311289,0.049057773357603265,0.5063695780049656,0.004701289381297296,1.3710948687183446,0.03446805549245042,0.4289293096361468,0.6670225637879293,0.6662491387578287,0.6232765642800545,0.5949074999265952
rec2018-05-03_15h47m37.180s.wav,0,2018-05-03T15:47:37.180000,2018-05-03,2018-05-03#3,314,False,other_session,v1,-0.6034917321632727,-2.793423812028335,2.964230306555798,4.399322827955461,1.0993671001199221,2.1540578242205104,-0.057525285716286005,2.0102026983942265,2.454151113308652,4.399322827955461,spectral_centroid_std,0.6034917321632727,0.008638573004930702,2.793423812028335,0.1850857658604057,2.964230306555798,0.20841225134081073,4.399322827955461,0.45906166025027695,1.0993671001199221,0.028667170579744907,2.1540578242205104,0.11005608849424386,0.057525285716286005,7.849046958717648e-05,0.31264244656021806,0.45906166025027706,0.8019171456797455,0.7944147088945483,0.673792404530902
rec2018-05-03_15h47m57.575s.wav,0,2018-05-03T15:47:57.575000,2018-05-03,2018-05-03#3,315,False,other_session,v1,-0.9584868687299025,-4.064630664923307,3.285803869622071,4.758377141507971,0.6398227855276734,4.024560888558644,0.4860895371562335,2.6025388222894,3.110381836709822,4.758377141507971,spectral_centroid_std,0.9584868687299025,0.013565845933633712,4.064630664923307,0.243958932458783,3.285803869622071,0.15942551153210696,4.758377141507971,0.3343430244851662,0.6398227855276734,0.006044967219427475,4.024560888558644,0.23917266918323737,0.4860895371562335,0.0034890491876452662,0.26119424511584777,0.3343430244851662,0.8619400473648443,0.8812490027042903,0.8542052351140855
rec2018-05-03_15h48m19.468s.wav,0,2018-05-03T15:48:19.468000,2018-05-03,2018-05-03#3,316,False,other_session,v1,-1.739476169176485,-2.0715412535270294,0.569247846627898,-0.7674092216688868,-1.1865556034217082,-0.8768769581221842,-0.9748441873720449,1.1694216057023197,1.273755365722068,2.0715412535270294,mean_rms,1.739476169176485,0.266420030435891,2.0715412535270294,0.3778479583238955,0.569247846627898,0.02853203183040544,0.7674092216688868,0.05185419950863894,1.1865556034217082,0.12396700136230068,0.8768769581221842,0.06770289245761008,0.9748441873720449,0.08367588608125837,0.25306054150747986,0.37784795832389556,0.8714293682412735,0.8519648165400504,0.8397014378617048
rec2018-05-03_15h48m42.154s.wav,0,2018-05-03T15:48:42.154000,2018-05-03,2018-05-03#3,317,False,other_session,v1,-0.10649854096999092,-2.130400602450253,1.0078646737288297,4.0747880054670516,-1.5429829409956903,1.3367731082294751,1.4837871483645642,1.6690135743151224,2.0191589535157193,4.0747880054670516,spectral_centroid_std,0.10649854096999092,0.0003974186628120519,2.130400602450253,0.15903162413993752,1.0078646737288297,0.035593065037432446,4.0747880054670516,0.5817963335178188,1.5429829409956903,0.08342249814855164,1.3367731082294751,0.06261470551752694,1.4837871483645642,0.07714435497592062,0.34877641570317847,0.5817963335178188,0.7597608483462918,0.6985014513675292,0.5228248928758852
rec2018-05-03_15h49m02.235s.wav,0,2018-05-03T15:49:02.235000,2018-05-03,2018-05-03#3,318,False,other_session,v1,0.03549951365665806,-2.975895278883529,2.8759919895818067,-1.9078928833920696,-2.2516877156264554,0.9293972335198347,-0.02236409680569082,1.5712469587808633,1.9531284444702448,2.975895278883529,mean_rms,0.03549951365665806,4.719382270229048e-05,2.975895278883529,0.33164666844145185,2.8759919895818067,0.3097531234048013,1.9078928833920696,0.13631646842623726,2.2516877156264554,0.18987013845133272,0.9293972335198347,0.03234767722490981,0.02236409680569082,1.873022856466731e-05,0.27056720435164416,0.3316466684414519,0.8510049282564152,0.8830320229102525,0.9664291650278758
