row,recording_file,event_id,session,transform,magnitude,duration_s,mean_rms,spectral_centroid_mean,spectral_centroid_std,spectral_flatness_mean,spectral_flatness_std,spectral_rolloff_std,z_duration_s,z_mean_rms,z_spectral_centroid_mean,z_spectral_centroid_std,z_spectral_flatness_mean,z_spectral_flatness_std,z_spectral_rolloff_std,mean_abs_z,rms_z,max_abs_z
0,rec2018-01-22_17h41m33.475s.wav,0,2018-01-22#1,identity,0,1.544,0.177203,0.378821,0.03874,0.190252,0.0649418,0.072753,-0.311303,-0.220503,0.294313,-0.070731,1.99017,0.683442,-0.47464,0.577872,0.835832,1.99017
0,rec2018-01-22_17h41m33.475s.wav,0,2018-01-22#1,gain,0.5,1.544,0.0886016,0.378821,0.03874,0.190314,0.0651068,0.072753,-0.311303,-3.17306,0.294313,-0.070731,1.99226,0.695596,-0.47464,1.0017,1.46068,3.17306
0,rec2018-01-22_17h41m33.475s.wav,0,2018-01-22#1,gain,0.707107,1.544,0.125302,0.378821,0.03874,0.190277,0.0650061,0.072753,-0.311303,-1.95007,0.294313,-0.070731,1.99102,0.688182,-0.47464,0.825751,1.1119,1.99102
0,rec2018-01-22_17h41m33.475s.wav,0,2018-01-22#1,gain,1.41421,1.544,0.250603,0.378821,0.03874,0.19024,0.0649053,0.072753,-0.311303,2.22547,0.294313,-0.070731,1.98975,0.68076,-0.47464,0.863853,1.18256,2.22547
0,rec2018-01-22_17h41m33.475s.wav,0,2018-01-22#1,gain,2,1.544,0.354406,0.378821,0.03874,0.190229,0.0648722,0.072753,-0.311303,5.68461,0.294313,-0.070731,1.98939,0.67832,-0.47464,1.35761,2.30361,5.68461
0,rec2018-01-22_17h41m33.475s.wav,0,2018-01-22#1,noise,30,1.544,0.17773,0.391842,0.0400721,0.24895,0.119792,0.0520036,-0.311303,-0.20296,0.750851,0.0715891,3.96232,4.72266,-1.7036,1.67504,2.43817,4.72266
0,rec2018-01-22_17h41m33.475s.wav,0,2018-01-22#1,noise,20,1.544,0.179973,0.399682,0.042748,0.289247,0.122146,0.0530799,-0.311303,-0.12822,1.02571,0.357495,5.31621,4.89594,-1.63986,1.95353,2.83384,5.31621
0,rec2018-01-22_17h41m33.475s.wav,0,2018-01-22#1,noise,10,1.544,0.192749,0.418488,0.041403,0.371206,0.100424,0.048069,-0.311303,0.297554,1.68501,0.213789,8.06989,3.29634,-1.93664,2.25865,3.43947,8.06989
0,rec2018-01-22_17h41m33.475s.wav,0,2018-01-22#1,tilt,-0.5,1.544,0.176976,0.326582,0.0331595,0.116366,0.0477911,0.0737897,-0.311303,-0.228087,-1.53712,-0.666971,-0.492265,-0.579533,-0.413238,0.604074,0.727567,1.53712
0,rec2018-01-22_17h41m33.475s.wav,0,2018-01-22#1,tilt,0.5,1.544,0.177473,0.455733,0.0428177,0.227455,0.0636549,0.0606056,-0.311303,-0.211518,2.99079,0.364933,3.24013,0.588681,-1.19411,1.27164,1.75216,3.24013
0,rec2018-01-22_17h41m33.475s.wav,0,2018-01-22#1,tilt,0.9,1.544,0.177502,0.498916,0.043068,0.180331,0.0496312,0.054297,-0.311303,-0.210546,4.50477,0.391679,1.65682,-0.44403,-1.56776,1.29813,1.92679,4.50477
1,rec2018-01-22_17h41m49.809s.wav,0,2018-01-22#1,identity,0,1.544,0.177494,0.378683,0.0392468,0.1568,0.0481042,0.0691829,-0.311303,-0.210802,0.289494,-0.0165919,0.866227,-0.556481,-0.686092,0.41957,0.500881,0.866227
1,rec2018-01-22_17h41m49.809s.wav,0,2018-01-22#1,gain,0.5,1.544,0.0887472,0.378683,0.0392468,0.156813,0.0480887,0.0691829,-0.311303,-3.16821,0.289494,-0.0165919,0.866687,-0.557622,-0.686092,0.842285,1.29567,3.16821
1,rec2018-01-22_17h41m49.809s.wav,0,2018-01-22#1,gain,0.707107,1.544,0.125507,0.378683,0.0392468,0.156804,0.0480975,0.0691829,-0.311303,-1.94321,0.289494,-0.0165919,0.86639,-0.556969,-0.686092,0.66715,0.885488,1.94321
1,rec2018-01-22_17h41m49.809s.wav,0,2018-01-22#1,gain,1.41421,1.544,0.251015,0.378683,0.0392468,0.156795,0.0481108,0.0691829,-0.311303,2.23919,0.289494,-0.0165919,0.866068,-0.555991,-0.686092,0.709247,0.980153,2.23919
1,rec2018-01-22_17h41m49.809s.wav,0,2018-01-22#1,gain,2,1.544,0.354989,0.378683,0.0392468,0.156792,0.0481158,0.0691829,-0.311303,5.70401,0.289494,-0.0165919,0.865958,-0.555624,-0.686092,1.20415,2.21185,5.70401
1,rec2018-01-22_17h41m49.809s.wav,0,2018-01-22#1,noise,30,1.544,0.178208,0.396569,0.0474888,0.226531,0.117489,0.0490255,-0.311303,-0.187016,0.916543,0.864014,3.20908,4.55306,-1.87999,1.703,2.27663,4.55306
1,rec2018-01-22_17h41m49.809s.wav,0,2018-01-22#1,noise,20,1.544,0.180956,0.40498,0.0489565,0.26964,0.124838,0.0532653,-0.311303,-0.0954513,1.21143,1.02082,4.65746,5.09421,-1.62887,2.00279,2.74933,5.09421
1,rec2018-01-22_17h41m49.809s.wav,0,2018-01-22#1,noise,10,1.544,0.195221,0.423259,0.0450046,0.351934,0.109928,0.0506011,-0.311303,0.379905,1.8523,0.59859,7.42239,3.9962,-1.78667,2.33534,3.34417,7.42239
1,rec2018-01-22_17h41m49.809s.wav,0,2018-01-22#1,tilt,-0.5,1.544,0.176952,0.32636,0.0346925,0.0955688,0.0332461,0.076886,-0.311303,-0.228869,-1.5449,-0.503185,-1.19102,-1.65063,-0.22985,0.808537,0.998939,1.65063
1,rec2018-01-22_17h41m49.809s.wav,0,2018-01-22#1,tilt,0.5,1.544,0.178216,0.455839,0.0428004,0.191957,0.0537236,0.0540898,-0.311303,-0.186768,2.99454,0.363088,2.04747,-0.142663,-1.58003,1.08941,1.50902,2.99454
1,rec2018-01-22_17h41m49.809s.wav,0,2018-01-22#1,tilt,0.9,1.544,0.178354,0.498334,0.0437422,0.154091,0.0434201,0.0465719,-0.311303,-0.182165,4.48436,0.463713,0.775211,-0.901419,-2.02531,1.30621,1.92614,4.48436
2,rec2018-01-22_17h42m07.718s.wav,0,2018-01-22#1,identity,0,1.56,0.166917,0.387022,0.0413112,0.165691,0.0549236,0.0717172,-0.25942,-0.563286,0.581859,0.203979,1.16495,-0.0542987,-0.535991,0.48054,0.587014,1.16495
2,rec2018-01-22_17h42m07.718s.wav,0,2018-01-22#1,gain,0.5,1.56,0.0834584,0.387022,0.0413112,0.165691,0.0549236,0.0717172,-0.25942,-3.34445,0.581859,0.203979,1.16495,-0.0542987,-0.535991,0.877849,1.37738,3.34445
2,rec2018-01-22_17h42m07.718s.wav,0,2018-01-22#1,gain,0.707107,1.56,0.118028,0.387022,0.0413112,0.165691,0.0549236,0.0717172,-0.25942,-2.19245,0.581859,0.20398,1.16495,-0.0542987,-0.535991,0.713279,0.992951,2.19245
2,rec2018-01-22_17h42m07.718s.wav,0,2018-01-22#1,gain,1.41421,1.56,0.236056,0.387022,0.0413112,0.165691,0.0549236,0.0717172,-0.25942,1.7407,0.581859,0.20398,1.16495,-0.0542989,-0.535991,0.648743,0.855642,1.7407
2,rec2018-01-22_17h42m07.718s.wav,0,2018-01-22#1,gain,2,1.56,0.333834,0.387022,0.0413112,0.165691,0.0549236,0.0717172,-0.25942,4.99904,0.581859,0.203979,1.16495,-0.0542987,-0.535991,1.11422,1.96706,4.99904
2,rec2018-01-22_17h42m07.718s.wav,0,2018-01-22#1,noise,30,1.56,0.167355,0.399149,0.042432,0.225768,0.10478,0.0510289,-0.25942,-0.548692,1.00703,0.323726,3.18346,3.61715,-1.76133,1.52869,1.99312,3.61715
2,rec2018-01-22_17h42m07.718s.wav,0,2018-01-22#1,noise,20,1.56,0.16961,0.407942,0.0445271,0.278006,0.128892,0.0533369,-0.25942,-0.473538,1.3153,0.547572,4.93854,5.39274,-1.62463,2.07882,2.88918,5.39274
2,rec2018-01-22_17h42m07.718s.wav,0,2018-01-22#1,noise,10,1.56,0.182241,0.425748,0.0412835,0.359818,0.118614,0.0511613,-0.25942,-0.052621,1.93955,0.201019,7.68726,4.6359,-1.75349,2.36132,3.53619,7.68726
2,rec2018-01-22_17h42m07.718s.wav,0,2018-01-22#1,tilt,-0.5,1.56,0.166587,0.333635,0.0365096,0.102861,0.0388333,0.0782141,-0.25942,-0.574275,-1.28986,-0.30904,-0.946013,-1.23919,-0.151184,0.681284,0.811501,1.28986
2,rec2018-01-22_17h42m07.718s.wav,0,2018-01-22#1,tilt,0.5,1.56,0.167194,0.46369,0.0451,0.197361,0.0621629,0.0616691,-0.25942,-0.554063,3.26978,0.608784,2.22902,0.47881,-1.13112,1.21871,1.59971,3.26978
2,rec2018-01-22_17h42m07.718s.wav,0,2018-01-22#1,tilt,0.9,1.56,0.167162,0.504765,0.0471049,0.1563,0.0508863,0.0581456,-0.25942,-0.555105,4.70984,0.82299,0.849431,-0.351607,-1.33982,1.26974,1.92263,4.70984
3,rec2018-01-22_17h42m23.769s.wav,0,2018-01-22#1,identity,0,1.72,0.16885,0.390111,0.0469907,0.166326,0.0588279,0.0693487,0.25942,-0.498852,0.690159,0.810797,1.18629,0.233219,-0.67627,0.622144,0.693736,1.18629
3,rec2018-01-22_17h42m23.769s.wav,0,2018-01-22#1,gain,0.5,1.72,0.0844252,0.390111,0.0469907,0.166326,0.0588279,0.0693487,0.25942,-3.31223,0.690159,0.810797,1.18629,0.233219,-0.67627,1.02406,1.4188,3.31223
3,rec2018-01-22_17h42m23.769s.wav,0,2018-01-22#1,gain,0.707107,1.72,0.119395,0.390111,0.0469907,0.166326,0.0588279,0.0693487,0.25942,-2.14689,0.690159,0.810797,1.18629,0.233219,-0.67627,0.857578,1.05079,2.14689
3,rec2018-01-22_17h42m23.769s.wav,0,2018-01-22#1,gain,1.41421,1.72,0.238791,0.390111,0.0469907,0.166326,0.0588279,0.0693487,0.25942,1.83183,0.690159,0.810797,1.18629,0.233219,-0.67627,0.812569,0.961816,1.83183
3,rec2018-01-22_17h42m23.769s.wav,0,2018-01-22#1,gain,2,1.72,0.337701,0.390111,0.0469907,0.166326,0.0588279,0.0693487,0.25942,5.12791,0.690159,0.810797,1.18629,0.233219,-0.67627,1.28344,2.04993,5.12791
3,rec2018-01-22_17h42m23.769s.wav,0,2018-01-22#1,noise,30,1.72,0.169265,0.40113,0.0478386,0.222603,0.0957149,0.0456533,0.25942,-0.485024,1.07647,0.901384,3.07711,2.94959,-2.07972,1.54696,1.88102,3.07711
3,rec2018-01-22_17h42m23.769s.wav,0,2018-01-22#1,noise,20,1.72,0.171447,0.408464,0.0457404,0.272031,0.112094,0.0478118,0.25942,-0.412337,1.3336,0.677204,4.7378,4.15576,-1.95187,1.93257,2.56352,4.7378
3,rec2018-01-22_17h42m23.769s.wav,0,2018-01-22#1,noise,10,1.72,0.184357,0.425758,0.0402521,0.358723,0.107125,0.0464605,0.25942,0.0178967,1.93989,0.0908222,7.65049,3.78981,-2.03191,2.25432,3.39875,7.65049
3,rec2018-01-22_17h42m23.769s.wav,0,2018-01-22#1,tilt,-0.5,1.72,0.168103,0.334823,0.0431171,0.104022,0.0392385,0.0764565,0.25942,-0.523763,-1.24823,0.396924,-0.907003,-1.20935,-0.255289,0.685711,0.79351,1.24823
3,rec2018-01-22_17h42m23.769s.wav,0,2018-01-22#1,tilt,0.5,1.72,0.169739,0.468706,0.0487012,0.195667,0.0674638,0.0593206,0.25942,-0.469255,3.44563,0.993543,2.1721,0.869164,-1.27022,1.35419,1.70016,3.44563
3,rec2018-01-22_17h42m23.769s.wav,0,2018-01-22#1,tilt,0.9,1.72,0.169885,0.510944,0.0489175,0.154492,0.0542835,0.0555287,0.25942,-0.464379,4.92648,1.01665,0.788707,-0.101437,-1.49481,1.29313,2.01613,4.92648
4,rec2018-01-22_17h44m03.761s.wav,0,2018-01-22#1,identity,0,1.64,0.187366,0.357791,0.0369421,0.132679,0.0478548,0.0957455,0,0.118175,-0.442977,-0.262826,0.0558137,-0.574848,0.887173,0.334545,0.4472,0.887173
4,rec2018-01-22_17h44m03.761s.wav,0,2018-01-22#1,gain,0.5,1.64,0.0936832,0.357791,0.0369421,0.132694,0.0478536,0.0957455,0,-3.00372,-0.442977,-0.262826,0.0563178,-0.57493,0.887173,0.746849,1.21939,3.00372
4,rec2018-01-22_17h44m03.761s.wav,0,2018-01-22#1,gain,0.707107,1.64,0.132488,0.357791,0.0369421,0.132684,0.0478545,0.0957455,0,-1.71059,-0.442977,-0.262826,0.0559979,-0.574868,0.887173,0.562061,0.784866,1.71059
4,rec2018-01-22_17h44m03.761s.wav,0,2018-01-22#1,gain,1.41421,1.64,0.264976,0.357791,0.0369421,0.132677,0.0478557,0.0957455,0,2.70444,-0.442977,-0.262826,0.0557561,-0.57478,0.887173,0.703993,1.11483,2.70444
4,rec2018-01-22_17h44m03.761s.wav,0,2018-01-22#1,gain,2,1.64,0.374733,0.357791,0.0369421,0.132677,0.0478557,0.0957455,0,6.36196,-0.442977,-0.262826,0.0557566,-0.57478,0.887173,1.2265,2.44542,6.36196
4,rec2018-01-22_17h44m03.761s.wav,0,2018-01-22#1,noise,30,1.64,0.188135,0.380965,0.0489696,0.21777,0.140894,0.0654795,0,0.143788,0.369498,1.02222,2.91471,6.27657,-0.905438,1.66175,2.67028,6.27657
4,rec2018-01-22_17h44m03.761s.wav,0,2018-01-22#1,noise,20,1.64,0.19134,0.391063,0.0526788,0.261619,0.152666,0.063592,0,0.250588,0.723524,1.41852,4.38796,7.14345,-1.01724,2.13447,3.24953,7.14345
4,rec2018-01-22_17h44m03.761s.wav,0,2018-01-22#1,noise,10,1.64,0.207477,0.411467,0.0483948,0.339162,0.133002,0.0551797,0,0.788352,1.43888,0.96081,6.99326,5.6954,-1.51548,2.4846,3.53058,6.99326
4,rec2018-01-22_17h44m03.761s.wav,0,2018-01-22#1,tilt,-0.5,1.64,0.186811,0.308767,0.0282504,0.0757049,0.0290525,0.0896261,0,0.0996493,-2.16173,-1.19147,-1.85841,-1.95945,0.524733,1.11363,1.3975,2.16173
4,rec2018-01-22_17h44m03.761s.wav,0,2018-01-22#1,tilt,0.5,1.64,0.188421,0.433229,0.047338,0.182717,0.0613679,0.0904699,0,0.153328,2.20183,0.847899,1.73701,0.420265,0.574707,0.847862,1.14109,2.20183
4,rec2018-01-22_17h44m03.761s.wav,0,2018-01-22#1,tilt,0.9,1.64,0.188749,0.476044,0.0515229,0.155018,0.0523359,0.0849549,0,0.164242,3.7029,1.29502,0.806363,-0.244854,0.248063,0.923064,1.52068,3.7029
5,rec2018-01-22_17h44m21.408s.wav,0,2018-01-22#1,identity,0,1.544,0.185388,0.382554,0.0390176,0.165065,0.0441811,0.0428637,-0.311303,0.0522387,0.425199,-0.0410721,1.14392,-0.845376,-2.24494,0.723436,1.02435,2.24494
5,rec2018-01-22_17h44m21.408s.wav,0,2018-01-22#1,gain,0.5,1.544,0.0926939,0.382554,0.0390176,0.165076,0.0441947,0.0428637,-0.311303,-3.03669,0.425199,-0.0410721,1.14429,-0.844374,-2.24494,1.1497,1.53823,3.03669
5,rec2018-01-22_17h44m21.408s.wav,0,2018-01-22#1,gain,0.707107,1.544,0.131089,0.382554,0.0390176,0.16507,0.044187,0.0428386,-0.311303,-1.75721,0.425199,-0.0410721,1.14408,-0.844943,-2.24643,0.967178,1.22104,2.24643
5,rec2018-01-22_17h44m21.408s.wav,0,2018-01-22#1,gain,1.41421,1.544,0.262178,0.382554,0.0390176,0.165065,0.0441811,0.0428386,-0.311303,2.61119,0.425199,-0.0410721,1.14392,-0.845376,-2.24643,1.08921,1.42264,2.61119
5,rec2018-01-22_17h44m21.408s.wav,0,2018-01-22#1,gain,2,1.544,0.370776,0.382554,0.0390176,0.165065,0.0441811,0.0428637,-0.311303,6.23009,0.425199,-0.0410721,1.14392,-0.845376,-2.24494,1.60599,2.56783,6.23009
5,rec2018-01-22_17h44m21.408s.wav,0,2018-01-22#1,noise,30,1.544,0.185879,0.390704,0.0458066,0.211465,0.0953157,0.0542886,-0.311303,0.068595,0.710951,0.684283,2.70287,2.92019,-1.56827,1.28092,1.66338,2.92019
5,rec2018-01-22_17h44m21.408s.wav,0,2018-01-22#1,noise,20,1.544,0.18792,0.396967,0.0466138,0.250345,0.101347,0.054844,-0.311303,0.136638,0.9305,0.770521,4.00917,3.36432,-1.53537,1.57969,2.1154,4.00917
5,rec2018-01-22_17h44m21.408s.wav,0,2018-01-22#1,noise,10,1.544,0.200399,0.415937,0.0419414,0.337779,0.0939071,0.0479893,-0.311303,0.552485,1.59559,0.271309,6.94682,2.81646,-1.94136,2.06219,2.99956,6.94682
5,rec2018-01-22_17h44m21.408s.wav,0,2018-01-22#1,tilt,-0.5,1.544,0.184638,0.330191,0.0364899,0.100523,0.0337346,0.0639479,-0.311303,0.0272624,-1.4106,-0.311147,-1.02457,-1.61466,-0.996154,0.813671,0.988032,1.61466
5,rec2018-01-22_17h44m21.408s.wav,0,2018-01-22#1,tilt,0.5,1.544,0.186309,0.459126,0.0377768,0.203316,0.0472461,0.0263964,-0.311303,0.0829205,3.10976,-0.173645,2.42908,-0.619667,-3.22028,1.42095,1.94419,3.22028
5,rec2018-01-22_17h44m21.408s.wav,0,2018-01-22#1,tilt,0.9,1.544,0.186479,0.500441,0.0357238,0.163184,0.0388315,0.0209283,-0.311303,0.0886186,4.55826,-0.392993,1.08071,-1.23932,-3.54415,1.60219,2.27727,4.55826
6,rec2018-01-22_17h44m39.521s.wav,0,2018-01-22#1,identity,0,1.848,0.182726,0.357815,0.0336249,0.145337,0.0611706,0.0837911,0.674491,-0.0364767,-0.442127,-0.61725,0.481119,0.405733,0.179129,0.405189,0.456841,0.674491
6,rec2018-01-22_17h44m39.521s.wav,0,2018-01-22#1,gain,0.5,1.848,0.0913628,0.357815,0.0336249,0.145347,0.0611745,0.0837911,0.674491,-3.08104,-0.442127,-0.61725,0.481433,0.406017,0.179129,0.840213,1.25088,3.08104
6,rec2018-01-22_17h44m39.521s.wav,0,2018-01-22#1,gain,0.707107,1.848,0.129207,0.357815,0.0336249,0.145342,0.0611723,0.0837911,0.674491,-1.81994,-0.442127,-0.61725,0.481258,0.405858,0.179129,0.660008,0.825662,1.81994
6,rec2018-01-22_17h44m39.521s.wav,0,2018-01-22#1,gain,1.41421,1.848,0.258413,0.357815,0.0336249,0.145337,0.0611707,0.0837911,0.674491,2.48573,-0.442127,-0.61725,0.481117,0.405741,0.179129,0.755083,1.04461,2.48573
6,rec2018-01-22_17h44m39.521s.wav,0,2018-01-22#1,gain,2,1.848,0.365451,0.357815,0.0336249,0.145337,0.0611707,0.0837911,0.674491,6.05266,-0.442127,-0.61725,0.481117,0.405739,0.179129,1.26464,2.33282,6.05266
6,rec2018-01-22_17h44m39.521s.wav,0,2018-01-22#1,noise,30,1.848,0.183431,0.382057,0.0436926,0.220771,0.133519,0.0661756,0.674491,-0.0129852,0.40777,0.458418,3.01556,5.73346,-0.864212,1.59527,2.49412,5.73346
6,rec2018-01-22_17h44m39.521s.wav,0,2018-01-22#1,noise,20,1.848,0.186271,0.391905,0.0471693,0.260293,0.138026,0.0675267,0.674491,0.0816602,0.75306,0.829878,4.3434,6.06542,-0.784189,1.93316,2.87816,6.06542
6,rec2018-01-22_17h44m39.521s.wav,0,2018-01-22#1,noise,10,1.848,0.201167,0.413089,0.0436611,0.338731,0.124464,0.0573679,0.674491,0.57806,1.49573,0.455052,6.97878,5.06667,-1.38588,2.37638,3.37064,6.97878
6,rec2018-01-22_17h44m39.521s.wav,0,2018-01-22#1,tilt,-0.5,1.848,0.182501,0.312751,0.0246332,0.0829582,0.0376917,0.082409,0.674491,-0.0439649,-2.02205,-1.57795,-1.61471,-1.32326,0.0972705,1.05053,1.27634,2.02205
6,rec2018-01-22_17h44m39.521s.wav,0,2018-01-22#1,tilt,0.5,1.848,0.183062,0.427568,0.0433001,0.19722,0.0719505,0.0749786,0.674491,-0.0252543,2.00338,0.416484,2.22428,1.19957,-0.342824,0.983754,1.26188,2.22428
6,rec2018-01-22_17h44m39.521s.wav,0,2018-01-22#1,tilt,0.9,1.848,0.183115,0.466632,0.0464435,0.164664,0.0572015,0.0717713,0.674491,-0.023488,3.37291,0.75233,1.13045,0.113447,-0.532786,0.942843,1.41283,3.37291
7,rec2018-01-22_17h44m56.745s.wav,0,2018-01-22#1,identity,0,1.992,0.19364,0.368584,0.0490507,0.145624,0.0605193,0.0683313,1.14145,0.327248,-0.0645696,1.03088,0.490742,0.357769,-0.736533,0.592742,0.69572,1.14145
7,rec2018-01-22_17h44m56.745s.wav,0,2018-01-22#1,gain,0.5,1.992,0.0968202,0.368584,0.0490507,0.145644,0.0605484,0.0683313,1.14145,-2.89918,-0.0645696,1.03088,0.491417,0.359916,-0.736533,0.960564,1.29221,2.89918
7,rec2018-01-22_17h44m56.745s.wav,0,2018-01-22#1,gain,0.707107,1.992,0.136924,0.368584,0.0490506,0.145631,0.0605293,0.0683313,1.14145,-1.56275,-0.0645696,1.03088,0.490989,0.358507,-0.736533,0.769383,0.90428,1.56275
7,rec2018-01-22_17h44m56.745s.wav,0,2018-01-22#1,gain,1.41421,1.992,0.273849,0.368584,0.0490506,0.145623,0.0605211,0.0683313,1.14145,3.00011,-0.0645696,1.03088,0.490703,0.357902,-0.736533,0.974592,1.32459,3.00011
7,rec2018-01-22_17h44m56.745s.wav,0,2018-01-22#1,gain,2,1.992,0.387281,0.368584,0.0490507,0.145621,0.0605228,0.0683313,1.14145,6.78011,-0.0645696,1.03088,0.490661,0.358032,-0.736533,1.5146,2.65252,6.78011
7,rec2018-01-22_17h44m56.745s.wav,0,2018-01-22#1,noise,30,1.992,0.194316,0.379688,0.0513974,0.205887,0.126036,0.0653164,1.14145,0.349761,0.324713,1.28161,2.51546,5.18243,-0.915103,1.67293,2.30514,5.18243
7,rec2018-01-22_17h44m56.745s.wav,0,2018-01-22#1,noise,20,1.992,0.197195,0.387097,0.0506474,0.251517,0.137579,0.0684075,1.14145,0.445694,0.584482,1.20149,4.04856,6.03247,-0.732021,2.02659,2.84364,6.03247
7,rec2018-01-22_17h44m56.745s.wav,0,2018-01-22#1,noise,10,1.992,0.212838,0.408,0.0454025,0.334942,0.124692,0.059527,1.14145,0.966997,1.31732,0.641106,6.85147,5.08349,-1.258,2.46569,3.35413,6.85147
7,rec2018-01-22_17h44m56.745s.wav,0,2018-01-22#1,tilt,-0.5,1.992,0.193186,0.321985,0.0465512,0.0849821,0.0381417,0.0802975,1.14145,0.312092,-1.69829,0.763834,-1.54671,-1.29012,-0.0277884,0.968611,1.12919,1.69829
7,rec2018-01-22_17h44m56.745s.wav,0,2018-01-22#1,tilt,0.5,1.992,0.194465,0.43977,0.0470798,0.198136,0.0769875,0.0549389,1.14145,0.354741,2.43115,0.820309,2.25505,1.5705,-1.52974,1.44328,1.59928,2.43115
7,rec2018-01-22_17h44m56.745s.wav,0,2018-01-22#1,tilt,0.9,1.992,0.19475,0.479787,0.0452199,0.167171,0.0663206,0.0507506,1.14145,0.364228,3.83413,0.621597,1.21468,0.78498,-1.77781,1.39127,1.76371,3.83413
8,rec2018-01-22_17h45m12.839s.wav,0,2018-01-22#1,identity,0,1.288,0.188623,0.369208,0.0423348,0.162161,0.064347,0.0907165,-1.14145,0.160041,-0.0427061,0.313338,1.04637,0.639642,0.589316,0.561837,0.684506,1.14145
8,rec2018-01-22_17h45m12.839s.wav,0,2018-01-22#1,gain,0.5,1.288,0.0943114,0.369208,0.0423348,0.162191,0.0643351,0.0907165,-1.14145,-2.98279,-0.0427061,0.313338,1.04738,0.638765,0.589316,0.965106,1.31759,2.98279
8,rec2018-01-22_17h45m12.839s.wav,0,2018-01-22#1,gain,0.707107,1.288,0.133376,0.369208,0.0423348,0.162169,0.0643412,0.0907165,-1.14145,-1.68098,-0.0427061,0.313338,1.04663,0.639219,0.589316,0.779092,0.931968,1.68098
8,rec2018-01-22_17h45m12.839s.wav,0,2018-01-22#1,gain,1.41421,1.288,0.266753,0.369208,0.0423348,0.162159,0.0643503,0.0907165,-1.14145,2.76364,-0.0427061,0.313338,1.04629,0.639887,0.589316,0.933804,1.2474,2.76364
8,rec2018-01-22_17h45m12.839s.wav,0,2018-01-22#1,gain,2,1.288,0.377246,0.369208,0.0423348,0.162157,0.0643536,0.0907165,-1.14145,6.4457,-0.0427061,0.313338,1.04621,0.640132,0.589316,1.45984,2.52986,6.4457
8,rec2018-01-22_17h45m12.839s.wav,0,2018-01-22#1,noise,30,1.288,0.189286,0.386613,0.0487834,0.23293,0.124142,0.071215,-1.14145,0.182149,0.567517,1.00233,3.42409,5.04294,-0.565735,1.70374,2.39459,5.04294
8,rec2018-01-22_17h45m12.839s.wav,0,2018-01-22#1,noise,20,1.288,0.191759,0.395415,0.0500252,0.270147,0.127916,0.0646798,-1.14145,0.264552,0.8761,1.13501,4.67449,5.32087,-0.952804,2.05218,2.79026,5.32087
8,rec2018-01-22_17h45m12.839s.wav,0,2018-01-22#1,noise,10,1.288,0.205197,0.415779,0.047846,0.350849,0.113183,0.0580453,-1.14145,0.712362,1.59005,0.90217,7.38592,4.23595,-1.34576,2.47338,3.36916,7.38592
8,rec2018-01-22_17h45m12.839s.wav,0,2018-01-22#1,tilt,-0.5,1.288,0.188042,0.320197,0.0365308,0.0966416,0.0418972,0.0874858,-1.14145,0.140702,-1.76101,-0.306771,-1.15497,-1.01356,0.397965,0.845204,1.00268,1.76101
8,rec2018-01-22_17h45m12.839s.wav,0,2018-01-22#1,tilt,0.5,1.288,0.189173,0.443473,0.0481857,0.205651,0.0751573,0.0719255,-1.14145,0.178392,2.56099,0.938469,2.50755,1.43572,-0.523654,1.3266,1.5765,2.56099
8,rec2018-01-22_17h45m12.839s.wav,0,2018-01-22#1,tilt,0.9,1.288,0.188972,0.485755,0.0496891,0.169485,0.0668754,0.0623942,-1.14145,0.171683,4.04337,1.0991,1.29244,0.825836,-1.08818,1.38029,1.78988,4.04337
9,rec2018-01-23_10h42m07.256s.wav,0,2018-01-23#1,identity,0,1.608,0.17881,0.371844,0.0391071,0.162249,0.0566138,0.0700925,0.0539593,-0.251273,0.2552,-0.0781474,1.15827,0.0816472,-0.620904,0.357057,0.517004,1.15827
9,rec2018-01-23_10h42m07.256s.wav,0,2018-01-23#1,gain,0.5,1.608,0.0894048,0.371844,0.0391071,0.162294,0.0566583,0.0700925,0.0539593,-3.12393,0.2552,-0.0781474,1.15989,0.0846838,-0.620904,0.768102,1.2857,3.12393
9,rec2018-01-23_10h42m07.256s.wav,0,2018-01-23#1,gain,0.707107,1.608,0.126438,0.371844,0.0391071,0.162266,0.0566257,0.0700925,0.0539593,-1.93403,0.2552,-0.0781474,1.15886,0.0824609,-0.620904,0.597652,0.890417,1.93403
9,rec2018-01-23_10h42m07.256s.wav,0,2018-01-23#1,gain,1.41421,1.608,0.252875,0.371844,0.0391071,0.162244,0.0566161,0.0700925,0.0539593,2.12851,0.2552,-0.0781474,1.15807,0.0818014,-0.620904,0.625228,0.951543,2.12851
9,rec2018-01-23_10h42m07.256s.wav,0,2018-01-23#1,gain,2,1.608,0.357619,0.371844,0.0391071,0.162241,0.0566169,0.0700925,0.0539593,5.49403,0.2552,-0.0781474,1.15797,0.0818576,-0.620904,1.10601,2.13781,5.49403
9,rec2018-01-23_10h42m07.256s.wav,0,2018-01-23#1,noise,30,1.608,0.179569,0.391162,0.0492859,0.230706,0.139458,0.0563707,0.0539593,-0.226861,0.983335,0.991855,3.61416,5.73072,-1.43223,1.86187,2.67153,5.73072
9,rec2018-01-23_10h42m07.256s.wav,0,2018-01-23#1,noise,20,1.608,0.182307,0.39871,0.0505992,0.26957,0.139902,0.0576233,0.0539593,-0.138895,1.26785,1.12992,5.00841,5.76094,-1.35817,2.10259,3.00056,5.76094
9,rec2018-01-23_10h42m07.256s.wav,0,2018-01-23#1,noise,10,1.608,0.196771,0.417981,0.046171,0.350002,0.126491,0.0529098,0.0539593,0.325846,1.9942,0.664417,7.89395,4.84648,-1.63686,2.48796,3.64514,7.89395
9,rec2018-01-23_10h42m07.256s.wav,0,2018-01-23#1,tilt,-0.5,1.608,0.177996,0.318636,0.0321352,0.0962358,0.0402061,0.0833129,0.0539593,-0.277402,-1.7503,-0.811039,-1.20997,-1.03717,0.16078,0.757232,0.9537,1.7503
9,rec2018-01-23_10h42m07.256s.wav,0,2018-01-23#1,tilt,0.5,1.608,0.180184,0.45103,0.0441232,0.208819,0.0583189,0.05714,0.0539593,-0.207117,3.2399,0.449155,2.82897,0.197912,-1.38675,1.19482,1.72004,3.2399
9,rec2018-01-23_10h42m07.256s.wav,0,2018-01-23#1,tilt,0.9,1.608,0.180603,0.49485,0.0443478,0.172045,0.046522,0.0506767,0.0539593,-0.193654,4.89158,0.472757,1.50971,-0.606504,-1.7689,1.35672,2.06908,4.89158
10,rec2018-01-23_10h42m23.823s.wav,0,2018-01-23#1,identity,0,1.56,0.160798,0.389747,0.0451104,0.154631,0.0546406,0.0938267,-0.107919,-0.830005,0.930013,0.552927,0.88497,-0.0529043,0.782431,0.591596,0.683413,0.930013
10,rec2018-01-23_10h42m23.823s.wav,0,2018-01-23#1,gain,0.5,1.56,0.080399,0.389747,0.0451104,0.154646,0.0546331,0.0938267,-0.107919,-3.41329,0.930013,0.552927,0.885487,-0.0534176,0.782431,0.960784,1.42588,3.41329
10,rec2018-01-23_10h42m23.823s.wav,0,2018-01-23#1,gain,0.707107,1.56,0.113701,0.389747,0.0451104,0.154635,0.0546395,0.0938267,-0.107919,-2.34326,0.930013,0.552927,0.885107,-0.0529792,0.782431,0.807805,1.07382,2.34326
10,rec2018-01-23_10h42m23.823s.wav,0,2018-01-23#1,gain,1.41421,1.56,0.227403,0.389747,0.0451104,0.154627,0.0546417,0.0938267,-0.107919,1.31006,0.930013,0.552927,0.884834,-0.052826,0.782431,0.660144,0.783443,1.31006
10,rec2018-01-23_10h42m23.823s.wav,0,2018-01-23#1,gain,2,1.56,0.321596,0.389747,0.0451104,0.154624,0.0546429,0.0938267,-0.107919,4.33657,0.930013,0.552927,0.884699,-0.052745,0.782431,1.09247,1.74789,4.33657
10,rec2018-01-23_10h42m23.823s.wav,0,2018-01-23#1,noise,30,1.56,0.16131,0.410135,0.0368976,0.231487,0.122474,0.0478829,-0.107919,-0.813543,1.69847,-0.310416,3.6422,4.57261,-1.93409,1.86846,2.43691,4.57261
10,rec2018-01-23_10h42m23.823s.wav,0,2018-01-23#1,noise,20,1.56,0.163625,0.41885,0.0407006,0.272892,0.132318,0.0491262,-0.107919,-0.739171,2.02698,0.0893615,5.12759,5.24382,-1.86058,2.17077,2.97432,5.24382
10,rec2018-01-23_10h42m23.823s.wav,0,2018-01-23#1,noise,10,1.56,0.176309,0.435163,0.0392734,0.348985,0.113921,0.0479456,-0.107919,-0.331632,2.64185,-0.0606712,7.85744,3.98932,-1.93038,2.41703,3.55538,7.85744
10,rec2018-01-23_10h42m23.823s.wav,0,2018-01-23#1,tilt,-0.5,1.56,0.160301,0.334405,0.0350876,0.0970883,0.0392398,0.0973569,-0.107919,-0.845961,-1.15596,-0.500687,-1.17939,-1.10306,0.99116,0.840591,0.91841,1.17939
10,rec2018-01-23_10h42m23.823s.wav,0,2018-01-23#1,tilt,0.5,1.56,0.161266,0.467047,0.054575,0.177124,0.0552631,0.0710055,-0.107919,-0.814967,3.84362,1.54786,1.69189,-0.0104567,-0.566921,1.22623,1.73325,3.84362
10,rec2018-01-23_10h42m23.823s.wav,0,2018-01-23#1,tilt,0.9,1.56,0.161284,0.507155,0.0566301,0.138635,0.0424098,0.059358,-0.107919,-0.81439,5.35536,1.76389,0.311109,-0.88691,-1.2556,1.49931,2.2337,5.35536
11,rec2018-01-23_10h42m45.728s.wav,0,2018-01-23#1,identity,0,2.104,0.178815,0.378261,0.0401242,0.146462,0.0595006,0.0890478,1.7267,-0.251089,0.497066,0.0287689,0.591884,0.278492,0.499869,0.553409,0.753106,1.7267
11,rec2018-01-23_10h42m45.728s.wav,0,2018-01-23#1,gain,0.5,2.104,0.0894077,0.378261,0.0401242,0.146499,0.0595309,0.0890478,1.7267,-3.12383,0.497066,0.0287689,0.593221,0.280561,0.499869,0.964288,1.39736,3.12383
11,rec2018-01-23_10h42m45.728s.wav,0,2018-01-23#1,gain,0.707107,2.104,0.126442,0.378261,0.0401242,0.146477,0.0595111,0.0890478,1.7267,-1.9339,0.497066,0.0287685,0.592423,0.279212,0.499869,0.793991,1.04527,1.9339
11,rec2018-01-23_10h42m45.728s.wav,0,2018-01-23#1,gain,1.41421,2.104,0.252883,0.378261,0.0401242,0.14645,0.0594929,0.0890478,1.7267,2.12877,0.497066,0.0287685,0.591469,0.277969,0.499869,0.821516,1.09792,2.12877
11,rec2018-01-23_10h42m45.728s.wav,0,2018-01-23#1,gain,2,2.104,0.357631,0.378261,0.0401242,0.146439,0.059485,0.0890478,1.7267,5.4944,0.497066,0.0287689,0.591064,0.277428,0.499869,1.30218,2.20694,5.4944
11,rec2018-01-23_10h42m45.728s.wav,0,2018-01-23#1,noise,30,2.104,0.17946,0.396604,0.0424115,0.209473,0.127063,0.0502495,1.7267,-0.230375,1.18848,0.269216,2.85243,4.88547,-1.79416,1.84955,2.38276,4.88547
11,rec2018-01-23_10h42m45.728s.wav,0,2018-01-23#1,noise,20,2.104,0.182003,0.40514,0.0452132,0.248934,0.1361,0.0515401,1.7267,-0.148678,1.51022,0.563737,4.26811,5.50173,-1.71785,2.20529,2.85454,5.50173
11,rec2018-01-23_10h42m45.728s.wav,0,2018-01-23#1,noise,10,2.104,0.195428,0.423517,0.0416177,0.329485,0.119253,0.0458309,1.7267,0.282675,2.20287,0.185766,7.15788,4.35295,-2.05542,2.56632,3.43005,7.15788
11,rec2018-01-23_10h42m45.728s.wav,0,2018-01-23#1,tilt,-0.5,2.104,0.178334,0.324317,0.029529,0.0887425,0.0429974,0.0890477,1.7267,-0.266544,-1.53619,-1.08502,-1.4788,-0.846837,0.499859,1.06285,1.1798,1.7267
11,rec2018-01-23_10h42m45.728s.wav,0,2018-01-23#1,tilt,0.5,2.104,0.179458,0.455839,0.0511484,0.180088,0.0594355,0.0865706,1.7267,-0.230432,3.42115,1.18765,1.79824,0.274053,0.353396,1.28452,1.67259,3.42115
11,rec2018-01-23_10h42m45.728s.wav,0,2018-01-23#1,tilt,0.9,2.104,0.17955,0.496662,0.0552721,0.144859,0.0461139,0.0853253,1.7267,-0.22748,4.95985,1.62114,0.534386,-0.63433,0.27977,1.42624,2.10536,4.95985
12,rec2018-01-23_10h43m05.349s.wav,0,2018-01-23#1,identity,0,1.96,0.155585,0.399236,0.0391235,0.172032,0.0618908,0.0836455,1.24106,-0.997488,1.28769,-0.0764205,1.50922,0.441477,0.180445,0.819113,0.978657,1.50922
12,rec2018-01-23_10h43m05.349s.wav,0,2018-01-23#1,gain,0.5,1.96,0.0777927,0.399236,0.0391235,0.172047,0.0618669,0.0836455,1.24106,-3.49703,1.28769,-0.0764205,1.50978,0.439849,0.180445,1.17604,1.60084,3.49703
12,rec2018-01-23_10h43m05.349s.wav,0,2018-01-23#1,gain,0.707107,1.96,0.110015,0.399236,0.0391235,0.172037,0.0618823,0.0836455,1.24106,-2.46169,1.28769,-0.0764205,1.50939,0.440899,0.180445,1.02823,1.29666,2.46169
12,rec2018-01-23_10h43m05.349s.wav,0,2018-01-23#1,gain,1.41421,1.96,0.220031,0.399236,0.0391235,0.172029,0.0618949,0.0836455,1.24106,1.0732,1.28769,-0.0764205,1.50913,0.441759,0.180445,0.829959,0.990034,1.50913
12,rec2018-01-23_10h43m05.349s.wav,0,2018-01-23#1,gain,2,1.96,0.311171,0.399236,0.0391235,0.172028,0.0618974,0.0836455,1.24106,4.0016,1.28769,-0.0764205,1.50908,0.441929,0.180445,1.24832,1.76158,4.0016
12,rec2018-01-23_10h43m05.349s.wav,0,2018-01-23#1,noise,30,1.96,0.156242,0.417423,0.0378446,0.244833,0.126245,0.048985,1.24106,-0.976375,1.97317,-0.210869,4.12097,4.82971,-1.86893,2.17444,2.67883,4.82971
12,rec2018-01-23_10h43m05.349s.wav,0,2018-01-23#1,noise,20,1.96,0.158695,0.4241,0.0383228,0.283282,0.124688,0.0447783,1.24106,-0.89756,2.22484,-0.1606,5.50033,4.72355,-2.11766,2.40937,3.03248,5.50033
12,rec2018-01-23_10h43m05.349s.wav,0,2018-01-23#1,noise,10,1.96,0.171238,0.439218,0.0349714,0.362721,0.104095,0.0423635,1.24106,-0.494542,2.79469,-0.512898,8.35021,3.31934,-2.26044,2.71045,3.69772,8.35021
12,rec2018-01-23_10h43m05.349s.wav,0,2018-01-23#1,tilt,-0.5,1.96,0.155197,0.342809,0.0304514,0.110622,0.0465146,0.0814982,1.24106,-1.00995,-0.839194,-0.988051,-0.693858,-0.607009,0.053482,0.776087,0.853019,1.24106
12,rec2018-01-23_10h43m05.349s.wav,0,2018-01-23#1,tilt,0.5,1.96,0.155896,0.476433,0.0484991,0.18889,0.0582245,0.0766798,1.24106,-0.98752,4.19739,0.909148,2.114,0.191477,-0.231413,1.41029,1.90935,4.19739
12,rec2018-01-23_10h43m05.349s.wav,0,2018-01-23#1,tilt,0.9,1.96,0.155885,0.515489,0.0521163,0.144826,0.043475,0.0734498,1.24106,-0.987863,5.66948,1.2894,0.533194,-0.814273,-0.422395,1.56538,2.31293,5.66948
13,rec2018-01-23_10h43m22.564s.wav,0,2018-01-23#1,identity,0,1.96,0.18327,0.404097,0.0493227,0.16094,0.0388436,0.0380326,1.24106,-0.107955,1.4709,0.995726,1.11131,-1.13008,-2.51651,1.22479,1.39139,2.51651
13,rec2018-01-23_10h43m22.564s.wav,0,2018-01-23#1,gain,0.5,1.96,0.0916351,0.404097,0.0493227,0.160948,0.038839,0.0380326,1.24106,-3.05227,1.4709,0.995726,1.11158,-1.13039,-2.51651,1.64549,1.80704,3.05227
13,rec2018-01-23_10h43m22.564s.wav,0,2018-01-23#1,gain,0.707107,1.96,0.129592,0.404097,0.0493227,0.160944,0.0388415,0.0380326,1.24106,-1.83269,1.4709,0.995726,1.11144,-1.13022,-2.51651,1.47122,1.55378,2.51651
13,rec2018-01-23_10h43m22.564s.wav,0,2018-01-23#1,gain,1.41421,1.96,0.259183,0.404097,0.0493227,0.160937,0.0388444,0.0380326,1.24106,2.33119,1.4709,0.995726,1.11119,-1.13003,-2.51651,1.54237,1.64639,2.51651
13,rec2018-01-23_10h43m22.564s.wav,0,2018-01-23#1,gain,2,1.96,0.36654,0.404097,0.0493227,0.160934,0.0388452,0.0380326,1.24106,5.78067,1.4709,0.995726,1.11107,-1.12997,-2.51651,2.03513,2.58997,5.78067
13,rec2018-01-23_10h43m22.564s.wav,0,2018-01-23#1,noise,30,1.96,0.183451,0.407863,0.05055,0.189865,0.0679425,0.0314588,1.24106,-0.102134,1.61284,1.12474,2.149,0.854137,-2.9052,1.42702,1.65637,2.9052
13,rec2018-01-23_10h43m22.564s.wav,0,2018-01-23#1,noise,20,1.96,0.184859,0.412296,0.0497525,0.231368,0.0853769,0.0366913,1.24106,-0.0568978,1.77994,1.04091,3.63791,2.04297,-2.59582,1.77079,2.06818,3.63791
13,rec2018-01-23_10h43m22.564s.wav,0,2018-01-23#1,noise,10,1.96,0.195651,0.428604,0.0431005,0.325883,0.0848376,0.0378986,1.24106,0.289854,2.39461,0.341637,7.02865,2.0062,-2.52444,2.26092,3.10011,7.02865
13,rec2018-01-23_10h43m22.564s.wav,0,2018-01-23#1,tilt,-0.5,1.96,0.181655,0.345046,0.0469831,0.104079,0.0282891,0.059779,1.24106,-0.159839,-0.754852,0.749786,-0.928595,-1.84978,-1.23071,0.987805,1.10171,1.84978
13,rec2018-01-23_10h43m22.564s.wav,0,2018-01-23#1,tilt,0.5,1.96,0.185163,0.485222,0.0450511,0.183074,0.0494606,0.0226862,1.24106,-0.0471387,4.52866,0.546689,1.90536,-0.406121,-3.4239,1.72842,2.3259,4.52866
13,rec2018-01-23_10h43m22.564s.wav,0,2018-01-23#1,tilt,0.9,1.96,0.185572,0.527312,0.04052,0.143149,0.0425705,0.017879,1.24106,-0.0339783,6.11514,0.0703732,0.47305,-0.87595,-3.70814,1.78824,2.76929,6.11514
14,rec2018-01-23_10h43m40.126s.wav,0,2018-01-23#1,identity,0,1.832,0.170051,0.384537,0.0386454,0.129183,0.0499214,0.0871137,0.809389,-0.532681,0.733624,-0.126684,-0.0279811,-0.374701,0.385512,0.427225,0.50468,0.809389
14,rec2018-01-23_10h43m40.126s.wav,0,2018-01-23#1,gain,0.5,1.832,0.0850257,0.384537,0.0386454,0.129201,0.0499143,0.0871137,0.809389,-3.26463,0.733624,-0.126684,-0.027339,-0.375188,0.385512,0.817481,1.31786,3.26463
14,rec2018-01-23_10h43m40.126s.wav,0,2018-01-23#1,gain,0.707107,1.832,0.120245,0.384537,0.0386454,0.129192,0.0499185,0.0871137,0.809389,-2.13302,0.733624,-0.126684,-0.027678,-0.374898,0.385512,0.655829,0.929598,2.13302
14,rec2018-01-23_10h43m40.126s.wav,0,2018-01-23#1,gain,1.41421,1.832,0.240489,0.384537,0.0386454,0.129175,0.0499233,0.0871137,0.809389,1.73054,0.733624,-0.126684,-0.028259,-0.374568,0.385512,0.598368,0.801236,1.73054
14,rec2018-01-23_10h43m40.126s.wav,0,2018-01-23#1,gain,2,1.832,0.340103,0.384537,0.0386454,0.12917,0.0499238,0.0871137,0.809389,4.93122,0.733624,-0.126684,-0.0284397,-0.374539,0.385512,1.05563,1.92042,4.93122
14,rec2018-01-23_10h43m40.126s.wav,0,2018-01-23#1,noise,30,1.832,0.170639,0.403267,0.0410379,0.209512,0.13004,0.0462274,0.809389,-0.513803,1.43959,0.124817,2.85385,5.08847,-2.03198,1.83741,2.42525,5.08847
14,rec2018-01-23_10h43m40.126s.wav,0,2018-01-23#1,noise,20,1.832,0.173431,0.412849,0.0446736,0.254747,0.14777,0.053289,0.809389,-0.424104,1.80079,0.507004,4.47664,6.29748,-1.61445,2.27569,3.08545,6.29748
14,rec2018-01-23_10h43m40.126s.wav,0,2018-01-23#1,noise,10,1.832,0.187785,0.430437,0.0408225,0.331532,0.128882,0.0497675,0.809389,0.0371206,2.4637,0.102171,7.23131,5.0095,-1.82266,2.49655,3.53444,7.23131
14,rec2018-01-23_10h43m40.126s.wav,0,2018-01-23#1,tilt,-0.5,1.832,0.16947,0.332467,0.0303831,0.0788357,0.0336666,0.0874561,0.809389,-0.551351,-1.22901,-0.995233,-1.8342,-1.4831,0.405756,1.044,1.14571,1.8342
14,rec2018-01-23_10h43m40.126s.wav,0,2018-01-23#1,tilt,0.5,1.832,0.170771,0.458486,0.0480487,0.156832,0.0551203,0.0813736,0.809389,-0.509572,3.52093,0.8618,0.963909,-0.0201927,0.0461168,0.961702,1.46317,3.52093
14,rec2018-01-23_10h43m40.126s.wav,0,2018-01-23#1,tilt,0.9,1.832,0.170866,0.496515,0.051903,0.125206,0.0438239,0.0793957,0.809389,-0.506519,4.95434,1.26697,-0.17068,-0.790483,-0.0708315,1.22417,1.99002,4.95434
15,rec2018-01-23_10h43m56.234s.wav,0,2018-01-23#1,identity,0,1.672,0.158333,0.392239,0.0368319,0.163047,0.0656923,0.0930874,0.269796,-0.909191,1.02395,-0.317317,1.18689,0.700698,0.738715,0.735224,0.801248,1.18689
15,rec2018-01-23_10h43m56.234s.wav,0,2018-01-23#1,gain,0.5,1.672,0.0791667,0.392239,0.0368319,0.163054,0.0656873,0.0930874,0.269796,-3.45288,1.02395,-0.317317,1.18715,0.700359,0.738715,1.0986,1.49236,3.45288
15,rec2018-01-23_10h43m56.234s.wav,0,2018-01-23#1,gain,0.707107,1.672,0.111959,0.392239,0.0368319,0.163051,0.06569,0.0930874,0.269796,-2.39925,1.02395,-0.317317,1.18702,0.700541,0.738715,0.948085,1.16029,2.39925
15,rec2018-01-23_10h43m56.234s.wav,0,2018-01-23#1,gain,1.41421,1.672,0.223917,0.392239,0.0368319,0.163046,0.0656932,0.0930874,0.269796,1.19807,1.02395,-0.317317,1.18684,0.700761,0.738715,0.776494,0.853789,1.19807
15,rec2018-01-23_10h43m56.234s.wav,0,2018-01-23#1,gain,2,1.672,0.316667,0.392239,0.0368319,0.163046,0.0656932,0.0930874,0.269796,4.1782,1.02395,-0.317317,1.18684,0.700761,0.738715,1.20223,1.73718,4.1782
15,rec2018-01-23_10h43m56.234s.wav,0,2018-01-23#1,noise,30,1.672,0.158835,0.406612,0.0373217,0.219395,0.113063,0.0571511,0.269796,-0.893079,1.56567,-0.265836,3.20839,3.93087,-1.38609,1.64568,2.10642,3.93087
15,rec2018-01-23_10h43m56.234s.wav,0,2018-01-23#1,noise,20,1.672,0.161042,0.416143,0.0354531,0.268675,0.114059,0.0418103,0.269796,-0.822158,1.92493,-0.462266,4.9763,3.99875,-2.29315,2.10676,2.69072,4.9763
15,rec2018-01-23_10h43m56.234s.wav,0,2018-01-23#1,noise,10,1.672,0.173503,0.435899,0.0338516,0.356826,0.10697,0.0412219,0.269796,-0.421784,2.66957,-0.630614,8.13875,3.51537,-2.32794,2.56769,3.62119,8.13875
15,rec2018-01-23_10h43m56.234s.wav,0,2018-01-23#1,tilt,-0.5,1.672,0.158077,0.337617,0.0268665,0.104062,0.0482421,0.0939208,0.269796,-0.91743,-1.03486,-1.3649,-0.929219,-0.489207,0.787992,0.82763,0.892194,1.3649
15,rec2018-01-23_10h43m56.234s.wav,0,2018-01-23#1,tilt,0.5,1.672,0.158346,0.468172,0.0493848,0.183157,0.0685668,0.0866522,0.269796,-0.908787,3.88602,1.00226,1.90833,0.896709,0.358225,1.31859,1.75575,3.88602
15,rec2018-01-23_10h43m56.234s.wav,0,2018-01-23#1,tilt,0.9,1.672,0.158185,0.507064,0.055632,0.141999,0.0537556,0.0849677,0.269796,-0.913967,5.35194,1.65897,0.431796,-0.113252,0.258621,1.28548,2.15704,5.35194
16,rec2018-01-23_10h44m12.634s.wav,0,2018-01-23#1,identity,0,2.376,0.147982,0.416776,0.0422143,0.177336,0.0639058,0.0890056,2.644,-1.24179,1.94881,0.248481,1.6995,0.578877,0.497374,1.26555,1.50538,2.644
16,rec2018-01-23_10h44m12.634s.wav,0,2018-01-23#1,gain,0.5,2.376,0.0739911,0.416776,0.0422143,0.177351,0.0639088,0.0890056,2.644,-3.61918,1.94881,0.248481,1.70005,0.579084,0.497374,1.60528,1.97924,3.61918
16,rec2018-01-23_10h44m12.634s.wav,0,2018-01-23#1,gain,0.707107,2.376,0.104639,0.416776,0.0422143,0.177342,0.0639088,0.0890056,2.644,-2.63443,1.94881,0.248481,1.69973,0.579081,0.497374,1.46456,1.74284,2.644
16,rec2018-01-23_10h44m12.634s.wav,0,2018-01-23#1,gain,1.41421,2.376,0.209278,0.416776,0.0422143,0.177331,0.0639007,0.0890056,2.644,0.727712,1.94881,0.248481,1.69932,0.57853,0.497374,1.19203,1.4565,2.644
16,rec2018-01-23_10h44m12.634s.wav,0,2018-01-23#1,gain,2,2.376,0.295964,0.416776,0.0422143,0.17733,0.0638997,0.0890056,2.644,3.513,1.94881,0.248481,1.69929,0.578462,0.497374,1.58992,1.9516,3.513
16,rec2018-01-23_10h44m12.634s.wav,0,2018-01-23#1,noise,30,2.376,0.148346,0.43119,0.0310422,0.227586,0.0918292,0.0424074,2.644,-1.23009,2.49209,-0.925945,3.50224,2.48294,-2.25784,2.21931,2.36342,3.50224
16,rec2018-01-23_10h44m12.634s.wav,0,2018-01-23#1,noise,20,2.376,0.150093,0.439876,0.0297658,0.274591,0.100655,0.0355746,2.644,-1.17396,2.81949,-1.06012,5.18856,3.08476,-2.66185,2.66182,2.95114,5.18856
16,rec2018-01-23_10h44m12.634s.wav,0,2018-01-23#1,noise,10,2.376,0.160475,0.454782,0.0290866,0.360495,0.0948495,0.0361934,2.644,-0.84037,3.38133,-1.13152,8.27037,2.68889,-2.62526,3.08311,3.83465,8.27037
16,rec2018-01-23_10h44m12.634s.wav,0,2018-01-23#1,tilt,-0.5,2.376,0.147819,0.358279,0.0299025,0.121754,0.0492345,0.0904516,2.644,-1.24702,-0.25607,-1.04575,-0.294493,-0.421538,0.582873,0.927392,1.21356,2.644
16,rec2018-01-23_10h44m12.634s.wav,0,2018-01-23#1,tilt,0.5,2.376,0.147784,0.492312,0.0535856,0.176724,0.0584311,0.0747651,2.644,-1.24817,4.7959,1.44385,1.67756,0.205564,-0.344626,1.76567,2.2869,4.7959
16,rec2018-01-23_10h44m12.634s.wav,0,2018-01-23#1,tilt,0.9,2.376,0.147599,0.528278,0.0576538,0.131092,0.0434259,0.0674827,2.644,-1.25409,6.15155,1.8715,0.0405127,-0.817625,-0.775215,1.93636,2.70393,6.15155
17,rec2018-01-23_10h44m30.273s.wav,0,2018-01-23#1,identity,0,1.736,0.154922,0.406948,0.0432319,0.158863,0.0624662,0.0789161,0.485633,-1.0188,1.57836,0.355453,1.03677,0.480714,-0.0991915,0.722132,0.862486,1.57836
17,rec2018-01-23_10h44m30.273s.wav,0,2018-01-23#1,gain,0.5,1.736,0.0774611,0.406948,0.0432319,0.158875,0.0624897,0.0789161,0.485633,-3.50769,1.57836,0.355453,1.03722,0.482318,-0.0991915,1.07798,1.53416,3.50769
17,rec2018-01-23_10h44m30.273s.wav,0,2018-01-23#1,gain,0.707107,1.736,0.109547,0.406948,0.0432319,0.158866,0.062474,0.0789161,0.485633,-2.47676,1.57836,0.355453,1.0369,0.481245,-0.0991915,0.930505,1.21328,2.47676
17,rec2018-01-23_10h44m30.273s.wav,0,2018-01-23#1,gain,1.41421,1.736,0.219093,0.406948,0.0432319,0.158863,0.0624662,0.0789161,0.485633,1.04307,1.57836,0.355453,1.03677,0.480713,-0.0991915,0.725598,0.86662,1.57836
17,rec2018-01-23_10h44m30.273s.wav,0,2018-01-23#1,gain,2,1.736,0.309844,0.406948,0.0432319,0.158863,0.0624662,0.0789161,0.485633,3.95898,1.57836,0.355453,1.03677,0.480713,-0.0991915,1.14216,1.68365,3.95898
17,rec2018-01-23_10h44m30.273s.wav,0,2018-01-23#1,noise,30,1.736,0.155357,0.41598,0.0420144,0.207725,0.104613,0.0534075,0.485633,-1.00484,1.91877,0.227465,2.7897,3.35463,-1.60744,1.62692,1.94931,3.35463
17,rec2018-01-23_10h44m30.273s.wav,0,2018-01-23#1,noise,20,1.736,0.157429,0.425141,0.0392407,0.263441,0.122959,0.0409427,0.485633,-0.938263,2.26407,-0.0641036,4.78855,4.60566,-2.34444,2.21296,2.82552,4.78855
17,rec2018-01-23_10h44m30.273s.wav,0,2018-01-23#1,noise,10,1.736,0.169792,0.441307,0.0369062,0.352334,0.120077,0.0422629,0.485633,-0.541008,2.87342,-0.309511,7.97761,4.40915,-2.26639,2.69467,3.72444,7.97761
17,rec2018-01-23_10h44m30.273s.wav,0,2018-01-23#1,tilt,-0.5,1.736,0.154307,0.350449,0.0373077,0.103676,0.0475066,0.0772392,0.485633,-1.03855,-0.551209,-0.267307,-0.943069,-0.539363,-0.198341,0.574782,0.644687,1.03855
17,rec2018-01-23_10h44m30.273s.wav,0,2018-01-23#1,tilt,0.5,1.736,0.155505,0.482759,0.0485948,0.172708,0.0638052,0.0715518,0.485633,-1.00007,4.43581,0.919214,1.53347,0.572023,-0.534617,1.35441,1.87928,4.43581
17,rec2018-01-23_10h44m30.273s.wav,0,2018-01-23#1,tilt,0.9,1.736,0.155546,0.519987,0.0505236,0.132038,0.049282,0.0651244,0.485633,-0.998764,5.83904,1.12197,0.0744314,-0.4183,-0.914656,1.40754,2.31775,5.83904
18,rec2018-01-23_10h45m25.926s.wav,0,2018-01-23#1,identity,0,1.528,0.168357,0.386606,0.0385402,0.169487,0.0588302,0.0851242,-0.215837,-0.587138,0.811626,-0.137747,1.41793,0.232781,0.267874,0.524419,0.676705,1.41793
18,rec2018-01-23_10h45m25.926s.wav,0,2018-01-23#1,gain,0.5,1.528,0.0841783,0.386606,0.0385402,0.16949,0.0588249,0.0851242,-0.215837,-3.29186,0.811626,-0.137747,1.41804,0.232421,0.267874,0.910771,1.39884,3.29186
18,rec2018-01-23_10h45m25.926s.wav,0,2018-01-23#1,gain,0.707107,1.528,0.119046,0.386606,0.0385402,0.169488,0.0588295,0.0851242,-0.215837,-2.17153,0.811626,-0.137747,1.41795,0.232729,0.267874,0.750755,1.04035,2.17153
18,rec2018-01-23_10h45m25.926s.wav,0,2018-01-23#1,gain,1.41421,1.528,0.238092,0.386606,0.0385402,0.169487,0.0588302,0.0851242,-0.215837,1.65353,0.811626,-0.137747,1.41793,0.23278,0.267874,0.67676,0.894021,1.65353
18,rec2018-01-23_10h45m25.926s.wav,0,2018-01-23#1,gain,2,1.528,0.336713,0.386606,0.0385402,0.169487,0.0588302,0.0851242,-0.215837,4.8223,0.811626,-0.137747,1.41793,0.232781,0.267874,1.12944,1.93152,4.8223
18,rec2018-01-23_10h45m25.926s.wav,0,2018-01-23#1,noise,30,1.528,0.168818,0.405284,0.038499,0.240093,0.117328,0.0567114,-0.215837,-0.572322,1.51562,-0.142073,3.95092,4.22167,-1.41209,1.71865,2.33354,4.22167
18,rec2018-01-23_10h45m25.926s.wav,0,2018-01-23#1,noise,20,1.528,0.171016,0.415129,0.0421057,0.281078,0.124937,0.0584629,-0.215837,-0.501679,1.88671,0.237072,5.42127,4.7405,-1.30853,2.04451,2.86578,5.42127
18,rec2018-01-23_10h45m25.926s.wav,0,2018-01-23#1,noise,10,1.528,0.183239,0.43298,0.0398008,0.358507,0.10759,0.0525611,-0.215837,-0.108968,2.55956,-0.0052215,8.19903,3.55768,-1.65748,2.32911,3.57048,8.19903
18,rec2018-01-23_10h45m25.926s.wav,0,2018-01-23#1,tilt,-0.5,1.528,0.167919,0.3326,0.0276042,0.106602,0.0427584,0.0871918,-0.215837,-0.601192,-1.224,-1.28735,-0.83807,-0.863137,0.390129,0.774244,0.858821,1.28735
18,rec2018-01-23_10h45m25.926s.wav,0,2018-01-23#1,tilt,0.5,1.528,0.168637,0.463747,0.0485445,0.194195,0.0556974,0.0692784,-0.215837,-0.578122,3.71922,0.913918,2.30432,0.0191573,-0.669038,1.2028,1.72406,3.71922
18,rec2018-01-23_10h45m25.926s.wav,0,2018-01-23#1,tilt,0.9,1.528,0.168551,0.505029,0.0513912,0.151641,0.0423572,0.063752,-0.215837,-0.58088,5.27525,1.21317,0.777709,-0.890496,-0.995797,1.42131,2.14054,5.27525
19,rec2018-01-23_10h45m44.127s.wav,0,2018-01-23#1,identity,0,1.768,0.177191,0.376079,0.0342994,0.12733,0.0456882,0.0779285,0.593552,-0.303285,0.414824,-0.583545,-0.0944622,-0.663357,-0.157584,0.401516,0.452088,0.663357
19,rec2018-01-23_10h45m44.127s.wav,0,2018-01-23#1,gain,0.5,1.768,0.0885954,0.376079,0.0342994,0.127351,0.0457022,0.0779285,0.593552,-3.14993,0.414824,-0.583545,-0.0937015,-0.662402,-0.157584,0.807934,1.26826,3.14993
19,rec2018-01-23_10h45m44.127s.wav,0,2018-01-23#1,gain,0.707107,1.768,0.125293,0.376079,0.0342994,0.12734,0.0456953,0.0779285,0.593552,-1.97081,0.414824,-0.583544,-0.0940869,-0.662871,-0.157584,0.639611,0.86372,1.97081
19,rec2018-01-23_10h45m44.127s.wav,0,2018-01-23#1,gain,1.41421,1.768,0.250586,0.376079,0.0342994,0.127326,0.0456871,0.0779285,0.593552,2.05495,0.414824,-0.583544,-0.0946076,-0.663433,-0.157584,0.651786,0.891361,2.05495
19,rec2018-01-23_10h45m44.127s.wav,0,2018-01-23#1,gain,2,1.768,0.354382,0.376079,0.0342994,0.127326,0.0456878,0.0779285,0.593552,5.39001,0.414824,-0.583545,-0.0946193,-0.663387,-0.157584,1.12822,2.08364,5.39001
19,rec2018-01-23_10h45m44.127s.wav,0,2018-01-23#1,noise,30,1.768,0.177775,0.392271,0.039173,0.195195,0.120487,0.0470618,0.593552,-0.284514,1.02515,-0.0712191,2.34021,4.43705,-1.98264,1.53348,2.09025,4.43705
19,rec2018-01-23_10h45m44.127s.wav,0,2018-01-23#1,noise,20,1.768,0.180537,0.40423,0.04494,0.245167,0.147099,0.054983,0.593552,-0.195759,1.47592,0.535012,4.13297,6.25173,-1.51428,2.09989,2.95958,6.25173
19,rec2018-01-23_10h45m44.127s.wav,0,2018-01-23#1,noise,10,1.768,0.19514,0.424651,0.0431533,0.322901,0.134393,0.0517896,0.593552,0.273433,2.2456,0.347196,6.9217,5.3853,-1.7031,2.4957,3.4929,6.9217
19,rec2018-01-23_10h45m44.127s.wav,0,2018-01-23#1,tilt,-0.5,1.768,0.176962,0.325229,0.028468,0.0747791,0.0305413,0.0768337,0.593552,-0.310636,-1.5018,-1.19655,-1.97973,-1.69621,-0.222314,1.07154,1.25253,1.97973
19,rec2018-01-23_10h45m44.127s.wav,0,2018-01-23#1,tilt,0.5,1.768,0.177506,0.450624,0.04094,0.164296,0.0490094,0.0687446,0.593552,-0.293168,3.22459,0.114525,1.23171,-0.43689,-0.700599,0.942148,1.36529,3.22459
19,rec2018-01-23_10h45m44.127s.wav,0,2018-01-23#1,tilt,0.9,1.768,0.177547,0.489616,0.0433191,0.134287,0.0383296,0.0620422,0.593552,-0.29184,4.69428,0.364624,0.155102,-1.16513,-1.0969,1.19449,1.89704,4.69428
21,rec2018-01-23_10h46m04.850s.wav,0,2018-01-23#1,identity,0,1.72,0.152597,0.404963,0.0374298,0.171349,0.0547031,0.065709,0.431674,-1.0935,1.50352,-0.254471,1.48474,-0.0486397,-0.880087,0.813804,0.977517,1.50352
21,rec2018-01-23_10h46m04.850s.wav,0,2018-01-23#1,gain,0.5,1.72,0.0762986,0.404963,0.0374298,0.171389,0.0547069,0.065709,0.431674,-3.54504,1.50352,-0.254471,1.48616,-0.0483806,-0.880087,1.16419,1.60644,3.54504
21,rec2018-01-23_10h46m04.850s.wav,0,2018-01-23#1,gain,0.707107,1.72,0.107903,0.404963,0.0374298,0.171366,0.0547034,0.065709,0.431674,-2.52958,1.50352,-0.254471,1.48533,-0.0486199,-0.880087,1.01904,1.30349,2.52958
21,rec2018-01-23_10h46m04.850s.wav,0,2018-01-23#1,gain,1.41421,1.72,0.215805,0.404963,0.0374298,0.171337,0.0546981,0.065709,0.431674,0.937424,1.50352,-0.254471,1.48428,-0.0489837,-0.880087,0.791491,0.953974,1.50352
21,rec2018-01-23_10h46m04.850s.wav,0,2018-01-23#1,gain,2,1.72,0.305195,0.404963,0.0374298,0.171326,0.0546907,0.065709,0.431674,3.80958,1.50352,-0.254471,1.48391,-0.0494904,-0.880087,1.20182,1.69046,3.80958
21,rec2018-01-23_10h46m04.850s.wav,0,2018-01-23#1,noise,30,1.72,0.153151,0.419723,0.0402338,0.248904,0.134001,0.0551241,0.431674,-1.07572,2.05987,0.0402872,4.26703,5.35862,-1.50594,2.10559,2.79741,5.35862
21,rec2018-01-23_10h46m04.850s.wav,0,2018-01-23#1,noise,20,1.72,0.155439,0.428422,0.0402246,0.286013,0.13312,0.0524587,0.431674,-1.00219,2.38776,0.0393235,5.59833,5.29853,-1.66354,2.34591,3.14135,5.59833
21,rec2018-01-23_10h46m04.850s.wav,0,2018-01-23#1,noise,10,1.72,0.167462,0.444921,0.0370368,0.362925,0.11193,0.0493114,0.431674,-0.615868,3.00963,-0.295779,8.35754,3.85361,-1.84963,2.63053,3.73843,8.35754
21,rec2018-01-23_10h46m04.850s.wav,0,2018-01-23#1,tilt,-0.5,1.72,0.152356,0.346169,0.030336,0.111702,0.0402022,0.0730236,0.431674,-1.10124,-0.712542,-1.00017,-0.655124,-1.03744,-0.447597,0.769398,0.811783,1.10124
21,rec2018-01-23_10h46m04.850s.wav,0,2018-01-23#1,tilt,0.5,1.72,0.152674,0.484596,0.0432777,0.183678,0.0519739,0.0510735,0.431674,-1.09103,4.50507,0.360268,1.92704,-0.234741,-1.74544,1.47075,2.02193,4.50507
21,rec2018-01-23_10h46m04.850s.wav,0,2018-01-23#1,tilt,0.9,1.72,0.152592,0.524847,0.0449364,0.13923,0.0388882,0.04615,0.431674,-1.09366,6.02221,0.534633,0.332469,-1.12704,-2.03655,1.65403,2.4918,6.02221
22,rec2018-01-23_10h47m11.936s.wav,0,2018-01-23#1,identity,0,1.592,0.19367,0.371534,0.0356844,0.158568,0.0442086,0.0502562,-2.24651e-15,0.226201,0.243511,-0.437951,1.02621,-0.764252,-1.79377,0.641699,0.858325,1.79377
22,rec2018-01-23_10h47m11.936s.wav,0,2018-01-23#1,gain,0.5,1.592,0.096835,0.371534,0.0356844,0.158572,0.0442011,0.0502562,-2.24651e-15,-2.88519,0.243511,-0.437951,1.02634,-0.764764,-1.79377,1.02165,1.38519,2.88519
22,rec2018-01-23_10h47m11.936s.wav,0,2018-01-23#1,gain,0.707107,1.592,0.136945,0.371534,0.0356844,0.15857,0.0442048,0.0502562,-2.24651e-15,-1.59641,0.243511,-0.437951,1.02627,-0.764508,-1.79377,0.837489,1.04574,1.79377
22,rec2018-01-23_10h47m11.936s.wav,0,2018-01-23#1,gain,1.41421,1.592,0.273891,0.371534,0.0356844,0.158566,0.0442123,0.0502562,-2.24651e-15,2.80376,0.243511,-0.437951,1.02614,-0.763996,-1.79377,1.00988,1.36101,2.80376
22,rec2018-01-23_10h47m11.936s.wav,0,2018-01-23#1,gain,2,1.592,0.38734,0.371534,0.0356844,0.158564,0.0442161,0.0502562,-2.24651e-15,6.44898,0.243511,-0.437951,1.02608,-0.76374,-1.79377,1.53058,2.58275,6.44898
22,rec2018-01-23_10h47m11.936s.wav,0,2018-01-23#1,noise,30,1.592,0.194134,0.379886,0.041832,0.215654,0.105313,0.048465,-2.24651e-15,0.241097,0.558336,0.208294,3.07418,3.40242,-1.89968,1.34057,1.89168,3.40242
22,rec2018-01-23_10h47m11.936s.wav,0,2018-01-23#1,noise,20,1.592,0.196474,0.388134,0.0435405,0.25966,0.117619,0.047045,-2.24651e-15,0.316311,0.869197,0.387898,4.65289,4.24153,-1.98363,1.77878,2.52363,4.65289
22,rec2018-01-23_10h47m11.936s.wav,0,2018-01-23#1,noise,10,1.592,0.210273,0.409826,0.0407677,0.345109,0.104605,0.0435556,-2.24651e-15,0.759686,1.68683,0.0964148,7.71838,3.3541,-2.18995,2.25791,3.36051,7.71838
22,rec2018-01-23_10h47m11.936s.wav,0,2018-01-23#1,tilt,-0.5,1.592,0.193151,0.317378,0.0330002,0.0934145,0.0292752,0.0687952,-2.24651e-15,0.209518,-1.79773,-0.72011,-1.31119,-1.78254,-0.697611,0.931242,1.14503,1.79773
22,rec2018-01-23_10h47m11.936s.wav,0,2018-01-23#1,tilt,0.5,1.592,0.194449,0.453244,0.035722,0.206379,0.055183,0.035094,-2.24651e-15,0.251221,3.32334,-0.434,2.74144,-0.0159154,-2.69026,1.35088,1.92907,3.32334
22,rec2018-01-23_10h47m11.936s.wav,0,2018-01-23#1,tilt,0.9,1.592,0.19461,0.499716,0.0338368,0.170375,0.0477783,0.0317131,-2.24651e-15,0.256399,5.07496,-0.632168,1.44979,-0.520838,-2.89016,1.54633,2.29742,5.07496
23,rec2018-01-23_10h49m01.624s.wav,0,2018-01-23#1,identity,0,3.16,0.185543,0.39872,0.045871,0.132176,0.0590908,0.0953921,5.28801,-0.0349225,1.26824,0.632882,0.0793768,0.25055,0.87499,1.20414,2.09789,5.28801
23,rec2018-01-23_10h49m01.624s.wav,0,2018-01-23#1,gain,0.5,3.16,0.0927715,0.39872,0.045871,0.132184,0.059094,0.0953921,5.28801,-3.01575,1.26824,0.632882,0.0796596,0.250767,0.87499,1.63004,2.38751,5.28801
23,rec2018-01-23_10h49m01.624s.wav,0,2018-01-23#1,gain,0.707107,3.16,0.131199,0.39872,0.045871,0.132178,0.0590915,0.0953921,5.28801,-1.78105,1.26824,0.632882,0.0794768,0.250595,0.87499,1.45361,2.20321,5.28801
23,rec2018-01-23_10h49m01.624s.wav,0,2018-01-23#1,gain,1.41421,3.16,0.262398,0.39872,0.045871,0.132175,0.0590913,0.0953921,5.28801,2.43448,1.26824,0.632882,0.0793672,0.250584,0.87499,1.54693,2.29077,5.28801
23,rec2018-01-23_10h49m01.624s.wav,0,2018-01-23#1,gain,2,3.16,0.371086,0.39872,0.045871,0.132175,0.0590913,0.0953921,5.28801,5.92673,1.26824,0.632882,0.0793661,0.250584,0.87499,2.04583,3.06904,5.92673
23,rec2018-01-23_10h49m01.624s.wav,0,2018-01-23#1,noise,30,3.16,0.18595,0.401014,0.0395645,0.17198,0.119304,0.0988656,5.28801,-0.0218612,1.35468,-0.0300702,1.50735,4.35643,1.08037,1.94839,2.73123,5.28801
23,rec2018-01-23_10h49m01.624s.wav,0,2018-01-23#1,noise,20,3.16,0.187845,0.407287,0.0390396,0.203029,0.129223,0.0936812,5.28801,0.0390506,1.59112,-0.0852473,2.62125,5.03277,0.773827,2.20447,3.00718,5.28801
23,rec2018-01-23_10h49m01.624s.wav,0,2018-01-23#1,noise,10,3.16,0.199512,0.428139,0.0340677,0.279691,0.121114,0.0570549,5.28801,0.413913,2.37707,-0.607902,5.3715,4.47987,-1.39178,2.84715,3.48494,5.3715
23,rec2018-01-23_10h49m01.624s.wav,0,2018-01-23#1,tilt,-0.5,3.16,0.185206,0.355475,0.0387726,0.0851548,0.0441958,0.0971826,5.28801,-0.0457636,-0.361781,-0.113308,-1.6075,-0.765123,0.980855,1.30891,2.14611,5.28801
23,rec2018-01-23_10h49m01.624s.wav,0,2018-01-23#1,tilt,0.5,3.16,0.185987,0.457662,0.0498309,0.147754,0.0617298,0.08036,5.28801,-0.0206585,3.48988,1.04915,0.638245,0.430502,-0.0138162,1.56147,2.44471,5.28801
23,rec2018-01-23_10h49m01.624s.wav,0,2018-01-23#1,tilt,0.9,3.16,0.186092,0.48747,0.0506234,0.113263,0.0467332,0.0742102,5.28801,-0.0172753,4.61338,1.13246,-0.599131,-0.592102,-0.377434,1.80283,2.70927,5.28801
24,rec2018-01-23_10h49m24.634s.wav,0,2018-01-23#1,identity,0,2.52,0.18908,0.374797,0.0286083,0.112334,0.085373,0.111508,3.12964,0.0787339,0.366531,-1.18179,-0.632433,2.0427,1.8279,1.32282,1.65812,3.12964
24,rec2018-01-23_10h49m24.634s.wav,0,2018-01-23#1,gain,0.5,2.52,0.0945402,0.374797,0.0286083,0.112374,0.0855147,0.111508,3.12964,-2.95892,0.366531,-1.18179,-0.630999,2.05236,1.8279,1.73545,2.00116,3.12964
24,rec2018-01-23_10h49m24.634s.wav,0,2018-01-23#1,gain,0.707107,2.52,0.1337,0.374798,0.0286083,0.112351,0.0854328,0.111508,3.12964,-1.70068,0.366532,-1.18179,-0.63182,2.04678,1.8279,1.55502,1.77875,3.12964
24,rec2018-01-23_10h49m24.634s.wav,0,2018-01-23#1,gain,1.41421,2.52,0.2674,0.374798,0.0286083,0.112331,0.0853671,0.111508,3.12964,2.59521,0.366532,-1.18179,-0.632537,2.0423,1.8279,1.68227,1.92625,3.12964
24,rec2018-01-23_10h49m24.634s.wav,0,2018-01-23#1,gain,2,2.52,0.378161,0.374797,0.0286083,0.112331,0.0853675,0.111508,3.12964,6.15405,0.366531,-1.18179,-0.632559,2.04233,1.8279,2.19068,2.85633,6.15405
24,rec2018-01-23_10h49m24.634s.wav,0,2018-01-23#1,noise,30,2.52,0.189655,0.385035,0.0364761,0.141202,0.120317,0.11133,3.12964,0.0972031,0.752409,-0.354728,0.40321,4.42551,1.81736,1.56858,2.18915,4.42551
24,rec2018-01-23_10h49m24.634s.wav,0,2018-01-23#1,noise,20,2.52,0.191883,0.394499,0.0386439,0.17036,0.128222,0.0958997,3.12964,0.168784,1.10912,-0.126836,1.44926,4.96453,0.904998,1.69331,2.34932,4.96453
24,rec2018-01-23_10h49m24.634s.wav,0,2018-01-23#1,noise,10,2.52,0.204731,0.419944,0.0343599,0.249654,0.117649,0.0587779,3.12964,0.581603,2.06821,-0.577185,4.29394,4.24356,-1.2899,2.312,2.74781,4.29394
24,rec2018-01-23_10h49m24.634s.wav,0,2018-01-23#1,tilt,-0.5,2.52,0.18899,0.338152,0.0186411,0.0687077,0.0596793,0.084035,3.12964,0.0758286,-1.01473,-2.22957,-2.19755,0.29068,0.203474,1.30592,1.72196,3.12964
24,rec2018-01-23_10h49m24.634s.wav,0,2018-01-23#1,tilt,0.5,2.52,0.189165,0.428034,0.0405289,0.132746,0.0832083,0.106088,3.12964,0.0814424,2.37313,0.0713151,0.0998304,1.8951,1.50741,1.30827,1.74486,3.12964
24,rec2018-01-23_10h49m24.634s.wav,0,2018-01-23#1,tilt,0.9,2.52,0.189157,0.456018,0.0462517,0.1037,0.0613802,0.101354,3.12964,0.0811819,3.4279,0.672901,-0.942209,0.406658,1.22752,1.41257,1.87329,3.4279
25,rec2018-01-23_10h50m00.411s.wav,0,2018-01-23#1,identity,0,2.696,0.18382,0.386789,0.0367659,0.127049,0.0587317,0.102533,3.72319,-0.0902803,0.818533,-0.324258,-0.104527,0.226064,1.2972,0.940579,1.53018,3.72319
25,rec2018-01-23_10h50m00.411s.wav,0,2018-01-23#1,gain,0.5,2.696,0.0919101,0.386789,0.0367659,0.127058,0.0587565,0.102533,3.72319,-3.04343,0.818533,-0.324258,-0.104215,0.227758,1.2972,1.36265,1.91405,3.72319
25,rec2018-01-23_10h50m00.411s.wav,0,2018-01-23#1,gain,0.707107,2.696,0.129981,0.386789,0.0367659,0.127051,0.0587366,0.102533,3.72319,-1.82019,0.818533,-0.324258,-0.104478,0.2264,1.2972,1.18775,1.67738,3.72319
25,rec2018-01-23_10h50m00.411s.wav,0,2018-01-23#1,gain,1.41421,2.696,0.259961,0.386789,0.0367659,0.12705,0.0587317,0.102533,3.72319,2.35619,0.818533,-0.324258,-0.104526,0.226064,1.2972,1.26428,1.77014,3.72319
25,rec2018-01-23_10h50m00.411s.wav,0,2018-01-23#1,gain,2,2.696,0.36764,0.386789,0.0367659,0.127049,0.0587317,0.102533,3.72319,5.81602,0.818533,-0.324258,-0.104527,0.226063,1.2972,1.75854,2.67817,5.81602
25,rec2018-01-23_10h50m00.411s.wav,0,2018-01-23#1,noise,30,2.696,0.184277,0.395675,0.0399537,0.169433,0.11431,0.0988223,3.72319,-0.0755983,1.15346,0.0108466,1.416,4.01591,1.07781,1.63897,2.2198,4.01591
25,rec2018-01-23_10h50m00.411s.wav,0,2018-01-23#1,noise,20,2.696,0.186345,0.403964,0.0420146,0.204421,0.122625,0.0881804,3.72319,-0.00915704,1.46589,0.227489,2.6712,4.58284,0.448578,1.87548,2.51855,4.58284
25,rec2018-01-23_10h50m00.411s.wav,0,2018-01-23#1,noise,10,2.696,0.198683,0.424654,0.0380556,0.286383,0.114625,0.0595545,3.72319,0.387274,2.24574,-0.188686,5.61158,4.03734,-1.24398,2.49111,3.12658,5.61158
25,rec2018-01-23_10h50m00.411s.wav,0,2018-01-23#1,tilt,-0.5,2.696,0.183447,0.345557,0.0286044,0.0788694,0.0400537,0.0941853,3.72319,-0.10226,-0.735592,-1.18221,-1.83299,-1.04757,0.803635,1.34678,1.72852,3.72319
25,rec2018-01-23_10h50m00.411s.wav,0,2018-01-23#1,tilt,0.5,2.696,0.184332,0.445113,0.0444597,0.146264,0.0628143,0.0945058,3.72319,-0.0738215,3.01687,0.484519,0.5848,0.50445,0.822583,1.31575,1.86995,3.72319
25,rec2018-01-23_10h50m00.411s.wav,0,2018-01-23#1,tilt,0.9,2.696,0.184462,0.47557,0.0471856,0.113188,0.0479952,0.0918334,3.72319,-0.0696695,4.16487,0.771074,-0.601827,-0.506045,0.664574,1.50018,2.16688,4.16487
26,rec2018-01-23_10h50m22.155s.wav,0,2018-01-23#1,identity,0,2.76,0.177766,0.396277,0.0396397,0.112326,0.0517825,0.0916121,3.93903,-0.284817,1.17615,-0.0221593,-0.632745,-0.247791,0.65149,0.993454,1.59764,3.93903
26,rec2018-01-23_10h50m22.155s.wav,0,2018-01-23#1,gain,0.5,2.76,0.0888828,0.396277,0.0396397,0.112329,0.0517817,0.0916121,3.93903,-3.1407,1.17615,-0.0221593,-0.63264,-0.247848,0.65149,1.40143,1.98745,3.93903
26,rec2018-01-23_10h50m22.155s.wav,0,2018-01-23#1,gain,0.707107,2.76,0.125699,0.396277,0.0396397,0.112327,0.0517812,0.0916121,3.93903,-1.95775,1.17615,-0.0221589,-0.632713,-0.24788,0.65149,1.23245,1.75738,3.93903
26,rec2018-01-23_10h50m22.155s.wav,0,2018-01-23#1,gain,1.41421,2.76,0.251399,0.396277,0.0396397,0.112325,0.0517832,0.0916121,3.93903,2.08107,1.17615,-0.0221589,-0.632761,-0.247746,0.65149,1.25006,1.77751,3.93903
26,rec2018-01-23_10h50m22.155s.wav,0,2018-01-23#1,gain,2,2.76,0.355531,0.396277,0.0396397,0.112325,0.0517832,0.0916121,3.93903,5.42694,1.17615,-0.0221593,-0.63276,-0.247745,0.65149,1.72804,2.59774,5.42694
26,rec2018-01-23_10h50m22.155s.wav,0,2018-01-23#1,noise,30,2.76,0.178196,0.399538,0.035014,0.151242,0.118619,0.0940601,3.93903,-0.270992,1.29905,-0.508423,0.763398,4.30973,0.796232,1.69812,2.30917,4.30973
26,rec2018-01-23_10h50m22.155s.wav,0,2018-01-23#1,noise,20,2.76,0.180074,0.407448,0.0359243,0.182903,0.129837,0.0815669,3.93903,-0.210638,1.5972,-0.41273,1.89924,5.07467,0.0575437,1.88444,2.6089,5.07467
26,rec2018-01-23_10h50m22.155s.wav,0,2018-01-23#1,noise,10,2.76,0.191481,0.429886,0.03215,0.262825,0.118576,0.0526961,3.93903,0.155871,2.44295,-0.809487,4.76643,4.30681,-1.6495,2.58144,3.07413,4.76643
26,rec2018-01-23_10h50m22.155s.wav,0,2018-01-23#1,tilt,-0.5,2.76,0.177631,0.35648,0.03345,0.0728201,0.0449508,0.0864532,3.93903,-0.289139,-0.323885,-0.672832,-2.05001,-0.713643,0.346459,1.19071,1.7316,3.93903
26,rec2018-01-23_10h50m22.155s.wav,0,2018-01-23#1,tilt,0.5,2.76,0.177933,0.451183,0.0438789,0.125097,0.0515305,0.0862313,3.93903,-0.279444,3.24568,0.42347,-0.174585,-0.264979,0.333337,1.23722,1.94641,3.93903
26,rec2018-01-23_10h50m22.155s.wav,0,2018-01-23#1,tilt,0.9,2.76,0.177967,0.478745,0.0452815,0.0957739,0.0390855,0.0842004,3.93903,-0.278349,4.28454,0.570912,-1.22654,-1.11359,0.213255,1.66089,2.30114,4.28454
27,rec2018-01-23_10h50m40.883s.wav,0,2018-01-23#1,identity,0,2.648,0.180271,0.387084,0.0220363,0.132364,0.057381,0.0827237,3.56131,-0.204331,0.829628,-1.87265,0.0861345,0.133961,0.12594,0.973423,1.5566,3.56131
27,rec2018-01-23_10h50m40.883s.wav,0,2018-01-23#1,gain,0.5,2.648,0.0901353,0.387084,0.0220363,0.132385,0.0573959,0.0827237,3.56131,-3.10045,0.829628,-1.87265,0.0869016,0.134979,0.12594,1.38741,1.94688,3.56131
27,rec2018-01-23_10h50m40.883s.wav,0,2018-01-23#1,gain,0.707107,2.648,0.127471,0.387084,0.0220363,0.132372,0.0573873,0.0827237,3.56131,-1.90084,0.829628,-1.87265,0.0864365,0.134389,0.12594,1.21589,1.71267,3.56131
27,rec2018-01-23_10h50m40.883s.wav,0,2018-01-23#1,gain,1.41421,2.648,0.254941,0.387084,0.0220363,0.132362,0.0573809,0.0827237,3.56131,2.1949,0.829628,-1.87265,0.0860756,0.133951,0.12594,1.25778,1.76218,3.56131
27,rec2018-01-23_10h50m40.883s.wav,0,2018-01-23#1,gain,2,2.648,0.360541,0.387084,0.0220363,0.132362,0.0573817,0.0827237,3.56131,5.58792,0.829628,-1.87265,0.0860585,0.134011,0.12594,1.7425,2.62254,5.58792
27,rec2018-01-23_10h50m40.883s.wav,0,2018-01-23#1,noise,30,2.648,0.18063,0.397228,0.0273005,0.171311,0.0994005,0.0723234,3.56131,-0.192785,1.212,-1.31928,1.48337,2.99922,-0.488999,1.60814,1.97717,3.56131
27,rec2018-01-23_10h50m40.883s.wav,0,2018-01-23#1,noise,20,2.648,0.182445,0.40579,0.0315666,0.207752,0.113441,0.0615474,3.56131,-0.134458,1.53472,-0.870818,2.7907,3.95663,-1.12615,1.9964,2.40612,3.95663
27,rec2018-01-23_10h50m40.883s.wav,0,2018-01-23#1,noise,10,2.648,0.193943,0.427185,0.0307431,0.290443,0.106045,0.0463806,3.56131,0.234975,2.34114,-0.957382,5.75726,3.4523,-2.02292,2.61818,3.12347,5.75726
27,rec2018-01-23_10h50m40.883s.wav,0,2018-01-23#1,tilt,-0.5,2.648,0.180187,0.345788,0.0181142,0.0801861,0.0361192,0.0681303,3.56131,-0.207029,-0.726907,-2.28495,-1.78576,-1.31585,-0.736924,1.51696,1.84927,3.56131
27,rec2018-01-23_10h50m40.883s.wav,0,2018-01-23#1,tilt,0.5,2.648,0.180365,0.446022,0.0292675,0.156514,0.0651567,0.0746932,3.56131,-0.201312,3.05113,-1.1125,0.952516,0.664179,-0.348879,1.41312,1.87999,3.56131
27,rec2018-01-23_10h50m40.883s.wav,0,2018-01-23#1,tilt,0.9,2.648,0.180375,0.476376,0.0337971,0.12188,0.0502824,0.0704348,3.56131,-0.200989,4.19523,-0.636341,-0.289994,-0.350086,-0.600663,1.40495,2.11443,4.19523
28,rec2018-01-23_10h52m21.295s.wav,0,2018-01-23#1,identity,0,2.664,0.182089,0.35914,0.0227843,0.0784956,0.0534585,0.0798648,3.61527,-0.145917,-0.223633,-1.79403,-1.84641,-0.133512,-0.0430978,1.11455,1.68136,3.61527
28,rec2018-01-23_10h52m21.295s.wav,0,2018-01-23#1,gain,0.5,2.664,0.0910443,0.35914,0.0227843,0.0785285,0.0536552,0.0798648,3.61527,-3.07125,-0.223633,-1.79403,-1.84523,-0.120094,-0.0430978,1.53037,2.04214,3.61527
28,rec2018-01-23_10h52m21.295s.wav,0,2018-01-23#1,gain,0.707107,2.664,0.128756,0.35914,0.0227843,0.0785075,0.0535293,0.0798648,3.61527,-1.85954,-0.223633,-1.79403,-1.84598,-0.12868,-0.0430978,1.3586,1.82141,3.61527
28,rec2018-01-23_10h52m21.295s.wav,0,2018-01-23#1,gain,1.41421,2.664,0.257512,0.35914,0.0227843,0.0784923,0.053447,0.0798648,3.61527,2.27751,-0.223633,-1.79403,-1.84652,-0.134295,-0.0430978,1.41919,1.88813,3.61527
28,rec2018-01-23_10h52m21.295s.wav,0,2018-01-23#1,gain,2,2.664,0.364177,0.35914,0.0227843,0.0784909,0.0534478,0.0798648,3.61527,5.70474,-0.223633,-1.79403,-1.84657,-0.13424,-0.0430978,1.9088,2.73372,5.70474
28,rec2018-01-23_10h52m21.295s.wav,0,2018-01-23#1,noise,30,2.664,0.182444,0.371155,0.0322243,0.115166,0.111891,0.0936472,3.61527,-0.134506,0.229219,-0.801682,-0.530847,3.85091,0.77182,1.41918,2.05254,3.85091
28,rec2018-01-23_10h52m21.295s.wav,0,2018-01-23#1,noise,20,2.664,0.184359,0.383458,0.036942,0.150282,0.131247,0.0969988,3.61527,-0.0729621,0.692961,-0.305747,0.728942,5.17079,0.969989,1.65095,2.44536,5.17079
28,rec2018-01-23_10h52m21.295s.wav,0,2018-01-23#1,noise,10,2.664,0.196567,0.414209,0.0350627,0.233816,0.130729,0.0670527,3.61527,0.319276,1.85201,-0.503305,3.72573,5.13548,-0.800639,2.27882,2.8723,5.13548
28,rec2018-01-23_10h52m21.295s.wav,0,2018-01-23#1,tilt,-0.5,2.664,0.182063,0.327729,0.0167427,0.0457187,0.0357801,0.0468856,3.61527,-0.146724,-1.40757,-2.42913,-3.02228,-1.33898,-1.99306,1.99329,2.26378,3.61527
28,rec2018-01-23_10h52m21.295s.wav,0,2018-01-23#1,tilt,0.5,2.664,0.182102,0.407339,0.0294441,0.101702,0.0556482,0.0751916,3.61527,-0.145476,1.59307,-1.09393,-1.01388,0.0158021,-0.319407,1.11383,1.60161,3.61527
28,rec2018-01-23_10h52m21.295s.wav,0,2018-01-23#1,tilt,0.9,2.664,0.182084,0.432487,0.0319245,0.0828033,0.0425374,0.0691233,3.61527,-0.146078,2.54098,-0.833191,-1.69187,-0.878209,-0.678209,1.4834,1.86455,3.61527
29,rec2018-01-23_10h52m39.068s.wav,0,2018-01-23#1,identity,0,3.096,0.184174,0.377515,0.0268352,0.0980775,0.0543346,0.101188,5.07217,-0.0789158,0.468969,-1.36819,-1.1439,-0.0737669,1.21768,1.34623,2.09154,5.07217
29,rec2018-01-23_10h52m39.068s.wav,0,2018-01-23#1,gain,0.5,3.096,0.0920869,0.377515,0.0268352,0.0980817,0.0543351,0.101188,5.07217,-3.03775,0.468969,-1.36819,-1.14375,-0.0737326,1.21768,1.76889,2.38576,5.07217
29,rec2018-01-23_10h52m39.068s.wav,0,2018-01-23#1,gain,0.707107,3.096,0.130231,0.377515,0.0268352,0.0980793,0.0543347,0.101188,5.07217,-1.81216,0.468969,-1.36819,-1.14384,-0.0737596,1.21768,1.59382,2.20063,5.07217
29,rec2018-01-23_10h52m39.068s.wav,0,2018-01-23#1,gain,1.41421,3.096,0.260461,0.377515,0.0268352,0.0980769,0.0543352,0.101188,5.07217,2.37226,0.468969,-1.36819,-1.14392,-0.0737258,1.21768,1.67385,2.27543,5.07217
29,rec2018-01-23_10h52m39.068s.wav,0,2018-01-23#1,gain,2,3.096,0.368348,0.377515,0.0268352,0.0980763,0.0543358,0.101188,5.07217,5.83875,0.468969,-1.36819,-1.14395,-0.0736846,1.21768,2.16906,3.04036,5.83875
29,rec2018-01-23_10h52m39.068s.wav,0,2018-01-23#1,noise,30,3.096,0.184476,0.38468,0.0306472,0.138349,0.111422,0.10825,5.07217,-0.0691969,0.739017,-0.967462,0.300845,3.81894,1.63523,1.80041,2.52311,5.07217
29,rec2018-01-23_10h52m39.068s.wav,0,2018-01-23#1,noise,20,3.096,0.186323,0.395157,0.0342907,0.176357,0.129161,0.103064,5.07217,-0.00986421,1.13391,-0.584457,1.66438,5.02856,1.3286,2.11742,2.85797,5.07217
29,rec2018-01-23_10h52m39.068s.wav,0,2018-01-23#1,noise,10,3.096,0.198249,0.420985,0.031438,0.260023,0.127115,0.06128,5.07217,0.373324,2.10745,-0.884333,4.66592,4.88901,-1.14196,2.73345,3.33953,5.07217
29,rec2018-01-23_10h52m39.068s.wav,0,2018-01-23#1,tilt,-0.5,3.096,0.184146,0.343513,0.0224376,0.059349,0.033919,0.0711769,5.07217,-0.0798236,-0.812658,-1.83047,-2.53329,-1.46589,-0.556787,1.76444,2.34888,5.07217
29,rec2018-01-23_10h52m39.068s.wav,0,2018-01-23#1,tilt,0.5,3.096,0.184174,0.427447,0.0338809,0.11715,0.0636083,0.103479,5.07217,-0.0789091,2.351,-0.627539,-0.459662,0.55859,1.35314,1.50014,2.20417,5.07217
29,rec2018-01-23_10h52m39.068s.wav,0,2018-01-23#1,tilt,0.9,3.096,0.184151,0.453471,0.0383608,0.0918543,0.0504038,0.0992434,5.07217,-0.0796584,3.33189,-0.156597,-1.36716,-0.341809,1.10271,1.636,2.39228,5.07217
30,rec2018-01-23_10h52m57.816s.wav,0,2018-01-23#1,identity,0,3.032,0.180109,0.389326,0.0253247,0.126527,0.0658745,0.10015,4.85633,-0.209516,0.914137,-1.52697,-0.123274,0.713125,1.1563,1.35709,2.02329,4.85633
30,rec2018-01-23_10h52m57.816s.wav,0,2018-01-23#1,gain,0.5,3.032,0.0900546,0.389326,0.0253247,0.126527,0.065874,0.10015,4.85633,-3.10305,0.914137,-1.52697,-0.123263,0.713092,1.1563,1.77045,2.3373,4.85633
30,rec2018-01-23_10h52m57.816s.wav,0,2018-01-23#1,gain,0.707107,3.032,0.127356,0.389326,0.0253247,0.126527,0.0658745,0.10015,4.85633,-1.90451,0.914137,-1.52697,-0.123274,0.713125,1.1563,1.59923,2.14607,4.85633
30,rec2018-01-23_10h52m57.816s.wav,0,2018-01-23#1,gain,1.41421,3.032,0.254713,0.389326,0.0253247,0.126527,0.0658745,0.10015,4.85633,2.18756,0.914137,-1.52697,-0.123274,0.713125,1.1563,1.63967,2.18428,4.85633
30,rec2018-01-23_10h52m57.816s.wav,0,2018-01-23#1,gain,2,3.032,0.360218,0.389326,0.0253247,0.126527,0.0658745,0.10015,4.85633,5.57755,0.914137,-1.52697,-0.123274,0.713125,1.1563,2.12395,2.92089,5.57755
30,rec2018-01-23_10h52m57.816s.wav,0,2018-01-23#1,noise,30,3.032,0.180314,0.395911,0.0282975,0.153481,0.0806154,0.09493,4.85633,-0.202934,1.16233,-1.21447,0.8437,1.71829,0.847665,1.54939,2.09877,4.85633
30,rec2018-01-23_10h52m57.816s.wav,0,2018-01-23#1,noise,20,3.032,0.18187,0.405258,0.0324508,0.196969,0.114305,0.0839506,4.85633,-0.152943,1.51464,-0.777868,2.40385,4.01555,0.198488,1.98853,2.63084,4.85633
30,rec2018-01-23_10h52m57.816s.wav,0,2018-01-23#1,noise,10,3.032,0.192936,0.426951,0.030059,0.281216,0.114426,0.0511026,4.85633,0.202627,2.3323,-1.0293,5.42623,4.02381,-1.74372,2.80204,3.35516,5.42623
30,rec2018-01-23_10h52m57.816s.wav,0,2018-01-23#1,tilt,-0.5,3.032,0.180015,0.350203,0.0207739,0.0787863,0.0419675,0.0808176,4.85633,-0.212542,-0.56048,-2.00536,-1.83598,-0.917069,0.0132395,1.48586,2.14399,4.85633
30,rec2018-01-23_10h52m57.816s.wav,0,2018-01-23#1,tilt,0.5,3.032,0.18019,0.444985,0.0344379,0.143237,0.0730027,0.0979424,4.85633,-0.206922,3.01203,-0.568981,0.476189,1.19918,1.02578,1.62077,2.25958,4.85633
30,rec2018-01-23_10h52m57.816s.wav,0,2018-01-23#1,tilt,0.9,3.032,0.180192,0.473715,0.0403231,0.109803,0.0555172,0.0942668,4.85633,-0.206867,4.09493,0.0496787,-0.723243,0.0068679,0.808454,1.5352,2.43705,4.85633
32,rec2018-01-23_10h53m20.922s.wav,0,2018-01-23#1,identity,0,2.584,0.167167,0.393163,0.0376902,0.123255,0.0642731,0.103941,3.34547,-0.625361,1.05877,-0.227096,-0.240657,0.603923,1.38044,1.06882,1.46795,3.34547
32,rec2018-01-23_10h53m20.922s.wav,0,2018-01-23#1,gain,0.5,2.584,0.0835835,0.393163,0.0376902,0.123259,0.0642722,0.103941,3.34547,-3.31097,1.05877,-0.227096,-0.240502,0.603861,1.38044,1.45245,1.91443,3.34547
32,rec2018-01-23_10h53m20.922s.wav,0,2018-01-23#1,gain,0.707107,2.584,0.118205,0.393163,0.0376902,0.123256,0.0642715,0.103941,3.34547,-2.19855,1.05877,-0.227096,-0.240614,0.603817,1.38044,1.29354,1.67018,3.34547
32,rec2018-01-23_10h53m20.922s.wav,0,2018-01-23#1,gain,1.41421,2.584,0.23641,0.393163,0.0376902,0.123255,0.0642731,0.103941,3.34547,1.59947,1.05877,-0.227096,-0.240659,0.603928,1.38044,1.20798,1.56987,3.34547
32,rec2018-01-23_10h53m20.922s.wav,0,2018-01-23#1,gain,2,2.584,0.334334,0.393163,0.0376902,0.123255,0.0642731,0.103941,3.34547,4.74586,1.05877,-0.227096,-0.240659,0.603928,1.38044,1.65746,2.30577,4.74586
32,rec2018-01-23_10h53m20.922s.wav,0,2018-01-23#1,noise,30,2.584,0.167613,0.401054,0.0350412,0.16988,0.124558,0.099722,3.34547,-0.61104,1.3562,-0.505564,1.43202,4.71468,1.131,1.87085,2.36699,4.71468
32,rec2018-01-23_10h53m20.922s.wav,0,2018-01-23#1,noise,20,2.584,0.169567,0.410012,0.0346075,0.204855,0.127872,0.0830804,3.34547,-0.548241,1.69382,-0.551151,2.68674,4.94066,0.147034,1.98759,2.57227,4.94066
32,rec2018-01-23_10h53m20.922s.wav,0,2018-01-23#1,noise,10,2.584,0.181071,0.431613,0.0309333,0.289318,0.1183,0.0534328,3.34547,-0.178624,2.50801,-0.937385,5.71688,4.28796,-1.60594,2.65432,3.20805,5.71688
32,rec2018-01-23_10h53m20.922s.wav,0,2018-01-23#1,tilt,-0.5,2.584,0.167117,0.353586,0.0292391,0.0784787,0.0441231,0.093223,3.34547,-0.626969,-0.432958,-1.11548,-1.84701,-0.770082,0.746738,1.26924,1.58471,3.34547
32,rec2018-01-23_10h53m20.922s.wav,0,2018-01-23#1,tilt,0.5,2.584,0.167129,0.448102,0.0466636,0.136575,0.0672818,0.104227,3.34547,-0.626595,3.12953,0.7162,0.2372,0.809084,1.39735,1.46592,1.87293,3.34547
32,rec2018-01-23_10h53m20.922s.wav,0,2018-01-23#1,tilt,0.9,2.584,0.167068,0.475659,0.0508048,0.104119,0.0504778,0.102415,3.34547,-0.628543,4.1682,1.15153,-0.927145,-0.336762,1.29022,1.69255,2.16877,4.1682
33,rec2018-01-23_10h54m18.511s.wav,0,2018-01-23#1,identity,0,2.408,0.182839,0.355966,0.0198936,0.0824446,0.0312797,0.0716528,2.75192,-0.121815,-0.343273,-2.0979,-1.70473,-1.64586,-0.528649,1.31345,1.60363,2.75192
33,rec2018-01-23_10h54m18.511s.wav,0,2018-01-23#1,gain,0.5,2.408,0.0914194,0.355966,0.0198936,0.0824449,0.0312791,0.0716528,2.75192,-3.0592,-0.343273,-2.0979,-1.70473,-1.6459,-0.528649,1.73308,1.97648,3.0592
33,rec2018-01-23_10h54m18.511s.wav,0,2018-01-23#1,gain,0.707107,2.408,0.129286,0.355966,0.0198936,0.0824447,0.0312794,0.0716528,2.75192,-1.84249,-0.343273,-2.0979,-1.70473,-1.64588,-0.528649,1.55926,1.74771,2.75192
33,rec2018-01-23_10h54m18.511s.wav,0,2018-01-23#1,gain,1.41421,2.408,0.258573,0.355966,0.0198936,0.0824446,0.0312798,0.0716528,2.75192,2.31159,-0.343273,-2.0979,-1.70474,-1.64585,-0.528649,1.62627,1.82561,2.75192
33,rec2018-01-23_10h54m18.511s.wav,0,2018-01-23#1,gain,2,2.408,0.365677,0.355966,0.0198936,0.0824446,0.0312798,0.0716528,2.75192,5.75295,-0.343273,-2.0979,-1.70474,-1.64585,-0.528649,2.1179,2.7014,5.75295
33,rec2018-01-23_10h54m18.511s.wav,0,2018-01-23#1,noise,30,2.408,0.183103,0.365481,0.0223698,0.112089,0.067258,0.0737421,2.75192,-0.113328,0.015372,-1.83759,-0.64125,0.807463,-0.405113,0.938863,1.31964,2.75192
33,rec2018-01-23_10h54m18.511s.wav,0,2018-01-23#1,noise,20,2.408,0.18486,0.379223,0.0315825,0.159211,0.111979,0.0834858,2.75192,-0.0568696,0.533336,-0.869143,1.04927,3.85694,0.171001,1.32693,1.8755,3.85694
33,rec2018-01-23_10h54m18.511s.wav,0,2018-01-23#1,noise,10,2.408,0.197077,0.41063,0.0330756,0.252187,0.12171,0.061243,2.75192,0.335679,1.71712,-0.712193,4.38479,4.52045,-1.14415,2.22376,2.72846,4.52045
33,rec2018-01-23_10h54m18.511s.wav,0,2018-01-23#1,tilt,-0.5,2.408,0.182853,0.325649,0.0154076,0.0473018,0.0185686,0.0419378,2.75192,-0.121357,-1.48596,-2.56947,-2.96549,-2.51261,-2.28561,2.09892,2.29065,2.96549
33,rec2018-01-23_10h54m18.511s.wav,0,2018-01-23#1,tilt,0.5,2.408,0.182764,0.403819,0.0255965,0.109539,0.0400341,0.0772905,2.75192,-0.124231,1.4604,-1.4984,-0.732706,-1.0489,-0.195305,1.11598,1.396,2.75192
33,rec2018-01-23_10h54m18.511s.wav,0,2018-01-23#1,tilt,0.9,2.408,0.182705,0.429206,0.0280932,0.0898145,0.0324089,0.0720939,2.75192,-0.1261,2.41732,-1.23594,-1.44034,-1.56886,-0.502566,1.43472,1.67964,2.75192
34,rec2018-01-23_10h54m39.487s.wav,0,2018-01-23#1,identity,0,3.288,0.152904,0.373483,0.0296683,0.0580805,0.0416972,0.101414,5.71968,-1.08363,0.31697,-1.07037,-2.5788,-0.935498,1.23106,1.848,2.51214,5.71968
34,rec2018-01-23_10h54m39.487s.wav,0,2018-01-23#1,gain,0.5,3.288,0.0764522,0.373483,0.0296683,0.0580808,0.0416969,0.101414,5.71968,-3.5401,0.31697,-1.07037,-2.57879,-0.935518,1.23106,2.19893,2.81664,5.71968
34,rec2018-01-23_10h54m39.487s.wav,0,2018-01-23#1,gain,0.707107,3.288,0.10812,0.373483,0.0296683,0.0580805,0.0416972,0.101414,5.71968,-2.5226,0.31697,-1.07037,-2.5788,-0.935501,1.23106,2.05357,2.6556,5.71968
34,rec2018-01-23_10h54m39.487s.wav,0,2018-01-23#1,gain,1.41421,3.288,0.216239,0.373483,0.0296683,0.0580805,0.0416972,0.101414,5.71968,0.951378,0.31697,-1.07037,-2.5788,-0.935498,1.23106,1.82911,2.50448,5.71968
34,rec2018-01-23_10h54m39.487s.wav,0,2018-01-23#1,gain,2,3.288,0.305809,0.373483,0.0296683,0.0580805,0.0416972,0.101414,5.71968,3.82931,0.31697,-1.07037,-2.5788,-0.935498,1.23106,2.24024,2.87018,5.71968
34,rec2018-01-23_10h54m39.487s.wav,0,2018-01-23#1,noise,30,3.288,0.153186,0.382479,0.0341547,0.0889966,0.0880392,0.110173,5.71968,-1.07459,0.656072,-0.598748,-1.46968,2.22451,1.74893,1.92746,2.53054,5.71968
34,rec2018-01-23_10h54m39.487s.wav,0,2018-01-23#1,noise,20,3.288,0.154867,0.396102,0.0369782,0.133878,0.126151,0.105029,5.71968,-1.02057,1.16955,-0.301943,0.140432,4.82331,1.44479,2.08861,2.94198,5.71968
34,rec2018-01-23_10h54m39.487s.wav,0,2018-01-23#1,noise,10,3.288,0.166017,0.426551,0.0355768,0.232328,0.138206,0.0647753,5.71968,-0.66232,2.31724,-0.449263,3.67237,5.64531,-0.935297,2.77164,3.48375,5.71968
34,rec2018-01-23_10h54m39.487s.wav,0,2018-01-23#1,tilt,-0.5,3.288,0.152868,0.344286,0.0255139,0.0353846,0.0292182,0.0622038,5.71968,-1.08481,-0.783507,-1.50709,-3.39302,-1.78643,-1.08734,2.19455,2.74286,5.71968
34,rec2018-01-23_10h54m39.487s.wav,0,2018-01-23#1,tilt,0.5,3.288,0.152919,0.415946,0.0346662,0.0712877,0.0484693,0.105383,5.71968,-1.08315,1.9175,-0.544981,-2.10499,-0.473717,1.46569,1.90139,2.52602,5.71968
34,rec2018-01-23_10h54m39.487s.wav,0,2018-01-23#1,tilt,0.9,3.288,0.152905,0.436703,0.0374206,0.0568303,0.039583,0.0983528,5.71968,-1.08362,2.69988,-0.255432,-2.62365,-1.07967,1.05004,2.07314,2.68316,5.71968
35,rec2018-01-23_10h56m48.215s.wav,0,2018-01-23#1,identity,0,2.296,0.217874,0.352033,0.0458547,0.107947,0.0462037,0.066058,2.37421,1.00391,-0.491513,0.631171,-0.789822,-0.628209,-0.859453,0.968326,1.13652,2.37421
35,rec2018-01-23_10h56m48.215s.wav,0,2018-01-23#1,gain,0.5,2.296,0.108937,0.352033,0.0458547,0.107947,0.0462033,0.066058,2.37421,-2.49633,-0.491513,0.631171,-0.789816,-0.628233,-0.859453,1.18153,1.42757,2.49633
35,rec2018-01-23_10h56m48.215s.wav,0,2018-01-23#1,gain,0.707107,2.296,0.15406,0.352033,0.0458547,0.107947,0.0462037,0.066058,2.37421,-1.04648,-0.491513,0.631171,-0.789821,-0.628208,-0.859453,0.974408,1.142,2.37421
35,rec2018-01-23_10h56m48.215s.wav,0,2018-01-23#1,gain,1.41421,2.296,0.308121,0.352033,0.0458547,0.107947,0.0462037,0.066058,2.37421,3.90361,-0.491513,0.631171,-0.789821,-0.628208,-0.859453,1.38257,1.82335,3.90361
35,rec2018-01-23_10h56m48.215s.wav,0,2018-01-23#1,gain,2,2.296,0.435749,0.352033,0.0458547,0.107947,0.0462037,0.066058,2.37421,8.0044,-0.491513,0.631171,-0.789822,-0.628209,-0.859453,1.9684,3.20946,8.0044
35,rec2018-01-23_10h56m48.215s.wav,0,2018-01-23#1,noise,30,2.296,0.218074,0.359863,0.0505882,0.14009,0.0645071,0.0650284,2.37421,1.01033,-0.196381,1.12876,0.36329,0.619881,-0.920326,0.944739,1.15471,2.37421
35,rec2018-01-23_10h56m48.215s.wav,0,2018-01-23#1,noise,20,2.296,0.22009,0.372459,0.0565565,0.194757,0.105285,0.0727741,2.37421,1.0751,0.278393,1.75615,2.3245,3.4005,-0.462348,1.66731,1.96885,3.4005
35,rec2018-01-23_10h56m48.215s.wav,0,2018-01-23#1,noise,10,2.296,0.235354,0.40159,0.0546402,0.299985,0.12181,0.0635916,2.37421,1.56554,1.37642,1.55471,6.09958,4.52727,-1.00528,2.64329,3.18727,6.09958
35,rec2018-01-23_10h56m48.215s.wav,0,2018-01-23#1,tilt,-0.5,2.296,0.216432,0.307587,0.0380857,0.0609294,0.0286276,0.0954317,2.37421,0.957581,-2.16677,-0.185524,-2.4766,-1.8267,0.877332,1.5521,1.75349,2.4766
35,rec2018-01-23_10h56m48.215s.wav,0,2018-01-23#1,tilt,0.5,2.296,0.220761,0.422554,0.0486339,0.159284,0.0642789,0.0325466,2.37421,1.09665,2.16656,0.923322,1.05188,0.604321,-2.84088,1.57969,1.76992,2.84088
35,rec2018-01-23_10h56m48.215s.wav,0,2018-01-23#1,tilt,0.9,2.296,0.221828,0.463188,0.0457806,0.142103,0.0584415,0.0288644,2.37421,1.13095,3.69817,0.623379,0.435511,0.206273,-3.0586,1.64673,2.08971,3.69817
36,rec2018-01-23_10h57m38.405s.wav,0,2018-01-23#1,identity,0,2.216,0.222421,0.364453,0.0648921,0.127886,0.0435852,0.0552052,2.10441,1.14999,-0.0233711,2.6324,-0.0745094,-0.806762,-1.50114,1.18466,1.49241,2.6324
36,rec2018-01-23_10h57m38.405s.wav,0,2018-01-23#1,gain,0.5,2.216,0.11121,0.364453,0.0648921,0.1279,0.0436052,0.0552052,2.10441,-2.42329,-0.0233711,2.6324,-0.0739973,-0.805394,-1.50114,1.36629,1.69615,2.6324
36,rec2018-01-23_10h57m38.405s.wav,0,2018-01-23#1,gain,0.707107,2.216,0.157275,0.364453,0.0648921,0.127893,0.0435951,0.0552052,2.10441,-0.943191,-0.0233711,2.6324,-0.0742539,-0.806083,-1.50114,1.15498,1.47149,2.6324
36,rec2018-01-23_10h57m38.405s.wav,0,2018-01-23#1,gain,1.41421,2.216,0.314551,0.364453,0.0648921,0.127882,0.0435807,0.0552052,2.10441,4.1102,-0.0233711,2.6324,-0.0746661,-0.807068,-1.50114,1.60761,2.10993,4.1102
36,rec2018-01-23_10h57m38.405s.wav,0,2018-01-23#1,gain,2,2.216,0.444842,0.364453,0.0648921,0.127879,0.0435788,0.0552052,2.10441,8.29656,-0.0233711,2.6324,-0.0747741,-0.807198,-1.50114,2.20569,3.44554,8.29656
36,rec2018-01-23_10h57m38.405s.wav,0,2018-01-23#1,noise,30,2.216,0.222981,0.371733,0.0693168,0.170149,0.106524,0.0682447,2.10441,1.16799,0.251031,3.09753,1.44169,3.48495,-0.730156,1.75397,2.07733,3.48495
36,rec2018-01-23_10h57m38.405s.wav,0,2018-01-23#1,noise,20,2.216,0.225499,0.376528,0.0632792,0.210196,0.11307,0.063306,2.10441,1.24888,0.431758,2.46286,2.87836,3.9313,-1.02217,2.01139,2.29985,3.9313
36,rec2018-01-23_10h57m38.405s.wav,0,2018-01-23#1,noise,10,2.216,0.240858,0.397459,0.0502498,0.299965,0.115148,0.0532125,2.10441,1.7424,1.22068,1.09318,6.09885,4.07301,-1.61897,2.5645,3.08351,6.09885
36,rec2018-01-23_10h57m38.405s.wav,0,2018-01-23#1,tilt,-0.5,2.216,0.221381,0.318266,0.0645222,0.0730399,0.0265072,0.0844287,2.10441,1.11659,-1.76426,2.59352,-2.04213,-1.97129,0.226754,1.68842,1.837,2.59352
36,rec2018-01-23_10h57m38.405s.wav,0,2018-01-23#1,tilt,0.5,2.216,0.224224,0.436093,0.0572548,0.186937,0.0619157,0.0365745,2.10441,1.20793,2.67687,1.82956,2.04393,0.443176,-2.60273,1.84409,1.98382,2.67687
36,rec2018-01-23_10h57m38.405s.wav,0,2018-01-23#1,tilt,0.9,2.216,0.224926,0.4773,0.0506703,0.163726,0.0549202,0.0310591,2.10441,1.23047,4.23006,1.13739,1.21125,-0.0338363,-2.92884,1.83946,2.24168,4.23006
37,rec2018-01-23_10h57m54.607s.wav,0,2018-01-23#1,identity,0,2.232,0.171118,0.400018,0.0348571,0.16941,0.0605589,0.0726178,2.15837,-0.498413,1.31715,-0.524913,1.41517,0.350658,-0.471589,0.962324,1.15049,2.15837
37,rec2018-01-23_10h57m54.607s.wav,0,2018-01-23#1,gain,0.5,2.232,0.085559,0.400018,0.0348571,0.169432,0.0605861,0.0726178,2.15837,-3.2475,1.31715,-0.524913,1.41596,0.352512,-0.471589,1.35543,1.6719,3.2475
37,rec2018-01-23_10h57m54.607s.wav,0,2018-01-23#1,gain,0.707107,2.232,0.120999,0.400018,0.0348571,0.169421,0.0605711,0.0726178,2.15837,-2.10879,1.31715,-0.524914,1.41554,0.351488,-0.471589,1.19255,1.38696,2.15837
37,rec2018-01-23_10h57m54.607s.wav,0,2018-01-23#1,gain,1.41421,2.232,0.241997,0.400018,0.0348571,0.1694,0.060547,0.0726178,2.15837,1.779,1.31715,-0.524914,1.4148,0.349848,-0.471589,1.1451,1.31911,2.15837
37,rec2018-01-23_10h57m54.607s.wav,0,2018-01-23#1,gain,2,2.232,0.342236,0.400018,0.0348571,0.16939,0.0605355,0.0726178,2.15837,4.99975,1.31715,-0.524913,1.41444,0.349062,-0.471589,1.60504,2.20426,4.99975
37,rec2018-01-23_10h57m54.607s.wav,0,2018-01-23#1,noise,30,2.232,0.171376,0.408222,0.0350996,0.209183,0.0996244,0.0534864,2.15837,-0.490118,1.62639,-0.499425,2.84203,3.01449,-1.60278,1.74766,1.98302,3.01449
37,rec2018-01-23_10h57m54.607s.wav,0,2018-01-23#1,noise,20,2.232,0.17288,0.415553,0.0331812,0.249969,0.101238,0.0428483,2.15837,-0.441804,1.9027,-0.701089,4.30522,3.1245,-2.23178,2.12364,2.45659,4.30522
37,rec2018-01-23_10h57m54.607s.wav,0,2018-01-23#1,noise,10,2.232,0.183369,0.433493,0.0310962,0.338617,0.100784,0.0413615,2.15837,-0.104772,2.57889,-0.920267,7.4855,3.09354,-2.31969,2.66586,3.44655,7.4855
37,rec2018-01-23_10h57m54.607s.wav,0,2018-01-23#1,tilt,-0.5,2.232,0.170836,0.346612,0.0269815,0.106728,0.04396,0.0762588,2.15837,-0.507468,-0.695835,-1.35281,-0.83358,-0.781201,-0.25631,0.940796,1.10849,2.15837
37,rec2018-01-23_10h57m54.607s.wav,0,2018-01-23#1,tilt,0.5,2.232,0.171233,0.472895,0.0420888,0.192341,0.0609053,0.0574018,2.15837,-0.494706,4.06405,0.235294,2.23782,0.37428,-1.37127,1.56226,2.0179,4.06405
37,rec2018-01-23_10h57m54.607s.wav,0,2018-01-23#1,tilt,0.9,2.232,0.171127,0.508827,0.044551,0.148694,0.0467689,0.0516622,2.15837,-0.498119,5.41839,0.494126,0.671975,-0.589668,-1.71064,1.64875,2.33713,5.41839
38,rec2018-01-23_10h59m20.895s.wav,0,2018-01-23#1,identity,0,1.864,0.175835,0.38337,0.0387622,0.164577,0.0556844,0.0671186,0.917307,-0.346856,0.68965,-0.114403,1.24178,0.018273,-0.796742,0.589287,0.719883,1.24178
38,rec2018-01-23_10h59m20.895s.wav,0,2018-01-23#1,gain,0.5,1.864,0.0879174,0.38337,0.0387622,0.164591,0.0557167,0.0671186,0.917307,-3.17172,0.68965,-0.114403,1.24227,0.0204772,-0.796742,0.993224,1.39224,3.17172
38,rec2018-01-23_10h59m20.895s.wav,0,2018-01-23#1,gain,0.707107,1.864,0.124334,0.38337,0.0387622,0.164584,0.0557004,0.0671186,0.917307,-2.00162,0.68965,-0.114403,1.24202,0.0193658,-0.796742,0.825873,1.03609,2.00162
38,rec2018-01-23_10h59m20.895s.wav,0,2018-01-23#1,gain,1.41421,1.864,0.248668,0.38337,0.0387622,0.16457,0.0556687,0.0671186,0.917307,1.99334,0.68965,-0.114403,1.24154,0.0171995,-0.796742,0.824311,1.03372,1.99334
38,rec2018-01-23_10h59m20.895s.wav,0,2018-01-23#1,gain,2,1.864,0.35167,0.38337,0.0387622,0.164564,0.0556532,0.0671186,0.917307,5.30287,0.68965,-0.114403,1.2413,0.016143,-0.796742,1.29692,2.12557,5.30287
38,rec2018-01-23_10h59m20.895s.wav,0,2018-01-23#1,noise,30,1.864,0.176577,0.398605,0.0455953,0.232727,0.130728,0.0599219,0.917307,-0.322995,1.26389,0.603895,3.68668,5.13541,-1.22226,1.87892,2.51753,5.13541
38,rec2018-01-23_10h59m20.895s.wav,0,2018-01-23#1,noise,20,1.864,0.179296,0.405737,0.0458215,0.267641,0.129894,0.0555669,0.917307,-0.235637,1.53269,0.627677,4.93922,5.07852,-1.47976,2.11583,2.82886,5.07852
38,rec2018-01-23_10h59m20.895s.wav,0,2018-01-23#1,noise,10,1.864,0.193033,0.423692,0.040711,0.342246,0.111101,0.0475681,0.917307,0.205742,2.20948,0.0904514,7.61568,3.79708,-1.95271,2.39835,3.42268,7.61568
38,rec2018-01-23_10h59m20.895s.wav,0,2018-01-23#1,tilt,-0.5,1.864,0.175708,0.330294,0.0342531,0.100424,0.0402267,0.0683249,0.917307,-0.350928,-1.31091,-0.588411,-1.05972,-1.03577,-0.725419,0.855496,0.906436,1.31091
38,rec2018-01-23_10h59m20.895s.wav,0,2018-01-23#1,tilt,0.5,1.864,0.175809,0.460187,0.0415815,0.198936,0.0550839,0.0576576,0.917307,-0.347702,3.58505,0.181958,2.47442,-0.0226768,-1.35614,1.26932,1.76516,3.58505
38,rec2018-01-23_10h59m20.895s.wav,0,2018-01-23#1,tilt,0.9,1.864,0.175659,0.501809,0.0406249,0.15967,0.0434678,0.0529336,0.917307,-0.352515,5.15385,0.0814009,1.06574,-0.814763,-1.63546,1.43158,2.13839,5.15385
39,rec2018-01-23_10h59m40.619s.wav,0,2018-01-23#1,identity,0,1.864,0.174478,0.373663,0.0454572,0.137318,0.0538646,0.0877848,0.917307,-0.390458,0.323771,0.589381,0.263844,-0.10582,0.42519,0.430824,0.493921,0.917307
39,rec2018-01-23_10h59m40.619s.wav,0,2018-01-23#1,gain,0.5,1.864,0.0872389,0.373663,0.0454572,0.137343,0.0539155,0.0877848,0.917307,-3.19352,0.323771,0.589381,0.264768,-0.102347,0.42519,0.830897,1.29579,3.19352
39,rec2018-01-23_10h59m40.619s.wav,0,2018-01-23#1,gain,0.707107,1.864,0.123374,0.373663,0.0454572,0.137328,0.0538918,0.0877848,0.917307,-2.03245,0.323771,0.589381,0.264229,-0.103966,0.42519,0.665185,0.901263,2.03245
39,rec2018-01-23_10h59m40.619s.wav,0,2018-01-23#1,gain,1.41421,1.864,0.246749,0.373663,0.0454572,0.137308,0.0538371,0.0877848,0.917307,1.93167,0.323771,0.589381,0.263483,-0.107696,0.42519,0.651214,0.869057,1.93167
39,rec2018-01-23_10h59m40.619s.wav,0,2018-01-23#1,gain,2,1.864,0.348956,0.373663,0.0454572,0.137298,0.05381,0.0877848,0.917307,5.21566,0.323771,0.589381,0.263124,-0.109543,0.42519,1.12057,2.02692,5.21566
39,rec2018-01-23_10h59m40.619s.wav,0,2018-01-23#1,noise,30,1.864,0.175135,0.393814,0.0460478,0.212995,0.126356,0.0530063,0.917307,-0.369345,1.08329,0.651471,2.97877,4.83731,-1.63116,1.78124,2.31483,4.83731
39,rec2018-01-23_10h59m40.619s.wav,0,2018-01-23#1,noise,20,1.864,0.177986,0.404547,0.0497522,0.261352,0.143436,0.0570281,0.917307,-0.277737,1.48785,1.04088,4.71361,6.00194,-1.39336,2.26181,3.03312,6.00194
39,rec2018-01-23_10h59m40.619s.wav,0,2018-01-23#1,noise,10,1.864,0.192782,0.424504,0.0476122,0.339149,0.129479,0.0536193,0.917307,0.19767,2.24009,0.815917,7.50458,5.05025,-1.59491,2.61725,3.6042,7.50458
39,rec2018-01-23_10h59m40.619s.wav,0,2018-01-23#1,tilt,-0.5,1.864,0.173874,0.322892,0.0393593,0.0818154,0.0372298,0.0890328,0.917307,-0.409869,-1.58991,-0.0516352,-1.72731,-1.24013,0.49898,0.919306,1.08959,1.72731
39,rec2018-01-23_10h59m40.619s.wav,0,2018-01-23#1,tilt,0.5,1.864,0.175367,0.44897,0.0512826,0.176958,0.0591158,0.0790338,0.917307,-0.361873,3.16224,1.20176,1.68596,0.252253,-0.0922316,1.09623,1.47991,3.16224
39,rec2018-01-23_10h59m40.619s.wav,0,2018-01-23#1,tilt,0.9,1.864,0.175532,0.489749,0.052927,0.147006,0.0487989,0.0761727,0.917307,-0.356601,4.69929,1.37461,0.611413,-0.451241,-0.261398,1.23884,1.91189,4.69929
40,rec2018-01-23_10h59m57.587s.wav,0,2018-01-23#1,identity,0,2.056,0.184623,0.38033,0.0457721,0.151331,0.059335,0.074098,1.56482,-0.0644698,0.575075,0.622489,0.766582,0.267202,-0.384071,0.606387,0.753807,1.56482
40,rec2018-01-23_10h59m57.587s.wav,0,2018-01-23#1,gain,0.5,2.056,0.0923117,0.38033,0.0457721,0.151349,0.0593592,0.074098,1.56482,-3.03052,0.575075,0.622489,0.767215,0.268851,-0.384071,1.03043,1.3711,3.03052
40,rec2018-01-23_10h59m57.587s.wav,0,2018-01-23#1,gain,0.707107,2.056,0.130549,0.38033,0.0457721,0.151338,0.0593482,0.074098,1.56482,-1.80194,0.575075,0.622489,0.766823,0.268098,-0.384071,0.85476,1.01568,1.80194
40,rec2018-01-23_10h59m57.587s.wav,0,2018-01-23#1,gain,1.41421,2.056,0.261097,0.38033,0.0457721,0.151325,0.0593217,0.074098,1.56482,2.39269,0.575075,0.622489,0.76635,0.266293,-0.384071,0.938827,1.17701,2.39269
40,rec2018-01-23_10h59m57.587s.wav,0,2018-01-23#1,gain,2,2.056,0.369247,0.38033,0.0457721,0.151318,0.0593086,0.074098,1.56482,5.86764,0.575075,0.622489,0.766119,0.2654,-0.384071,1.43509,2.34219,5.86764
40,rec2018-01-23_10h59m57.587s.wav,0,2018-01-23#1,noise,30,2.056,0.185094,0.387845,0.0425582,0.204818,0.109978,0.0546569,1.56482,-0.0493646,0.858306,0.284638,2.68543,3.72048,-1.53356,1.52809,1.95207,3.72048
40,rec2018-01-23_10h59m57.587s.wav,0,2018-01-23#1,noise,20,2.056,0.187523,0.397598,0.0427757,0.254711,0.122287,0.0552853,1.56482,0.0286997,1.22593,0.307501,4.47534,4.55979,-1.49641,1.95121,2.59413,4.55979
40,rec2018-01-23_10h59m57.587s.wav,0,2018-01-23#1,noise,10,2.056,0.201695,0.418469,0.041008,0.340593,0.115749,0.0520637,1.56482,0.484043,2.01259,0.121673,7.55637,4.11401,-1.68689,2.50577,3.45621,7.55637
40,rec2018-01-23_10h59m57.587s.wav,0,2018-01-23#1,tilt,-0.5,2.056,0.18412,0.331756,0.0406207,0.0916814,0.0442949,0.0706792,1.56482,-0.0806394,-1.25579,0.0809619,-1.37336,-0.758364,-0.586211,0.814307,0.988767,1.56482
40,rec2018-01-23_10h59m57.587s.wav,0,2018-01-23#1,tilt,0.5,2.056,0.18538,0.451444,0.0486505,0.191065,0.067526,0.0711943,1.56482,-0.0401781,3.25551,0.925064,2.19204,0.825737,-0.555757,1.33701,1.67759,3.25551
40,rec2018-01-23_10h59m57.587s.wav,0,2018-01-23#1,tilt,0.9,2.056,0.185558,0.489234,0.0489174,0.155733,0.0560119,0.0691328,1.56482,-0.0344494,4.6799,0.953127,0.924482,0.040606,-0.677648,1.26786,1.94845,4.6799
41,rec2018-01-23_11h00m14.641s.wav,0,2018-01-23#1,identity,0,1.768,0.158718,0.387986,0.0451058,0.151136,0.0591978,0.093952,0.593552,-0.896835,0.86364,0.552443,0.759572,0.257843,0.78984,0.673389,0.704573,0.896835
41,rec2018-01-23_11h00m14.641s.wav,0,2018-01-23#1,gain,0.5,1.768,0.079359,0.387986,0.0451058,0.151136,0.0591976,0.093952,0.593552,-3.44671,0.86364,0.552443,0.759575,0.25783,0.78984,1.03766,1.44175,3.44671
41,rec2018-01-23_11h00m14.641s.wav,0,2018-01-23#1,gain,0.707107,1.768,0.112231,0.387986,0.0451058,0.151136,0.0591978,0.093952,0.593552,-2.39051,0.86364,0.552443,0.759572,0.257843,0.78984,0.886772,1.09448,2.39051
41,rec2018-01-23_11h00m14.641s.wav,0,2018-01-23#1,gain,1.41421,1.768,0.224461,0.387986,0.0451058,0.151136,0.0591978,0.093952,0.593552,1.21555,0.86364,0.552443,0.759572,0.257844,0.78984,0.71892,0.769806,1.21555
41,rec2018-01-23_11h00m14.641s.wav,0,2018-01-23#1,gain,2,1.768,0.317436,0.387986,0.0451058,0.151136,0.0591978,0.093952,0.593552,4.20291,0.86364,0.552443,0.759572,0.257843,0.78984,1.14569,1.70441,4.20291
41,rec2018-01-23_11h00m14.641s.wav,0,2018-01-23#1,noise,30,1.768,0.159121,0.404944,0.0356059,0.208508,0.0970781,0.050444,0.593552,-0.88387,1.5028,-0.446204,2.81782,2.84086,-1.78266,1.55254,1.80395,2.84086
41,rec2018-01-23_11h00m14.641s.wav,0,2018-01-23#1,noise,20,1.768,0.16126,0.417471,0.0358372,0.26133,0.117691,0.0490234,0.593552,-0.815151,1.97497,-0.421886,4.71282,4.24645,-1.86666,2.09021,2.64096,4.71282
41,rec2018-01-23_11h00m14.641s.wav,0,2018-01-23#1,noise,10,1.768,0.17375,0.437104,0.0359328,0.3482,0.111878,0.0504421,0.593552,-0.413847,2.71498,-0.411837,7.82929,3.85004,-1.78278,2.51376,3.53277,7.82929
41,rec2018-01-23_11h00m14.641s.wav,0,2018-01-23#1,tilt,-0.5,1.768,0.158597,0.336089,0.0343622,0.0933205,0.039775,0.0904542,0.593552,-0.900724,-1.09249,-0.576944,-1.31456,-1.06657,0.583025,0.875409,0.917727,1.31456
41,rec2018-01-23_11h00m14.641s.wav,0,2018-01-23#1,tilt,0.5,1.768,0.158665,0.461146,0.0551206,0.175694,0.0602818,0.0834164,0.593552,-0.898542,3.6212,1.60521,1.64059,0.331764,0.1669,1.26539,1.67669,3.6212
41,rec2018-01-23_11h00m14.641s.wav,0,2018-01-23#1,tilt,0.9,1.768,0.158527,0.498486,0.0572957,0.137592,0.0445852,0.0763239,0.593552,-0.902981,5.02862,1.83386,0.273703,-0.738572,-0.252458,1.37482,2.08744,5.02862
42,rec2018-01-23_11h01m08.679s.wav,0,2018-01-23#1,identity,0,1.992,0.175169,0.39647,0.0404511,0.169621,0.0540265,0.0527782,1.34898,-0.368256,1.1834,0.0631344,1.42272,-0.0947808,-1.64465,0.875131,1.07556,1.64465
42,rec2018-01-23_11h01m08.679s.wav,0,2018-01-23#1,gain,0.5,1.992,0.0875844,0.39647,0.0404511,0.169622,0.0540235,0.0527782,1.34898,-3.18242,1.1834,0.0631344,1.42278,-0.0949847,-1.64465,1.27719,1.60758,3.18242
42,rec2018-01-23_11h01m08.679s.wav,0,2018-01-23#1,gain,0.707107,1.992,0.123863,0.39647,0.0404511,0.169621,0.0540265,0.0527782,1.34898,-2.01675,1.1834,0.0631344,1.42272,-0.0947805,-1.64465,1.11063,1.31091,2.01675
42,rec2018-01-23_11h01m08.679s.wav,0,2018-01-23#1,gain,1.41421,1.992,0.247726,0.39647,0.0404511,0.169621,0.0540265,0.0527782,1.34898,1.96307,1.1834,0.0631344,1.42272,-0.0947815,-1.64465,1.10296,1.29922,1.96307
42,rec2018-01-23_11h01m08.679s.wav,0,2018-01-23#1,gain,2,1.992,0.350338,0.39647,0.0404511,0.169621,0.0540265,0.0527782,1.34898,5.26007,1.1834,0.0631344,1.42272,-0.0947813,-1.64465,1.57396,2.25612,5.26007
42,rec2018-01-23_11h01m08.679s.wav,0,2018-01-23#1,noise,30,1.992,0.17543,0.404107,0.0392525,0.211885,0.0818435,0.0414446,1.34898,-0.359873,1.47128,-0.062863,2.93897,1.80203,-2.31477,1.47125,1.74687,2.93897
42,rec2018-01-23_11h01m08.679s.wav,0,2018-01-23#1,noise,20,1.992,0.177229,0.411181,0.040202,0.257511,0.0981985,0.0460988,1.34898,-0.302053,1.73791,0.0369499,4.57581,2.91726,-2.03958,1.85122,2.34646,4.57581
42,rec2018-01-23_11h01m08.679s.wav,0,2018-01-23#1,noise,10,1.992,0.189044,0.42811,0.0372252,0.343111,0.100323,0.0460787,1.34898,0.0775709,2.37599,-0.275973,7.64671,3.0621,-2.04077,2.40401,3.37132,7.64671
42,rec2018-01-23_11h01m08.679s.wav,0,2018-01-23#1,tilt,-0.5,1.992,0.174515,0.342476,0.0379301,0.105026,0.036154,0.0591082,1.34898,-0.389261,-0.851716,-0.201881,-0.894621,-1.31349,-1.27038,0.89576,0.991168,1.34898
42,rec2018-01-23_11h01m08.679s.wav,0,2018-01-23#1,tilt,0.5,1.992,0.176003,0.472194,0.0393633,0.199728,0.0600895,0.0357854,1.34898,-0.341462,4.03761,-0.0512119,2.50282,0.318648,-2.64938,1.60716,2.12556,4.03761
42,rec2018-01-23_11h01m08.679s.wav,0,2018-01-23#1,tilt,0.9,1.992,0.176183,0.511224,0.037667,0.157016,0.0474884,0.0317813,1.34898,-0.335654,5.50873,-0.22953,0.970521,-0.540604,-2.88614,1.68859,2.44643,5.50873
43,rec2018-01-23_11h01m26.075s.wav,0,2018-01-23#1,identity,0,1.816,0.171791,0.381464,0.0311527,0.146227,0.0606343,0.0924606,0.75543,-0.476781,0.61782,-0.914325,0.583475,0.355798,0.701654,0.629326,0.651925,0.914325
43,rec2018-01-23_11h01m26.075s.wav,0,2018-01-23#1,gain,0.5,1.816,0.0858956,0.381464,0.0311527,0.146227,0.060634,0.0924606,0.75543,-3.23668,0.61782,-0.914325,0.58348,0.355777,0.701654,1.0236,1.37445,3.23668
43,rec2018-01-23_11h01m26.075s.wav,0,2018-01-23#1,gain,0.707107,1.816,0.121475,0.381464,0.0311527,0.146227,0.0606343,0.0924606,0.75543,-2.09349,0.61782,-0.914325,0.583475,0.355798,0.701654,0.860285,1.00927,2.09349
43,rec2018-01-23_11h01m26.075s.wav,0,2018-01-23#1,gain,1.41421,1.816,0.24295,0.381464,0.0311527,0.146227,0.0606343,0.0924606,0.75543,1.8096,0.61782,-0.914325,0.583475,0.355798,0.701654,0.819728,0.927543,1.8096
43,rec2018-01-23_11h01m26.075s.wav,0,2018-01-23#1,gain,2,1.816,0.343582,0.381464,0.0311527,0.146227,0.0606343,0.0924606,0.75543,5.04302,0.61782,-0.914325,0.583475,0.355798,0.701654,1.28165,2.00641,5.04302
43,rec2018-01-23_11h01m26.075s.wav,0,2018-01-23#1,noise,30,1.816,0.171975,0.393117,0.0265973,0.187693,0.0674095,0.0431605,0.75543,-0.470869,1.05701,-1.3932,2.07107,0.817794,-2.21332,1.2541,1.39937,2.21332
43,rec2018-01-23_11h01m26.075s.wav,0,2018-01-23#1,noise,20,1.816,0.173767,0.406018,0.0331787,0.252325,0.103484,0.0480668,0.75543,-0.413288,1.54331,-0.701347,4.38974,3.27769,-1.92322,1.85772,2.30921,4.38974
43,rec2018-01-23_11h01m26.075s.wav,0,2018-01-23#1,noise,10,1.816,0.186181,0.427278,0.0364569,0.343425,0.113976,0.0504555,0.75543,-0.0144366,2.34463,-0.356743,7.65799,3.99311,-1.78198,2.4149,3.46329,7.65799
43,rec2018-01-23_11h01m26.075s.wav,0,2018-01-23#1,tilt,-0.5,1.816,0.171588,0.33113,0.02357,0.0876749,0.0387164,0.0823937,0.75543,-0.483324,-1.27938,-1.71143,-1.51709,-1.13876,0.106431,0.998835,1.13262,1.71143
43,rec2018-01-23_11h01m26.075s.wav,0,2018-01-23#1,tilt,0.5,1.816,0.172087,0.454252,0.0423337,0.17934,0.0685867,0.0889789,0.75543,-0.467272,3.36134,0.261034,1.77142,0.898065,0.495797,1.14434,1.52812,3.36134
43,rec2018-01-23_11h01m26.075s.wav,0,2018-01-23#1,tilt,0.9,1.816,0.172068,0.492244,0.0482223,0.142894,0.0535457,0.0851274,0.75543,-0.467894,4.79334,0.880057,0.463914,-0.127564,0.268065,1.10804,1.8839,4.79334
44,rec2018-01-23_11h01m41.256s.wav,0,2018-01-23#1,identity,0,1.864,0.17,0.389084,0.0470194,0.161817,0.057127,0.0854777,0.917307,-0.534334,0.905014,0.753602,1.14275,0.116641,0.288778,0.66549,0.748027,1.14275
44,rec2018-01-23_11h01m41.256s.wav,0,2018-01-23#1,gain,0.5,1.864,0.085,0.389084,0.0470194,0.161825,0.0571225,0.0854777,0.917307,-3.26546,0.905014,0.753602,1.14306,0.116332,0.288778,1.05565,1.42904,3.26546
44,rec2018-01-23_11h01m41.256s.wav,0,2018-01-23#1,gain,0.707107,1.864,0.120208,0.389084,0.0470194,0.16182,0.0571247,0.0854777,0.917307,-2.13419,0.905014,0.753602,1.14288,0.116483,0.288778,0.894036,1.08142,2.13419
44,rec2018-01-23_11h01m41.256s.wav,0,2018-01-23#1,gain,1.41421,1.864,0.240416,0.389084,0.0470194,0.161815,0.0571294,0.0854777,0.917307,1.7282,0.905014,0.753602,1.1427,0.116807,0.288778,0.836059,0.972325,1.7282
44,rec2018-01-23_11h01m41.256s.wav,0,2018-01-23#1,gain,2,1.864,0.34,0.389084,0.0470194,0.161814,0.0571318,0.0854777,0.917307,4.92791,0.905014,0.753602,1.14266,0.11697,0.288778,1.29318,1.99698,4.92791
44,rec2018-01-23_11h01m41.256s.wav,0,2018-01-23#1,noise,30,1.864,0.170542,0.405252,0.0324824,0.223911,0.108094,0.0477238,0.917307,-0.516935,1.51441,-0.774544,3.3704,3.59204,-1.9435,1.80416,2.13948,3.59204
44,rec2018-01-23_11h01m41.256s.wav,0,2018-01-23#1,noise,20,1.864,0.172865,0.41471,0.0362337,0.269472,0.125357,0.0527431,0.917307,-0.442278,1.87092,-0.380206,5.00491,4.76915,-1.64672,2.14736,2.80784,5.00491
44,rec2018-01-23_11h01m41.256s.wav,0,2018-01-23#1,noise,10,1.864,0.185689,0.432895,0.0356229,0.348909,0.112925,0.0470622,0.917307,-0.0302423,2.55634,-0.444417,7.8547,3.92142,-1.98262,2.52958,3.55727,7.8547
44,rec2018-01-23_11h01m41.256s.wav,0,2018-01-23#1,tilt,-0.5,1.864,0.169797,0.337574,0.0399266,0.0993016,0.0377553,0.0856626,0.917307,-0.540855,-1.03651,0.00799369,-1.09999,-1.20429,0.299712,0.729523,0.841642,1.20429
44,rec2018-01-23_11h01m41.256s.wav,0,2018-01-23#1,tilt,0.5,1.864,0.170124,0.462034,0.0527132,0.191003,0.0589815,0.0756043,0.917307,-0.530363,3.65467,1.35214,2.18981,0.243097,-0.295008,1.31177,1.74229,3.65467
44,rec2018-01-23_11h01m41.256s.wav,0,2018-01-23#1,tilt,0.9,1.864,0.17006,0.499533,0.0523525,0.150758,0.0436695,0.067936,0.917307,-0.5324,5.06807,1.31422,0.746014,-0.801013,-0.748411,1.44678,2.08037,5.06807
45,rec2018-01-23_11h01m57.075s.wav,0,2018-01-23#1,identity,0,1.624,0.158306,0.400194,0.0384786,0.164386,0.0550636,0.0418798,0.107919,-0.910077,1.32379,-0.144219,1.23493,-0.0240612,-2.28904,0.862004,1.15749,2.28904
45,rec2018-01-23_11h01m57.075s.wav,0,2018-01-23#1,gain,0.5,1.624,0.0791529,0.400194,0.0384786,0.164414,0.0550789,0.0418798,0.107919,-3.45333,1.32379,-0.144219,1.23593,-0.0230189,-2.28904,1.22532,1.71039,3.45333
45,rec2018-01-23_11h01m57.075s.wav,0,2018-01-23#1,gain,0.707107,1.624,0.111939,0.400194,0.0384786,0.164396,0.0550722,0.0418798,0.107919,-2.39988,1.32379,-0.14422,1.23529,-0.0234724,-2.28904,1.0748,1.42981,2.39988
45,rec2018-01-23_11h01m57.075s.wav,0,2018-01-23#1,gain,1.41421,1.624,0.223878,0.400194,0.0384786,0.164376,0.0550552,0.0418798,0.107919,1.19682,1.32379,-0.14422,1.23457,-0.0246328,-2.28904,0.902998,1.19414,2.28904
45,rec2018-01-23_11h01m57.075s.wav,0,2018-01-23#1,gain,2,1.624,0.316612,0.400194,0.0384786,0.164366,0.0550471,0.0418798,0.107919,4.17642,1.32379,-0.144219,1.23422,-0.0251875,-2.28904,1.32868,1.92691,4.17642
45,rec2018-01-23_11h01m57.075s.wav,0,2018-01-23#1,noise,30,1.624,0.158881,0.410506,0.0431049,0.216184,0.110785,0.0479641,0.107919,-0.891585,1.71244,0.342103,3.09318,3.77551,-1.92929,1.69315,2.11797,3.77551
45,rec2018-01-23_11h01m57.075s.wav,0,2018-01-23#1,noise,20,1.624,0.161138,0.418131,0.0408654,0.260276,0.109907,0.0434785,0.107919,-0.819063,1.99987,0.106681,4.67499,3.71565,-2.19451,1.94553,2.54027,4.67499
45,rec2018-01-23_11h01m57.075s.wav,0,2018-01-23#1,noise,10,1.624,0.173683,0.436261,0.0368852,0.351434,0.108185,0.0439035,0.107919,-0.415982,2.68323,-0.311718,7.9453,3.59824,-2.16938,2.46168,3.55092,7.9453
45,rec2018-01-23_11h01m57.075s.wav,0,2018-01-23#1,tilt,-0.5,1.624,0.157934,0.343054,0.0354915,0.104223,0.0390043,0.0596324,0.107919,-0.922036,-0.829961,-0.458226,-0.923445,-1.11913,-1.23938,0.800013,0.878462,1.23938
45,rec2018-01-23_11h01m57.075s.wav,0,2018-01-23#1,tilt,0.5,1.624,0.158605,0.479398,0.0381858,0.187408,0.0579471,0.0269387,0.107919,-0.900473,4.30913,-0.174999,2.06083,0.172561,-3.17246,1.55691,2.1962,4.30913
45,rec2018-01-23_11h01m57.075s.wav,0,2018-01-23#1,tilt,0.9,1.624,0.158592,0.520016,0.0371206,0.145641,0.0446779,0.0243055,0.107919,-0.900871,5.84011,-0.286977,0.56246,-0.732251,-3.32816,1.67982,2.58958,5.84011
46,rec2018-01-23_11h02m14.505s.wav,0,2018-01-23#1,identity,0,1.656,0.166472,0.392811,0.0299307,0.163957,0.0550695,0.0692316,0.215837,-0.64769,1.04548,-1.04279,1.21952,-0.0236604,-0.671806,0.695255,0.809378,1.21952
46,rec2018-01-23_11h02m14.505s.wav,0,2018-01-23#1,gain,0.5,1.656,0.083236,0.392811,0.0299307,0.163958,0.0550684,0.0692316,0.215837,-3.32213,1.04548,-1.04279,1.21958,-0.0237358,-0.671806,1.07734,1.47372,3.32213
46,rec2018-01-23_11h02m14.505s.wav,0,2018-01-23#1,gain,0.707107,1.656,0.117714,0.392811,0.0299307,0.163957,0.0550695,0.0692316,0.215837,-2.21434,1.04548,-1.04279,1.21952,-0.0236601,-0.671806,0.919063,1.13826,2.21434
46,rec2018-01-23_11h02m14.505s.wav,0,2018-01-23#1,gain,1.41421,1.656,0.235427,0.392811,0.0299307,0.163957,0.0550695,0.0692316,0.215837,1.56789,1.04548,-1.04279,1.21952,-0.0236601,-0.671806,0.826713,0.972804,1.56789
46,rec2018-01-23_11h02m14.505s.wav,0,2018-01-23#1,gain,2,1.656,0.332944,0.392811,0.0299307,0.163957,0.0550695,0.0692316,0.215837,4.7012,1.04548,-1.04279,1.21952,-0.0236604,-0.671806,1.27433,1.93713,4.7012
46,rec2018-01-23_11h02m14.505s.wav,0,2018-01-23#1,noise,30,1.656,0.166798,0.405972,0.0309286,0.218472,0.0932766,0.0493049,0.215837,-0.637213,1.54156,-0.937882,3.17529,2.58164,-1.85001,1.56278,1.84695,3.17529
46,rec2018-01-23_11h02m14.505s.wav,0,2018-01-23#1,noise,20,1.656,0.168775,0.417513,0.0374172,0.272235,0.116505,0.0499744,0.215837,-0.573703,1.97658,-0.25579,5.10404,4.16558,-1.81043,2.01457,2.69997,5.10404
46,rec2018-01-23_11h02m14.505s.wav,0,2018-01-23#1,noise,10,1.656,0.18092,0.436001,0.0370452,0.356784,0.107505,0.0480557,0.215837,-0.18348,2.6734,-0.294897,8.13724,3.55188,-1.92387,2.4258,3.58262,8.13724
46,rec2018-01-23_11h02m14.505s.wav,0,2018-01-23#1,tilt,-0.5,1.656,0.166111,0.340483,0.0231343,0.100699,0.0382887,0.0682084,0.215837,-0.659284,-0.926873,-1.75724,-1.04986,-1.16792,-0.732303,0.929901,1.03031,1.75724
46,rec2018-01-23_11h02m14.505s.wav,0,2018-01-23#1,tilt,0.5,1.656,0.16682,0.466183,0.0374622,0.193364,0.0569751,0.0562908,0.215837,-0.636515,3.81104,-0.251061,2.27452,0.106285,-1.43696,1.24746,1.78439,3.81104
46,rec2018-01-23_11h02m14.505s.wav,0,2018-01-23#1,tilt,0.9,1.656,0.166829,0.503286,0.0408528,0.152141,0.0442789,0.051991,0.215837,-0.636237,5.20955,0.105367,0.795637,-0.759457,-1.69119,1.34475,2.1271,5.20955
47,rec2018-01-23_11h02m29.845s.wav,0,2018-01-23#1,identity,0,1.816,0.164663,0.390287,0.0335613,0.153401,0.0568456,0.0884149,0.75543,-0.705812,0.950368,-0.66113,0.840852,0.0974513,0.462444,0.63907,0.690706,0.950368
47,rec2018-01-23_11h02m29.845s.wav,0,2018-01-23#1,gain,0.5,1.816,0.0823316,0.390287,0.0335613,0.15341,0.0568421,0.0884149,0.75543,-3.35119,0.950368,-0.66113,0.841145,0.097214,0.462444,1.01699,1.41786,3.35119
47,rec2018-01-23_11h02m29.845s.wav,0,2018-01-23#1,gain,0.707107,1.816,0.116434,0.390287,0.0335613,0.153405,0.0568441,0.0884149,0.75543,-2.25544,0.950368,-0.66113,0.840994,0.0973487,0.462444,0.860451,1.06426,2.25544
47,rec2018-01-23_11h02m29.845s.wav,0,2018-01-23#1,gain,1.41421,1.816,0.232869,0.390287,0.0335613,0.1534,0.0568459,0.0884149,0.75543,1.48569,0.950368,-0.66113,0.84081,0.0974719,0.462444,0.750478,0.849249,1.48569
47,rec2018-01-23_11h02m29.845s.wav,0,2018-01-23#1,gain,2,1.816,0.329326,0.390287,0.0335613,0.1534,0.0568459,0.0884149,0.75543,4.58495,0.950368,-0.66113,0.84081,0.0974711,0.462444,1.19323,1.84635,4.58495
47,rec2018-01-23_11h02m29.845s.wav,0,2018-01-23#1,noise,30,1.816,0.165058,0.404715,0.0295662,0.209906,0.0889993,0.0438767,0.75543,-0.693137,1.49418,-1.0811,2.86795,2.28997,-2.17097,1.62182,1.7982,2.86795
47,rec2018-01-23_11h02m29.845s.wav,0,2018-01-23#1,noise,20,1.816,0.167188,0.414992,0.0357836,0.260578,0.121977,0.049197,0.75543,-0.624697,1.88155,-0.427522,4.68582,4.53872,-1.8564,2.11002,2.69091,4.68582
47,rec2018-01-23_11h02m29.845s.wav,0,2018-01-23#1,noise,10,1.816,0.179557,0.432708,0.0357549,0.342628,0.107739,0.0472209,0.75543,-0.227248,2.54929,-0.430535,7.62938,3.56785,-1.97324,2.44757,3.42548,7.62938
47,rec2018-01-23_11h02m29.845s.wav,0,2018-01-23#1,tilt,-0.5,1.816,0.164258,0.340136,0.0249972,0.0935036,0.0378413,0.083077,0.75543,-0.718827,-0.939931,-1.5614,-1.30799,-1.19843,0.146835,0.946977,1.04043,1.5614
47,rec2018-01-23_11h02m29.845s.wav,0,2018-01-23#1,tilt,0.5,1.816,0.165137,0.460682,0.043101,0.183355,0.0633737,0.0836573,0.75543,-0.690586,3.60368,0.341696,1.91543,0.542596,0.181143,1.14722,1.6101,3.60368
47,rec2018-01-23_11h02m29.845s.wav,0,2018-01-23#1,tilt,0.9,1.816,0.165206,0.495793,0.0469787,0.144783,0.0515112,0.0805654,0.75543,-0.688373,4.92712,0.749325,0.531677,-0.266295,-0.00167292,1.13141,1.93598,4.92712
48,rec2018-01-23_11h02m48.266s.wav,0,2018-01-23#1,identity,0,1.688,0.168045,0.399259,0.03758,0.17367,0.0547387,0.0709504,0.323756,-0.597152,1.28855,-0.238676,1.568,-0.0462169,-0.570176,0.661789,0.842156,1.568
48,rec2018-01-23_11h02m48.266s.wav,0,2018-01-23#1,gain,0.5,1.688,0.0840225,0.399259,0.03758,0.173689,0.0547197,0.0709504,0.323756,-3.29686,1.28855,-0.238676,1.56868,-0.0475124,-0.570176,1.04774,1.48707,3.29686
48,rec2018-01-23_11h02m48.266s.wav,0,2018-01-23#1,gain,0.707107,1.688,0.118826,0.399259,0.03758,0.173676,0.0547307,0.0709504,0.323756,-2.17861,1.28855,-0.238676,1.56822,-0.0467612,-0.570176,0.88782,1.15604,2.17861
48,rec2018-01-23_11h02m48.266s.wav,0,2018-01-23#1,gain,1.41421,1.688,0.237651,0.399259,0.03758,0.173667,0.0547437,0.0709504,0.323756,1.63936,1.28855,-0.238676,1.56787,-0.0458716,-0.570176,0.810609,1.02086,1.63936
48,rec2018-01-23_11h02m48.266s.wav,0,2018-01-23#1,gain,2,1.688,0.33609,0.399259,0.03758,0.173665,0.054746,0.0709504,0.323756,4.80227,1.28855,-0.238676,1.56781,-0.0457136,-0.570176,1.26242,1.98815,4.80227
48,rec2018-01-23_11h02m48.266s.wav,0,2018-01-23#1,noise,30,1.688,0.168392,0.40981,0.0377485,0.229416,0.103679,0.0517738,0.323756,-0.58599,1.68624,-0.220967,3.56789,3.29098,-1.70404,1.62569,2.06344,3.56789
48,rec2018-01-23_11h02m48.266s.wav,0,2018-01-23#1,noise,20,1.688,0.170266,0.41763,0.0378449,0.272893,0.11355,0.0495308,0.323756,-0.5258,1.981,-0.210832,5.12763,3.96409,-1.83666,1.99568,2.66538,5.12763
48,rec2018-01-23_11h02m48.266s.wav,0,2018-01-23#1,noise,10,1.688,0.181797,0.434622,0.0352134,0.354993,0.102732,0.0466468,0.323756,-0.155274,2.62143,-0.487464,8.07298,3.22639,-2.00718,2.4135,3.52237,8.07298
48,rec2018-01-23_11h02m48.266s.wav,0,2018-01-23#1,tilt,-0.5,1.688,0.167707,0.345358,0.0318212,0.109104,0.0393454,0.0706465,0.323756,-0.607995,-0.743091,-0.844053,-0.748325,-1.09586,-0.588145,0.707318,0.741225,1.09586
48,rec2018-01-23_11h02m48.266s.wav,0,2018-01-23#1,tilt,0.5,1.688,0.168375,0.473502,0.0424597,0.197062,0.0540088,0.0583914,0.323756,-0.586553,4.08691,0.27428,2.40718,-0.0959856,-1.31276,1.2982,1.8805,4.08691
48,rec2018-01-23_11h02m48.266s.wav,0,2018-01-23#1,tilt,0.9,1.688,0.168398,0.511089,0.0434425,0.152287,0.0408319,0.0505147,0.323756,-0.585809,5.50363,0.377599,0.800883,-0.994504,-1.77848,1.48067,2.25749,5.50363
49,rec2018-01-23_11h03m04.371s.wav,0,2018-01-23#1,identity,0,1.896,0.155763,0.414939,0.0350918,0.171298,0.0508963,0.0633992,1.02523,-0.991776,1.87955,-0.500246,1.48289,-0.308226,-1.01666,1.02922,1.143,1.87955
49,rec2018-01-23_11h03m04.371s.wav,0,2018-01-23#1,gain,0.5,1.896,0.0778816,0.414939,0.0350918,0.1713,0.0508905,0.0633992,1.02523,-3.49418,1.87955,-0.500246,1.48298,-0.308617,-1.01666,1.38678,1.70593,3.49418
49,rec2018-01-23_11h03m04.371s.wav,0,2018-01-23#1,gain,0.707107,1.896,0.110141,0.414939,0.0350918,0.171299,0.0508934,0.0633992,1.02523,-2.45765,1.87955,-0.500247,1.48293,-0.308421,-1.01666,1.23867,1.42437,2.45765
49,rec2018-01-23_11h03m04.371s.wav,0,2018-01-23#1,gain,1.41421,1.896,0.220282,0.414939,0.0350918,0.171297,0.0508991,0.0633992,1.02523,1.08128,1.87955,-0.500247,1.48284,-0.308031,-1.01666,1.04198,1.15453,1.87955
49,rec2018-01-23_11h03m04.371s.wav,0,2018-01-23#1,gain,2,1.896,0.311526,0.414939,0.0350918,0.171295,0.050902,0.0633992,1.02523,4.01303,1.87955,-0.500246,1.4828,-0.307836,-1.01666,1.46076,1.86185,4.01303
49,rec2018-01-23_11h03m04.371s.wav,0,2018-01-23#1,noise,30,1.896,0.156052,0.421003,0.0327044,0.212055,0.0845026,0.0458105,1.02523,-0.982499,2.10813,-0.751208,2.94506,1.98335,-2.05663,1.69316,1.8463,2.94506
49,rec2018-01-23_11h03m04.371s.wav,0,2018-01-23#1,noise,20,1.896,0.157715,0.429318,0.0293831,0.259539,0.103332,0.0332305,1.02523,-0.929055,2.42153,-1.10035,4.64856,3.26732,-2.80045,2.31321,2.64888,4.64856
49,rec2018-01-23_11h03m04.371s.wav,0,2018-01-23#1,noise,10,1.896,0.168412,0.446594,0.0283171,0.345889,0.0960676,0.0363882,1.02523,-0.585371,3.0727,-1.21241,7.74639,2.77196,-2.61374,2.71826,3.52191,7.74639
49,rec2018-01-23_11h03m04.371s.wav,0,2018-01-23#1,tilt,-0.5,1.896,0.155533,0.355226,0.0295937,0.11242,0.0384477,0.0693185,1.02523,-0.999172,-0.371179,-1.07821,-0.629362,-1.15708,-0.666668,0.8467,0.888749,1.15708
49,rec2018-01-23_11h03m04.371s.wav,0,2018-01-23#1,tilt,0.5,1.896,0.155774,0.493257,0.0401292,0.181824,0.0507093,0.0500972,1.02523,-0.991431,4.83153,0.0292995,1.86053,-0.320977,-1.80316,1.55174,2.14458,4.83153
49,rec2018-01-23_11h03m04.371s.wav,0,2018-01-23#1,tilt,0.9,1.896,0.155668,0.531164,0.0416712,0.137529,0.0411362,0.0450433,1.02523,-0.994824,6.26032,0.191391,0.271442,-0.973754,-2.10199,1.68842,2.58317,6.26032
50,rec2018-01-23_11h03m19.651s.wav,0,2018-01-23#1,identity,0,1.608,0.196034,0.368976,0.0315102,0.136999,0.057099,0.0767535,0.0539593,0.302164,0.14709,-0.876746,0.252404,0.114729,-0.227058,0.282021,0.380406,0.876746
50,rec2018-01-23_11h03m19.651s.wav,0,2018-01-23#1,gain,0.5,1.608,0.0980171,0.368976,0.0315102,0.137003,0.0570931,0.0767535,0.0539593,-2.84721,0.14709,-0.876746,0.252554,0.114329,-0.227058,0.645563,1.13567,2.84721
50,rec2018-01-23_11h03m19.651s.wav,0,2018-01-23#1,gain,0.707107,1.608,0.138617,0.368976,0.0315102,0.137,0.0570971,0.0767535,0.0539593,-1.54269,0.14709,-0.876746,0.252444,0.1146,-0.227058,0.459228,0.686768,1.54269
50,rec2018-01-23_11h03m19.651s.wav,0,2018-01-23#1,gain,1.41421,1.608,0.277234,0.368976,0.0315102,0.136998,0.0571008,0.0767535,0.0539593,2.91119,0.14709,-0.876746,0.252366,0.114852,-0.227058,0.654751,1.15861,2.91119
50,rec2018-01-23_11h03m19.651s.wav,0,2018-01-23#1,gain,2,1.608,0.392068,0.368976,0.0315102,0.136997,0.0571024,0.0767535,0.0539593,6.60091,0.14709,-0.876746,0.252331,0.114965,-0.227058,1.18186,2.52116,6.60091
50,rec2018-01-23_11h03m19.651s.wav,0,2018-01-23#1,noise,30,1.608,0.196493,0.383994,0.0433034,0.196406,0.120204,0.0683304,0.0539593,0.316915,0.71318,0.362969,2.38366,4.41776,-0.725094,1.28193,1.94451,4.41776
50,rec2018-01-23_11h03m19.651s.wav,0,2018-01-23#1,noise,20,1.608,0.198985,0.393768,0.0497811,0.239249,0.142328,0.0739812,0.0539593,0.396964,1.08155,1.04392,3.92064,5.92637,-0.390974,1.83063,2.75334,5.92637
50,rec2018-01-23_11h03m19.651s.wav,0,2018-01-23#1,noise,10,1.608,0.213335,0.415395,0.046148,0.316099,0.130711,0.0605955,0.0539593,0.858054,1.89673,0.661998,6.67767,5.13428,-1.18243,2.35216,3.31932,6.67767
50,rec2018-01-23_11h03m19.651s.wav,0,2018-01-23#1,tilt,-0.5,1.608,0.195525,0.322024,0.0246189,0.0800943,0.0382313,0.0855406,0.0539593,0.285806,-1.62262,-1.60117,-1.78905,-1.17184,0.2925,0.973848,1.19168,1.78905
50,rec2018-01-23_11h03m19.651s.wav,0,2018-01-23#1,tilt,0.5,1.608,0.196892,0.43945,0.0377436,0.179178,0.0603479,0.0637814,0.0539593,0.329732,2.80342,-0.221481,1.76558,0.33627,-0.99406,0.929215,1.32225,2.80342
50,rec2018-01-23_11h03m19.651s.wav,0,2018-01-23#1,tilt,0.9,1.608,0.19712,0.477676,0.0393632,0.147478,0.0467792,0.0595538,0.0539593,0.337052,4.24423,-0.0512272,0.628366,-0.588962,-1.24403,1.02112,1.70805,4.24423
51,rec2018-01-23_11h03m36.803s.wav,0,2018-01-23#1,identity,0,1.512,0.16672,0.385719,0.039911,0.14976,0.0478645,0.0716099,-0.269796,-0.639732,0.778193,0.00635481,0.710214,-0.51496,-0.531186,0.492919,0.552839,0.778193
51,rec2018-01-23_11h03m36.803s.wav,0,2018-01-23#1,gain,0.5,1.512,0.0833599,0.385719,0.039911,0.149766,0.0478657,0.0716099,-0.269796,-3.31816,0.778193,0.00635481,0.710424,-0.514876,-0.531186,0.875569,1.3491,3.31816
51,rec2018-01-23_11h03m36.803s.wav,0,2018-01-23#1,gain,0.707107,1.512,0.117889,0.385719,0.039911,0.149761,0.047862,0.0716099,-0.269796,-2.20872,0.778193,0.00635481,0.71025,-0.515126,-0.531186,0.717089,0.971656,2.20872
51,rec2018-01-23_11h03m36.803s.wav,0,2018-01-23#1,gain,1.41421,1.512,0.235777,0.385719,0.039911,0.149759,0.0478669,0.0716099,-0.269796,1.57915,0.778193,0.00635481,0.710177,-0.514796,-0.531186,0.627093,0.776774,1.57915
51,rec2018-01-23_11h03m36.803s.wav,0,2018-01-23#1,gain,2,1.512,0.333439,0.385719,0.039911,0.149758,0.0478693,0.0716099,-0.269796,4.71711,0.778193,0.00635481,0.710141,-0.514632,-0.531186,1.07535,1.8509,4.71711
51,rec2018-01-23_11h03m36.803s.wav,0,2018-01-23#1,noise,30,1.512,0.167115,0.404755,0.0365435,0.211607,0.110907,0.0488694,-0.269796,-0.627039,1.49568,-0.347642,2.92899,3.78381,-1.87576,1.61839,2.04376,3.78381
51,rec2018-01-23_11h03m36.803s.wav,0,2018-01-23#1,noise,20,1.512,0.169332,0.414298,0.0418368,0.258135,0.129574,0.0501753,-0.269796,-0.555802,1.85539,0.208803,4.5982,5.05672,-1.79855,2.04904,2.77273,5.05672
51,rec2018-01-23_11h03m36.803s.wav,0,2018-01-23#1,noise,10,1.512,0.182311,0.43267,0.0403222,0.341174,0.114857,0.0476672,-0.269796,-0.138771,2.54786,0.0495852,7.57721,4.05316,-1.94684,2.36903,3.4686,7.57721
51,rec2018-01-23_11h03m36.803s.wav,0,2018-01-23#1,tilt,-0.5,1.512,0.166258,0.332824,0.0320111,0.0904491,0.0314075,0.0764361,-0.269796,-0.654579,-1.21554,-0.824091,-1.41757,-1.63714,-0.245825,0.894935,1.02874,1.63714
51,rec2018-01-23_11h03m36.803s.wav,0,2018-01-23#1,tilt,0.5,1.512,0.167334,0.460756,0.045749,0.183889,0.0534849,0.04876,-0.269796,-0.619988,3.60649,0.620054,1.9346,-0.131712,-1.88223,1.29498,1.73828,3.60649
51,rec2018-01-23_11h03m36.803s.wav,0,2018-01-23#1,tilt,0.9,1.512,0.167454,0.49942,0.0455417,0.148154,0.0415767,0.0387701,-0.269796,-0.616133,5.06384,0.598264,0.652607,-0.943715,-2.4729,1.51675,2.20015,5.06384
52,rec2018-01-23_11h03m51.751s.wav,0,2018-01-23#1,identity,0,1.592,0.153833,0.392329,0.0484135,0.167149,0.0773938,0.0946342,0,-1.05378,1.02733,0.900148,1.33404,1.49861,0.830174,0.949156,1.04818,1.49861
52,rec2018-01-23_11h03m51.751s.wav,0,2018-01-23#1,gain,0.5,1.592,0.0769167,0.392329,0.0484135,0.16717,0.0774204,0.0946342,0,-3.52518,1.02733,0.900148,1.33479,1.50042,0.830174,1.30258,1.64815,3.52518
52,rec2018-01-23_11h03m51.751s.wav,0,2018-01-23#1,gain,0.707107,1.592,0.108777,0.392329,0.0484135,0.167152,0.0773886,0.0946342,0,-2.50149,1.02733,0.900147,1.33416,1.49826,0.830174,1.15594,1.35421,2.50149
52,rec2018-01-23_11h03m51.751s.wav,0,2018-01-23#1,gain,1.41421,1.592,0.217553,0.392329,0.0484135,0.167146,0.0773974,0.0946342,0,0.993588,1.02733,0.900147,1.33395,1.49885,0.830174,0.940579,1.03979,1.49885
52,rec2018-01-23_11h03m51.751s.wav,0,2018-01-23#1,gain,2,1.592,0.307667,0.392329,0.0484135,0.167145,0.0773996,0.0946342,0,3.88901,1.02733,0.900148,1.3339,1.49901,0.830174,1.35422,1.76091,3.88901
52,rec2018-01-23_11h03m51.751s.wav,0,2018-01-23#1,noise,30,1.592,0.154663,0.414998,0.0482538,0.247417,0.143574,0.0705292,0,-1.02712,1.88175,0.883367,4.21366,6.01136,-0.595085,2.08748,2.91846,6.01136
52,rec2018-01-23_11h03m51.751s.wav,0,2018-01-23#1,noise,20,1.592,0.15756,0.423311,0.0463845,0.287719,0.14343,0.0632927,0,-0.934031,2.19509,0.686863,5.65952,6.00152,-1.02295,2.35714,3.27888,6.00152
52,rec2018-01-23_11h03m51.751s.wav,0,2018-01-23#1,noise,10,1.592,0.17147,0.438976,0.0414836,0.363086,0.122889,0.0547045,0,-0.48711,2.78556,0.17167,8.36333,4.6009,-1.53075,2.56276,3.80757,8.36333
52,rec2018-01-23_11h03m51.751s.wav,0,2018-01-23#1,tilt,-0.5,1.592,0.15308,0.342846,0.0379603,0.106444,0.0583302,0.0880669,0,-1.07799,-0.837782,-0.1987,-0.843758,0.198688,0.441872,0.514113,0.638086,1.07799
52,rec2018-01-23_11h03m51.751s.wav,0,2018-01-23#1,tilt,0.5,1.592,0.154712,0.46112,0.0572584,0.188546,0.0704417,0.088448,0,-1.02554,3.62019,1.82995,2.10167,1.02455,0.464402,1.43804,1.82007,3.62019
52,rec2018-01-23_11h03m51.751s.wav,0,2018-01-23#1,tilt,0.9,1.592,0.15483,0.495764,0.0591471,0.146637,0.0528875,0.0829818,0,-1.02176,4.92601,2.02849,0.598181,-0.172445,0.141205,1.26973,2.06439,4.92601
53,rec2018-01-23_11h04m10.613s.wav,0,2018-01-23#1,identity,0,1.64,0.162657,0.387758,0.0398698,0.172445,0.0703822,0.084858,0.161878,-0.770279,0.855028,0.00202442,1.52404,1.0205,0.252138,0.655126,0.826205,1.52404
53,rec2018-01-23_11h04m10.613s.wav,0,2018-01-23#1,gain,0.5,1.64,0.0813284,0.387758,0.0398698,0.172466,0.0703798,0.084858,0.161878,-3.38343,0.855028,0.00202442,1.52478,1.02033,0.252138,1.02852,1.49449,3.38343
53,rec2018-01-23_11h04m10.613s.wav,0,2018-01-23#1,gain,0.707107,1.64,0.115016,0.387758,0.0398698,0.172454,0.070382,0.084858,0.161878,-2.30103,0.855028,0.00202442,1.52437,1.02049,0.252138,0.87385,1.16378,2.30103
53,rec2018-01-23_11h04m10.613s.wav,0,2018-01-23#1,gain,1.41421,1.64,0.230031,0.387758,0.0398698,0.172441,0.0703847,0.084858,0.161878,1.39452,0.855028,0.00202442,1.5239,1.02067,0.252138,0.744308,0.935765,1.5239
53,rec2018-01-23_11h04m10.613s.wav,0,2018-01-23#1,gain,2,1.64,0.325314,0.387758,0.0398698,0.17244,0.0703863,0.084858,0.161878,4.45602,0.855028,0.00202442,1.52387,1.02078,0.252138,1.18168,1.85323,4.45602
53,rec2018-01-23_11h04m10.613s.wav,0,2018-01-23#1,noise,30,1.64,0.163165,0.406803,0.0412288,0.241225,0.109038,0.064096,0.161878,-0.753955,1.57287,0.14489,3.99155,3.65638,-0.97546,1.60814,2.18248,3.99155
53,rec2018-01-23_11h04m10.613s.wav,0,2018-01-23#1,noise,20,1.64,0.165522,0.415898,0.0438262,0.288115,0.123996,0.0650186,0.161878,-0.678219,1.91568,0.417934,5.67371,4.67636,-0.920908,2.06353,2.90905,5.67371
53,rec2018-01-23_11h04m10.613s.wav,0,2018-01-23#1,noise,10,1.64,0.178345,0.432889,0.0423905,0.363758,0.10824,0.0604345,0.161878,-0.266214,2.55612,0.267006,8.38742,3.60199,-1.19195,2.34751,3.61438,8.38742
53,rec2018-01-23_11h04m10.613s.wav,0,2018-01-23#1,tilt,-0.5,1.64,0.162388,0.33974,0.0314204,0.106799,0.0472025,0.0821954,0.161878,-0.778927,-0.95485,-0.886181,-0.831024,-0.560096,0.094706,0.609666,0.691093,0.95485
53,rec2018-01-23_11h04m10.613s.wav,0,2018-01-23#1,tilt,0.5,1.64,0.162882,0.45606,0.047713,0.200317,0.0739596,0.0827316,0.161878,-0.763054,3.42949,0.826517,2.52395,1.26444,0.126407,1.29939,1.73362,3.42949
53,rec2018-01-23_11h04m10.613s.wav,0,2018-01-23#1,tilt,0.9,1.64,0.162865,0.491414,0.0498895,0.15654,0.0552015,0.0800335,0.161878,-0.763581,4.76204,1.05531,0.953442,-0.0146593,-0.0331211,1.10629,1.90151,4.76204
54,rec2018-01-23_11h04m27.250s.wav,0,2018-01-23#1,identity,0,2.04,0.159938,0.392424,0.0386825,0.147375,0.0616861,0.092042,1.51086,-0.857623,1.03092,-0.122783,0.62464,0.427521,0.676908,0.750179,0.85584,1.51086
54,rec2018-01-23_11h04m27.250s.wav,0,2018-01-23#1,gain,0.5,2.04,0.0799692,0.392424,0.0386825,0.147384,0.061686,0.092042,1.51086,-3.4271,1.03092,-0.122783,0.624993,0.427516,0.676908,1.1173,1.51832,3.4271
54,rec2018-01-23_11h04m27.250s.wav,0,2018-01-23#1,gain,0.707107,2.04,0.113094,0.392424,0.0386825,0.147378,0.0616828,0.092042,1.51086,-2.36279,1.03092,-0.122783,0.624771,0.427292,0.676908,0.965188,1.1937,2.36279
54,rec2018-01-23_11h04m27.250s.wav,0,2018-01-23#1,gain,1.41421,2.04,0.226187,0.392424,0.0386825,0.147371,0.0616891,0.092042,1.51086,1.271,1.03092,-0.122783,0.624515,0.427727,0.676908,0.809244,0.926374,1.51086
54,rec2018-01-23_11h04m27.250s.wav,0,2018-01-23#1,gain,2,2.04,0.319877,0.392424,0.0386825,0.14737,0.0616907,0.092042,1.51086,4.28133,1.03092,-0.122783,0.624481,0.427835,0.676908,1.2393,1.80165,4.28133
54,rec2018-01-23_11h04m27.250s.wav,0,2018-01-23#1,noise,30,2.04,0.16045,0.409629,0.0390402,0.218488,0.123797,0.0515244,1.51086,-0.841192,1.6794,-0.0851815,3.17586,4.66281,-1.71878,1.95344,2.40832,4.66281
54,rec2018-01-23_11h04m27.250s.wav,0,2018-01-23#1,noise,20,2.04,0.162765,0.418341,0.0400726,0.261007,0.135161,0.0515643,1.51086,-0.766813,2.00778,0.0233463,4.70123,5.43768,-1.71642,2.30916,2.96452,5.43768
54,rec2018-01-23_11h04m27.250s.wav,0,2018-01-23#1,noise,10,2.04,0.175362,0.434827,0.0385799,0.33629,0.121642,0.0486489,1.51086,-0.362037,2.62916,-0.133565,7.402,4.51585,-1.8888,2.63461,3.54752,7.402
54,rec2018-01-23_11h04m27.250s.wav,0,2018-01-23#1,tilt,-0.5,2.04,0.1594,0.340047,0.0300692,0.0905963,0.0419185,0.0878481,1.51086,-0.874906,-0.943296,-1.02823,-1.41229,-0.920407,0.428933,1.01699,1.07044,1.51086
54,rec2018-01-23_11h04m27.250s.wav,0,2018-01-23#1,tilt,0.5,2.04,0.160592,0.465007,0.0486946,0.174566,0.0648258,0.0842925,1.51086,-0.836617,3.76673,0.929706,1.60012,0.641614,0.218701,1.35776,1.73432,3.76673
54,rec2018-01-23_11h04m27.250s.wav,0,2018-01-23#1,tilt,0.9,2.04,0.160686,0.50101,0.052605,0.137794,0.0502442,0.0813265,1.51086,-0.833613,5.12376,1.34077,0.280923,-0.35269,0.0433278,1.35513,2.11232,5.12376
55,rec2018-01-23_11h04m44.325s.wav,0,2018-01-23#1,identity,0,1.576,0.146963,0.410587,0.0411088,0.176675,0.0699874,0.0813899,-0.0539593,-1.27454,1.71553,0.132269,1.6758,0.993575,0.0470793,0.841821,1.09451,1.71553
55,rec2018-01-23_11h04m44.325s.wav,0,2018-01-23#1,gain,0.5,1.576,0.0734815,0.410587,0.0411088,0.176683,0.0699733,0.0813899,-0.0539593,-3.63556,1.71553,0.132269,1.67609,0.992614,0.0470793,1.17901,1.68936,3.63556
55,rec2018-01-23_11h04m44.325s.wav,0,2018-01-23#1,gain,0.707107,1.576,0.103918,0.410587,0.0411088,0.176679,0.0699806,0.0813899,-0.0539593,-2.65759,1.71553,0.132269,1.67594,0.99311,0.0470793,1.03935,1.40527,2.65759
55,rec2018-01-23_11h04m44.325s.wav,0,2018-01-23#1,gain,1.41421,1.576,0.207837,0.410587,0.0411088,0.176673,0.0699902,0.0813899,-0.0539593,0.681399,1.71553,0.132269,1.67574,0.993767,0.0470793,0.757106,1.01599,1.71553
55,rec2018-01-23_11h04m44.325s.wav,0,2018-01-23#1,gain,2,1.576,0.293926,0.410587,0.0411088,0.176673,0.0699915,0.0813899,-0.0539593,3.44751,1.71553,0.132269,1.67571,0.993859,0.0470793,1.15227,1.63212,3.44751
55,rec2018-01-23_11h04m44.325s.wav,0,2018-01-23#1,noise,30,1.576,0.147368,0.425607,0.037893,0.246478,0.101078,0.0496634,-0.0539593,-1.26151,2.28165,-0.20578,4.17997,3.11362,-1.82882,1.84647,2.31004,4.17997
55,rec2018-01-23_11h04m44.325s.wav,0,2018-01-23#1,noise,20,1.576,0.149509,0.435488,0.0393708,0.299162,0.118955,0.0519821,-0.0539593,-1.19272,2.65409,-0.0504295,6.07004,4.33264,-1.69172,2.29223,3.09265,6.07004
55,rec2018-01-23_11h04m44.325s.wav,0,2018-01-23#1,noise,10,1.576,0.161352,0.449912,0.0377888,0.377329,0.104129,0.0504251,-0.0539593,-0.812187,3.19775,-0.216727,8.87431,3.32164,-1.78378,2.60862,3.85271,8.87431
55,rec2018-01-23_11h04m44.325s.wav,0,2018-01-23#1,tilt,-0.5,1.576,0.146224,0.356493,0.0310725,0.1175,0.0534848,0.0838042,-0.0539593,-1.29826,-0.323403,-0.922757,-0.447112,-0.131718,0.189831,0.481006,0.643402,1.29826
55,rec2018-01-23_11h04m44.325s.wav,0,2018-01-23#1,tilt,0.5,1.576,0.14742,0.482065,0.050781,0.185417,0.0674962,0.0681016,-0.0539593,-1.25983,4.40967,1.14902,1.98942,0.823705,-0.738621,1.48918,1.98341,4.40967
55,rec2018-01-23_11h04m44.325s.wav,0,2018-01-23#1,tilt,0.9,1.576,0.147367,0.516789,0.0547451,0.139698,0.0506681,0.0613118,-0.0539593,-1.26154,5.71848,1.56573,0.349257,-0.323782,-1.14008,1.48755,2.3383,5.71848
56,rec2018-01-23_11h05m01.603s.wav,0,2018-01-23#1,identity,0,1.512,0.170877,0.38383,0.0385738,0.138733,0.061181,0.086905,-0.269796,-0.506158,0.70699,-0.134209,0.314623,0.393078,0.373169,0.385432,0.420813,0.70699
56,rec2018-01-23_11h05m01.603s.wav,0,2018-01-23#1,gain,0.5,1.512,0.0854385,0.38383,0.0385738,0.138748,0.0612185,0.086905,-0.269796,-3.25137,0.70699,-0.134209,0.315142,0.395639,0.373169,0.778045,1.28492,3.25137
56,rec2018-01-23_11h05m01.603s.wav,0,2018-01-23#1,gain,0.707107,1.512,0.120828,0.38383,0.0385738,0.138738,0.0611933,0.086905,-0.269796,-2.11427,0.70699,-0.134209,0.314803,0.393918,0.373169,0.615307,0.882713,2.11427
56,rec2018-01-23_11h05m01.603s.wav,0,2018-01-23#1,gain,1.41421,1.512,0.241656,0.38383,0.0385738,0.138733,0.0611812,0.086905,-0.269796,1.76805,0.70699,-0.134209,0.314618,0.393091,0.373169,0.565703,0.766196,1.76805
56,rec2018-01-23_11h05m01.603s.wav,0,2018-01-23#1,gain,2,1.512,0.341754,0.38383,0.0385738,0.138733,0.0611812,0.086905,-0.269796,4.98426,0.70699,-0.134209,0.314619,0.393092,0.373169,1.02516,1.9208,4.98426
56,rec2018-01-23_11h05m01.603s.wav,0,2018-01-23#1,noise,30,1.512,0.17136,0.40009,0.0362434,0.20182,0.119364,0.0438439,-0.269796,-0.490638,1.31986,-0.379182,2.57788,4.36052,-2.17291,1.65297,2.15739,4.36052
56,rec2018-01-23_11h05m01.603s.wav,0,2018-01-23#1,noise,20,1.512,0.173782,0.410589,0.0411544,0.252806,0.141951,0.0489004,-0.269796,-0.412812,1.7156,0.137071,4.40699,5.90071,-1.87393,2.10242,2.95095,5.90071
56,rec2018-01-23_11h05m01.603s.wav,0,2018-01-23#1,noise,10,1.512,0.187262,0.429481,0.039254,0.332383,0.1287,0.0454108,-0.269796,0.0203133,2.42767,-0.0627107,7.26183,4.99712,-2.08026,2.44567,3.54569,7.26183
56,rec2018-01-23_11h05m01.603s.wav,0,2018-01-23#1,tilt,-0.5,1.512,0.170501,0.332162,0.0296425,0.0832387,0.0412008,0.0817379,-0.269796,-0.518231,-1.24051,-1.07309,-1.67625,-0.969351,0.0676543,0.830696,0.984577,1.67625
56,rec2018-01-23_11h05m01.603s.wav,0,2018-01-23#1,tilt,0.5,1.512,0.171396,0.457336,0.0480735,0.172103,0.0658207,0.0844307,-0.269796,-0.489472,3.47757,0.864407,1.51177,0.709451,0.226872,1.07848,1.51154,3.47757
56,rec2018-01-23_11h05m01.603s.wav,0,2018-01-23#1,tilt,0.9,1.512,0.171491,0.49481,0.0517523,0.138611,0.0515023,0.0790484,-0.269796,-0.486424,4.89007,1.25113,0.310257,-0.266901,-0.0913646,1.08085,1.92589,4.89007
57,rec2018-01-23_11h11m07.436s.wav,0,2018-01-23#1,identity,0,1.752,0.191651,0.364674,0.0302912,0.149891,0.0493199,0.0660049,0.539593,0.161332,-0.0150574,-1.00489,0.714909,-0.415715,-0.862594,0.530584,0.627375,1.00489
57,rec2018-01-23_11h11m07.436s.wav,0,2018-01-23#1,gain,0.5,1.752,0.0958255,0.364674,0.0302912,0.149895,0.0493252,0.0660049,0.539593,-2.91762,-0.0150574,-1.00489,0.715046,-0.415352,-0.862594,0.924307,1.26726,2.91762
57,rec2018-01-23_11h11m07.436s.wav,0,2018-01-23#1,gain,0.707107,1.752,0.135518,0.364674,0.0302912,0.149891,0.0493199,0.0660049,0.539593,-1.64228,-0.0150574,-1.00489,0.714909,-0.415715,-0.862594,0.742148,0.880442,1.64228
57,rec2018-01-23_11h11m07.436s.wav,0,2018-01-23#1,gain,1.41421,1.752,0.271036,0.364674,0.0302912,0.149891,0.0493199,0.0660049,0.539593,2.71202,-0.0150574,-1.00489,0.714909,-0.415715,-0.862594,0.894968,1.20025,2.71202
57,rec2018-01-23_11h11m07.436s.wav,0,2018-01-23#1,gain,2,1.752,0.383302,0.364674,0.0302912,0.149891,0.0493199,0.0660049,0.539593,6.31924,-0.0150574,-1.00489,0.714909,-0.415715,-0.862594,1.41029,2.46872,6.31924
57,rec2018-01-23_11h11m07.436s.wav,0,2018-01-23#1,noise,30,1.752,0.192433,0.38257,0.0424517,0.213493,0.130623,0.060172,0.539593,0.186461,0.659488,0.273436,2.99664,5.12825,-1.20747,1.57019,2.31678,5.12825
57,rec2018-01-23_11h11m07.436s.wav,0,2018-01-23#1,noise,20,1.752,0.195299,0.390025,0.0446882,0.250061,0.133544,0.0600209,0.539593,0.278546,0.940476,0.508543,4.30855,5.32742,-1.21641,1.87422,2.67091,5.32742
57,rec2018-01-23_11h11m07.436s.wav,0,2018-01-23#1,noise,10,1.752,0.210304,0.410358,0.0412472,0.328853,0.114457,0.0522034,0.539593,0.760668,1.70689,0.146823,7.13519,4.02589,-1.67863,2.28481,3.24569,7.13519
57,rec2018-01-23_11h11m07.436s.wav,0,2018-01-23#1,tilt,-0.5,1.752,0.191202,0.316806,0.0245378,0.0865832,0.0315675,0.0767944,0.539593,0.146907,-1.81928,-1.60969,-1.55626,-1.62623,-0.224641,1.07466,1.27227,1.81928
57,rec2018-01-23_11h11m07.436s.wav,0,2018-01-23#1,tilt,0.5,1.752,0.192401,0.437861,0.0355217,0.199163,0.0556919,0.0513344,0.539593,0.185426,2.74354,-0.455051,2.48255,0.0187801,-1.73002,1.16499,1.56826,2.74354
57,rec2018-01-23_11h11m07.436s.wav,0,2018-01-23#1,tilt,0.9,1.752,0.192607,0.478636,0.0366361,0.165351,0.0467685,0.0475817,0.539593,0.192043,4.28044,-0.337905,1.26954,-0.589695,-1.9519,1.30873,1.87212,4.28044
58,rec2018-01-23_11h11m22.731s.wav,0,2018-01-23#1,identity,0,1.592,0.161362,0.396914,0.0294363,0.165425,0.0599745,0.0507475,-7.48835e-16,-0.811893,1.20015,-1.09476,1.27221,0.310808,-1.76472,0.922077,1.07752,1.76472
58,rec2018-01-23_11h11m22.731s.wav,0,2018-01-23#1,gain,0.5,1.592,0.0806808,0.396914,0.0294363,0.165429,0.0599685,0.0507475,-7.48835e-16,-3.40424,1.20015,-1.09476,1.27235,0.310396,-1.76472,1.29237,1.64998,3.40424
58,rec2018-01-23_11h11m22.731s.wav,0,2018-01-23#1,gain,0.707107,1.592,0.1141,0.396914,0.0294363,0.165427,0.0599715,0.0507475,-7.48835e-16,-2.33045,1.20015,-1.09476,1.27228,0.310603,-1.76472,1.13899,1.35748,2.33045
58,rec2018-01-23_11h11m22.731s.wav,0,2018-01-23#1,gain,1.41421,1.592,0.2282,0.396914,0.0294363,0.165425,0.0599752,0.0507475,-7.48835e-16,1.33567,1.20015,-1.09476,1.27219,0.310858,-1.76472,0.996908,1.14967,1.76472
58,rec2018-01-23_11h11m22.731s.wav,0,2018-01-23#1,gain,2,1.592,0.322723,0.396914,0.0294363,0.165425,0.0599752,0.0507475,-7.48835e-16,4.37279,1.20015,-1.09476,1.27219,0.310857,-1.76472,1.43078,1.94897,4.37279
58,rec2018-01-23_11h11m22.731s.wav,0,2018-01-23#1,noise,30,1.592,0.161677,0.403838,0.0308114,0.213751,0.0856423,0.0416608,-7.48835e-16,-0.801764,1.46114,-0.950201,3.00589,2.06106,-2.30199,1.51172,1.78338,3.00589
58,rec2018-01-23_11h11m22.731s.wav,0,2018-01-23#1,noise,20,1.592,0.163527,0.413796,0.0332956,0.267208,0.110061,0.0439574,-7.48835e-16,-0.742319,1.83646,-0.689065,4.92368,3.72613,-2.1662,2.01198,2.59718,4.92368
58,rec2018-01-23_11h11m22.731s.wav,0,2018-01-23#1,noise,10,1.592,0.175352,0.433701,0.0342007,0.357112,0.104813,0.0476562,-7.48835e-16,-0.36238,2.58675,-0.593918,8.149,3.36828,-1.94749,2.42969,3.56009,8.149
58,rec2018-01-23_11h11m22.731s.wav,0,2018-01-23#1,tilt,-0.5,1.592,0.160985,0.343527,0.0253185,0.104407,0.0423213,0.0638621,-7.48835e-16,-0.823984,-0.812116,-1.52762,-0.916835,-0.892943,-0.989289,0.851827,0.947835,1.52762
58,rec2018-01-23_11h11m22.731s.wav,0,2018-01-23#1,tilt,0.5,1.592,0.161679,0.471632,0.0342174,0.1865,0.0603822,0.0342736,-7.48835e-16,-0.801689,4.01643,-0.592164,2.02826,0.33861,-2.73877,1.50227,2.03029,4.01643
58,rec2018-01-23_11h11m22.731s.wav,0,2018-01-23#1,tilt,0.9,1.592,0.161667,0.509665,0.0373542,0.143825,0.0459479,0.0311179,-7.48835e-16,-0.802082,5.44996,-0.262414,0.49729,-0.645647,-2.92536,1.51182,2.37956,5.44996
59,rec2018-01-23_11h11m37.608s.wav,0,2018-01-23#1,identity,0,1.656,0.171194,0.389739,0.0446065,0.153509,0.0499137,0.0679761,0.215837,-0.49598,0.929689,0.499954,0.844696,-0.375223,-0.746041,0.586774,0.634456,0.929689
59,rec2018-01-23_11h11m37.608s.wav,0,2018-01-23#1,gain,0.5,1.656,0.0855968,0.389739,0.0446065,0.153537,0.0499317,0.0679761,0.215837,-3.24628,0.929689,0.499954,0.845723,-0.373996,-0.746041,0.979646,1.36857,3.24628
59,rec2018-01-23_11h11m37.608s.wav,0,2018-01-23#1,gain,0.707107,1.656,0.121052,0.389739,0.0446065,0.153521,0.0499227,0.0679761,0.215837,-2.10707,0.929689,0.499954,0.845141,-0.374614,-0.746041,0.816906,1.00084,2.10707
59,rec2018-01-23_11h11m37.608s.wav,0,2018-01-23#1,gain,1.41421,1.656,0.242104,0.389739,0.0446065,0.153503,0.0499058,0.0679761,0.215837,1.78244,0.929689,0.499954,0.844496,-0.375765,-0.746041,0.770603,0.906241,1.78244
59,rec2018-01-23_11h11m37.608s.wav,0,2018-01-23#1,gain,2,1.656,0.342387,0.389739,0.0446065,0.153503,0.0499058,0.0679761,0.215837,5.00462,0.929689,0.499954,0.844496,-0.375765,-0.746041,1.23091,1.98631,5.00462
59,rec2018-01-23_11h11m37.608s.wav,0,2018-01-23#1,noise,30,1.656,0.17182,0.401333,0.0424899,0.230492,0.137281,0.0531645,0.215837,-0.475854,1.3667,0.27746,3.60651,5.58224,-1.62181,1.87806,2.64619,5.58224
59,rec2018-01-23_11h11m37.608s.wav,0,2018-01-23#1,noise,20,1.656,0.174325,0.409246,0.0441777,0.271501,0.139867,0.0532728,0.215837,-0.395374,1.66496,0.45488,5.07769,5.7586,-1.6154,2.16896,3.04105,5.7586
59,rec2018-01-23_11h11m37.608s.wav,0,2018-01-23#1,noise,10,1.656,0.187765,0.427765,0.0405374,0.353267,0.119003,0.0483901,0.215837,0.0364761,2.363,0.0722048,8.01105,4.33589,-1.9041,2.41979,3.63002,8.01105
59,rec2018-01-23_11h11m37.608s.wav,0,2018-01-23#1,tilt,-0.5,1.656,0.170556,0.338124,0.0426044,0.0945804,0.0344006,0.0764572,0.215837,-0.516469,-1.01577,0.28949,-1.26936,-1.43305,-0.244576,0.712078,0.85804,1.43305
59,rec2018-01-23_11h11m37.608s.wav,0,2018-01-23#1,tilt,0.5,1.656,0.172046,0.463632,0.0451735,0.184382,0.0558332,0.059683,0.215837,-0.468584,3.7149,0.559562,1.95229,0.0284182,-1.23639,1.168,1.67846,3.7149
59,rec2018-01-23_11h11m37.608s.wav,0,2018-01-23#1,tilt,0.9,1.656,0.17219,0.502182,0.0447001,0.14686,0.0456862,0.0536961,0.215837,-0.463955,5.16792,0.509794,0.606189,-0.663491,-1.59037,1.31679,2.08964,5.16792
60,rec2018-01-23_11h11m52.435s.wav,0,2018-01-23#1,identity,0,1.704,0.200617,0.365314,0.055635,0.117652,0.0555323,0.0817037,0.377715,0.449412,0.00908254,1.65929,-0.441679,0.00789695,0.065631,0.430101,0.686337,1.65929
60,rec2018-01-23_11h11m52.435s.wav,0,2018-01-23#1,gain,0.5,1.704,0.100308,0.365314,0.055635,0.117678,0.0555952,0.0817037,0.377715,-2.77358,0.00908254,1.65929,-0.440733,0.0121915,0.065631,0.762603,1.2414,2.77358
60,rec2018-01-23_11h11m52.435s.wav,0,2018-01-23#1,gain,0.707107,1.704,0.141858,0.365314,0.055635,0.117665,0.0555638,0.0817037,0.377715,-1.43857,0.00908254,1.65929,-0.441213,0.0100475,0.065631,0.57165,0.85895,1.65929
60,rec2018-01-23_11h11m52.435s.wav,0,2018-01-23#1,gain,1.41421,1.704,0.283715,0.365314,0.055635,0.117639,0.0555012,0.0817037,0.377715,3.11943,0.00908254,1.65929,-0.442143,0.0057789,0.065631,0.811295,1.35365,3.11943
60,rec2018-01-23_11h11m52.435s.wav,0,2018-01-23#1,gain,2,1.704,0.401234,0.365314,0.055635,0.117633,0.0554876,0.0817037,0.377715,6.8954,0.00908254,1.65929,-0.442332,0.00484943,0.065631,1.35061,2.68973,6.8954
60,rec2018-01-23_11h11m52.435s.wav,0,2018-01-23#1,noise,30,1.704,0.20135,0.37803,0.0584604,0.19219,0.141887,0.0650096,0.377715,0.472972,0.488374,1.95629,2.23242,5.89631,-0.921438,1.76365,2.53634,5.89631
60,rec2018-01-23_11h11m52.435s.wav,0,2018-01-23#1,noise,20,1.704,0.204513,0.387705,0.0603125,0.238271,0.161411,0.0666273,0.377715,0.574583,0.853025,2.15099,3.88557,7.22766,-0.825792,2.27076,3.24799,7.22766
60,rec2018-01-23_11h11m52.435s.wav,0,2018-01-23#1,noise,10,1.704,0.221,0.409928,0.0548679,0.312568,0.150159,0.0548512,0.377715,1.10434,1.69067,1.57865,6.55099,6.46035,-1.52208,2.75497,3.65828,6.55099
60,rec2018-01-23_11h11m52.435s.wav,0,2018-01-23#1,tilt,-0.5,1.704,0.199456,0.318653,0.0510812,0.0714142,0.0420744,0.103979,0.377715,0.41211,-1.74966,1.18059,-2.10045,-0.909777,1.38273,1.159,1.30489,2.10045
60,rec2018-01-23_11h11m52.435s.wav,0,2018-01-23#1,tilt,0.5,1.704,0.20287,0.4361,0.0571391,0.156714,0.0576391,0.0802598,0.377715,0.521814,2.67717,1.8174,0.959677,0.151561,-0.0197426,0.932154,1.29997,2.67717
60,rec2018-01-23_11h11m52.435s.wav,0,2018-01-23#1,tilt,0.9,1.704,0.203607,0.475235,0.0561495,0.134313,0.0496965,0.0799489,0.377715,0.545474,4.15224,1.71337,0.15606,-0.390034,-0.038122,1.05329,1.72357,4.15224
62,rec2018-01-23_11h51m22.121s.wav,0,2018-01-23#2,identity,0,1.704,0.191638,0.363307,0.0384822,0.138729,0.0438034,0.0609566,0.155652,0.257613,-0.253751,-0.0724547,0.207088,-0.929482,-1.26435,0.448627,0.617094,1.26435
62,rec2018-01-23_11h51m22.121s.wav,0,2018-01-23#2,gain,0.5,1.704,0.0958189,0.363307,0.0384822,0.138746,0.0438011,0.0609566,0.155652,-2.69234,-0.253751,-0.0724547,0.207631,-0.929652,-1.26435,0.796547,1.18614,2.69234
62,rec2018-01-23_11h51m22.121s.wav,0,2018-01-23#2,gain,0.707107,1.704,0.135508,0.363307,0.0384822,0.138736,0.0438023,0.0609566,0.155652,-1.47043,-0.25375,-0.0724544,0.2073,-0.929564,-1.26435,0.621928,0.824766,1.47043
62,rec2018-01-23_11h51m22.121s.wav,0,2018-01-23#2,gain,1.41421,1.704,0.271017,0.363307,0.0384822,0.138723,0.0438045,0.0609566,0.155652,2.70143,-0.25375,-0.0724544,0.206876,-0.929393,-1.26435,0.797701,1.18904,2.70143
62,rec2018-01-23_11h51m22.121s.wav,0,2018-01-23#2,gain,2,1.704,0.383276,0.363307,0.0384822,0.138716,0.0438058,0.0609566,0.155652,6.15751,-0.253751,-0.0724547,0.206666,-0.929296,-1.26435,1.29138,2.40576,6.15751
62,rec2018-01-23_11h51m22.121s.wav,0,2018-01-23#2,noise,30,1.704,0.192314,0.380117,0.0531593,0.221601,0.142442,0.0600309,0.155652,0.278434,0.328388,1.4314,2.87936,6.6446,-1.32284,1.86295,2.83976,6.6446
62,rec2018-01-23_11h51m22.121s.wav,0,2018-01-23#2,noise,20,1.704,0.195496,0.389331,0.0575577,0.261154,0.154835,0.066448,0.155652,0.376396,0.647472,1.88207,4.15478,7.59623,-0.917356,2.24714,3.37922,7.59623
62,rec2018-01-23_11h51m22.121s.wav,0,2018-01-23#2,noise,10,1.704,0.211712,0.410178,0.0529932,0.333272,0.136887,0.0595492,0.155652,0.875643,1.3694,1.41438,6.48029,6.21809,-1.35328,2.55239,3.52859,6.48029
62,rec2018-01-23_11h51m22.121s.wav,0,2018-01-23#2,tilt,-0.5,1.704,0.191209,0.316592,0.0361903,0.0797235,0.0282406,0.070246,0.155652,0.244401,-1.87148,-0.30729,-1.69561,-2.12448,-0.677364,1.0109,1.28331,2.12448
62,rec2018-01-23_11h51m22.121s.wav,0,2018-01-23#2,tilt,0.5,1.704,0.192493,0.435249,0.0380251,0.190331,0.0566668,0.0536599,0.155652,0.283953,2.23761,-0.119289,1.87104,0.0582551,-1.72541,0.921602,1.2877,2.23761
62,rec2018-01-23_11h51m22.121s.wav,0,2018-01-23#2,tilt,0.9,1.704,0.192811,0.475905,0.0363029,0.160837,0.0495888,0.0526423,0.155652,0.293733,3.64551,-0.295756,0.919955,-0.48524,-1.78971,1.08365,1.5934,3.64551
64,rec2018-01-23_11h51m37.745s.wav,0,2018-01-23#2,identity,0,1.288,0.193586,0.359371,0.0433666,0.142267,0.0696771,0.072625,-1.19333,0.317604,-0.390058,0.42801,0.321175,1.05726,-0.527045,0.604927,0.692716,1.19333
64,rec2018-01-23_11h51m37.745s.wav,0,2018-01-23#2,gain,0.5,1.288,0.0967932,0.359371,0.0433666,0.142332,0.069771,0.072625,-1.19333,-2.66234,-0.390058,0.42801,0.323268,1.06447,-0.527045,0.941218,1.21672,2.66234
64,rec2018-01-23_11h51m37.745s.wav,0,2018-01-23#2,gain,0.707107,1.288,0.136886,0.359371,0.0433666,0.142292,0.0697103,0.072625,-1.19333,-1.42801,-0.390058,0.42801,0.321961,1.05981,-0.527045,0.764032,0.870404,1.42801
64,rec2018-01-23_11h51m37.745s.wav,0,2018-01-23#2,gain,1.41421,1.288,0.273772,0.359371,0.0433666,0.142258,0.0696658,0.072625,-1.19333,2.78627,-0.390058,0.42801,0.320872,1.0564,-0.527045,0.957427,1.25467,2.78627
64,rec2018-01-23_11h51m37.745s.wav,0,2018-01-23#2,gain,2,1.288,0.387173,0.359371,0.0433666,0.142256,0.0696625,0.072625,-1.19333,6.27749,-0.390058,0.42801,0.320802,1.05615,-0.527045,1.45613,2.46873,6.27749
64,rec2018-01-23_11h51m37.745s.wav,0,2018-01-23#2,noise,30,1.288,0.194501,0.381503,0.0579472,0.218905,0.152758,0.0728915,-1.19333,0.345774,0.376377,1.92199,2.79242,7.43675,-0.510199,2.0824,3.13374,7.43675
64,rec2018-01-23_11h51m37.745s.wav,0,2018-01-23#2,noise,20,1.288,0.197854,0.390689,0.0590152,0.256735,0.160059,0.073055,-1.19333,0.449004,0.694493,2.03142,4.01229,7.99733,-0.499868,2.4111,3.51609,7.99733
64,rec2018-01-23_11h51m37.745s.wav,0,2018-01-23#2,noise,10,1.288,0.214459,0.413142,0.0525709,0.327848,0.141025,0.06148,-1.19333,0.960201,1.47203,1.37111,6.30538,6.53581,-1.23128,2.72416,3.59332,6.53581
64,rec2018-01-23_11h51m37.745s.wav,0,2018-01-23#2,tilt,-0.5,1.288,0.193185,0.312157,0.0373813,0.0828408,0.0476382,0.0800827,-1.19333,0.305233,-2.02506,-0.185259,-1.59509,-0.635019,-0.0558046,0.856399,1.10861,2.02506
64,rec2018-01-23_11h51m37.745s.wav,0,2018-01-23#2,tilt,0.5,1.288,0.194391,0.432641,0.0470275,0.193693,0.0713858,0.0657121,-1.19333,0.342367,2.14728,0.803115,1.97943,1.18847,-0.96386,1.23112,1.36574,2.14728
64,rec2018-01-23_11h51m37.745s.wav,0,2018-01-23#2,tilt,0.9,1.288,0.194678,0.47476,0.0459676,0.165786,0.0551673,0.0562871,-1.19333,0.351198,3.60584,0.694518,1.07956,-0.0568858,-1.55941,1.22011,1.63149,3.60584
65,rec2018-01-23_11h51m52.565s.wav,0,2018-01-23#2,identity,0,1.336,0.158898,0.375622,0.0414474,0.160144,0.0747663,0.0915812,-1.03768,-0.75033,0.17272,0.231366,0.897632,1.44804,0.670767,0.744076,0.851522,1.44804
65,rec2018-01-23_11h51m52.565s.wav,0,2018-01-23#2,gain,0.5,1.336,0.0794491,0.375622,0.0414474,0.160171,0.0748097,0.0915812,-1.03768,-3.19631,0.17272,0.231366,0.898478,1.45138,0.670767,1.0941,1.45112,3.19631
65,rec2018-01-23_11h51m52.565s.wav,0,2018-01-23#2,gain,0.707107,1.336,0.112358,0.375622,0.0414474,0.160157,0.0747886,0.0915812,-1.03768,-2.18315,0.17272,0.231366,0.898039,1.44976,0.670767,0.949069,1.15168,2.18315
65,rec2018-01-23_11h51m52.565s.wav,0,2018-01-23#2,gain,1.41421,1.336,0.224716,0.375622,0.0414474,0.160133,0.0747427,0.0915812,-1.03768,1.27598,0.17272,0.231366,0.897255,1.44623,0.670767,0.818858,0.936167,1.44623
65,rec2018-01-23_11h51m52.565s.wav,0,2018-01-23#2,gain,2,1.336,0.317796,0.375622,0.0414474,0.160121,0.0747192,0.0915812,-1.03768,4.14163,0.17272,0.231366,0.896885,1.44443,0.670767,1.22792,1.75881,4.14163
65,rec2018-01-23_11h51m52.565s.wav,0,2018-01-23#2,noise,30,1.336,0.159739,0.402769,0.0480555,0.244163,0.147738,0.0701828,-1.03768,-0.724446,1.11284,0.90845,3.60688,7.05129,-0.681359,2.16042,3.09053,7.05129
65,rec2018-01-23_11h51m52.565s.wav,0,2018-01-23#2,noise,20,1.336,0.162721,0.411105,0.0492906,0.280673,0.14932,0.0656912,-1.03768,-0.63263,1.40149,1.035,4.78418,7.17275,-0.96518,2.4327,3.37598,7.17275
65,rec2018-01-23_11h51m52.565s.wav,0,2018-01-23#2,noise,10,1.336,0.176877,0.427432,0.0449167,0.351762,0.12722,0.0581373,-1.03768,-0.19681,1.9669,0.586844,7.0765,5.47578,-1.4425,2.54043,3.53494,7.0765
65,rec2018-01-23_11h51m52.565s.wav,0,2018-01-23#2,tilt,-0.5,1.336,0.158676,0.325548,0.0329573,0.0968944,0.050382,0.0953516,-1.03768,-0.75716,-1.56131,-0.638551,-1.14192,-0.424332,0.909013,0.924281,0.986035,1.56131
65,rec2018-01-23_11h51m52.565s.wav,0,2018-01-23#2,tilt,0.5,1.336,0.15913,0.449007,0.0501319,0.19508,0.0785399,0.0828524,-1.03768,-0.74321,2.71403,1.12121,2.02417,1.7378,0.119209,1.35676,1.57587,2.71403
65,rec2018-01-23_11h51m52.565s.wav,0,2018-01-23#2,tilt,0.9,1.336,0.159129,0.488967,0.0529863,0.157749,0.0639056,0.0810309,-1.03768,-0.743213,4.09785,1.41367,0.820402,0.614094,0.00411047,1.24729,1.75133,4.09785
66,rec2018-01-23_11h52m38.758s.wav,0,2018-01-23#2,identity,0,1.56,0.182579,0.373043,0.0343175,0.161391,0.0592963,0.0694926,-0.311303,-0.0212648,0.0834133,-0.499188,0.937838,0.260161,-0.724971,0.405449,0.510786,0.937838
66,rec2018-01-23_11h52m38.758s.wav,0,2018-01-23#2,gain,0.5,1.56,0.0912897,0.373043,0.0343175,0.161415,0.0593288,0.0694926,-0.311303,-2.83178,0.0834133,-0.499188,0.938591,0.262654,-0.724971,0.807414,1.18608,2.83178
66,rec2018-01-23_11h52m38.758s.wav,0,2018-01-23#2,gain,0.707107,1.56,0.129103,0.373043,0.0343175,0.1614,0.0593081,0.0694926,-0.311303,-1.66762,0.0834133,-0.499188,0.938111,0.26107,-0.724971,0.640812,0.811332,1.66762
66,rec2018-01-23_11h52m38.758s.wav,0,2018-01-23#2,gain,1.41421,1.56,0.258206,0.373043,0.0343175,0.161383,0.0592839,0.0694926,-0.311303,2.30704,0.0834133,-0.499188,0.937576,0.259211,-0.724971,0.731814,1.01047,2.30704
66,rec2018-01-23_11h52m38.758s.wav,0,2018-01-23#2,gain,2,1.56,0.365159,0.373043,0.0343175,0.161375,0.0592717,0.0694926,-0.311303,5.59976,0.0834133,-0.499188,0.937317,0.258276,-0.724971,1.20203,2.17719,5.59976
66,rec2018-01-23_11h52m38.758s.wav,0,2018-01-23#2,noise,30,1.56,0.1832,0.390296,0.0424566,0.213802,0.123057,0.0578164,-0.311303,-0.00215295,0.68089,0.334775,2.62787,5.15608,-1.46277,1.51083,2.27731,5.15608
66,rec2018-01-23_11h52m38.758s.wav,0,2018-01-23#2,noise,20,1.56,0.185548,0.398148,0.0446665,0.24839,0.125963,0.0549339,-0.311303,0.070129,0.952783,0.561204,3.7432,5.37923,-1.64491,1.80897,2.59059,5.37923
66,rec2018-01-23_11h52m38.758s.wav,0,2018-01-23#2,noise,10,1.56,0.198704,0.418235,0.0408593,0.324143,0.109916,0.0473484,-0.311303,0.475153,1.6484,0.171106,6.18592,4.14705,-2.12423,2.15188,3.00107,6.18592
66,rec2018-01-23_11h52m38.758s.wav,0,2018-01-23#2,tilt,-0.5,1.56,0.18233,0.320082,0.0265255,0.096225,0.040556,0.0741579,-0.311303,-0.0289334,-1.75061,-1.29758,-1.16351,-1.17883,-0.430181,0.880135,1.05387,1.75061
66,rec2018-01-23_11h52m38.758s.wav,0,2018-01-23#2,tilt,0.5,1.56,0.182872,0.451534,0.0418057,0.202348,0.060901,0.0607945,-0.311303,-0.0122617,2.80155,0.268078,2.25851,0.38338,-1.27459,1.04424,1.45847,2.80155
66,rec2018-01-23_11h52m38.758s.wav,0,2018-01-23#2,tilt,0.9,1.56,0.182884,0.494816,0.0437654,0.164087,0.0470825,0.0578453,-0.311303,-0.0118768,4.30041,0.468873,1.02475,-0.677686,-1.46094,1.17941,1.79102,4.30041
67,rec2018-01-23_11h52m53.640s.wav,0,2018-01-23#2,identity,0,1.464,0.176081,0.363406,0.0424959,0.145494,0.0879986,0.104241,-0.622607,-0.221321,-0.250325,0.338795,0.425204,2.4641,1.47071,0.827581,1.13576,2.4641
67,rec2018-01-23_11h52m53.640s.wav,0,2018-01-23#2,gain,0.5,1.464,0.0880406,0.363406,0.0424959,0.145624,0.0883311,0.104241,-0.622607,-2.9318,-0.250325,0.338795,0.429403,2.48963,1.47071,1.21904,1.59043,2.9318
67,rec2018-01-23_11h52m53.640s.wav,0,2018-01-23#2,gain,0.707107,1.464,0.124508,0.363406,0.0424959,0.145551,0.0881496,0.104241,-0.622607,-1.80908,-0.250325,0.338795,0.427065,2.4757,1.47071,1.05633,1.32624,2.4757
67,rec2018-01-23_11h52m53.640s.wav,0,2018-01-23#2,gain,1.41421,1.464,0.249017,0.363406,0.0424959,0.14546,0.0879092,0.104241,-0.622607,2.02412,-0.250325,0.338795,0.424132,2.45724,1.47071,1.08399,1.36502,2.45724
67,rec2018-01-23_11h52m53.640s.wav,0,2018-01-23#2,gain,2,1.464,0.352163,0.363406,0.0424959,0.145443,0.0878612,0.104241,-0.622607,5.19965,-0.250325,0.338795,0.423579,2.45355,1.47071,1.53703,2.26664,5.19965
67,rec2018-01-23_11h52m53.640s.wav,0,2018-01-23#2,noise,30,1.464,0.177053,0.39129,0.0511752,0.223581,0.147642,0.0662571,-0.622607,-0.19139,0.715296,1.22811,2.94319,7.04391,-0.92942,1.95342,2.96617,7.04391
67,rec2018-01-23_11h52m53.640s.wav,0,2018-01-23#2,noise,20,1.464,0.18029,0.401308,0.0536482,0.261717,0.148463,0.0645597,-0.622607,-0.0917456,1.06223,1.4815,4.17295,7.10693,-1.03667,2.22495,3.22304,7.10693
67,rec2018-01-23_11h52m53.640s.wav,0,2018-01-23#2,noise,10,1.464,0.195849,0.422478,0.0489279,0.33666,0.125108,0.0563656,-0.622607,0.387248,1.79535,0.997835,6.58954,5.3136,-1.55445,2.4658,3.35579,6.58954
67,rec2018-01-23_11h52m53.640s.wav,0,2018-01-23#2,tilt,-0.5,1.464,0.175634,0.315109,0.0316466,0.0874521,0.062709,0.103144,-0.622607,-0.23509,-1.92282,-0.772849,-1.4464,0.522209,1.40141,0.989055,1.13805,1.92282
67,rec2018-01-23_11h52m53.640s.wav,0,2018-01-23#2,tilt,0.5,1.464,0.176784,0.436057,0.0536157,0.185141,0.084789,0.0951604,-0.622607,-0.199696,2.26559,1.47816,1.70368,2.21765,0.896933,1.34062,1.52926,2.26559
67,rec2018-01-23_11h52m53.640s.wav,0,2018-01-23#2,tilt,0.9,1.464,0.176933,0.476243,0.0578045,0.153096,0.0648501,0.0863181,-0.622607,-0.195107,3.65721,1.90736,0.670359,0.686619,0.338204,1.15392,1.62455,3.65721
68,rec2018-01-23_11h53m23.410s.wav,0,2018-01-23#2,identity,0,1.576,0.191687,0.347926,0.0339431,0.123777,0.0632951,0.0950164,-0.25942,0.259135,-0.786374,-0.537552,-0.275054,0.567211,0.887833,0.510369,0.564096,0.887833
68,rec2018-01-23_11h53m23.410s.wav,0,2018-01-23#2,gain,0.5,1.576,0.0958436,0.347926,0.0339431,0.123797,0.0633299,0.0950164,-0.25942,-2.69158,-0.786374,-0.537552,-0.274422,0.569886,0.887833,0.858152,1.15928,2.69158
68,rec2018-01-23_11h53m23.410s.wav,0,2018-01-23#2,gain,0.707107,1.576,0.135543,0.347926,0.0339431,0.123781,0.063293,0.0950164,-0.25942,-1.46935,-0.786374,-0.537552,-0.274951,0.567051,0.887833,0.683219,0.785496,1.46935
68,rec2018-01-23_11h53m23.410s.wav,0,2018-01-23#2,gain,1.41421,1.576,0.271087,0.347926,0.0339431,0.123775,0.0632966,0.0950164,-0.25942,2.70358,-0.786374,-0.537552,-0.275123,0.567328,0.887833,0.859602,1.16311,2.70358
68,rec2018-01-23_11h53m23.410s.wav,0,2018-01-23#2,gain,2,1.576,0.383374,0.347926,0.0339431,0.123773,0.0632981,0.0950164,-0.25942,6.16056,-0.786374,-0.537552,-0.275192,0.567445,0.887833,1.35348,2.39383,6.16056
68,rec2018-01-23_11h53m23.410s.wav,0,2018-01-23#2,noise,30,1.576,0.192247,0.368048,0.0439033,0.181547,0.123974,0.0748118,-0.25942,0.276372,-0.0895437,0.483005,1.58778,5.2265,-0.388863,1.18735,2.08304,5.2265
68,rec2018-01-23_11h53m23.410s.wav,0,2018-01-23#2,noise,20,1.576,0.195009,0.382084,0.0502408,0.232965,0.146679,0.0675067,-0.25942,0.361409,0.3965,1.13237,3.24581,6.96997,-0.850461,1.88799,2.9635,6.96997
68,rec2018-01-23_11h53m23.410s.wav,0,2018-01-23#2,noise,10,1.576,0.210674,0.407523,0.0488258,0.318123,0.141434,0.0589317,-0.25942,0.843671,1.27746,0.98738,5.99181,6.5672,-1.3923,2.47418,3.4714,6.5672
68,rec2018-01-23_11h53m23.410s.wav,0,2018-01-23#2,tilt,-0.5,1.576,0.1914,0.304818,0.0258621,0.0701244,0.0415391,0.080768,-0.25942,0.250292,-2.27922,-1.36555,-2.00514,-1.10334,-0.0124962,1.03935,1.33243,2.27922
68,rec2018-01-23_11h53m23.410s.wav,0,2018-01-23#2,tilt,0.5,1.576,0.192146,0.4168,0.0441689,0.176171,0.0728302,0.0899557,-0.25942,0.273246,1.59873,0.510218,1.41442,1.29938,0.568055,0.846209,0.997845,1.59873
68,rec2018-01-23_11h53m23.410s.wav,0,2018-01-23#2,tilt,0.9,1.576,0.192202,0.456322,0.0486235,0.152278,0.0586437,0.0858657,-0.25942,0.274982,2.96736,0.966651,0.643989,0.21005,0.309618,0.804582,1.22108,2.96736
69,rec2018-01-23_11h53m38.425s.wav,0,2018-01-23#2,identity,0,1.448,0.190182,0.346475,0.0316771,0.0997675,0.0493438,0.0961548,-0.674491,0.212783,-0.836621,-0.769731,-1.04928,-0.504053,0.959767,0.715246,0.762405,1.04928
69,rec2018-01-23_11h53m38.425s.wav,0,2018-01-23#2,gain,0.5,1.448,0.0950908,0.346475,0.0316771,0.0997676,0.0493435,0.0961548,-0.674491,-2.71475,-0.836621,-0.769731,-1.04927,-0.504077,0.959767,1.07267,1.27579,2.71475
69,rec2018-01-23_11h53m38.425s.wav,0,2018-01-23#2,gain,0.707107,1.448,0.134479,0.346475,0.0316771,0.0997675,0.0493438,0.0961548,-0.674491,-1.50213,-0.836621,-0.769731,-1.04928,-0.504053,0.959767,0.899438,0.947172,1.50213
69,rec2018-01-23_11h53m38.425s.wav,0,2018-01-23#2,gain,1.41421,1.448,0.268957,0.346475,0.0316771,0.0997675,0.0493438,0.0961548,-0.674491,2.63803,-0.836621,-0.769731,-1.04928,-0.504053,0.959767,1.06171,1.25258,2.63803
69,rec2018-01-23_11h53m38.425s.wav,0,2018-01-23#2,gain,2,1.448,0.380363,0.346475,0.0316771,0.0997675,0.0493438,0.0961548,-0.674491,6.06785,-0.836621,-0.769731,-1.04928,-0.504053,0.959767,1.55168,2.4155,6.06785
69,rec2018-01-23_11h53m38.425s.wav,0,2018-01-23#2,noise,30,1.448,0.190725,0.368411,0.0425857,0.169185,0.114599,0.0637952,-0.674491,0.229501,-0.0769826,0.348001,1.18915,4.50665,-1.08498,1.15854,1.83365,4.50665
69,rec2018-01-23_11h53m38.425s.wav,0,2018-01-23#2,noise,20,1.448,0.193779,0.384159,0.0532873,0.230368,0.148731,0.0722446,-0.674491,0.323543,0.468351,1.44452,3.16205,7.12747,-0.551081,1.9645,3.02298,7.12747
69,rec2018-01-23_11h53m38.425s.wav,0,2018-01-23#2,noise,10,1.448,0.210854,0.410017,0.0540638,0.312705,0.153235,0.0664653,-0.674491,0.849232,1.36383,1.52408,5.81708,7.47337,-0.916266,2.65976,3.70112,7.47337
69,rec2018-01-23_11h53m38.425s.wav,0,2018-01-23#2,tilt,-0.5,1.448,0.189735,0.305241,0.025134,0.0557327,0.0303535,0.0887017,-0.674491,0.199046,-2.26454,-1.44015,-2.46922,-1.96225,0.488822,1.35693,1.59835,2.46922
69,rec2018-01-23_11h53m38.425s.wav,0,2018-01-23#2,tilt,0.5,1.448,0.19112,0.412618,0.041231,0.146788,0.0647341,0.0968925,-0.674491,0.241682,1.45389,0.209192,0.466957,0.677713,1.00638,0.675758,0.789309,1.45389
69,rec2018-01-23_11h53m38.425s.wav,0,2018-01-23#2,tilt,0.9,1.448,0.191464,0.45001,0.0462898,0.129582,0.0556711,0.0936808,-0.674491,0.252248,2.74877,0.727533,-0.0878774,-0.0182003,0.803443,0.758937,1.14998,2.74877
70,rec2018-01-23_11h53m56.835s.wav,0,2018-01-23#2,identity,0,1.592,0.207063,0.35401,0.0424147,0.120358,0.058644,0.0973057,-0.207536,0.732511,-0.575693,0.330478,-0.385312,0.210077,1.03249,0.4963,0.570579,1.03249
70,rec2018-01-23_11h53m56.835s.wav,0,2018-01-23#2,gain,0.5,1.592,0.103532,0.35401,0.0424147,0.120358,0.0586434,0.0973057,-0.207536,-2.45489,-0.575693,0.330478,-0.385302,0.210029,1.03249,0.742346,1.05348,2.45489
70,rec2018-01-23_11h53m56.835s.wav,0,2018-01-23#2,gain,0.707107,1.592,0.146416,0.35401,0.0424147,0.120358,0.0586438,0.0973057,-0.207536,-1.13462,-0.575693,0.330478,-0.385308,0.210058,1.03249,0.553742,0.657888,1.13462
70,rec2018-01-23_11h53m56.835s.wav,0,2018-01-23#2,gain,1.41421,1.592,0.292832,0.35401,0.0424147,0.120358,0.0586441,0.0973057,-0.207536,3.37304,-0.575693,0.330478,-0.385312,0.210079,1.03249,0.873518,1.36903,3.37304
70,rec2018-01-23_11h53m56.835s.wav,0,2018-01-23#2,gain,2,1.592,0.414126,0.35401,0.0424147,0.120358,0.058644,0.0973057,-0.207536,7.10731,-0.575693,0.330478,-0.385312,0.210076,1.03249,1.40699,2.73225,7.10731
70,rec2018-01-23_11h53m56.835s.wav,0,2018-01-23#2,noise,30,1.592,0.207461,0.368787,0.0490327,0.163693,0.0927024,0.055194,-0.207536,0.744761,-0.063952,1.00857,1.01206,2.82529,-1.62848,1.07009,1.37724,2.82529
70,rec2018-01-23_11h53m56.835s.wav,0,2018-01-23#2,noise,20,1.592,0.209753,0.379943,0.0537516,0.214967,0.121834,0.0575134,-0.207536,0.815319,0.322359,1.49209,2.66544,5.06219,-1.48192,1.72098,2.32884,5.06219
70,rec2018-01-23_11h53m56.835s.wav,0,2018-01-23#2,noise,10,1.592,0.225017,0.406054,0.0522676,0.30731,0.128014,0.0529154,-0.207536,1.28526,1.22659,1.34004,5.6431,5.53676,-1.77246,2.43025,3.17664,5.6431
70,rec2018-01-23_11h53m56.835s.wav,0,2018-01-23#2,tilt,-0.5,1.592,0.205978,0.30917,0.0359869,0.0693353,0.0410198,0.0898945,-0.207536,0.699103,-2.1285,-0.328135,-2.03059,-1.14322,0.564188,1.01447,1.24892,2.1285
70,rec2018-01-23_11h53m56.835s.wav,0,2018-01-23#2,tilt,0.5,1.592,0.209121,0.42391,0.0488961,0.170165,0.0671371,0.0948742,-0.207536,0.795861,1.84495,0.994586,1.22076,0.862229,0.878852,0.97211,1.07408,1.84495
70,rec2018-01-23_11h53m56.835s.wav,0,2018-01-23#2,tilt,0.9,1.592,0.209922,0.463268,0.052006,0.147505,0.0571219,0.0910809,-0.207536,0.82051,3.2079,1.31323,0.490055,0.0931968,0.639154,0.967369,1.383,3.2079
71,rec2018-01-23_11h56m03.777s.wav,0,2018-01-23#2,identity,0,1.576,0.192618,0.364208,0.0532869,0.122342,0.0468508,0.0661442,-0.25942,0.287793,-0.222543,1.44447,-0.321333,-0.695479,-0.936552,0.59537,0.731947,1.44447
71,rec2018-01-23_11h56m03.777s.wav,0,2018-01-23#2,gain,0.5,1.576,0.096309,0.364208,0.0532869,0.122347,0.046846,0.0661442,-0.25942,-2.67725,-0.222543,1.44447,-0.321185,-0.695849,-0.936552,0.936752,1.24416,2.67725
71,rec2018-01-23_11h56m03.777s.wav,0,2018-01-23#2,gain,0.707107,1.576,0.136202,0.364208,0.0532869,0.122344,0.0468489,0.0661442,-0.25942,-1.44909,-0.222543,1.44447,-0.321266,-0.69563,-0.936552,0.761281,0.907698,1.44909
71,rec2018-01-23_11h56m03.777s.wav,0,2018-01-23#2,gain,1.41421,1.576,0.272403,0.364208,0.0532869,0.122342,0.0468508,0.0661442,-0.25942,2.74411,-0.222543,1.44447,-0.321333,-0.695479,-0.936552,0.946273,1.26477,2.74411
71,rec2018-01-23_11h56m03.777s.wav,0,2018-01-23#2,gain,2,1.576,0.385236,0.364208,0.0532869,0.122342,0.0468508,0.0661442,-0.25942,6.21787,-0.222543,1.44447,-0.321333,-0.695479,-0.936552,1.44252,2.45907,6.21787
71,rec2018-01-23_11h56m03.777s.wav,0,2018-01-23#2,noise,30,1.576,0.193222,0.381962,0.0616832,0.200114,0.136987,0.0632553,-0.25942,0.306397,0.392277,2.30478,2.18649,6.22576,-1.1191,1.82775,2.68382,6.22576
71,rec2018-01-23_11h56m03.777s.wav,0,2018-01-23#2,noise,20,1.576,0.196305,0.390751,0.0624376,0.247164,0.155234,0.0685492,-0.25942,0.401291,0.696657,2.38209,3.70365,7.62683,-0.784586,2.26493,3.35706,7.62683
71,rec2018-01-23_11h56m03.777s.wav,0,2018-01-23#2,noise,10,1.576,0.212918,0.40992,0.0545774,0.322684,0.14475,0.0625145,-0.25942,0.912748,1.36045,1.57671,6.13885,6.82179,-1.16591,2.60513,3.60196,6.82179
71,rec2018-01-23_11h56m03.777s.wav,0,2018-01-23#2,tilt,-0.5,1.576,0.191807,0.318499,0.0510811,0.0704762,0.0287478,0.0812185,-0.25942,0.262823,-1.80543,1.21846,-1.9938,-2.08554,0.0159692,1.09164,1.3735,2.08554
71,rec2018-01-23_11h56m03.777s.wav,0,2018-01-23#2,tilt,0.5,1.576,0.194061,0.434634,0.0507619,0.172696,0.0624009,0.0590971,-0.25942,0.332211,2.21631,1.18576,1.30235,0.498551,-1.38185,1.02521,1.21596,2.21631
71,rec2018-01-23_11h56m03.777s.wav,0,2018-01-23#2,tilt,0.9,1.576,0.194597,0.474005,0.0472792,0.148708,0.0532801,0.0548404,-0.25942,0.348724,3.57972,0.828906,0.528866,-0.201801,-1.65082,1.05689,1.54624,3.57972
72,rec2018-01-23_11h56m18.749s.wav,0,2018-01-23#2,identity,0,1.432,0.232265,0.345385,0.0454764,0.110431,0.0386149,0.0596327,-0.726375,1.5084,-0.874368,0.644185,-0.705404,-1.32788,-1.348,1.01923,1.07307,1.5084
72,rec2018-01-23_11h56m18.749s.wav,0,2018-01-23#2,gain,0.5,1.432,0.116133,0.345385,0.0454764,0.110433,0.0386185,0.0596327,-0.726375,-2.06694,-0.874368,0.644185,-0.705358,-1.32761,-1.348,1.09898,1.1986,2.06694
72,rec2018-01-23_11h56m18.749s.wav,0,2018-01-23#2,gain,0.707107,1.432,0.164236,0.345385,0.0454764,0.110431,0.0386149,0.0596327,-0.726375,-0.585988,-0.874368,0.644185,-0.705405,-1.32788,-1.348,0.887458,0.93568,1.348
72,rec2018-01-23_11h56m18.749s.wav,0,2018-01-23#2,gain,1.41421,1.432,0.328473,0.345385,0.0454764,0.110431,0.0386149,0.0596327,-0.726375,4.47031,-0.874368,0.644185,-0.705404,-1.32788,-1.348,1.44236,1.91866,4.47031
72,rec2018-01-23_11h56m18.749s.wav,0,2018-01-23#2,gain,2,1.432,0.46453,0.345385,0.0454764,0.110431,0.0386149,0.0596327,-0.726375,8.65909,-0.874368,0.644185,-0.705404,-1.32788,-1.348,2.04076,3.39674,8.65909
72,rec2018-01-23_11h56m18.749s.wav,0,2018-01-23#2,noise,30,1.432,0.23264,0.35268,0.0529518,0.159505,0.108937,0.0679497,-0.726375,1.51994,-0.621745,1.41014,0.877011,4.07188,-0.822469,1.43565,1.82204,4.07188
72,rec2018-01-23_11h56m18.749s.wav,0,2018-01-23#2,noise,20,1.432,0.235165,0.362956,0.0567663,0.206675,0.136707,0.0713854,-0.726375,1.59767,-0.265882,1.80098,2.39807,6.20426,-0.605373,1.94266,2.69933,6.20426
72,rec2018-01-23_11h56m18.749s.wav,0,2018-01-23#2,noise,10,1.432,0.252024,0.391854,0.0527559,0.292344,0.137152,0.0576519,-0.726375,2.11671,0.734824,1.39007,5.16051,6.23842,-1.47317,2.54858,3.27762,6.23842
72,rec2018-01-23_11h56m18.749s.wav,0,2018-01-23#2,tilt,-0.5,1.432,0.231405,0.303227,0.0441854,0.0614034,0.0247556,0.0820209,-0.726375,1.48193,-2.33429,0.51191,-2.28636,-2.39208,0.0666677,1.39994,1.66427,2.39208
72,rec2018-01-23_11h56m18.749s.wav,0,2018-01-23#2,tilt,0.5,1.432,0.234417,0.414405,0.0410185,0.16753,0.0499278,0.0271229,-0.726375,1.57466,1.51576,0.187417,1.13578,-0.45921,-3.40225,1.28592,1.62199,3.40225
72,rec2018-01-23_11h56m18.749s.wav,0,2018-01-23#2,tilt,0.9,1.432,0.235502,0.455426,0.0350624,0.151579,0.0446834,0.0225392,-0.726375,1.60804,2.93633,-0.422862,0.621449,-0.861907,-3.69188,1.55269,1.95205,3.69188
73,rec2018-01-23_11h56m33.584s.wav,0,2018-01-23#2,identity,0,1.448,0.1922,0.354658,0.036052,0.124686,0.0499681,0.0712945,-0.674491,0.274918,-0.553268,-0.321466,-0.245748,-0.456111,-0.611116,0.44816,0.475373,0.674491
73,rec2018-01-23_11h56m33.584s.wav,0,2018-01-23#2,gain,0.5,1.448,0.0960999,0.354658,0.036052,0.124706,0.0499811,0.0712945,-0.674491,-2.68368,-0.553268,-0.321466,-0.245115,-0.455117,-0.611116,0.792037,1.1153,2.68368
73,rec2018-01-23_11h56m33.584s.wav,0,2018-01-23#2,gain,0.707107,1.448,0.135906,0.354658,0.036052,0.124696,0.0499747,0.0712945,-0.674491,-1.45819,-0.553268,-0.321466,-0.245443,-0.455609,-0.611116,0.617084,0.720317,1.45819
73,rec2018-01-23_11h56m33.584s.wav,0,2018-01-23#2,gain,1.41421,1.448,0.271812,0.354658,0.036052,0.124681,0.0499639,0.0712945,-0.674491,2.7259,-0.553268,-0.321466,-0.245912,-0.456436,-0.611116,0.79837,1.12993,2.7259
73,rec2018-01-23_11h56m33.584s.wav,0,2018-01-23#2,gain,2,1.448,0.3844,0.354658,0.036052,0.12468,0.0499659,0.0712945,-0.674491,6.19212,-0.553268,-0.321466,-0.245951,-0.456283,-0.611116,1.29353,2.38594,6.19212
73,rec2018-01-23_11h56m33.584s.wav,0,2018-01-23#2,noise,30,1.448,0.19308,0.371955,0.0561493,0.199729,0.143832,0.0680119,-0.674491,0.302018,0.0457219,1.73777,2.17407,6.75135,-0.818539,1.78628,2.79145,6.75135
73,rec2018-01-23_11h56m33.584s.wav,0,2018-01-23#2,noise,20,1.448,0.196696,0.384386,0.0598449,0.244075,0.15625,0.0687121,-0.674491,0.413351,0.476227,2.11642,3.60406,7.70485,-0.77429,2.25196,3.34419,7.70485
73,rec2018-01-23_11h56m33.584s.wav,0,2018-01-23#2,noise,10,1.448,0.21485,0.408207,0.0565072,0.31949,0.147141,0.0626404,-0.674491,0.972226,1.30114,1.77443,6.03587,7.00544,-1.15795,2.70308,3.64673,7.00544
73,rec2018-01-23_11h56m33.584s.wav,0,2018-01-23#2,tilt,-0.5,1.448,0.191964,0.310289,0.0316245,0.0706532,0.0346804,0.0775267,-0.674491,0.267646,-2.08973,-0.775121,-1.98809,-1.62999,-0.217312,1.09177,1.31752,2.08973
73,rec2018-01-23_11h56m33.584s.wav,0,2018-01-23#2,tilt,0.5,1.448,0.192662,0.42467,0.0386257,0.179027,0.0585567,0.0566214,-0.674491,0.289155,1.87124,-0.0577511,1.50651,0.203373,-1.53828,0.877257,1.11616,1.87124
73,rec2018-01-23_11h56m33.584s.wav,0,2018-01-23#2,tilt,0.9,1.448,0.192803,0.464226,0.0383594,0.155429,0.0500724,0.0493026,-0.674491,0.293493,3.24107,-0.0850357,0.745582,-0.448109,-2.00075,1.06979,1.50297,3.24107
74,rec2018-01-23_11h57m24.977s.wav,0,2018-01-23#2,identity,0,1.48,0.178983,0.383078,0.0410828,0.145272,0.0395138,0.0427742,-0.570723,-0.131993,0.430915,0.194007,0.418068,-1.25886,-2.41327,0.773976,1.07901,2.41327
74,rec2018-01-23_11h57m24.977s.wav,0,2018-01-23#2,gain,0.5,1.48,0.0894914,0.383078,0.0410828,0.14528,0.0395104,0.0427742,-0.570723,-2.88714,0.430915,0.194007,0.418332,-1.25912,-2.41327,1.16764,1.53385,2.88714
74,rec2018-01-23_11h57m24.977s.wav,0,2018-01-23#2,gain,0.707107,1.48,0.12656,0.383078,0.0410828,0.145274,0.0395109,0.0427742,-0.570723,-1.74592,0.430915,0.194007,0.418133,-1.25908,-2.41327,1.00458,1.26385,2.41327
74,rec2018-01-23_11h57m24.977s.wav,0,2018-01-23#2,gain,1.41421,1.48,0.25312,0.383078,0.0410828,0.145271,0.0395171,0.0427742,-0.570723,2.15045,0.430915,0.194007,0.418025,-1.25861,-2.41327,1.06228,1.34993,2.41327
74,rec2018-01-23_11h57m24.977s.wav,0,2018-01-23#2,gain,2,1.48,0.357966,0.383078,0.0410828,0.14527,0.0395204,0.0427742,-0.570723,5.3783,0.430915,0.194007,0.417984,-1.25835,-2.41327,1.52336,2.30084,5.3783
74,rec2018-01-23_11h57m24.977s.wav,0,2018-01-23#2,noise,30,1.48,0.17946,0.39032,0.0455881,0.208696,0.125131,0.0478117,-0.570723,-0.117293,0.681718,0.655637,2.46323,5.31538,-2.09495,1.69985,2.38877,5.31538
74,rec2018-01-23_11h57m24.977s.wav,0,2018-01-23#2,noise,20,1.48,0.182141,0.398563,0.0486599,0.249102,0.140904,0.0548467,-0.570723,-0.0347638,0.967182,0.97038,3.76615,6.52651,-1.65042,2.06945,2.96906,6.52651
74,rec2018-01-23_11h57m24.977s.wav,0,2018-01-23#2,noise,10,1.48,0.196695,0.417336,0.0449924,0.321697,0.128594,0.0503778,-0.570723,0.413305,1.61729,0.594597,6.10703,5.58123,-1.93281,2.40243,3.28737,6.10703
74,rec2018-01-23_11h57m24.977s.wav,0,2018-01-23#2,tilt,-0.5,1.48,0.178499,0.329567,0.0377189,0.0879404,0.0321271,0.0648687,-0.570723,-0.146872,-1.42216,-0.150672,-1.43065,-1.82605,-1.01715,0.937754,1.12176,1.82605
74,rec2018-01-23_11h57m24.977s.wav,0,2018-01-23#2,tilt,0.5,1.48,0.17975,0.460712,0.0394462,0.183452,0.040525,0.030749,-0.570723,-0.108375,3.11938,0.0263197,1.6492,-1.18121,-3.17312,1.40405,1.86136,3.17312
74,rec2018-01-23_11h57m24.977s.wav,0,2018-01-23#2,tilt,0.9,1.48,0.179955,0.50182,0.0359331,0.150027,0.0350563,0.0280624,-0.570723,-0.102048,4.54295,-0.333644,0.571396,-1.60114,-3.34288,1.58068,2.24088,4.54295
75,rec2018-01-23_11h57m41.504s.wav,0,2018-01-23#2,identity,0,1.288,0.200148,0.381922,0.0612218,0.131,0.0347332,0.0447126,-1.19333,0.519627,0.390908,2.25751,-0.0421659,-1.62594,-2.29078,1.18861,1.45584,2.29078
75,rec2018-01-23_11h57m41.504s.wav,0,2018-01-23#2,gain,0.5,1.288,0.100074,0.381922,0.0612218,0.131008,0.0347314,0.0447126,-1.19333,-2.56133,0.390908,2.25751,-0.0419026,-1.62608,-2.29078,1.48026,1.73729,2.56133
75,rec2018-01-23_11h57m41.504s.wav,0,2018-01-23#2,gain,0.707107,1.288,0.141526,0.381922,0.0612218,0.131004,0.0347323,0.0447126,-1.19333,-1.28515,0.390908,2.25751,-0.0420347,-1.62601,-2.29078,1.29796,1.52213,2.29078
75,rec2018-01-23_11h57m41.504s.wav,0,2018-01-23#2,gain,1.41421,1.288,0.283053,0.381922,0.0612218,0.130996,0.0347342,0.0447126,-1.19333,3.07198,0.390908,2.25751,-0.0422971,-1.62586,-2.29078,1.55324,1.85176,3.07198
75,rec2018-01-23_11h57m41.504s.wav,0,2018-01-23#2,gain,2,1.288,0.400297,0.381922,0.0612218,0.130992,0.0347353,0.0447126,-1.19333,6.68154,0.390908,2.25751,-0.0424273,-1.62578,-2.29078,2.0689,2.90833,6.68154
75,rec2018-01-23_11h57m41.504s.wav,0,2018-01-23#2,noise,30,1.288,0.200433,0.386574,0.060488,0.157907,0.0663041,0.0466888,-1.19333,0.52838,0.551998,2.18232,0.825471,0.798267,-2.16591,1.17795,1.3512,2.18232
75,rec2018-01-23_11h57m41.504s.wav,0,2018-01-23#2,noise,20,1.288,0.202254,0.393191,0.0598819,0.199841,0.089639,0.0502692,-1.19333,0.58446,0.781125,2.12022,2.17768,2.59006,-1.93967,1.62665,1.7762,2.59006
75,rec2018-01-23_11h57m41.504s.wav,0,2018-01-23#2,noise,10,1.288,0.215604,0.413067,0.0493982,0.300759,0.108363,0.0478285,-1.19333,0.995467,1.46946,1.04603,5.43188,4.02778,-2.09389,2.32255,2.8229,5.43188
75,rec2018-01-23_11h57m41.504s.wav,0,2018-01-23#2,tilt,-0.5,1.288,0.198237,0.333335,0.0576061,0.0810115,0.0262634,0.0845991,-1.19333,0.460783,-1.29166,1.88704,-1.65408,-2.2763,0.229581,1.28468,1.45582,2.2763
75,rec2018-01-23_11h57m41.504s.wav,0,2018-01-23#2,tilt,0.5,1.288,0.202974,0.453224,0.0563373,0.172726,0.0536621,0.0231771,-1.19333,0.606629,2.86005,1.75703,1.30333,-0.172467,-3.65158,1.6492,2.00434,3.65158
75,rec2018-01-23_11h57m41.504s.wav,0,2018-01-23#2,tilt,0.9,1.288,0.203865,0.491421,0.0503881,0.145043,0.048983,0.0206603,-1.19333,0.634035,4.18282,1.14745,0.410676,-0.531755,-3.81061,1.70152,2.25549,4.18282
76,rec2018-01-23_11h57m58.590s.wav,0,2018-01-23#2,identity,0,1.592,0.16915,0.396785,0.0466988,0.157009,0.0450301,0.0404983,-0.207536,-0.434698,0.905594,0.769435,0.796515,-0.835288,-2.55708,0.929449,1.16588,2.55708
76,rec2018-01-23_11h57m58.590s.wav,0,2018-01-23#2,gain,0.5,1.592,0.0845752,0.396785,0.0466988,0.157032,0.0450575,0.0404983,-0.207536,-3.03849,0.905594,0.769435,0.797264,-0.833181,-2.55708,1.30123,1.62815,3.03849
76,rec2018-01-23_11h57m58.590s.wav,0,2018-01-23#2,gain,0.707107,1.592,0.119607,0.396785,0.0466988,0.15702,0.045044,0.0404983,-0.207536,-1.95997,0.905594,0.769435,0.79688,-0.834214,-2.55708,1.14724,1.37146,2.55708
76,rec2018-01-23_11h57m58.590s.wav,0,2018-01-23#2,gain,1.41421,1.592,0.239215,0.396785,0.0466988,0.156997,0.0450164,0.0404983,-0.207536,1.72236,0.905594,0.769435,0.796154,-0.836338,-2.55708,1.1135,1.32523,2.55708
76,rec2018-01-23_11h57m58.590s.wav,0,2018-01-23#2,gain,2,1.592,0.338301,0.396785,0.0466988,0.156986,0.0450031,0.0404983,-0.207536,4.77289,0.905594,0.769435,0.795794,-0.837355,-2.55708,1.54938,2.14172,4.77289
76,rec2018-01-23_11h57m58.590s.wav,0,2018-01-23#2,noise,30,1.592,0.169654,0.406964,0.0515022,0.207868,0.10924,0.0547448,-0.207536,-0.419194,1.25808,1.26161,2.43652,4.09512,-1.65686,1.61928,2.02996,4.09512
76,rec2018-01-23_11h57m58.590s.wav,0,2018-01-23#2,noise,20,1.592,0.171693,0.413067,0.0492557,0.249309,0.1096,0.0514618,-0.207536,-0.356409,1.46944,1.03143,3.77282,4.12281,-1.86431,1.83211,2.33301,4.12281
76,rec2018-01-23_11h57m58.590s.wav,0,2018-01-23#2,noise,10,1.592,0.184064,0.430661,0.0411885,0.34053,0.108838,0.0492719,-0.207536,0.0244527,2.07872,0.204837,6.71431,4.0643,-2.00269,2.18526,3.16268,6.71431
76,rec2018-01-23_11h57m58.590s.wav,0,2018-01-23#2,tilt,-0.5,1.592,0.16827,0.346132,0.0442763,0.0967902,0.0302069,0.0710527,-0.207536,-0.461805,-0.848512,0.521227,-1.14528,-1.9735,-0.626393,0.826322,0.988991,1.9735
76,rec2018-01-23_11h57m58.590s.wav,0,2018-01-23#2,tilt,0.5,1.592,0.170238,0.46755,0.0436672,0.189821,0.0522692,0.0226858,-0.207536,-0.401205,3.35617,0.458816,1.85457,-0.279421,-3.68262,1.4629,2.02688,3.68262
76,rec2018-01-23_11h57m58.590s.wav,0,2018-01-23#2,tilt,0.9,1.592,0.170477,0.50312,0.0399457,0.150599,0.04253,0.0194558,-0.207536,-0.39386,4.58796,0.0775009,0.589831,-1.02726,-3.88672,1.53867,2.32266,4.58796
77,rec2018-01-23_11h58m15.852s.wav,0,2018-01-23#2,identity,0,1.56,0.183437,0.37319,0.0370062,0.130611,0.044653,0.0640654,-0.311303,0.00514084,0.0885117,-0.223695,-0.0547017,-0.864243,-1.06791,0.373643,0.540521,1.06791
77,rec2018-01-23_11h58m15.852s.wav,0,2018-01-23#2,gain,0.5,1.56,0.0917185,0.37319,0.0370062,0.130641,0.0446936,0.0640654,-0.311303,-2.81857,0.0885117,-0.223695,-0.0537421,-0.861125,-1.06791,0.77498,1.19427,2.81857
77,rec2018-01-23_11h58m15.852s.wav,0,2018-01-23#2,gain,0.707107,1.56,0.12971,0.37319,0.0370062,0.130626,0.0446733,0.0640654,-0.311303,-1.64895,0.0885117,-0.223695,-0.0542284,-0.86268,-1.06791,0.608183,0.824743,1.64895
77,rec2018-01-23_11h58m15.852s.wav,0,2018-01-23#2,gain,1.41421,1.56,0.259419,0.37319,0.0370062,0.130596,0.044633,0.0640654,-0.311303,2.34438,0.0885117,-0.223695,-0.0551711,-0.865776,-1.06791,0.708107,1.03813,2.34438
77,rec2018-01-23_11h58m15.852s.wav,0,2018-01-23#2,gain,2,1.56,0.366874,0.37319,0.0370062,0.130582,0.0446131,0.0640654,-0.311303,5.65257,0.0885117,-0.223695,-0.0556194,-0.867305,-1.06791,1.18099,2.20396,5.65257
77,rec2018-01-23_11h58m15.852s.wav,0,2018-01-23#2,noise,30,1.56,0.184041,0.38543,0.0464456,0.192558,0.121322,0.0636261,-0.311303,0.0237449,0.512371,0.7435,1.94285,5.02291,-1.09567,1.37891,2.10841,5.02291
77,rec2018-01-23_11h58m15.852s.wav,0,2018-01-23#2,noise,20,1.56,0.18683,0.395122,0.0499127,0.239579,0.146933,0.0646065,-0.311303,0.109593,0.848,1.09875,3.45906,6.98943,-1.03371,1.97855,3.02185,6.98943
77,rec2018-01-23_11h58m15.852s.wav,0,2018-01-23#2,noise,10,1.56,0.201934,0.416373,0.0457669,0.317913,0.132793,0.0588448,-0.311303,0.574587,1.58394,0.673958,5.98502,5.9037,-1.39779,2.34718,3.29541,5.98502
77,rec2018-01-23_11h58m15.852s.wav,0,2018-01-23#2,tilt,-0.5,1.56,0.183117,0.326373,0.0327658,0.0765262,0.0295643,0.0752473,-0.311303,-0.00470365,-1.53275,-0.658179,-1.79871,-2.02284,-0.361344,0.955691,1.21522,2.02284
77,rec2018-01-23_11h58m15.852s.wav,0,2018-01-23#2,tilt,0.5,1.56,0.183931,0.443299,0.0394685,0.171788,0.0507586,0.0479079,-0.311303,0.02035,2.51637,0.0286023,1.2731,-0.395415,-2.08888,0.947718,1.34009,2.51637
77,rec2018-01-23_11h58m15.852s.wav,0,2018-01-23#2,tilt,0.9,1.56,0.184019,0.480448,0.0388304,0.142431,0.0411157,0.0376433,-0.311303,0.023065,3.80283,-0.0367833,0.326448,-1.13586,-2.73748,1.19625,1.83033,3.80283
78,rec2018-01-23_11h58m34.582s.wav,0,2018-01-23#2,identity,0,1.688,0.186634,0.370212,0.0424192,0.130073,0.041302,0.0449324,0.103768,0.103555,-0.0146365,0.330937,-0.0720338,-1.12155,-2.27689,0.574767,0.969427,2.27689
78,rec2018-01-23_11h58m34.582s.wav,0,2018-01-23#2,gain,0.5,1.688,0.0933169,0.370212,0.0424192,0.130078,0.041294,0.0449324,0.103768,-2.76937,-0.0146365,0.330937,-0.0718791,-1.12217,-2.27689,0.955663,1.42621,2.76937
78,rec2018-01-23_11h58m34.582s.wav,0,2018-01-23#2,gain,0.707107,1.688,0.13197,0.370212,0.0424192,0.130076,0.0412984,0.0449324,0.103768,-1.57936,-0.0146365,0.330937,-0.0719623,-1.12182,-2.27689,0.785626,1.13784,2.27689
78,rec2018-01-23_11h58m34.582s.wav,0,2018-01-23#2,gain,1.41421,1.688,0.26394,0.370212,0.0424192,0.130072,0.0413046,0.0449324,0.103768,2.48356,-0.0146365,0.330937,-0.0720901,-1.12135,-2.27689,0.914748,1.34883,2.48356
78,rec2018-01-23_11h58m34.582s.wav,0,2018-01-23#2,gain,2,1.688,0.373268,0.370212,0.0424192,0.13007,0.0413072,0.0449324,0.103768,5.8494,-0.0146365,0.330937,-0.0721472,-1.12115,-2.27689,1.39556,2.41372,5.8494
78,rec2018-01-23_11h58m34.582s.wav,0,2018-01-23#2,noise,30,1.688,0.187002,0.379544,0.0468672,0.184543,0.103919,0.0536519,0.103768,0.114902,0.308532,0.786694,1.68437,3.68654,-1.72592,1.20153,1.6964,3.68654
78,rec2018-01-23_11h58m34.582s.wav,0,2018-01-23#2,noise,20,1.688,0.189406,0.389144,0.047539,0.235027,0.131231,0.0613018,0.103768,0.18889,0.641003,0.855529,3.31228,5.78378,-1.24254,1.73254,2.5955,5.78378
78,rec2018-01-23_11h58m34.582s.wav,0,2018-01-23#2,noise,10,1.688,0.204043,0.412638,0.0436657,0.320646,0.128724,0.0569187,0.103768,0.639516,1.4546,0.458659,6.07316,5.59125,-1.5195,2.26292,3.23376,6.07316
78,rec2018-01-23_11h58m34.582s.wav,0,2018-01-23#2,tilt,-0.5,1.688,0.186243,0.323118,0.0390181,0.075378,0.0273816,0.0690118,0.103768,0.0915314,-1.64547,-0.0175454,-1.83574,-2.19045,-0.755355,0.94855,1.27982,2.19045
78,rec2018-01-23_11h58m34.582s.wav,0,2018-01-23#2,tilt,0.5,1.688,0.187385,0.441667,0.0412476,0.178799,0.052103,0.0280606,0.103768,0.126669,2.45985,0.210896,1.49917,-0.292184,-3.34299,1.14793,1.67463,3.34299
78,rec2018-01-23_11h58m34.582s.wav,0,2018-01-23#2,tilt,0.9,1.688,0.187653,0.480208,0.0381718,0.15162,0.044391,0.0255012,0.103768,0.134922,3.79454,-0.104261,0.62277,-0.884358,-3.50472,1.30705,1.99612,3.79454
79,rec2018-01-23_11h58m49.449s.wav,0,2018-01-23#2,identity,0,1.448,0.192981,0.355967,0.0359673,0.115178,0.043246,0.0726427,-0.674491,0.298982,-0.507926,-0.330141,-0.552365,-0.972279,-0.525924,0.55173,0.590199,0.972279
79,rec2018-01-23_11h58m49.449s.wav,0,2018-01-23#2,gain,0.5,1.448,0.0964907,0.355967,0.0359673,0.115178,0.0432447,0.0726427,-0.674491,-2.67165,-0.507926,-0.330141,-0.552343,-0.972377,-0.525924,0.890694,1.16416,2.67165
79,rec2018-01-23_11h58m49.449s.wav,0,2018-01-23#2,gain,0.707107,1.448,0.136459,0.355967,0.0359673,0.115178,0.043246,0.0726427,-0.674491,-1.44118,-0.507926,-0.330141,-0.552365,-0.972279,-0.525924,0.7149,0.795158,1.44118
79,rec2018-01-23_11h58m49.449s.wav,0,2018-01-23#2,gain,1.41421,1.448,0.272917,0.355967,0.0359673,0.115178,0.043246,0.0726427,-0.674491,2.75994,-0.507926,-0.330141,-0.552365,-0.972279,-0.525924,0.903295,1.19321,2.75994
79,rec2018-01-23_11h58m49.449s.wav,0,2018-01-23#2,gain,2,1.448,0.385963,0.355967,0.0359673,0.115178,0.043246,0.0726427,-0.674491,6.24025,-0.507926,-0.330141,-0.552365,-0.972279,-0.525924,1.40048,2.42869,6.24025
79,rec2018-01-23_11h58m49.449s.wav,0,2018-01-23#2,noise,30,1.448,0.193799,0.375994,0.0492697,0.195453,0.134033,0.0712044,-0.674491,0.324153,0.185609,1.03286,2.03619,5.99894,-0.616806,1.55272,2.45459,5.99894
79,rec2018-01-23_11h58m49.449s.wav,0,2018-01-23#2,noise,20,1.448,0.197067,0.385924,0.0536592,0.235144,0.146031,0.0751121,-0.674491,0.424774,0.529499,1.48262,3.31606,6.92018,-0.369885,1.95965,2.97936,6.92018
79,rec2018-01-23_11h58m49.449s.wav,0,2018-01-23#2,noise,10,1.448,0.213666,0.408339,0.0492533,0.30789,0.134215,0.0630304,-0.674491,0.93578,1.30571,1.03118,5.66183,6.01286,-1.13331,2.39359,3.24244,6.01286
79,rec2018-01-23_11h58m49.449s.wav,0,2018-01-23#2,tilt,-0.5,1.448,0.192648,0.313428,0.0313163,0.0647122,0.0262843,0.0716997,-0.674491,0.288708,-1.98106,-0.806698,-2.17966,-2.2747,-0.585513,1.25583,1.48236,2.2747
79,rec2018-01-23_11h58m49.449s.wav,0,2018-01-23#2,tilt,0.5,1.448,0.193671,0.42269,0.0385124,0.167044,0.0598531,0.0594057,-0.674491,0.320218,1.80268,-0.069361,1.12011,0.302915,-1.36235,0.807446,1.00102,1.80268
79,rec2018-01-23_11h58m49.449s.wav,0,2018-01-23#2,tilt,0.9,1.448,0.193935,0.459799,0.0383509,0.145112,0.0511519,0.0440614,-0.674491,0.328329,3.08775,-0.0859129,0.412912,-0.365211,-2.33193,1.04093,1.50457,3.08775
80,rec2018-01-23_11h59m04.620s.wav,0,2018-01-23#2,identity,0,1.592,0.16541,0.370724,0.0412621,0.146318,0.0835472,0.114564,-0.207536,-0.54986,0.00311782,0.212376,0.451778,2.12229,2.12303,0.809998,1.17145,2.12303
80,rec2018-01-23_11h59m04.620s.wav,0,2018-01-23#2,gain,0.5,1.592,0.0827049,0.370724,0.0412621,0.146363,0.0836957,0.114564,-0.207536,-3.09607,0.00311782,0.212376,0.45323,2.1337,2.12303,1.17558,1.64487,3.09607
80,rec2018-01-23_11h59m04.620s.wav,0,2018-01-23#2,gain,0.707107,1.592,0.116962,0.370724,0.0412621,0.146334,0.0836009,0.114564,-0.207536,-2.0414,0.00311885,0.212376,0.452317,2.12642,2.12303,1.02374,1.38816,2.12642
80,rec2018-01-23_11h59m04.620s.wav,0,2018-01-23#2,gain,1.41421,1.592,0.233925,0.370724,0.0412621,0.146301,0.0834941,0.114564,-0.207536,1.55949,0.00311885,0.212376,0.451242,2.11822,2.12303,0.953573,1.29383,2.12303
80,rec2018-01-23_11h59m04.620s.wav,0,2018-01-23#2,gain,2,1.592,0.33082,0.370724,0.0412621,0.146285,0.0834418,0.114564,-0.207536,4.54257,0.00311782,0.212376,0.45071,2.1142,2.12303,1.37908,2.06686,4.54257
80,rec2018-01-23_11h59m04.620s.wav,0,2018-01-23#2,noise,30,1.592,0.166057,0.39448,0.0434034,0.218885,0.129084,0.0741019,-0.207536,-0.529929,0.825777,0.431778,2.79179,5.61893,-0.433721,1.54849,2.41267,5.61893
80,rec2018-01-23_11h59m04.620s.wav,0,2018-01-23#2,noise,20,1.592,0.168851,0.407421,0.046371,0.270512,0.146673,0.0632729,-0.207536,-0.44391,1.27394,0.735856,4.45654,6.96951,-1.11798,2.17218,3.20912,6.96951
80,rec2018-01-23_11h59m04.620s.wav,0,2018-01-23#2,noise,10,1.592,0.183139,0.427414,0.0443939,0.344962,0.132122,0.056961,-0.207536,-0.00402652,1.96629,0.533273,6.85723,5.8522,-1.51683,2.41963,3.54087,6.85723
80,rec2018-01-23_11h59m04.620s.wav,0,2018-01-23#2,tilt,-0.5,1.592,0.165359,0.322612,0.0278295,0.0874747,0.0593667,0.101086,-0.207536,-0.551426,-1.66301,-1.16397,-1.44567,0.265567,1.27135,0.93836,1.08525,1.66301
80,rec2018-01-23_11h59m04.620s.wav,0,2018-01-23#2,tilt,0.5,1.592,0.16535,0.441077,0.0567698,0.184416,0.0828377,0.109682,-0.207536,-0.551696,2.43941,1.80134,1.68029,2.06782,1.81452,1.50895,1.68755,2.43941
80,rec2018-01-23_11h59m04.620s.wav,0,2018-01-23#2,tilt,0.9,1.592,0.165235,0.477964,0.0635061,0.149356,0.0626291,0.105239,-0.207536,-0.555231,3.7168,2.49156,0.549736,0.516071,1.53379,1.36725,1.82424,3.7168
82,rec2018-01-23_12h02m44.138s.wav,0,2018-01-23#2,identity,0,1.496,0.175772,0.376656,0.0408155,0.160291,0.0589546,0.0648767,-0.518839,-0.230853,0.208519,0.166623,0.902361,0.233926,-1.01664,0.468252,0.572747,1.01664
82,rec2018-01-23_12h02m44.138s.wav,0,2018-01-23#2,gain,0.5,1.496,0.0878858,0.376656,0.0408155,0.160332,0.0590213,0.0648767,-0.518839,-2.93657,0.208519,0.166623,0.903667,0.239048,-1.01664,0.855701,1.24621,2.93657
82,rec2018-01-23_12h02m44.138s.wav,0,2018-01-23#2,gain,0.707107,1.496,0.124289,0.376656,0.0408155,0.1603,0.0589673,0.0648767,-0.518839,-1.81583,0.208519,0.166623,0.902665,0.234898,-1.01664,0.694859,0.889719,1.81583
82,rec2018-01-23_12h02m44.138s.wav,0,2018-01-23#2,gain,1.41421,1.496,0.248579,0.376656,0.0408155,0.160291,0.0589546,0.0648767,-0.518839,2.01064,0.208519,0.166623,0.90236,0.233927,-1.01664,0.722507,0.947601,2.01064
82,rec2018-01-23_12h02m44.138s.wav,0,2018-01-23#2,gain,2,1.496,0.351543,0.376656,0.0408155,0.160291,0.0589546,0.0648767,-0.518839,5.18058,0.208519,0.166623,0.902361,0.233928,-1.01664,1.17536,2.03826,5.18058
82,rec2018-01-23_12h02m44.138s.wav,0,2018-01-23#2,noise,30,1.496,0.176751,0.393627,0.0531836,0.238591,0.155045,0.0597453,-0.518839,-0.200701,0.79622,1.43389,3.4272,7.6123,-1.34089,2.19001,3.26213,7.6123
82,rec2018-01-23_12h02m44.138s.wav,0,2018-01-23#2,noise,20,1.496,0.180102,0.400725,0.0531938,0.274239,0.1531,0.0599738,-0.518839,-0.0975219,1.04204,1.43493,4.57673,7.46298,-1.32645,2.35136,3.41897,7.46298
82,rec2018-01-23_12h02m44.138s.wav,0,2018-01-23#2,noise,10,1.496,0.196162,0.419102,0.0477906,0.345244,0.133528,0.0537803,-0.518839,0.396906,1.67843,0.881307,6.86632,5.96014,-1.71781,2.57425,3.57853,6.86632
82,rec2018-01-23_12h02m44.138s.wav,0,2018-01-23#2,tilt,-0.5,1.496,0.175102,0.324361,0.0360093,0.0963045,0.0423518,0.0740742,-0.518839,-0.251457,-1.60244,-0.325841,-1.16094,-1.04094,-0.435466,0.762275,0.896612,1.60244
82,rec2018-01-23_12h02m44.138s.wav,0,2018-01-23#2,tilt,0.5,1.496,0.176891,0.453758,0.043272,0.202639,0.0605031,0.0582455,-0.518839,-0.196378,2.87855,0.418324,2.2679,0.352826,-1.43566,1.15264,1.51647,2.87855
82,rec2018-01-23_12h02m44.138s.wav,0,2018-01-23#2,tilt,0.9,1.496,0.177204,0.495645,0.0425894,0.165983,0.0491903,0.0578232,-0.518839,-0.186752,4.32909,0.348379,1.08591,-0.51584,-1.46234,1.20674,1.80278,4.32909
83,rec2018-01-23_12h03m01.599s.wav,0,2018-01-23#2,identity,0,1.32,0.183785,0.38133,0.0366564,0.159197,0.0388518,0.032785,-1.08956,0.0158469,0.37039,-0.259532,0.867071,-1.30969,-3.04447,0.993794,1.36945,3.04447
83,rec2018-01-23_12h03m01.599s.wav,0,2018-01-23#2,gain,0.5,1.32,0.0918924,0.38133,0.0366564,0.159197,0.0388518,0.032785,-1.08956,-2.81322,0.37039,-0.259532,0.86707,-1.30969,-3.04447,1.39342,1.73377,3.04447
83,rec2018-01-23_12h03m01.599s.wav,0,2018-01-23#2,gain,0.707107,1.32,0.129956,0.38133,0.0366564,0.159197,0.0388518,0.032785,-1.08956,-1.64138,0.37039,-0.259532,0.867071,-1.30969,-3.04447,1.22601,1.50341,3.04447
83,rec2018-01-23_12h03m01.599s.wav,0,2018-01-23#2,gain,1.41421,1.32,0.259911,0.38133,0.0366564,0.159197,0.0388518,0.032785,-1.08956,2.35952,0.37039,-0.259532,0.867071,-1.30969,-3.04447,1.32861,1.63423,3.04447
83,rec2018-01-23_12h03m01.599s.wav,0,2018-01-23#2,gain,2,1.32,0.36757,0.38133,0.0366564,0.159197,0.0388518,0.032785,-1.08956,5.67398,0.37039,-0.259532,0.867071,-1.30969,-3.04447,1.8021,2.54451,5.67398
83,rec2018-01-23_12h03m01.599s.wav,0,2018-01-23#2,noise,30,1.32,0.18412,0.386181,0.0405811,0.204805,0.0897629,0.0379276,-1.08956,0.0261653,0.538368,0.142606,2.33775,2.59958,-2.71951,1.35051,1.73686,2.71951
83,rec2018-01-23_12h03m01.599s.wav,0,2018-01-23#2,noise,20,1.32,0.186196,0.394527,0.0441679,0.254669,0.112693,0.0464546,-1.08956,0.0900721,0.827421,0.510114,3.94567,4.3603,-2.18071,1.85769,2.43417,4.3603
83,rec2018-01-23_12h03m01.599s.wav,0,2018-01-23#2,noise,10,1.32,0.199739,0.415951,0.0441142,0.349843,0.115446,0.0517129,-1.08956,0.507017,1.56931,0.504616,7.01462,4.57165,-1.84844,2.4436,3.33131,7.01462
83,rec2018-01-23_12h03m01.599s.wav,0,2018-01-23#2,tilt,-0.5,1.32,0.18318,0.331278,0.0365445,0.0951036,0.0276991,0.056158,-1.08956,-0.00276493,-1.36291,-0.270996,-1.19967,-2.16607,-1.56757,1.09422,1.29319,2.16607
83,rec2018-01-23_12h03m01.599s.wav,0,2018-01-23#2,tilt,0.5,1.32,0.184848,0.455414,0.0319614,0.201767,0.0495165,0.0236361,-1.08956,0.0485774,2.93591,-0.740601,2.23978,-0.49079,-3.62257,1.5954,2.02619,3.62257
83,rec2018-01-23_12h03m01.599s.wav,0,2018-01-23#2,tilt,0.9,1.32,0.185207,0.495739,0.0277838,0.164146,0.0443993,0.0217756,-1.08956,0.0596312,4.33236,-1.16865,1.02667,-0.883722,-3.74013,1.75725,2.3037,4.33236
84,rec2018-01-23_12h03m19.922s.wav,0,2018-01-23#2,identity,0,1.496,0.19315,0.374582,0.0373433,0.149682,0.0395603,0.0520634,-0.518839,0.304172,0.136719,-0.189152,0.560266,-1.25529,-1.8263,0.68439,0.897711,1.8263
84,rec2018-01-23_12h03m19.922s.wav,0,2018-01-23#2,gain,0.5,1.496,0.096575,0.374582,0.0373433,0.149684,0.0395575,0.0520634,-0.518839,-2.66906,0.136719,-0.189152,0.560322,-1.25551,-1.8263,1.02227,1.34553,2.66906
84,rec2018-01-23_12h03m19.922s.wav,0,2018-01-23#2,gain,0.707107,1.496,0.136578,0.374582,0.0373433,0.149682,0.0395603,0.0520634,-0.518839,-1.43751,0.136719,-0.189152,0.560266,-1.25529,-1.8263,0.846295,1.04301,1.8263
84,rec2018-01-23_12h03m19.922s.wav,0,2018-01-23#2,gain,1.41421,1.496,0.273155,0.374582,0.0373433,0.149682,0.0395603,0.0520634,-0.518839,2.76728,0.136719,-0.189152,0.560266,-1.25529,-1.8263,1.03626,1.37355,2.76728
84,rec2018-01-23_12h03m19.922s.wav,0,2018-01-23#2,gain,2,1.496,0.3863,0.374582,0.0373433,0.149682,0.0395603,0.0520634,-0.518839,6.25063,0.136719,-0.189152,0.560266,-1.25529,-1.8263,1.53388,2.52471,6.25063
84,rec2018-01-23_12h03m19.922s.wav,0,2018-01-23#2,noise,30,1.496,0.193293,0.381525,0.0414253,0.18966,0.0886659,0.0436949,-0.518839,0.308585,0.377152,0.229099,1.84939,2.51534,-2.35509,1.16479,1.50489,2.51534
84,rec2018-01-23_12h03m19.922s.wav,0,2018-01-23#2,noise,20,1.496,0.195243,0.391066,0.0448917,0.236529,0.11817,0.0541881,-0.518839,0.368619,0.707535,0.584276,3.36071,4.78084,-1.69204,1.71612,2.33791,4.78084
84,rec2018-01-23_12h03m19.922s.wav,0,2018-01-23#2,noise,10,1.496,0.208782,0.413922,0.0420685,0.323207,0.113622,0.0497811,-0.518839,0.785442,1.49905,0.295009,6.15572,4.43159,-1.97051,2.23659,3.03868,6.15572
84,rec2018-01-23_12h03m19.922s.wav,0,2018-01-23#2,tilt,-0.5,1.496,0.192553,0.32678,0.0350442,0.0891997,0.031698,0.0729426,-0.518839,0.285777,-1.51868,-0.42473,-1.39004,-1.85901,-0.506975,0.92915,1.10083,1.85901
84,rec2018-01-23_12h03m19.922s.wav,0,2018-01-23#2,tilt,0.5,1.496,0.194208,0.445945,0.0364151,0.193994,0.0459481,0.0345158,-0.518839,0.336751,2.608,-0.284261,1.98915,-0.764798,-2.9351,1.34813,1.70803,2.9351
84,rec2018-01-23_12h03m19.922s.wav,0,2018-01-23#2,tilt,0.9,1.496,0.194525,0.484431,0.0338664,0.160184,0.0403562,0.0299616,-0.518839,0.346503,3.94075,-0.545407,0.898918,-1.19417,-3.22287,1.52392,2.02968,3.94075
85,rec2018-01-23_12h03m36.988s.wav,0,2018-01-23#2,identity,0,1.4,0.186628,0.378263,0.0631606,0.144359,0.0621682,0.0619786,-0.830142,0.103369,0.264168,2.45617,0.388617,0.480684,-1.19977,0.817559,1.10995,2.45617
85,rec2018-01-23_12h03m36.988s.wav,0,2018-01-23#2,gain,0.5,1.4,0.0933139,0.378263,0.0631606,0.144381,0.0621918,0.0619786,-0.830142,-2.76946,0.264168,2.45617,0.389335,0.482499,-1.19977,1.19879,1.52528,2.76946
85,rec2018-01-23_12h03m36.988s.wav,0,2018-01-23#2,gain,0.707107,1.4,0.131966,0.378263,0.0631606,0.14437,0.0621799,0.0619786,-0.830142,-1.5795,0.264168,2.45617,0.388975,0.48158,-1.19977,1.02861,1.25977,2.45617
85,rec2018-01-23_12h03m36.988s.wav,0,2018-01-23#2,gain,1.41421,1.4,0.263931,0.378263,0.0631606,0.144348,0.0621575,0.0619786,-0.830142,2.4833,0.264168,2.45617,0.388273,0.47986,-1.19977,1.15738,1.45302,2.4833
85,rec2018-01-23_12h03m36.988s.wav,0,2018-01-23#2,gain,2,1.4,0.373255,0.378263,0.0631606,0.144345,0.0621593,0.0619786,-0.830142,5.84903,0.264168,2.45617,0.388166,0.480004,-1.19977,1.63821,2.47338,5.84903
85,rec2018-01-23_12h03m36.988s.wav,0,2018-01-23#2,noise,30,1.4,0.187241,0.389163,0.0637564,0.198083,0.126568,0.0620141,-0.830142,0.122259,0.641659,2.51721,2.12098,5.42573,-1.19753,1.8365,2.47338,5.42573
85,rec2018-01-23_12h03m36.988s.wav,0,2018-01-23#2,noise,20,1.4,0.189928,0.395812,0.0615752,0.242234,0.133804,0.0640469,-0.830142,0.204977,0.87191,2.29372,3.54468,5.98135,-1.06908,2.11369,2.8344,5.98135
85,rec2018-01-23_12h03m36.988s.wav,0,2018-01-23#2,noise,10,1.4,0.205111,0.414304,0.0535759,0.326776,0.128312,0.0613695,-0.830142,0.672422,1.51226,1.47409,6.27081,5.55965,-1.23826,2.50823,3.32453,6.27081
85,rec2018-01-23_12h03m36.988s.wav,0,2018-01-23#2,tilt,-0.5,1.4,0.185846,0.330063,0.0598949,0.0877053,0.043815,0.0807134,-0.830142,0.079317,-1.40496,2.12155,-1.43823,-0.928591,-0.015949,0.974106,1.20127,2.12155
85,rec2018-01-23_12h03m36.988s.wav,0,2018-01-23#2,tilt,0.5,1.4,0.188016,0.449557,0.0591126,0.191479,0.0726157,0.0527639,-0.830142,0.146124,2.73308,2.04139,1.90803,1.28291,-1.78203,1.53196,1.72418,2.73308
85,rec2018-01-23_12h03m36.988s.wav,0,2018-01-23#2,tilt,0.9,1.4,0.188534,0.488488,0.0536418,0.161041,0.0606232,0.045093,-0.830142,0.162043,4.08125,1.48084,0.926553,0.362053,-2.26674,1.44423,1.91582,4.08125
86,rec2018-01-23_12h03m52.821s.wav,0,2018-01-23#2,identity,0,1.496,0.181852,0.375102,0.0485405,0.11872,0.0428596,0.0654497,-0.518839,-0.0436627,0.154708,0.958145,-0.438124,-1.00195,-0.98044,0.585124,0.693871,1.00195
86,rec2018-01-23_12h03m52.821s.wav,0,2018-01-23#2,gain,0.5,1.496,0.0909259,0.375102,0.0485405,0.11873,0.0428544,0.0654497,-0.518839,-2.84297,0.154708,0.958145,-0.437806,-1.00235,-0.98044,0.985037,1.27902,2.84297
86,rec2018-01-23_12h03m52.821s.wav,0,2018-01-23#2,gain,0.707107,1.496,0.128589,0.375102,0.0485405,0.118725,0.0428575,0.0654497,-0.518839,-1.68346,0.154708,0.958145,-0.437975,-1.00211,-0.98044,0.819383,0.941316,1.68346
86,rec2018-01-23_12h03m52.821s.wav,0,2018-01-23#2,gain,1.41421,1.496,0.257177,0.375102,0.0485405,0.118716,0.0428604,0.0654497,-0.518839,2.27536,0.154708,0.958145,-0.438248,-1.00188,-0.98044,0.903947,1.10489,2.27536
86,rec2018-01-23_12h03m52.821s.wav,0,2018-01-23#2,gain,2,1.496,0.363704,0.375102,0.0485405,0.118714,0.0428608,0.0654497,-0.518839,5.55496,0.154708,0.958145,-0.438319,-1.00186,-0.98044,1.37247,2.2112,5.55496
86,rec2018-01-23_12h03m52.821s.wav,0,2018-01-23#2,noise,30,1.496,0.182629,0.389702,0.0554925,0.195982,0.140205,0.0562304,-0.518839,-0.0197248,0.660309,1.67047,2.05324,6.47284,-1.56299,1.8512,2.72692,6.47284
86,rec2018-01-23_12h03m52.821s.wav,0,2018-01-23#2,noise,20,1.496,0.185897,0.397809,0.0559926,0.242492,0.157235,0.060929,-0.518839,0.080863,0.941042,1.72171,3.553,7.78047,-1.26609,2.266,3.35704,7.78047
86,rec2018-01-23_12h03m52.821s.wav,0,2018-01-23#2,noise,10,1.496,0.202623,0.417025,0.0505728,0.320341,0.142421,0.0555199,-0.518839,0.595821,1.60652,1.16638,6.06332,6.64301,-1.60789,2.60026,3.54651,6.64301
86,rec2018-01-23_12h03m52.821s.wav,0,2018-01-23#2,tilt,-0.5,1.496,0.180893,0.327283,0.0456426,0.0704052,0.0291824,0.084997,-0.518839,-0.0731925,-1.50123,0.661215,-1.99609,-2.05217,0.254727,1.00821,1.26638,2.05217
86,rec2018-01-23_12h03m52.821s.wav,0,2018-01-23#2,tilt,0.5,1.496,0.183859,0.446194,0.0468574,0.159486,0.0540971,0.0600021,-0.518839,0.018142,2.61663,0.785694,0.876386,-0.139061,-1.32466,0.897059,1.21159,2.61663
86,rec2018-01-23_12h03m52.821s.wav,0,2018-01-23#2,tilt,0.9,1.496,0.184599,0.48418,0.0439429,0.134954,0.047786,0.0531695,-0.518839,0.0409272,3.93207,0.487057,0.0853514,-0.623666,-1.75641,1.06347,1.66692,3.93207
87,rec2018-01-23_12h04m16.860s.wav,0,2018-01-23#2,identity,0,1.464,0.200878,0.345268,0.0304238,0.104139,0.048758,0.0848701,-0.622607,0.542074,-0.878411,-0.89815,-0.908314,-0.549037,0.246703,0.663614,0.701743,0.908314
87,rec2018-01-23_12h04m16.860s.wav,0,2018-01-23#2,gain,0.5,1.464,0.100439,0.345268,0.0304238,0.104149,0.0487497,0.0848701,-0.622607,-2.55011,-0.878411,-0.89815,-0.907981,-0.549669,0.246703,0.950518,1.17451,2.55011
87,rec2018-01-23_12h04m16.860s.wav,0,2018-01-23#2,gain,0.707107,1.464,0.142042,0.345268,0.0304238,0.104144,0.0487539,0.0848701,-0.622607,-1.26928,-0.878411,-0.89815,-0.90815,-0.549348,0.246703,0.767522,0.825,1.26928
87,rec2018-01-23_12h04m16.860s.wav,0,2018-01-23#2,gain,1.41421,1.464,0.284084,0.345268,0.0304238,0.104136,0.0487611,0.0848701,-0.622607,3.10372,-0.878411,-0.89815,-0.908404,-0.548794,0.246703,1.02954,1.35152,3.10372
87,rec2018-01-23_12h04m16.860s.wav,0,2018-01-23#2,gain,2,1.464,0.401755,0.345268,0.0304238,0.104134,0.0487631,0.0848701,-0.622607,6.72644,-0.878411,-0.89815,-0.908462,-0.54864,0.246703,1.54706,2.62945,6.72644
87,rec2018-01-23_12h04m16.860s.wav,0,2018-01-23#2,noise,30,1.464,0.20143,0.362404,0.0444237,0.161698,0.117998,0.0623086,-0.622607,0.559098,-0.285015,0.536322,0.947725,4.76766,-1.17892,1.27105,1.9305,4.76766
87,rec2018-01-23_12h04m16.860s.wav,0,2018-01-23#2,noise,20,1.464,0.204209,0.374773,0.0520528,0.211613,0.148103,0.0676338,-0.622607,0.644645,0.143324,1.31802,2.55728,7.07929,-0.842427,1.8868,2.92591,7.07929
87,rec2018-01-23_12h04m16.860s.wav,0,2018-01-23#2,noise,10,1.464,0.220463,0.401619,0.0505721,0.297804,0.152965,0.0607007,-0.622607,1.14506,1.07301,1.16631,5.33659,7.45261,-1.28052,2.58239,3.58311,7.45261
87,rec2018-01-23_12h04m16.860s.wav,0,2018-01-23#2,tilt,-0.5,1.464,0.200396,0.302503,0.0252655,0.0570135,0.0291793,0.0762392,-0.622607,0.52726,-2.35936,-1.42668,-2.42792,-2.0524,-0.298667,1.38784,1.6241,2.42792
87,rec2018-01-23_12h04m16.860s.wav,0,2018-01-23#2,tilt,0.5,1.464,0.202069,0.413576,0.0369348,0.158644,0.0633046,0.0842259,-0.622607,0.57877,1.48706,-0.231011,0.849235,0.567943,0.206,0.648947,0.762845,1.48706
87,rec2018-01-23_12h04m16.860s.wav,0,2018-01-23#2,tilt,0.9,1.464,0.202655,0.452208,0.0400624,0.142404,0.0546554,0.0819754,-0.622607,0.596791,2.8249,0.0894501,0.325574,-0.0961974,0.0637977,0.659903,1.12448,2.8249
88,rec2018-01-23_12h04m31.917s.wav,0,2018-01-23#2,identity,0,1.592,0.174216,0.362089,0.0401301,0.130791,0.0669924,0.106039,-0.207536,-0.278761,-0.295929,0.0963891,-0.04889,0.851118,1.58433,0.480421,0.702498,1.58433
88,rec2018-01-23_12h04m31.917s.wav,0,2018-01-23#2,gain,0.5,1.592,0.0871078,0.362089,0.0401301,0.130838,0.0671539,0.106039,-0.207536,-2.96052,-0.295929,0.0963891,-0.0473702,0.863518,1.58433,0.865084,1.31815,2.96052
88,rec2018-01-23_12h04m31.917s.wav,0,2018-01-23#2,gain,0.707107,1.592,0.123189,0.362089,0.0401301,0.130805,0.0670393,0.106039,-0.207536,-1.8497,-0.295929,0.0963891,-0.0484302,0.854716,1.58433,0.705289,0.985922,1.8497
88,rec2018-01-23_12h04m31.917s.wav,0,2018-01-23#2,gain,1.41421,1.592,0.246378,0.362089,0.0401301,0.13078,0.0669522,0.106039,-0.207536,1.94289,-0.295929,0.0963891,-0.0492576,0.848028,1.58433,0.717764,1.0104,1.94289
88,rec2018-01-23_12h04m31.917s.wav,0,2018-01-23#2,gain,2,1.592,0.348431,0.362089,0.0401301,0.130774,0.0669353,0.106039,-0.207536,5.08477,-0.295929,0.0963891,-0.0494344,0.846733,1.58433,1.16644,2.04326,5.08477
88,rec2018-01-23_12h04m31.917s.wav,0,2018-01-23#2,noise,30,1.592,0.175085,0.390535,0.044069,0.220347,0.142271,0.0621376,-0.207536,-0.252002,0.689159,0.499984,2.83893,6.63148,-1.18973,1.7584,2.78473,6.63148
88,rec2018-01-23_12h04m31.917s.wav,0,2018-01-23#2,noise,20,1.592,0.178225,0.399501,0.0457454,0.262181,0.148666,0.0592133,-0.207536,-0.155324,0.999637,0.671753,4.18788,7.12253,-1.3745,2.10274,3.1999,7.12253
88,rec2018-01-23_12h04m31.917s.wav,0,2018-01-23#2,noise,10,1.592,0.193661,0.419939,0.0412882,0.342761,0.132373,0.0516857,-0.207536,0.319916,1.70742,0.215054,6.78628,5.87142,-1.85016,2.42254,3.52658,6.78628
88,rec2018-01-23_12h04m31.917s.wav,0,2018-01-23#2,tilt,-0.5,1.592,0.173873,0.314888,0.0301228,0.0757773,0.0423008,0.101191,-0.207536,-0.289321,-1.93047,-0.928989,-1.82286,-1.04485,1.278,1.07172,1.24006,1.93047
88,rec2018-01-23_12h04m31.917s.wav,0,2018-01-23#2,tilt,0.5,1.592,0.174724,0.433477,0.0509432,0.173198,0.0761824,0.0902181,-0.207536,-0.263103,2.17624,1.20433,1.31856,1.55678,0.584638,1.04446,1.24227,2.17624
88,rec2018-01-23_12h04m31.917s.wav,0,2018-01-23#2,tilt,0.9,1.592,0.174814,0.472381,0.0543793,0.143715,0.0591516,0.0765402,-0.207536,-0.260342,3.52349,1.55641,0.36786,0.249054,-0.279648,0.920619,1.47473,3.52349
89,rec2018-01-23_12h04m50.656s.wav,0,2018-01-23#2,identity,0,1.48,0.183848,0.371568,0.0271567,0.143198,0.0469058,0.0634128,-0.570723,0.0177833,0.0323238,-1.2329,0.351165,-0.691256,-1.10915,0.572186,0.724913,1.2329
89,rec2018-01-23_12h04m50.656s.wav,0,2018-01-23#2,gain,0.5,1.48,0.0919239,0.371568,0.0271567,0.1432,0.0469006,0.0634128,-0.570723,-2.81225,0.0323238,-1.2329,0.351243,-0.691659,-1.10915,0.971464,1.28661,2.81225
89,rec2018-01-23_12h04m50.656s.wav,0,2018-01-23#2,gain,0.707107,1.48,0.13,0.371568,0.0271567,0.143199,0.0469032,0.0634128,-0.570723,-1.64001,0.0323238,-1.2329,0.351204,-0.691458,-1.10915,0.803967,0.953799,1.64001
89,rec2018-01-23_12h04m50.656s.wav,0,2018-01-23#2,gain,1.41421,1.48,0.26,0.371568,0.0271567,0.143196,0.0469084,0.0634128,-0.570723,2.36226,0.0323238,-1.2329,0.351126,-0.691056,-1.10915,0.907077,1.15004,2.36226
89,rec2018-01-23_12h04m50.656s.wav,0,2018-01-23#2,gain,2,1.48,0.367695,0.371568,0.0271567,0.143195,0.046911,0.0634128,-0.570723,5.67785,0.0323238,-1.2329,0.351088,-0.690856,-1.10915,1.3807,2.26513,5.67785
89,rec2018-01-23_12h04m50.656s.wav,0,2018-01-23#2,noise,30,1.48,0.184059,0.381521,0.0279113,0.180605,0.0778801,0.0441668,-0.570723,0.0242733,0.377014,-1.15558,1.5574,1.68714,-2.32527,1.09963,1.33538,2.32527
89,rec2018-01-23_12h04m50.656s.wav,0,2018-01-23#2,noise,20,1.48,0.185715,0.393473,0.0345783,0.230783,0.100322,0.0444058,-0.570723,0.0752615,0.790906,-0.472464,3.17545,3.41035,-2.31017,1.54362,2.00823,3.41035
89,rec2018-01-23_12h04m50.656s.wav,0,2018-01-23#2,noise,10,1.48,0.197826,0.418106,0.0383901,0.324042,0.108443,0.0460604,-0.570723,0.448143,1.64394,-0.0818951,6.18266,4.03396,-2.20562,2.1667,2.99043,6.18266
89,rec2018-01-23_12h04m50.656s.wav,0,2018-01-23#2,tilt,-0.5,1.48,0.183465,0.323343,0.0223186,0.0825888,0.0297572,0.0707306,-0.570723,0.00601294,-1.63768,-1.72863,-1.60322,-2.00803,-0.646743,1.17158,1.36364,2.00803
89,rec2018-01-23_12h04m50.656s.wav,0,2018-01-23#2,tilt,0.5,1.48,0.184425,0.443967,0.0324781,0.190797,0.0538261,0.0422134,-0.570723,0.0355409,2.53951,-0.687655,1.88606,-0.159871,-2.4487,1.18972,1.55048,2.53951
89,rec2018-01-23_12h04m50.656s.wav,0,2018-01-23#2,tilt,0.9,1.48,0.184537,0.482601,0.0343559,0.158403,0.044385,0.0364668,-0.570723,0.039005,3.87739,-0.495254,0.841463,-0.884816,-2.81182,1.36007,1.88997,3.87739
90,rec2018-01-23_12h05m05.795s.wav,0,2018-01-23#2,identity,0,1.432,0.185439,0.35021,0.0436137,0.117037,0.0569432,0.101459,-0.726375,0.0667823,-0.707287,0.453332,-0.49239,0.0794803,1.29496,0.545801,0.67226,1.29496
90,rec2018-01-23_12h05m05.795s.wav,0,2018-01-23#2,gain,0.5,1.432,0.0927197,0.35021,0.0436137,0.117043,0.056935,0.101459,-0.726375,-2.78775,-0.707287,0.453332,-0.49221,0.0788496,1.29496,0.934395,1.24959,2.78775
90,rec2018-01-23_12h05m05.795s.wav,0,2018-01-23#2,gain,0.707107,1.432,0.131125,0.35021,0.0436137,0.11704,0.0569393,0.101459,-0.726375,-1.60537,-0.707287,0.453332,-0.492303,0.0791763,1.29496,0.765543,0.905234,1.60537
90,rec2018-01-23_12h05m05.795s.wav,0,2018-01-23#2,gain,1.41421,1.432,0.262251,0.35021,0.0436137,0.117037,0.0569445,0.101459,-0.726375,2.43156,-0.707287,0.453332,-0.492415,0.0795736,1.29496,0.883643,1.13839,2.43156
90,rec2018-01-23_12h05m05.795s.wav,0,2018-01-23#2,gain,2,1.432,0.370879,0.35021,0.0436137,0.117037,0.0569445,0.101459,-0.726375,5.77585,-0.707287,0.453332,-0.492415,0.0795739,1.29496,1.3614,2.28409,5.77585
90,rec2018-01-23_12h05m05.795s.wav,0,2018-01-23#2,noise,30,1.432,0.18619,0.378519,0.0462798,0.197701,0.126325,0.0650661,-0.726375,0.0899083,0.273041,0.726509,2.10869,5.40703,-1.00468,1.4766,2.26243,5.40703
90,rec2018-01-23_12h05m05.795s.wav,0,2018-01-23#2,noise,20,1.432,0.189313,0.390915,0.0522409,0.248255,0.1464,0.0712462,-0.726375,0.186054,0.702309,1.3373,3.73883,6.94853,-0.614165,2.03622,3.05852,6.94853
90,rec2018-01-23_12h05m05.795s.wav,0,2018-01-23#2,noise,10,1.432,0.205926,0.415123,0.0509006,0.32947,0.142934,0.0651014,-0.726375,0.697494,1.54065,1.19997,6.35768,6.68239,-1.00244,2.601,3.60371,6.68239
90,rec2018-01-23_12h05m05.795s.wav,0,2018-01-23#2,tilt,-0.5,1.432,0.184488,0.307057,0.0356495,0.0664069,0.0354889,0.0969269,-0.726375,0.0375039,-2.20168,-0.362706,-2.12502,-1.56791,1.00855,1.14711,1.38869,2.20168
90,rec2018-01-23_12h05m05.795s.wav,0,2018-01-23#2,tilt,0.5,1.432,0.18737,0.418838,0.0523465,0.165939,0.0678286,0.0958995,-0.726375,0.126233,1.6693,1.34812,1.08447,0.915323,0.943634,0.97335,1.07251,1.6693
90,rec2018-01-23_12h05m05.795s.wav,0,2018-01-23#2,tilt,0.9,1.432,0.188017,0.457808,0.0546943,0.144552,0.0549068,0.0918025,-0.726375,0.146153,3.0188,1.58868,0.394854,-0.0768933,0.684755,0.948073,1.35313,3.0188
91,rec2018-01-23_12h37m08.326s.wav,0,2018-01-23#3,identity,0,1.416,0.202811,0.373891,0.0533651,0.145823,0.0415329,0.04969,-0.843113,0.586844,0.124426,1.48759,0.496208,-1.07122,-1.84086,0.921464,1.07345,1.84086
91,rec2018-01-23_12h37m08.326s.wav,0,2018-01-23#3,gain,0.5,1.416,0.101405,0.373891,0.0533651,0.145823,0.0415329,0.04969,-0.843113,-2.68514,0.124426,1.48759,0.496208,-1.07122,-1.84086,1.22122,1.46051,2.68514
91,rec2018-01-23_12h37m08.326s.wav,0,2018-01-23#3,gain,0.707107,1.416,0.143409,0.373891,0.0533651,0.145823,0.0415328,0.04969,-0.843113,-1.32984,0.124426,1.48759,0.496208,-1.07122,-1.84086,1.02761,1.16436,1.84086
91,rec2018-01-23_12h37m08.326s.wav,0,2018-01-23#3,gain,1.41421,1.416,0.286818,0.373891,0.0533651,0.145823,0.0415328,0.04969,-0.843113,3.29744,0.124426,1.48759,0.496208,-1.07122,-1.84086,1.30869,1.62985,3.29744
91,rec2018-01-23_12h37m08.326s.wav,0,2018-01-23#3,gain,2,1.416,0.405622,0.373891,0.0533651,0.145823,0.0415329,0.04969,-0.843113,7.13081,0.124426,1.48759,0.496208,-1.07122,-1.84086,1.85632,2.89261,7.13081
91,rec2018-01-23_12h37m08.326s.wav,0,2018-01-23#3,noise,30,1.416,0.203158,0.37732,0.0442132,0.199411,0.107711,0.0477108,-0.843113,0.598043,0.240411,0.51257,2.29461,3.99268,-1.95828,1.49139,1.94314,3.99268
91,rec2018-01-23_12h37m08.326s.wav,0,2018-01-23#3,noise,20,1.416,0.205376,0.384844,0.0447959,0.241486,0.125074,0.0517113,-0.843113,0.669603,0.494878,0.574652,3.70663,5.32125,-1.72093,1.90444,2.58431,5.32125
91,rec2018-01-23_12h37m08.326s.wav,0,2018-01-23#3,noise,10,1.416,0.219194,0.406956,0.0417701,0.326199,0.122601,0.0474592,-0.843113,1.11547,1.24273,0.252283,6.54958,5.132,-1.97321,2.44406,3.30997,6.54958
91,rec2018-01-23_12h37m08.326s.wav,0,2018-01-23#3,tilt,-0.5,1.416,0.202092,0.322805,0.050097,0.0861781,0.0277225,0.0774499,-0.843113,0.563637,-1.60333,1.13941,-1.50547,-2.12796,-0.193846,1.13954,1.29448,2.12796
91,rec2018-01-23_12h37m08.326s.wav,0,2018-01-23#3,tilt,0.5,1.416,0.204152,0.450377,0.050046,0.196592,0.0560731,0.0305719,-0.843113,0.630099,2.71124,1.13399,2.19998,0.041381,-2.97514,1.50499,1.82982,2.97514
91,rec2018-01-23_12h37m08.326s.wav,0,2018-01-23#3,tilt,0.9,1.416,0.20462,0.49279,0.0458365,0.165454,0.0495005,0.0217137,-0.843113,0.645221,4.14568,0.68551,1.15501,-0.461541,-3.50071,1.63383,2.15757,4.14568
92,rec2018-01-23_12h37m25.023s.wav,0,2018-01-23#3,identity,0,1.608,0.174955,0.381526,0.0396498,0.152279,0.0700498,0.0836933,-0.168623,-0.311972,0.382667,0.0263911,0.712844,1.11086,0.17658,0.412848,0.540665,1.11086
92,rec2018-01-23_12h37m25.023s.wav,0,2018-01-23#3,gain,0.5,1.608,0.0874774,0.381526,0.0396498,0.152307,0.0701438,0.0836933,-0.168623,-3.13455,0.382667,0.0263911,0.713798,1.11806,0.17658,0.817238,1.29789,3.13455
92,rec2018-01-23_12h37m25.023s.wav,0,2018-01-23#3,gain,0.707107,1.608,0.123712,0.381526,0.0396498,0.152293,0.0700965,0.0836933,-0.168623,-1.9654,0.382667,0.0263911,0.713319,1.11443,0.17658,0.649631,0.911853,1.9654
92,rec2018-01-23_12h37m25.023s.wav,0,2018-01-23#3,gain,1.41421,1.608,0.247423,0.381526,0.0396498,0.152264,0.0700037,0.0836933,-0.168623,2.02633,0.382667,0.0263911,0.712369,1.10733,0.17658,0.657185,0.929394,2.02633
92,rec2018-01-23_12h37m25.023s.wav,0,2018-01-23#3,gain,2,1.608,0.34991,0.381526,0.0396498,0.15225,0.0699582,0.0836933,-0.168623,5.33318,0.382667,0.0263911,0.711899,1.10385,0.17658,1.12903,2.08309,5.33318
92,rec2018-01-23_12h37m25.023s.wav,0,2018-01-23#3,noise,30,1.608,0.175444,0.395263,0.0417227,0.206987,0.122088,0.0448622,-0.168623,-0.296197,0.847269,0.247233,2.54883,5.09275,-2.12729,1.61831,2.32542,5.09275
92,rec2018-01-23_12h37m25.023s.wav,0,2018-01-23#3,noise,20,1.608,0.177768,0.40506,0.0444586,0.254074,0.137298,0.0460572,-0.168623,-0.221197,1.17859,0.538708,4.12908,6.25659,-2.05639,2.07845,2.9804,6.25659
92,rec2018-01-23_12h37m25.023s.wav,0,2018-01-23#3,noise,10,1.608,0.191152,0.42548,0.0420263,0.334769,0.123542,0.0433076,-0.168623,0.210655,1.8692,0.279585,6.83719,5.20399,-2.21952,2.3984,3.43095,6.83719
92,rec2018-01-23_12h37m25.023s.wav,0,2018-01-23#3,tilt,-0.5,1.608,0.174366,0.327073,0.0327331,0.0925809,0.0485391,0.0849257,-0.168623,-0.33096,-1.45897,-0.710492,-1.2906,-0.535106,0.249699,0.677778,0.826843,1.45897
92,rec2018-01-23_12h37m25.023s.wav,0,2018-01-23#3,tilt,0.5,1.608,0.175705,0.460035,0.04637,0.185813,0.0702454,0.0694975,-0.168623,-0.287757,3.03788,0.74235,1.83825,1.12583,-0.665667,1.12377,1.46291,3.03788
92,rec2018-01-23_12h37m25.023s.wav,0,2018-01-23#3,tilt,0.9,1.608,0.1758,0.501765,0.0487813,0.148968,0.0537805,0.0639823,-0.168623,-0.284711,4.44922,0.999243,0.601758,-0.134041,-0.992887,1.09007,1.78363,4.44922
93,rec2018-01-23_12h37m39.981s.wav,0,2018-01-23#3,identity,0,1.464,0.184907,0.354282,0.0419501,0.114156,0.051789,0.0943576,-0.674491,0.00913436,-0.538734,0.271466,-0.566549,-0.286432,0.809298,0.450872,0.517816,0.809298
93,rec2018-01-23_12h37m39.981s.wav,0,2018-01-23#3,gain,0.5,1.464,0.0924533,0.354282,0.0419501,0.114172,0.0518055,0.0943576,-0.674491,-2.974,-0.538734,0.271466,-0.566017,-0.285164,0.809298,0.874167,1.23752,2.974
93,rec2018-01-23_12h37m39.981s.wav,0,2018-01-23#3,gain,0.707107,1.464,0.130749,0.354282,0.0419501,0.114163,0.051798,0.0943576,-0.674491,-1.73834,-0.538734,0.271466,-0.566311,-0.285743,0.809298,0.697769,0.836491,1.73834
93,rec2018-01-23_12h37m39.981s.wav,0,2018-01-23#3,gain,1.41421,1.464,0.261497,0.354282,0.0419501,0.11415,0.0517795,0.0943576,-0.674491,2.48044,-0.538734,0.271466,-0.56673,-0.287153,0.809298,0.804045,1.07105,2.48044
93,rec2018-01-23_12h37m39.981s.wav,0,2018-01-23#3,gain,2,1.464,0.369813,0.354282,0.0419501,0.114151,0.0517798,0.0943576,-0.674491,5.9754,-0.538734,0.271466,-0.566724,-0.287133,0.809298,1.30332,2.3171,5.9754
93,rec2018-01-23_12h37m39.981s.wav,0,2018-01-23#3,noise,30,1.464,0.185719,0.381997,0.0509592,0.213709,0.145373,0.0696908,-0.674491,0.0353518,0.398581,1.23127,2.77444,6.87453,-0.654197,1.80612,2.86645,6.87453
93,rec2018-01-23_12h37m39.981s.wav,0,2018-01-23#3,noise,20,1.464,0.18923,0.394621,0.0568898,0.259943,0.164424,0.071305,-0.674491,0.148642,0.825549,1.8631,4.32603,8.33224,-0.558423,2.38978,3.64657,8.33224
93,rec2018-01-23_12h37m39.981s.wav,0,2018-01-23#3,noise,10,1.464,0.206321,0.416793,0.0517996,0.333813,0.142894,0.0595194,-0.674491,0.700109,1.5754,1.3208,6.80509,6.6848,-1.25767,2.71691,3.73686,6.80509
93,rec2018-01-23_12h37m39.981s.wav,0,2018-01-23#3,tilt,-0.5,1.464,0.184402,0.308665,0.0352847,0.0647789,0.0312376,0.091994,-0.674491,-0.00714334,-2.08153,-0.438647,-2.22362,-1.85899,0.669066,1.13621,1.40551,2.22362
93,rec2018-01-23_12h37m39.981s.wav,0,2018-01-23#3,tilt,0.5,1.464,0.185816,0.425759,0.050122,0.159256,0.0650153,0.0920002,-0.674491,0.0384765,1.87865,1.14208,0.946989,0.725631,0.669432,0.867964,1.01147,1.87865
93,rec2018-01-23_12h37m39.981s.wav,0,2018-01-23#3,tilt,0.9,1.464,0.186056,0.466692,0.0527995,0.136087,0.0531449,0.0858738,-0.674491,0.0462305,3.26304,1.42733,0.169459,-0.182676,0.305948,0.867025,1.37827,3.26304
94,rec2018-01-23_12h37m54.913s.wav,0,2018-01-23#3,identity,0,1.464,0.16714,0.368855,0.0375684,0.125233,0.0705242,0.0862875,-0.674491,-0.564125,-0.0458782,-0.195347,-0.194813,1.14717,0.330495,0.450331,0.570289,1.14717
94,rec2018-01-23_12h37m54.913s.wav,0,2018-01-23#3,gain,0.5,1.464,0.0835701,0.368855,0.0375684,0.125295,0.0706897,0.0862875,-0.674491,-3.26063,-0.0458782,-0.195347,-0.192731,1.15982,0.330495,0.837056,1.34262,3.26063
94,rec2018-01-23_12h37m54.913s.wav,0,2018-01-23#3,gain,0.707107,1.464,0.118186,0.368855,0.0375684,0.125258,0.0705877,0.0862875,-0.674491,-2.1437,-0.0458782,-0.195347,-0.193961,1.15202,0.330495,0.676556,0.968404,2.1437
94,rec2018-01-23_12h37m54.913s.wav,0,2018-01-23#3,gain,1.41421,1.464,0.236372,0.368855,0.0375684,0.125225,0.0705092,0.0862875,-0.674491,1.66973,-0.0458782,-0.195347,-0.195056,1.14602,0.330495,0.608145,0.823219,1.66973
94,rec2018-01-23_12h37m54.913s.wav,0,2018-01-23#3,gain,2,1.464,0.33428,0.368855,0.0375684,0.125225,0.0705092,0.0862875,-0.674491,4.82888,-0.0458782,-0.195347,-0.195056,1.14601,0.330495,1.05945,1.90015,4.82888
94,rec2018-01-23_12h37m54.913s.wav,0,2018-01-23#3,noise,30,1.464,0.167752,0.392445,0.046346,0.209114,0.146809,0.0563247,-0.674491,-0.544374,0.751964,0.739792,2.62022,6.98437,-1.44721,1.96606,2.91806,6.98437
94,rec2018-01-23_12h37m54.913s.wav,0,2018-01-23#3,noise,20,1.464,0.170755,0.406624,0.0500511,0.259924,0.164462,0.0595377,-0.674491,-0.447477,1.23151,1.13452,4.3254,8.33518,-1.25659,2.48645,3.64931,8.33518
94,rec2018-01-23_12h37m54.913s.wav,0,2018-01-23#3,noise,10,1.464,0.186332,0.427903,0.0473747,0.335124,0.150776,0.0554348,-0.674491,0.0551369,1.95117,0.849386,6.84907,7.28794,-1.50001,2.73817,3.91445,7.28794
94,rec2018-01-23_12h37m54.913s.wav,0,2018-01-23#3,tilt,-0.5,1.464,0.166698,0.320841,0.0314373,0.0734096,0.0454707,0.0827243,-0.674491,-0.578397,-1.66973,-0.848541,-1.93398,-0.769899,0.11909,0.942018,1.11129,1.93398
94,rec2018-01-23_12h37m54.913s.wav,0,2018-01-23#3,tilt,0.5,1.464,0.167754,0.441316,0.0448423,0.163032,0.0755545,0.0766055,-0.674491,-0.544318,2.4048,0.579587,1.07372,1.53207,-0.243943,1.00756,1.22065,2.4048
94,rec2018-01-23_12h37m54.913s.wav,0,2018-01-23#3,tilt,0.9,1.464,0.167806,0.48073,0.0472332,0.135251,0.0571245,0.0689487,-0.674491,-0.542647,3.7378,0.834315,0.141412,0.121839,-0.698224,0.964389,1.50897,3.7378
95,rec2018-01-23_12h38m10.740s.wav,0,2018-01-23#3,identity,0,1.496,0.164249,0.381968,0.0485488,0.156662,0.0690014,0.0875045,-0.562076,-0.657406,0.397595,0.974475,0.859936,1.03064,0.402702,0.697833,0.738693,1.03064
95,rec2018-01-23_12h38m10.740s.wav,0,2018-01-23#3,gain,0.5,1.496,0.0821246,0.381968,0.0485488,0.156734,0.0690834,0.0875045,-0.562076,-3.30727,0.397595,0.974475,0.86235,1.03692,0.402702,1.07763,1.43141,3.30727
95,rec2018-01-23_12h38m10.740s.wav,0,2018-01-23#3,gain,0.707107,1.496,0.116142,0.381968,0.0485488,0.156695,0.0690381,0.0875045,-0.562076,-2.20966,0.397595,0.974475,0.861064,1.03345,0.402702,0.920146,1.08745,2.20966
95,rec2018-01-23_12h38m10.740s.wav,0,2018-01-23#3,gain,1.41421,1.496,0.232283,0.381968,0.0485488,0.156646,0.0690021,0.0875045,-0.562076,1.53781,0.397595,0.974475,0.859412,1.0307,0.402702,0.823538,0.90645,1.53781
95,rec2018-01-23_12h38m10.740s.wav,0,2018-01-23#3,gain,2,1.496,0.328498,0.381968,0.0485488,0.156637,0.0690037,0.0875045,-0.562076,4.64231,0.397595,0.974475,0.859097,1.03082,0.402702,1.26701,1.88746,4.64231
95,rec2018-01-23_12h38m10.740s.wav,0,2018-01-23#3,noise,30,1.496,0.16532,0.401646,0.0485156,0.241872,0.148654,0.0643307,-0.562076,-0.622868,1.06312,0.970939,3.71959,7.12557,-0.972211,2.14805,3.12435,7.12557
95,rec2018-01-23_12h38m10.740s.wav,0,2018-01-23#3,noise,20,1.496,0.168784,0.410811,0.0492551,0.280398,0.15348,0.0636504,-0.562076,-0.511078,1.37312,1.04972,5.01249,7.4948,-1.01258,2.43084,3.50279,7.4948
95,rec2018-01-23_12h38m10.740s.wav,0,2018-01-23#3,noise,10,1.496,0.18472,0.427919,0.0459864,0.350198,0.13804,0.0587449,-0.562076,0.00312524,1.9517,0.701478,7.35495,6.31335,-1.30362,2.59862,3.78475,7.35495
95,rec2018-01-23_12h38m10.740s.wav,0,2018-01-23#3,tilt,-0.5,1.496,0.163717,0.332102,0.040268,0.0977128,0.0518075,0.0889714,-0.562076,-0.674582,-1.28888,0.0922527,-1.11837,-0.285017,0.489732,0.644415,0.757112,1.28888
95,rec2018-01-23_12h38m10.740s.wav,0,2018-01-23#3,tilt,0.5,1.496,0.164935,0.453958,0.0554809,0.188536,0.0701469,0.0860748,-0.562076,-0.63529,2.83235,1.713,1.92962,1.11829,0.317874,1.30121,1.54694,2.83235
95,rec2018-01-23_12h38m10.740s.wav,0,2018-01-23#3,tilt,0.9,1.496,0.16501,0.492141,0.0571069,0.151163,0.055089,0.0829225,-0.562076,-0.632853,4.12374,1.88623,0.675395,-0.03392,0.130847,1.14929,1.76287,4.12374
96,rec2018-01-23_12h39m14.259s.wav,0,2018-01-23#3,identity,0,1.464,0.173419,0.376342,0.042673,0.14345,0.0689204,0.0824451,-0.674491,-0.36153,0.207336,0.348484,0.416545,1.02444,0.102525,0.447907,0.532323,1.02444
96,rec2018-01-23_12h39m14.259s.wav,0,2018-01-23#3,gain,0.5,1.464,0.0867095,0.376342,0.042673,0.143467,0.0689436,0.0824451,-0.674491,-3.15933,0.207336,0.348484,0.417115,1.02621,0.102525,0.847928,1.30046,3.15933
96,rec2018-01-23_12h39m14.259s.wav,0,2018-01-23#3,gain,0.707107,1.464,0.122626,0.376342,0.042673,0.143453,0.0689224,0.0824451,-0.674491,-2.00044,0.207336,0.348484,0.416674,1.0246,0.102525,0.682079,0.91457,2.00044
96,rec2018-01-23_12h39m14.259s.wav,0,2018-01-23#3,gain,1.41421,1.464,0.245251,0.376342,0.042673,0.14345,0.0689204,0.0824451,-0.674491,1.95624,0.207336,0.348484,0.416545,1.02444,0.102525,0.675724,0.900774,1.95624
96,rec2018-01-23_12h39m14.259s.wav,0,2018-01-23#3,gain,2,1.464,0.346838,0.376342,0.042673,0.14345,0.0689204,0.0824451,-0.674491,5.23407,0.207336,0.348484,0.416545,1.02444,0.102525,1.14398,2.0441,5.23407
96,rec2018-01-23_12h39m14.259s.wav,0,2018-01-23#3,noise,30,1.464,0.174291,0.393785,0.0500051,0.232814,0.147149,0.0681592,-0.674491,-0.333393,0.79728,1.12962,3.41559,7.01035,-0.745068,2.01511,3.02003,7.01035
96,rec2018-01-23_12h39m14.259s.wav,0,2018-01-23#3,noise,20,1.464,0.177644,0.403164,0.0517958,0.273023,0.155881,0.0674015,-0.674491,-0.225197,1.11448,1.3204,4.76498,7.67856,-0.790021,2.36688,3.50063,7.67856
96,rec2018-01-23_12h39m14.259s.wav,0,2018-01-23#3,noise,10,1.464,0.193553,0.422216,0.0454234,0.344493,0.135717,0.056461,-0.674491,0.288119,1.75883,0.6415,7.16352,6.13565,-1.43913,2.58589,3.68542,7.16352
96,rec2018-01-23_12h39m14.259s.wav,0,2018-01-23#3,tilt,-0.5,1.464,0.172984,0.329473,0.0384005,0.0861466,0.0456993,0.0853413,-0.674491,-0.375563,-1.37781,-0.106704,-1.50653,-0.752407,0.274356,0.72398,0.879671,1.50653
96,rec2018-01-23_12h39m14.259s.wav,0,2018-01-23#3,tilt,0.5,1.464,0.174009,0.445716,0.0467653,0.179058,0.072999,0.0783602,-0.674491,-0.342493,2.55363,0.784467,1.61155,1.33653,-0.139837,1.06328,1.31538,2.55363
96,rec2018-01-23_12h39m14.259s.wav,0,2018-01-23#3,tilt,0.9,1.464,0.174089,0.483121,0.0484408,0.144756,0.055835,0.0754151,-0.674491,-0.339901,3.81869,0.962967,0.460383,0.0231624,-0.314573,0.942023,1.53025,3.81869
97,rec2018-01-23_12h39m29.011s.wav,0,2018-01-23#3,identity,0,1.72,0.16224,0.380106,0.0372188,0.143449,0.0757451,0.0988452,0.22483,-0.722219,0.334647,-0.232596,0.41651,1.54666,1.07555,0.65043,0.798273,1.54666
97,rec2018-01-23_12h39m29.011s.wav,0,2018-01-23#3,gain,0.5,1.72,0.0811202,0.380106,0.0372188,0.143465,0.0757821,0.0988452,0.22483,-3.33967,0.334647,-0.232596,0.417078,1.54949,1.07555,1.02484,1.46881,3.33967
97,rec2018-01-23_12h39m29.011s.wav,0,2018-01-23#3,gain,0.707107,1.72,0.114721,0.380106,0.0372188,0.14345,0.0757431,0.0988452,0.22483,-2.25549,0.334647,-0.232596,0.416558,1.54651,1.07555,0.869453,1.13552,2.25549
97,rec2018-01-23_12h39m29.011s.wav,0,2018-01-23#3,gain,1.41421,1.72,0.229443,0.380106,0.0372188,0.143448,0.0757465,0.0988452,0.22483,1.44615,0.334647,-0.232596,0.416475,1.54677,1.07555,0.75386,0.928189,1.54677
97,rec2018-01-23_12h39m29.011s.wav,0,2018-01-23#3,gain,2,1.72,0.324481,0.380106,0.0372188,0.143447,0.0757474,0.0988452,0.22483,4.51269,0.334647,-0.232596,0.416454,1.54683,1.07555,1.19194,1.86333,4.51269
97,rec2018-01-23_12h39m29.011s.wav,0,2018-01-23#3,noise,30,1.72,0.162931,0.400888,0.0420466,0.217899,0.12623,0.0554529,0.22483,-0.699924,1.03751,0.281746,2.91505,5.40966,-1.49894,1.72395,2.44087,5.40966
97,rec2018-01-23_12h39m29.011s.wav,0,2018-01-23#3,noise,20,1.72,0.165788,0.412131,0.0438241,0.268384,0.141709,0.0549353,0.22483,-0.607744,1.41775,0.471109,4.60931,6.59416,-1.52965,2.20779,3.15596,6.59416
97,rec2018-01-23_12h39m29.011s.wav,0,2018-01-23#3,noise,10,1.72,0.18027,0.430844,0.0412453,0.343467,0.131608,0.049915,0.22483,-0.140474,2.05063,0.196375,7.12909,5.82124,-1.8275,2.48431,3.63248,7.12909
97,rec2018-01-23_12h39m29.011s.wav,0,2018-01-23#3,tilt,-0.5,1.72,0.161897,0.328773,0.026817,0.0866263,0.0506299,0.0896038,0.22483,-0.733315,-1.40147,-1.34078,-1.49043,-0.37512,0.527253,0.870458,0.999301,1.49043
97,rec2018-01-23_12h39m29.011s.wav,0,2018-01-23#3,tilt,0.5,1.72,0.162582,0.453622,0.0497901,0.176394,0.0792074,0.0987982,0.22483,-0.711209,2.82098,1.10671,1.52216,1.81159,1.07276,1.32432,1.53478,2.82098
97,rec2018-01-23_12h39m29.011s.wav,0,2018-01-23#3,tilt,0.9,1.72,0.162545,0.491501,0.0558703,0.141705,0.0600293,0.0936987,0.22483,-0.712403,4.10209,1.75449,0.357988,0.344109,0.770207,1.18087,1.74451,4.10209
98,rec2018-01-23_12h39m44.218s.wav,0,2018-01-23#3,identity,0,1.624,0.172859,0.372661,0.0398028,0.13095,0.0698505,0.0944859,-0.112415,-0.379601,0.0828542,0.0426931,-0.00295297,1.09561,0.81691,0.361863,0.538933,1.09561
98,rec2018-01-23_12h39m44.218s.wav,0,2018-01-23#3,gain,0.5,1.624,0.0864294,0.372661,0.0398028,0.131018,0.0700019,0.0944859,-0.112415,-3.16836,0.0828542,0.0426931,-0.000641602,1.1072,0.81691,0.761583,1.30675,3.16836
98,rec2018-01-23_12h39m44.218s.wav,0,2018-01-23#3,gain,0.707107,1.624,0.12223,0.372661,0.0398028,0.130981,0.0699182,0.0944859,-0.112415,-2.01322,0.0828542,0.0426931,-0.0018853,1.1008,0.81691,0.595825,0.922224,2.01322
98,rec2018-01-23_12h39m44.218s.wav,0,2018-01-23#3,gain,1.41421,1.624,0.244459,0.372661,0.0398028,0.130926,0.0697984,0.0944859,-0.112415,1.93069,0.0828542,0.0426931,-0.00375809,1.09162,0.81691,0.582992,0.895056,1.93069
98,rec2018-01-23_12h39m44.218s.wav,0,2018-01-23#3,gain,2,1.624,0.345718,0.372661,0.0398028,0.130905,0.069747,0.0944859,-0.112415,5.19793,0.0828542,0.0426931,-0.0044497,1.08769,0.81691,1.04928,2.03154,5.19793
98,rec2018-01-23_12h39m44.218s.wav,0,2018-01-23#3,noise,30,1.624,0.173558,0.39234,0.0485025,0.211115,0.145481,0.0629622,-0.112415,-0.357028,0.748406,0.969542,2.6874,6.88278,-1.05341,1.83014,2.86218,6.88278
98,rec2018-01-23_12h39m44.218s.wav,0,2018-01-23#3,noise,20,1.624,0.176585,0.403519,0.0513088,0.260516,0.157085,0.0585565,-0.112415,-0.259373,1.12649,1.26852,4.34528,7.77066,-1.3148,2.31393,3.4631,7.77066
98,rec2018-01-23_12h39m44.218s.wav,0,2018-01-23#3,noise,10,1.624,0.19217,0.424279,0.0480228,0.339553,0.145363,0.0530404,-0.112415,0.243498,1.82861,0.918432,6.99773,6.87372,-1.64207,2.6595,3.83912,6.99773
98,rec2018-01-23_12h39m44.218s.wav,0,2018-01-23#3,tilt,-0.5,1.624,0.171908,0.323977,0.032469,0.0793082,0.0505452,0.0959979,-0.112415,-0.410283,-1.56368,-0.738633,-1.73602,-0.381599,0.90662,0.835608,1.01087,1.73602
98,rec2018-01-23_12h39m44.218s.wav,0,2018-01-23#3,tilt,0.5,1.624,0.174303,0.444423,0.0496389,0.163328,0.0662152,0.0940225,-0.112415,-0.333017,2.50989,1.09061,1.08365,0.817443,0.789414,0.962349,1.19989,2.50989
98,rec2018-01-23_12h39m44.218s.wav,0,2018-01-23#3,tilt,0.9,1.624,0.174591,0.482616,0.0547952,0.13291,0.050254,0.0931568,-0.112415,-0.323696,3.8016,1.63994,0.0628519,-0.403886,0.738054,1.01178,1.60226,3.8016
99,rec2018-01-23_12h39m59.067s.wav,0,2018-01-23#3,identity,0,1.864,0.183788,0.368097,0.0346279,0.110927,0.047828,0.0969115,0.730698,-0.0269636,-0.0715291,-0.508624,-0.674896,-0.589522,0.960823,0.509008,0.600555,0.960823
99,rec2018-01-23_12h39m59.067s.wav,0,2018-01-23#3,gain,0.5,1.864,0.0918939,0.368097,0.0346279,0.110928,0.0478267,0.0969115,0.730698,-2.99205,-0.0715291,-0.508624,-0.674875,-0.589616,0.960823,0.932601,1.28042,2.99205
99,rec2018-01-23_12h39m59.067s.wav,0,2018-01-23#3,gain,0.707107,1.864,0.129958,0.368097,0.0346279,0.110928,0.0478274,0.0969115,0.730698,-1.76387,-0.0715291,-0.508624,-0.674887,-0.589566,0.960823,0.757142,0.897234,1.76387
99,rec2018-01-23_12h39m59.067s.wav,0,2018-01-23#3,gain,1.41421,1.864,0.259915,0.368097,0.0346279,0.110927,0.0478285,0.0969115,0.730698,2.42939,-0.0715291,-0.508624,-0.674906,-0.589478,0.960823,0.852207,1.09713,2.42939
99,rec2018-01-23_12h39m59.067s.wav,0,2018-01-23#3,gain,2,1.864,0.367576,0.368097,0.0346279,0.110927,0.0478291,0.0969115,0.730698,5.9032,-0.0715291,-0.508624,-0.674915,-0.589433,0.960823,1.34846,2.31059,5.9032
99,rec2018-01-23_12h39m59.067s.wav,0,2018-01-23#3,noise,30,1.864,0.184318,0.381656,0.0375881,0.16233,0.105886,0.0480607,0.730698,-0.00984258,0.387054,-0.19325,1.05016,3.85297,-1.93752,1.16593,1.70811,3.85297
99,rec2018-01-23_12h39m59.067s.wav,0,2018-01-23#3,noise,20,1.864,0.186925,0.395228,0.0438992,0.216224,0.130619,0.04908,0.730698,0.0742571,0.846059,0.479119,2.85885,5.74553,-1.87705,1.80165,2.56883,5.74553
99,rec2018-01-23_12h39m59.067s.wav,0,2018-01-23#3,noise,10,1.864,0.202085,0.419285,0.0445453,0.303805,0.136309,0.0515847,0.730698,0.563424,1.65971,0.547948,5.79804,6.18093,-1.72844,2.45846,3.35336,6.18093
99,rec2018-01-23_12h39m59.067s.wav,0,2018-01-23#3,tilt,-0.5,1.864,0.183364,0.317843,0.0265342,0.0645266,0.0339873,0.0898508,0.730698,-0.0406368,-1.77116,-1.37091,-2.23209,-1.64859,0.54191,1.19086,1.39108,2.23209
99,rec2018-01-23_12h39m59.067s.wav,0,2018-01-23#3,tilt,0.5,1.864,0.184508,0.442502,0.0449302,0.150371,0.0556721,0.0949115,0.730698,-0.00374163,2.44493,0.58896,0.648816,0.0107018,0.842162,0.752858,1.0683,2.44493
99,rec2018-01-23_12h39m59.067s.wav,0,2018-01-23#3,tilt,0.9,1.864,0.184701,0.481695,0.0500034,0.126512,0.0466257,0.0909909,0.730698,0.00248625,3.77044,1.12944,-0.151862,-0.681521,0.609551,1.01086,1.5531,3.77044
100,rec2018-01-23_12h40m15.223s.wav,0,2018-01-23#3,identity,0,1.608,0.165624,0.37914,0.0425531,0.154964,0.0863421,0.0987404,-0.168623,-0.613059,0.301978,0.335707,0.802977,2.35752,1.06933,0.807028,1.06599,2.35752
100,rec2018-01-23_12h40m15.223s.wav,0,2018-01-23#3,gain,0.5,1.608,0.0828118,0.37914,0.0425531,0.155079,0.0865739,0.0987404,-0.168623,-3.28509,0.301978,0.335707,0.806842,2.37527,1.06933,1.19183,1.62395,3.28509
100,rec2018-01-23_12h40m15.223s.wav,0,2018-01-23#3,gain,0.707107,1.608,0.117114,0.37914,0.0425531,0.155005,0.086409,0.0987404,-0.168623,-2.1783,0.301978,0.335707,0.804353,2.36265,1.06933,1.03156,1.32826,2.36265
100,rec2018-01-23_12h40m15.223s.wav,0,2018-01-23#3,gain,1.41421,1.608,0.234227,0.37914,0.0425531,0.154948,0.086326,0.0987404,-0.168623,1.60053,0.301978,0.335707,0.802417,2.35629,1.06933,0.947839,1.20318,2.35629
100,rec2018-01-23_12h40m15.223s.wav,0,2018-01-23#3,gain,2,1.608,0.331247,0.37914,0.0425531,0.154944,0.0863268,0.0987404,-0.168623,4.73101,0.301978,0.335707,0.802295,2.35636,1.06933,1.39504,2.06862,4.73101
100,rec2018-01-23_12h40m15.223s.wav,0,2018-01-23#3,noise,30,1.608,0.166611,0.402281,0.0503961,0.22188,0.154865,0.0649849,-0.168623,-0.581201,1.08461,1.17127,3.04865,7.60081,-0.933401,2.08408,3.18147,7.60081
100,rec2018-01-23_12h40m15.223s.wav,0,2018-01-23#3,noise,20,1.608,0.169916,0.411572,0.0511573,0.263764,0.152362,0.0589781,-0.168623,-0.474572,1.39884,1.25237,4.45427,7.40926,-1.28979,2.34968,3.38442,7.40926
100,rec2018-01-23_12h40m15.223s.wav,0,2018-01-23#3,noise,10,1.608,0.185531,0.428734,0.0479696,0.339115,0.137503,0.0553642,-0.168623,0.0292816,1.97928,0.912769,6.98301,6.27229,-1.5042,2.54992,3.68679,6.98301
100,rec2018-01-23_12h40m15.223s.wav,0,2018-01-23#3,tilt,-0.5,1.608,0.165089,0.324968,0.0314943,0.0945083,0.0602435,0.0945313,-0.168623,-0.630297,-1.53017,-0.842475,-1.22591,0.360498,0.819602,0.796796,0.908802,1.53017
100,rec2018-01-23_12h40m15.223s.wav,0,2018-01-23#3,tilt,0.5,1.608,0.166382,0.456907,0.0546454,0.187709,0.0859158,0.0983107,-0.168623,-0.58858,2.9321,1.62398,1.90188,2.32491,1.04384,1.51199,1.76155,2.9321
100,rec2018-01-23_12h40m15.223s.wav,0,2018-01-23#3,tilt,0.9,1.608,0.166527,0.498074,0.0597606,0.150276,0.0653333,0.095518,-0.168623,-0.583901,4.32438,2.16895,0.645652,0.749963,0.878146,1.35994,1.90954,4.32438
101,rec2018-01-23_12h40m30.209s.wav,0,2018-01-23#3,identity,0,1.576,0.186632,0.364754,0.0330891,0.110187,0.0497961,0.0875698,-0.281038,0.0648146,-0.184582,-0.672564,-0.699734,-0.438926,0.406575,0.392605,0.44995,0.699734
101,rec2018-01-23_12h40m30.209s.wav,0,2018-01-23#3,gain,0.5,1.576,0.0933161,0.364754,0.0330891,0.110189,0.0497932,0.0875698,-0.281038,-2.94616,-0.184582,-0.672564,-0.699682,-0.439148,0.406575,0.804249,1.20077,2.94616
101,rec2018-01-23_12h40m30.209s.wav,0,2018-01-23#3,gain,0.707107,1.576,0.131969,0.364754,0.0330891,0.110188,0.0497951,0.0875698,-0.281038,-1.69897,-0.184582,-0.672564,-0.699716,-0.439001,0.406575,0.626064,0.78372,1.69897
101,rec2018-01-23_12h40m30.209s.wav,0,2018-01-23#3,gain,1.41421,1.576,0.263938,0.364754,0.0330891,0.110187,0.0497968,0.0875698,-0.281038,2.55919,-0.184582,-0.672564,-0.699745,-0.438873,0.406575,0.748937,1.06653,2.55919
101,rec2018-01-23_12h40m30.209s.wav,0,2018-01-23#3,gain,2,1.576,0.373264,0.364754,0.0330891,0.110186,0.0497974,0.0875698,-0.281038,6.08676,-0.184582,-0.672564,-0.699756,-0.438823,0.406575,1.25287,2.34404,6.08676
101,rec2018-01-23_12h40m30.209s.wav,0,2018-01-23#3,noise,30,1.576,0.187233,0.383376,0.0422071,0.171035,0.121133,0.0475545,-0.281038,0.0841949,0.445236,0.29884,1.34229,5.01965,-1.96756,1.3484,2.11266,5.01965
101,rec2018-01-23_12h40m30.209s.wav,0,2018-01-23#3,noise,20,1.576,0.190026,0.395454,0.0475705,0.220517,0.141373,0.0540168,-0.281038,0.174313,0.853728,0.870247,3.00292,6.56842,-1.58414,1.90497,2.83516,6.56842
101,rec2018-01-23_12h40m30.209s.wav,0,2018-01-23#3,noise,10,1.576,0.205384,0.418143,0.046634,0.301978,0.138483,0.052585,-0.281038,0.669863,1.62107,0.770475,5.7367,6.34725,-1.66909,2.44221,3.37496,6.34725
101,rec2018-01-23_12h40m30.209s.wav,0,2018-01-23#3,tilt,-0.5,1.576,0.186128,0.316706,0.025174,0.0632179,0.0321131,0.0885914,-0.281038,0.0485398,-1.8096,-1.51582,-2.27601,-1.792,0.467187,1.17003,1.42746,2.27601
101,rec2018-01-23_12h40m30.209s.wav,0,2018-01-23#3,tilt,0.5,1.576,0.187604,0.436921,0.0428263,0.150501,0.0580901,0.0863974,-0.281038,0.0961569,2.25614,0.364811,0.653192,0.195723,0.337013,0.597725,0.917298,2.25614
101,rec2018-01-23_12h40m30.209s.wav,0,2018-01-23#3,tilt,0.9,1.576,0.187933,0.475282,0.0470591,0.126897,0.0474896,0.0826925,-0.281038,0.106783,3.55357,0.815767,-0.138946,-0.61541,0.117204,0.804103,1.40385,3.55357
102,rec2018-01-23_12h40m47.865s.wav,0,2018-01-23#3,identity,0,1.704,0.188601,0.359309,0.0402157,0.114472,0.0508353,0.0931751,0.168623,0.128342,-0.368718,0.0866892,-0.555944,-0.359402,0.73914,0.343837,0.409345,0.73914
102,rec2018-01-23_12h40m47.865s.wav,0,2018-01-23#3,gain,0.5,1.704,0.0943005,0.359309,0.0402157,0.114484,0.0508413,0.0931751,0.168623,-2.91439,-0.368718,0.0866892,-0.55552,-0.358948,0.73914,0.741718,1.17409,2.91439
102,rec2018-01-23_12h40m47.865s.wav,0,2018-01-23#3,gain,0.707107,1.704,0.133361,0.359309,0.0402157,0.114478,0.0508382,0.0931751,0.168623,-1.65405,-0.368719,0.0866896,-0.555732,-0.35918,0.73914,0.561733,0.745651,1.65405
102,rec2018-01-23_12h40m47.865s.wav,0,2018-01-23#3,gain,1.41421,1.704,0.266722,0.359309,0.0402157,0.114466,0.0508321,0.0931751,0.168623,2.64902,-0.368719,0.0866896,-0.556139,-0.359653,0.73914,0.703998,1.08062,2.64902
102,rec2018-01-23_12h40m47.865s.wav,0,2018-01-23#3,gain,2,1.704,0.377202,0.359309,0.0402157,0.114462,0.0508273,0.0931751,0.168623,6.21381,-0.368718,0.0866892,-0.556287,-0.360014,0.73914,1.21333,2.38354,6.21381
102,rec2018-01-23_12h40m47.865s.wav,0,2018-01-23#3,noise,30,1.704,0.189169,0.375229,0.0478874,0.179096,0.125851,0.0643334,0.168623,0.146669,0.169704,0.904013,1.61282,5.38068,-0.972052,1.33637,2.18416,5.38068
102,rec2018-01-23_12h40m47.865s.wav,0,2018-01-23#3,noise,20,1.704,0.192057,0.387229,0.0513637,0.229086,0.142178,0.0596734,0.168623,0.239862,0.575544,1.27437,3.29047,6.62998,-1.24853,1.9182,2.888,6.62998
102,rec2018-01-23_12h40m47.865s.wav,0,2018-01-23#3,noise,10,1.704,0.208167,0.410625,0.0492715,0.316016,0.142612,0.0531086,0.168623,0.759649,1.36682,1.05147,6.20781,6.66325,-1.63803,2.55081,3.56968,6.66325
102,rec2018-01-23_12h40m47.865s.wav,0,2018-01-23#3,tilt,-0.5,1.704,0.187945,0.313362,0.0347949,0.0664115,0.0358057,0.090711,0.168623,0.107173,-1.92268,-0.490832,-2.16883,-1.50945,0.592942,0.994362,1.27119,2.16883
102,rec2018-01-23_12h40m47.865s.wav,0,2018-01-23#3,tilt,0.5,1.704,0.189844,0.430005,0.0469157,0.159014,0.0591383,0.0928618,0.168623,0.168455,2.02227,0.800484,0.938871,0.275933,0.720554,0.727884,0.945966,2.02227
102,rec2018-01-23_12h40m47.865s.wav,0,2018-01-23#3,tilt,0.9,1.704,0.190228,0.468906,0.0504626,0.136477,0.050649,0.0891853,0.168623,0.180822,3.3379,1.17836,0.182533,-0.373663,0.502425,0.846333,1.36364,3.3379
103,rec2018-01-23_12h41m04.075s.wav,0,2018-01-23#3,identity,0,2.28,0.178833,0.386066,0.0368401,0.13261,0.0696996,0.0848315,2.19209,-0.186853,0.536201,-0.272939,0.0527879,1.08407,0.244107,0.652722,0.95915,2.19209
103,rec2018-01-23_12h41m04.075s.wav,0,2018-01-23#3,gain,0.5,2.28,0.0894163,0.386066,0.0368401,0.132611,0.0696991,0.0848315,2.19209,-3.07199,0.536201,-0.272939,0.0527979,1.08403,0.244107,1.06488,1.50437,3.07199
103,rec2018-01-23_12h41m04.075s.wav,0,2018-01-23#3,gain,0.707107,2.28,0.126454,0.386066,0.0368401,0.132611,0.0696994,0.0848315,2.19209,-1.87693,0.536201,-0.272939,0.0527909,1.08405,0.244107,0.894159,1.1909,2.19209
103,rec2018-01-23_12h41m04.075s.wav,0,2018-01-23#3,gain,1.41421,2.28,0.252907,0.386066,0.0368401,0.132611,0.0696996,0.0848315,2.19209,2.20327,0.536201,-0.272939,0.0527884,1.08407,0.244107,0.940782,1.26825,2.20327
103,rec2018-01-23_12h41m04.075s.wav,0,2018-01-23#3,gain,2,2.28,0.357665,0.386066,0.0368401,0.13261,0.0696996,0.0848315,2.19209,5.58342,0.536201,-0.272939,0.0527879,1.08407,0.244107,1.42366,2.317,5.58342
103,rec2018-01-23_12h41m04.075s.wav,0,2018-01-23#3,noise,30,2.28,0.179351,0.399647,0.0381804,0.178918,0.116038,0.0481543,2.19209,-0.170111,0.995532,-0.130151,1.60685,4.62984,-1.93197,1.66522,2.19063,4.62984
103,rec2018-01-23_12h41m04.075s.wav,0,2018-01-23#3,noise,20,2.28,0.181683,0.408605,0.0396552,0.22202,0.126042,0.0457778,2.19209,-0.0948736,1.29848,0.0269722,3.05333,5.39534,-2.07297,2.01915,2.65197,5.39534
103,rec2018-01-23_12h41m04.075s.wav,0,2018-01-23#3,noise,10,2.28,0.194999,0.427198,0.0383209,0.307889,0.124595,0.0451359,2.19209,0.334781,1.92732,-0.115185,5.9351,5.28458,-2.11105,2.55716,3.30052,5.9351
103,rec2018-01-23_12h41m04.075s.wav,0,2018-01-23#3,tilt,-0.5,2.28,0.178278,0.330697,0.0276615,0.080863,0.0517746,0.087096,2.19209,-0.204744,-1.33639,-1.25081,-1.68385,-0.287534,0.378461,1.0477,1.26823,2.19209
103,rec2018-01-23_12h41m04.075s.wav,0,2018-01-23#3,tilt,0.5,2.28,0.179578,0.464092,0.046878,0.161309,0.0649081,0.0764394,2.19209,-0.162809,3.1751,0.796474,1.01589,0.717424,-0.253796,1.18766,1.56564,3.1751
103,rec2018-01-23_12h41m04.075s.wav,0,2018-01-23#3,tilt,0.9,2.28,0.17971,0.503567,0.0510638,0.129435,0.0508125,0.0734534,2.19209,-0.158556,4.51017,1.24242,-0.053776,-0.361147,-0.430959,1.27845,1.96522,4.51017
104,rec2018-01-23_12h41m19.889s.wav,0,2018-01-23#3,identity,0,2.12,0.144964,0.418083,0.0451155,0.172888,0.0739013,0.0800411,1.63002,-1.27968,1.61904,0.608696,1.40448,1.40557,-0.0401082,1.14109,1.26695,1.63002
104,rec2018-01-23_12h41m19.889s.wav,0,2018-01-23#3,gain,0.5,2.12,0.0724818,0.418083,0.0451155,0.172936,0.073996,0.0800411,1.63002,-3.6184,1.61904,0.608696,1.40611,1.41282,-0.0401082,1.47646,1.80145,3.6184
104,rec2018-01-23_12h41m19.889s.wav,0,2018-01-23#3,gain,0.707107,2.12,0.102505,0.418083,0.0451155,0.172908,0.0739331,0.0800411,1.63002,-2.64967,1.61904,0.608696,1.40515,1.40801,-0.0401082,1.33724,1.54125,2.64967
104,rec2018-01-23_12h41m19.889s.wav,0,2018-01-23#3,gain,1.41421,2.12,0.205009,0.418083,0.0451155,0.172878,0.0738952,0.0800411,1.63002,0.657778,1.61904,0.608696,1.40417,1.40511,-0.0401082,1.05213,1.19696,1.63002
104,rec2018-01-23_12h41m19.889s.wav,0,2018-01-23#3,gain,2,2.12,0.289927,0.418083,0.0451155,0.172871,0.0738915,0.0800411,1.63002,3.39776,1.61904,0.608696,1.40391,1.40482,-0.0401082,1.44348,1.7378,3.39776
104,rec2018-01-23_12h41m19.889s.wav,0,2018-01-23#3,noise,30,2.12,0.145416,0.431547,0.0383048,0.217763,0.115735,0.0481605,1.63002,-1.2651,2.07441,-0.116901,2.91048,4.60667,-1.9316,2.07645,2.44942,4.60667
104,rec2018-01-23_12h41m19.889s.wav,0,2018-01-23#3,noise,20,2.12,0.147313,0.438867,0.0345216,0.260861,0.122855,0.045139,1.63002,-1.20388,2.32199,-0.519954,4.35684,5.15146,-2.11087,2.47072,2.92144,5.15146
104,rec2018-01-23_12h41m19.889s.wav,0,2018-01-23#3,noise,10,2.12,0.158207,0.452244,0.0318328,0.343283,0.111092,0.0443908,1.63002,-0.852358,2.7744,-0.806411,7.1229,4.25137,-2.15526,2.79896,3.48847,7.1229
104,rec2018-01-23_12h41m19.889s.wav,0,2018-01-23#3,tilt,-0.5,2.12,0.144368,0.360394,0.0361911,0.11456,0.052333,0.080158,1.63002,-1.29889,-0.332028,-0.342083,-0.552988,-0.244806,-0.0331725,0.633426,0.839912,1.63002
104,rec2018-01-23_12h41m19.889s.wav,0,2018-01-23#3,tilt,0.5,2.12,0.145327,0.49258,0.0523461,0.182849,0.07823,0.0719318,1.63002,-1.26797,4.13857,1.37903,1.73878,1.7368,-0.521237,1.7732,2.05655,4.13857
104,rec2018-01-23_12h41m19.889s.wav,0,2018-01-23#3,tilt,0.9,2.12,0.145264,0.527544,0.0539551,0.138536,0.0620635,0.0681836,1.63002,-1.27,5.32109,1.55044,0.251652,0.499765,-0.743619,1.60951,2.26318,5.32109
105,rec2018-01-23_12h41m54.714s.wav,0,2018-01-23#3,identity,0,1.688,0.176249,0.380962,0.0377172,0.15769,0.0559082,0.0724248,0.112415,-0.270205,0.363598,-0.179494,0.894462,0.028764,-0.491987,0.334418,0.429786,0.894462
105,rec2018-01-23_12h41m54.714s.wav,0,2018-01-23#3,gain,0.5,1.688,0.0881246,0.380962,0.0377172,0.157721,0.0559664,0.0724248,0.112415,-3.11367,0.363598,-0.179494,0.895482,0.0332177,-0.491987,0.741409,1.24883,3.11367
105,rec2018-01-23_12h41m54.714s.wav,0,2018-01-23#3,gain,0.707107,1.688,0.124627,0.380962,0.0377172,0.157701,0.0559289,0.0724248,0.112415,-1.93587,0.363598,-0.179494,0.894823,0.0303489,-0.491987,0.572648,0.842472,1.93587
105,rec2018-01-23_12h41m54.714s.wav,0,2018-01-23#3,gain,1.41421,1.688,0.249254,0.380962,0.0377172,0.157689,0.0559106,0.0724248,0.112415,2.08539,0.363598,-0.179494,0.894427,0.028951,-0.491987,0.593752,0.891933,2.08539
105,rec2018-01-23_12h41m54.714s.wav,0,2018-01-23#3,gain,2,1.688,0.352499,0.380962,0.0377172,0.157688,0.0559131,0.0724248,0.112415,5.41672,0.363598,-0.179494,0.894393,0.0291391,-0.491987,1.06968,2.08945,5.41672
105,rec2018-01-23_12h41m54.714s.wav,0,2018-01-23#3,noise,30,1.688,0.176971,0.3988,0.0406479,0.218931,0.132419,0.0552896,0.112415,-0.246933,0.966867,0.13273,2.9497,5.88329,-1.50862,1.68579,2.58058,5.88329
105,rec2018-01-23_12h41m54.714s.wav,0,2018-01-23#3,noise,20,1.688,0.179559,0.406583,0.0405174,0.254669,0.133258,0.0530036,0.112415,-0.163409,1.23012,0.118828,4.14903,5.94745,-1.64426,1.90936,2.84998,5.94745
105,rec2018-01-23_12h41m54.714s.wav,0,2018-01-23#3,noise,10,1.688,0.192977,0.425269,0.0359118,0.334063,0.117135,0.0469618,0.112415,0.269537,1.86207,-0.371842,6.81348,4.71378,-2.00272,2.30655,3.30249,6.81348
105,rec2018-01-23_12h41m54.714s.wav,0,2018-01-23#3,tilt,-0.5,1.688,0.175799,0.327978,0.0295274,0.0952221,0.0400622,0.0801463,0.112415,-0.284723,-1.42835,-1.05202,-1.20196,-1.18375,-0.0338643,0.756726,0.932565,1.42835
105,rec2018-01-23_12h41m54.714s.wav,0,2018-01-23#3,tilt,0.5,1.688,0.176716,0.457392,0.0443325,0.195042,0.055263,0.0628565,0.112415,-0.25514,2.94849,0.525282,2.14797,-0.0206049,-1.05968,1.00994,1.45329,2.94849
105,rec2018-01-23_12h41m54.714s.wav,0,2018-01-23#3,tilt,0.9,1.688,0.176707,0.497658,0.0449658,0.158168,0.0459665,0.0585246,0.112415,-0.255435,4.31034,0.592751,0.910478,-0.731958,-1.31669,1.17572,1.7771,4.31034
106,rec2018-01-23_12h42m11.121s.wav,0,2018-01-23#3,identity,0,1.592,0.186884,0.374253,0.0562611,0.12437,0.0449562,0.0576245,-0.22483,0.072945,0.13669,1.79612,-0.223769,-0.809265,-1.3701,0.661959,0.916729,1.79612
106,rec2018-01-23_12h42m11.121s.wav,0,2018-01-23#3,gain,0.5,1.592,0.0934421,0.374253,0.0562611,0.124372,0.0449543,0.0576245,-0.22483,-2.94209,0.13669,1.79612,-0.223688,-0.809408,-1.3701,1.07185,1.44091,2.94209
106,rec2018-01-23_12h42m11.121s.wav,0,2018-01-23#3,gain,0.707107,1.592,0.132147,0.374253,0.0562611,0.12437,0.0449562,0.0576245,-0.22483,-1.69322,0.13669,1.79612,-0.22377,-0.809265,-1.3701,0.893428,1.11768,1.79612
106,rec2018-01-23_12h42m11.121s.wav,0,2018-01-23#3,gain,1.41421,1.592,0.264294,0.374253,0.0562611,0.12437,0.0449562,0.0576245,-0.22483,2.57068,0.13669,1.79612,-0.22377,-0.809266,-1.3701,1.01878,1.33555,2.57068
106,rec2018-01-23_12h42m11.121s.wav,0,2018-01-23#3,gain,2,1.592,0.373768,0.374253,0.0562611,0.12437,0.0449562,0.0576245,-0.22483,6.10302,0.13669,1.79612,-0.223769,-0.809265,-1.3701,1.5234,2.48206,6.10302
106,rec2018-01-23_12h42m11.121s.wav,0,2018-01-23#3,noise,30,1.592,0.187405,0.385318,0.0596813,0.185454,0.118898,0.0581805,-0.22483,0.0897526,0.510898,2.16051,1.8262,4.84869,-1.33711,1.57114,2.19154,4.84869
106,rec2018-01-23_12h42m11.121s.wav,0,2018-01-23#3,noise,20,1.592,0.190205,0.395591,0.0598083,0.240515,0.141799,0.0649665,-0.22483,0.180085,0.858337,2.17403,3.67404,6.60102,-0.934494,2.09241,3.01168,6.60102
106,rec2018-01-23_12h42m11.121s.wav,0,2018-01-23#3,noise,10,1.592,0.206187,0.416969,0.0534414,0.32567,0.142118,0.0611602,-0.22483,0.695787,1.58136,1.49572,6.53181,6.62546,-1.16032,2.61647,3.64849,6.62546
106,rec2018-01-23_12h42m11.121s.wav,0,2018-01-23#3,tilt,-0.5,1.592,0.185939,0.327193,0.0525195,0.0746461,0.030644,0.0875339,-0.22483,0.0424393,-1.45492,1.3975,-1.89248,-1.90442,0.404442,1.04586,1.28141,1.90442
106,rec2018-01-23_12h42m11.121s.wav,0,2018-01-23#3,tilt,0.5,1.592,0.188495,0.444478,0.0535195,0.167665,0.0581321,0.0450192,-0.22483,0.124905,2.51173,1.50403,1.22921,0.19894,-2.11797,1.13023,1.44783,2.51173
106,rec2018-01-23_12h42m11.121s.wav,0,2018-01-23#3,tilt,0.9,1.592,0.189028,0.482379,0.049236,0.143296,0.0523911,0.0366187,-0.22483,0.142111,3.79359,1.04768,0.411387,-0.240359,-2.61638,1.21091,1.7981,3.79359
107,rec2018-01-23_12h50m45.316s.wav,0,2018-01-23#3,identity,0,1.272,0.171198,0.383203,0.0219486,0.0840914,0.0472669,0.0575898,-1.34898,-0.433199,0.439381,-1.85944,-1.5755,-0.632455,-1.37215,1.09444,1.22025,1.85944
107,rec2018-01-23_12h50m45.316s.wav,0,2018-01-23#3,gain,0.5,1.272,0.0855989,0.383203,0.0219486,0.0840914,0.0472669,0.0575898,-1.34898,-3.19516,0.439381,-1.85944,-1.5755,-0.632454,-1.37215,1.48901,1.70898,3.19516
107,rec2018-01-23_12h50m45.316s.wav,0,2018-01-23#3,gain,0.707107,1.272,0.121055,0.383203,0.0219486,0.0840914,0.0472669,0.0575898,-1.34898,-2.05112,0.439381,-1.85944,-1.5755,-0.632454,-1.37215,1.32558,1.43639,2.05112
107,rec2018-01-23_12h50m45.316s.wav,0,2018-01-23#3,gain,1.41421,1.272,0.24211,0.383203,0.0219486,0.0840914,0.0472669,0.0575898,-1.34898,1.85489,0.439381,-1.85944,-1.5755,-0.632454,-1.37215,1.29754,1.39775,1.85944
107,rec2018-01-23_12h50m45.316s.wav,0,2018-01-23#3,gain,2,1.272,0.342396,0.383203,0.0219486,0.0840914,0.0472669,0.0575898,-1.34898,5.09073,0.439381,-1.85944,-1.5755,-0.632454,-1.37215,1.75981,2.27253,5.09073
107,rec2018-01-23_12h50m45.316s.wav,0,2018-01-23#3,noise,30,1.272,0.171341,0.38602,0.0224121,0.102154,0.0685667,0.053327,-1.34898,-0.428571,0.534662,-1.81007,-0.969323,0.997375,-1.62507,1.10201,1.20362,1.81007
107,rec2018-01-23_12h50m45.316s.wav,0,2018-01-23#3,noise,20,1.272,0.172528,0.396171,0.0249533,0.141684,0.102818,0.0503179,-1.34898,-0.390267,0.877956,-1.53933,0.357308,3.61825,-1.8036,1.41939,1.756,3.61825
107,rec2018-01-23_12h50m45.316s.wav,0,2018-01-23#3,noise,10,1.272,0.18259,0.42515,0.0267425,0.236497,0.124492,0.0479057,-1.34898,-0.0656079,1.85805,-1.34872,3.53919,5.27668,-1.94672,2.19771,2.70593,5.27668
107,rec2018-01-23_12h50m45.316s.wav,0,2018-01-23#3,tilt,-0.5,1.272,0.171009,0.345952,0.0196787,0.0507515,0.0352991,0.0792448,-1.34898,-0.439281,-0.820483,-2.10128,-2.69438,-1.54822,-0.0873542,1.29142,1.5476,2.69438
107,rec2018-01-23_12h50m45.316s.wav,0,2018-01-23#3,tilt,0.5,1.272,0.17151,0.436727,0.0262144,0.104265,0.0549608,0.0232001,-1.34898,-0.423118,2.24959,-1.40498,-0.898489,-0.043729,-3.41252,1.39734,1.75205,3.41252
107,rec2018-01-23_12h50m45.316s.wav,0,2018-01-23#3,tilt,0.9,1.272,0.171607,0.463224,0.0297326,0.083849,0.0484053,0.0226225,-1.34898,-0.419982,3.14573,-1.03016,-1.58364,-0.545342,-3.44678,1.6458,1.98705,3.44678
108,rec2018-01-23_12h51m39.774s.wav,0,2018-01-23#3,identity,0,0.552,0.156828,0.385356,0.0217321,0.0485275,0.0204985,0.0326046,-3.87832,-0.896866,0.512207,-1.88251,-2.76902,-2.68074,-2.85454,2.2106,2.46849,3.87832
108,rec2018-01-23_12h51m39.774s.wav,0,2018-01-23#3,gain,0.5,0.552,0.0784139,0.385356,0.0217321,0.0485275,0.0204985,0.0326046,-3.87832,-3.427,0.512207,-1.88251,-2.76902,-2.68074,-2.85454,2.57205,2.767,3.87832
108,rec2018-01-23_12h51m39.774s.wav,0,2018-01-23#3,gain,0.707107,0.552,0.110894,0.385356,0.0217321,0.0485275,0.0204985,0.0326046,-3.87832,-2.37898,0.512207,-1.88251,-2.76902,-2.68074,-2.85454,2.42233,2.6052,3.87832
108,rec2018-01-23_12h51m39.774s.wav,0,2018-01-23#3,gain,1.41421,0.552,0.221788,0.385356,0.0217321,0.0485275,0.0204985,0.0326046,-3.87832,1.19916,0.512207,-1.88251,-2.76902,-2.68074,-2.85454,2.25379,2.48676,3.87832
108,rec2018-01-23_12h51m39.774s.wav,0,2018-01-23#3,gain,2,0.552,0.313656,0.385356,0.0217321,0.0485275,0.0204985,0.0326046,-3.87832,4.16339,0.512207,-1.88251,-2.76902,-2.68074,-2.85454,2.67725,2.90772,4.16339
108,rec2018-01-23_12h51m39.774s.wav,0,2018-01-23#3,noise,30,0.552,0.156888,0.38717,0.0221836,0.0560696,0.0204384,0.0328893,-3.87832,-0.894914,0.573548,-1.83441,-2.5159,-2.68534,-2.83765,2.1743,2.42397,3.87832
108,rec2018-01-23_12h51m39.774s.wav,0,2018-01-23#3,noise,20,0.552,0.157613,0.395181,0.0232249,0.080975,0.0248059,0.0254592,-3.87832,-0.871522,0.844492,-1.72347,-1.68009,-2.35114,-3.27848,2.08964,2.34775,3.87832
108,rec2018-01-23_12h51m39.774s.wav,0,2018-01-23#3,noise,10,0.552,0.165017,0.421763,0.0238532,0.18673,0.0527702,0.0234736,-3.87832,-0.632618,1.7435,-1.65654,1.86903,-0.211346,-3.39629,1.91252,2.27716,3.87832
108,rec2018-01-23_12h51m39.774s.wav,0,2018-01-23#3,tilt,-0.5,0.552,0.156465,0.349754,0.0195504,0.0287963,0.0124787,0.0912186,-3.87832,-0.908578,-0.691897,-2.11494,-3.43119,-3.2944,0.623057,2.13463,2.50237,3.87832
108,rec2018-01-23_12h51m39.774s.wav,0,2018-01-23#3,tilt,0.5,0.552,0.157473,0.435637,0.022277,0.0616129,0.0266861,0.0103386,-3.87832,-0.876035,2.21274,-1.82446,-2.32987,-2.20727,-4.1756,2.50061,2.7195,4.1756
108,rec2018-01-23_12h51m39.774s.wav,0,2018-01-23#3,tilt,0.9,0.552,0.157703,0.458299,0.0214303,0.050025,0.0223059,0.0100719,-3.87832,-0.868631,2.97919,-1.91466,-2.71876,-2.54244,-4.19142,2.72763,2.92186,4.19142
110,rec2018-01-23_12h52m08.363s.wav,0,2018-01-23#3,identity,0,0.776,0.169287,0.335011,0.0192968,0.0524794,0.0203263,0.0631785,-3.09142,-0.494866,-1.1905,-2.14196,-2.63639,-2.69391,-1.04058,1.89852,2.10773,3.09142
110,rec2018-01-23_12h52m08.363s.wav,0,2018-01-23#3,gain,0.5,0.776,0.0846433,0.335011,0.0192968,0.0524834,0.0203214,0.0631785,-3.09142,-3.226,-1.1905,-2.14196,-2.63626,-2.69429,-1.04058,2.28871,2.42785,3.226
110,rec2018-01-23_12h52m08.363s.wav,0,2018-01-23#3,gain,0.707107,0.776,0.119704,0.335011,0.0192968,0.0524809,0.0203245,0.0631785,-3.09142,-2.09472,-1.1905,-2.14196,-2.63634,-2.69405,-1.04058,2.12708,2.24375,3.09142
110,rec2018-01-23_12h52m08.363s.wav,0,2018-01-23#3,gain,1.41421,0.776,0.239407,0.335011,0.0192968,0.0524779,0.0203282,0.0631785,-3.09142,1.76768,-1.1905,-2.14196,-2.63644,-2.69377,-1.04058,2.08033,2.20314,3.09142
110,rec2018-01-23_12h52m08.363s.wav,0,2018-01-23#3,gain,2,0.776,0.338573,0.335011,0.0192968,0.0524764,0.02033,0.0631785,-3.09142,4.96739,-1.1905,-2.14196,-2.63649,-2.69363,-1.04058,2.53742,2.81645,4.96739
110,rec2018-01-23_12h52m08.363s.wav,0,2018-01-23#3,noise,30,0.776,0.169341,0.338504,0.0176104,0.0642822,0.0196805,0.060333,-3.09142,-0.49312,-1.07235,-2.32163,-2.24029,-2.74333,-1.2094,1.88165,2.08215,3.09142
110,rec2018-01-23_12h52m08.363s.wav,0,2018-01-23#3,noise,20,0.776,0.170191,0.351725,0.0168581,0.0952938,0.0355097,0.0614806,-3.09142,-0.465698,-0.625241,-2.40178,-1.19955,-1.5321,-1.14131,1.49387,1.73296,3.09142
110,rec2018-01-23_12h52m08.363s.wav,0,2018-01-23#3,noise,10,0.776,0.178931,0.392992,0.0243357,0.201843,0.0925441,0.0589822,-3.09142,-0.183666,0.770442,-1.60514,2.37622,2.8321,-1.28954,1.7355,2.00324,3.09142
110,rec2018-01-23_12h52m08.363s.wav,0,2018-01-23#3,tilt,-0.5,0.776,0.169417,0.30684,0.017814,0.0283921,0.0112374,0.0243049,-3.09142,-0.490667,-2.14326,-2.29994,-3.44475,-3.38938,-3.34697,2.60091,2.78356,3.44475
110,rec2018-01-23_12h52m08.363s.wav,0,2018-01-23#3,tilt,0.5,0.776,0.168821,0.382335,0.0201454,0.0818053,0.0352967,0.0438604,-3.09142,-0.509888,0.410015,-2.05155,-1.65222,-1.5484,-2.18673,1.63575,1.85561,3.09142
110,rec2018-01-23_12h52m08.363s.wav,0,2018-01-23#3,tilt,0.9,0.776,0.168456,0.40831,0.0202985,0.0741158,0.0397673,0.0341542,-3.09142,-0.521681,1.2885,-2.03524,-1.91028,-1.20631,-2.7626,1.83086,2.01309,3.09142
115,rec2018-01-23_12h52m40.101s.wav,0,2018-01-23#3,identity,0,0.936,0.240868,0.351733,0.0515038,0.14024,0.0699379,0.0642101,-2.52934,1.81481,-0.624948,1.28929,0.308818,1.1023,-0.979369,1.23555,1.4149,2.52934
115,rec2018-01-23_12h52m40.101s.wav,0,2018-01-23#3,gain,0.5,0.936,0.120434,0.351733,0.0515038,0.14024,0.0699379,0.0642101,-2.52934,-2.07116,-0.624948,1.28929,0.308818,1.1023,-0.979369,1.27218,1.46432,2.52934
115,rec2018-01-23_12h52m40.101s.wav,0,2018-01-23#3,gain,0.707107,0.936,0.170319,0.351733,0.0515038,0.14024,0.0699379,0.0642101,-2.52934,-0.461539,-0.624948,1.28929,0.308818,1.1023,-0.979369,1.04223,1.24974,2.52934
115,rec2018-01-23_12h52m40.101s.wav,0,2018-01-23#3,gain,1.41421,0.936,0.340639,0.351733,0.0515038,0.14024,0.0699379,0.0642101,-2.52934,5.03405,-0.624948,1.28929,0.308818,1.1023,-0.979369,1.69545,2.26973,5.03405
115,rec2018-01-23_12h52m40.101s.wav,0,2018-01-23#3,gain,2,0.936,0.481736,0.351733,0.0515038,0.14024,0.0699379,0.0642101,-2.52934,9.58674,-0.624948,1.28929,0.308818,1.1023,-0.979369,2.34583,3.82894,9.58674
115,rec2018-01-23_12h52m40.101s.wav,0,2018-01-23#3,noise,30,0.936,0.241133,0.354904,0.0522236,0.163081,0.0762231,0.0593751,-2.52934,1.82337,-0.517702,1.36598,1.07537,1.58324,-1.26623,1.45161,1.564,2.52934
115,rec2018-01-23_12h52m40.101s.wav,0,2018-01-23#3,noise,20,0.936,0.243184,0.366344,0.0546228,0.213005,0.0964955,0.0598126,-2.52934,1.88953,-0.130803,1.62158,2.7508,3.13445,-1.24028,1.89954,2.12282,3.13445
115,rec2018-01-23_12h52m40.101s.wav,0,2018-01-23#3,noise,10,0.936,0.261091,0.402849,0.0550582,0.329082,0.140143,0.0529687,-2.52934,2.46734,1.1038,1.66797,6.64632,6.47428,-1.64632,3.21934,3.87826,6.64632
115,rec2018-01-23_12h52m40.101s.wav,0,2018-01-23#3,tilt,-0.5,0.936,0.234137,0.305888,0.0477514,0.0806913,0.0435679,0.0711182,-2.52934,1.59763,-2.17547,0.889523,-1.68961,-0.915494,-0.569505,1.48094,1.6253,2.52934
115,rec2018-01-23_12h52m40.101s.wav,0,2018-01-23#3,tilt,0.5,0.936,0.261405,0.427357,0.047535,0.194693,0.0752387,0.0319351,-2.52934,2.47745,1.93269,0.866464,2.13628,1.50791,-2.89426,2.0492,2.14595,2.89426
115,rec2018-01-23_12h52m40.101s.wav,0,2018-01-23#3,tilt,0.9,0.936,0.27149,0.476699,0.0352056,0.182812,0.0500894,0.0236275,-2.52934,2.80286,3.60148,-0.447082,1.73754,-0.416478,-3.38716,2.13171,2.4521,3.60148
116,rec2018-01-23_12h52m40.101s.wav,1,2018-01-23#3,identity,0,1.912,0.115492,0.362606,0.04012,0.0338161,0.0179069,0.0807667,0.899321,-2.23062,-0.257208,0.0764917,-3.26273,-2.87904,0.00294226,1.37262,1.8819,3.26273
116,rec2018-01-23_12h52m40.101s.wav,1,2018-01-23#3,gain,0.5,1.912,0.0577461,0.362606,0.04012,0.0338161,0.0179069,0.0807667,0.899321,-4.09387,-0.257208,0.0764917,-3.26273,-2.87904,0.00294226,1.6388,2.28582,4.09387
116,rec2018-01-23_12h52m40.101s.wav,1,2018-01-23#3,gain,0.707107,1.912,0.0816653,0.362606,0.04012,0.0338161,0.0179069,0.0807667,0.899321,-3.32209,-0.257208,0.0764917,-3.26273,-2.87904,0.00294226,1.52855,2.09937,3.32209
116,rec2018-01-23_12h52m40.101s.wav,1,2018-01-23#3,gain,1.41421,1.912,0.163331,0.362606,0.04012,0.0338161,0.0179069,0.0807667,0.899321,-0.687046,-0.257208,0.0764917,-3.26273,-2.87904,0.00294226,1.15211,1.7024,3.26273
116,rec2018-01-23_12h52m40.101s.wav,1,2018-01-23#3,gain,2,1.912,0.230984,0.362606,0.04012,0.0338161,0.0179069,0.0807667,0.899321,1.49589,-0.257208,0.0764917,-3.26273,-2.87904,0.00294226,1.26766,1.77494,3.26273
116,rec2018-01-23_12h52m40.101s.wav,1,2018-01-23#3,noise,30,1.912,0.115614,0.365688,0.0387773,0.0528524,0.0550742,0.0847293,0.899321,-2.22667,-0.152974,-0.0665545,-2.62387,-0.0350474,0.238045,0.891784,1.34893,2.62387
116,rec2018-01-23_12h52m40.101s.wav,1,2018-01-23#3,noise,20,1.912,0.116492,0.378591,0.0355918,0.0903586,0.10153,0.092897,0.899321,-2.19836,0.283402,-0.405938,-1.36517,3.51967,0.722642,1.34207,1.718,3.51967
116,rec2018-01-23_12h52m40.101s.wav,1,2018-01-23#3,noise,10,1.912,0.123523,0.416992,0.0302075,0.191815,0.115512,0.0611782,0.899321,-1.97147,1.58215,-0.979561,2.03967,4.58954,-1.15926,1.88871,2.22731,4.58954
116,rec2018-01-23_12h52m40.101s.wav,1,2018-01-23#3,tilt,-0.5,1.912,0.115371,0.338853,0.0322296,0.0203325,0.0125835,0.0738832,0.899321,-2.23453,-1.06058,-0.764137,-3.71523,-3.28638,-0.405458,1.76652,2.14737,3.71523
116,rec2018-01-23_12h52m40.101s.wav,1,2018-01-23#3,tilt,0.5,1.912,0.115671,0.398669,0.045512,0.0425652,0.0206979,0.0793849,0.899321,-2.22485,0.96245,0.650943,-2.96911,-2.66547,-0.0790429,1.49303,1.81405,2.96911
116,rec2018-01-23_12h52m40.101s.wav,1,2018-01-23#3,tilt,0.9,1.912,0.115717,0.416447,0.0463876,0.0343961,0.0167246,0.066802,0.899321,-2.22337,1.5637,0.744222,-3.24326,-2.96951,-0.82559,1.78128,2.0273,3.24326
117,rec2018-01-23_12h53m35.233s.wav,0,2018-01-23#3,identity,0,0.824,0.215368,0.345411,0.0200198,0.136055,0.0298343,0.0614294,-2.92279,0.992007,-0.838771,-2.06493,0.168371,-1.96637,-1.14435,1.44251,1.67753,2.92279
117,rec2018-01-23_12h53m35.233s.wav,0,2018-01-23#3,gain,0.5,0.824,0.107684,0.345411,0.0200198,0.136055,0.0298343,0.0614294,-2.92279,-2.48256,-0.838771,-2.06493,0.168371,-1.96637,-1.14435,1.65545,1.8852,2.92279
117,rec2018-01-23_12h53m35.233s.wav,0,2018-01-23#3,gain,0.707107,0.824,0.152288,0.345411,0.0200198,0.136055,0.0298343,0.0614294,-2.92279,-1.04335,-0.838771,-2.06493,0.168371,-1.96637,-1.14435,1.44985,1.68198,2.92279
117,rec2018-01-23_12h53m35.233s.wav,0,2018-01-23#3,gain,1.41421,0.824,0.304576,0.345411,0.0200198,0.136055,0.0298343,0.0614294,-2.92279,3.87043,-0.838771,-2.06493,0.168371,-1.96637,-1.14435,1.85372,2.19398,3.87043
117,rec2018-01-23_12h53m35.233s.wav,0,2018-01-23#3,gain,2,0.824,0.430736,0.345411,0.0200198,0.136055,0.0298343,0.0614294,-2.92279,7.94114,-0.838771,-2.06493,0.168371,-1.96637,-1.14435,2.43525,3.41794,7.94114
117,rec2018-01-23_12h53m35.233s.wav,0,2018-01-23#3,noise,30,0.824,0.215446,0.346813,0.0203497,0.150617,0.0328894,0.0624955,-2.92279,0.994528,-0.791365,-2.02979,0.657088,-1.7326,-1.0811,1.45847,1.64232,2.92279
117,rec2018-01-23_12h53m35.233s.wav,0,2018-01-23#3,noise,20,0.824,0.216399,0.353977,0.0214856,0.185955,0.0404226,0.062231,-2.92279,1.02527,-0.549051,-1.90877,1.84301,-1.15617,-1.09679,1.50027,1.66798,2.92279
117,rec2018-01-23_12h53m35.233s.wav,0,2018-01-23#3,noise,10,0.824,0.226168,0.384414,0.0243149,0.284326,0.0612675,0.0461612,-2.92279,1.34048,0.480345,-1.60735,5.14431,0.438855,-2.05022,1.99777,2.50753,5.14431
117,rec2018-01-23_12h53m35.233s.wav,0,2018-01-23#3,tilt,-0.5,0.824,0.214665,0.306467,0.0163495,0.0759019,0.0181408,0.0423005,-2.92279,0.969346,-2.15588,-2.45596,-1.85034,-2.86114,-2.27928,2.21353,2.29804,2.92279
117,rec2018-01-23_12h53m35.233s.wav,0,2018-01-23#3,tilt,0.5,0.824,0.216212,0.410728,0.0233095,0.19608,0.037469,0.038111,-2.92279,1.01924,1.3703,-1.71446,2.1828,-1.38218,-2.52784,1.87423,1.98075,2.92279
117,rec2018-01-23_12h53m35.233s.wav,0,2018-01-23#3,tilt,0.9,0.824,0.216036,0.449465,0.02375,0.16899,0.0321536,0.028996,-2.92279,1.01358,2.6804,-1.66753,1.27369,-1.78891,-3.06864,2.05936,2.19656,3.06864
118,rec2018-01-23_12h54m08.620s.wav,0,2018-01-23#3,identity,0,1.304,0.154404,0.38017,0.0459915,0.153912,0.0632913,0.0826358,-1.23657,-0.975084,0.336787,0.702028,0.767657,0.59371,0.113839,0.675096,0.759784,1.23657
118,rec2018-01-23_12h54m08.620s.wav,0,2018-01-23#3,gain,0.5,1.304,0.0772018,0.38017,0.0459915,0.153931,0.0632857,0.0826358,-1.23657,-3.46611,0.336787,0.702028,0.768284,0.59328,0.113839,1.03098,1.46894,3.46611
118,rec2018-01-23_12h54m08.620s.wav,0,2018-01-23#3,gain,0.707107,1.304,0.10918,0.38017,0.0459915,0.153921,0.0632888,0.0826358,-1.23657,-2.43429,0.336787,0.702027,0.767961,0.593521,0.113839,0.88357,1.13491,2.43429
118,rec2018-01-23_12h54m08.620s.wav,0,2018-01-23#3,gain,1.41421,1.304,0.21836,0.38017,0.0459915,0.153903,0.0632934,0.0826358,-1.23657,1.08855,0.336787,0.702027,0.767356,0.593873,0.113839,0.691285,0.781462,1.23657
118,rec2018-01-23_12h54m08.620s.wav,0,2018-01-23#3,gain,2,1.304,0.308807,0.38017,0.0459915,0.153894,0.0632957,0.0826358,-1.23657,4.00696,0.336787,0.702028,0.76706,0.594051,0.113839,1.10818,1.6538,4.00696
118,rec2018-01-23_12h54m08.620s.wav,0,2018-01-23#3,noise,30,1.304,0.154953,0.392551,0.0514785,0.221015,0.124594,0.0873616,-1.23657,-0.957347,0.755525,1.2866,3.01961,5.28451,0.394223,1.84777,2.44573,5.28451
118,rec2018-01-23_12h54m08.620s.wav,0,2018-01-23#3,noise,20,1.304,0.15742,0.401816,0.0541386,0.272271,0.14742,0.0939131,-1.23657,-0.87776,1.0689,1.57,4.73976,7.0311,0.782928,2.47243,3.3471,7.0311
118,rec2018-01-23_12h54m08.620s.wav,0,2018-01-23#3,noise,10,1.304,0.170691,0.422392,0.0501938,0.352374,0.135292,0.075543,-1.23657,-0.449556,1.76479,1.14972,7.42798,6.10311,-0.306984,2.6341,3.75471,7.42798
118,rec2018-01-23_12h54m08.620s.wav,0,2018-01-23#3,tilt,-0.5,1.304,0.154544,0.336648,0.0377753,0.094544,0.0429223,0.0841269,-1.23657,-0.970564,-1.13513,-0.173312,-1.22472,-0.964897,0.202302,0.843926,0.945782,1.23657
118,rec2018-01-23_12h54m08.620s.wav,0,2018-01-23#3,tilt,0.5,1.304,0.155691,0.444953,0.0505249,0.185028,0.0725625,0.0646531,-1.23657,-0.933552,2.52779,1.185,1.8119,1.30313,-0.953088,1.42158,1.51582,2.52779
118,rec2018-01-23_12h54m08.620s.wav,0,2018-01-23#3,tilt,0.9,1.304,0.156326,0.480406,0.0499791,0.146571,0.0577881,0.0609512,-1.23657,-0.91305,3.72685,1.12686,0.521309,0.172617,-1.17272,1.26714,1.65611,3.72685
122,rec2018-01-23_12h55m02.432s.wav,0,2018-01-23#3,identity,0,1.048,0.18147,0.375021,0.0291482,0.152279,0.056098,0.0713719,-2.13589,-0.101758,0.162663,-1.09242,0.712845,0.043292,-0.554454,0.686189,0.971718,2.13589
122,rec2018-01-23_12h55m02.432s.wav,0,2018-01-23#3,gain,0.5,1.048,0.0907349,0.375021,0.0291482,0.152279,0.056098,0.0713719,-2.13589,-3.02944,0.162663,-1.09242,0.712845,0.0432918,-0.554454,1.10443,1.50128,3.02944
122,rec2018-01-23_12h55m02.432s.wav,0,2018-01-23#3,gain,0.707107,1.048,0.128319,0.375021,0.0291482,0.152279,0.056098,0.0713719,-2.13589,-1.81676,0.162663,-1.09242,0.712845,0.043292,-0.554454,0.931188,1.18923,2.13589
122,rec2018-01-23_12h55m02.432s.wav,0,2018-01-23#3,gain,1.41421,1.048,0.256637,0.375021,0.0291482,0.152279,0.056098,0.0713719,-2.13589,2.32362,0.162663,-1.09242,0.712845,0.043292,-0.554454,1.0036,1.30923,2.32362
122,rec2018-01-23_12h55m02.432s.wav,0,2018-01-23#3,gain,2,1.048,0.36294,0.375021,0.0291482,0.152279,0.056098,0.0713719,-2.13589,5.75361,0.162663,-1.09242,0.712845,0.0432918,-0.554454,1.4936,2.38158,5.75361
122,rec2018-01-23_12h55m02.432s.wav,0,2018-01-23#3,noise,30,1.048,0.181573,0.379045,0.0252504,0.175293,0.0628847,0.0604545,-2.13589,-0.0984143,0.298749,-1.50768,1.48519,0.5626,-1.20219,1.04153,1.24795,2.13589
122,rec2018-01-23_12h55m02.432s.wav,0,2018-01-23#3,noise,20,1.048,0.182699,0.38937,0.0292979,0.219271,0.0900619,0.0619823,-2.13589,-0.0620937,0.647961,-1.07647,2.9611,2.64216,-1.11155,1.5196,1.81774,2.9611
122,rec2018-01-23_12h55m02.432s.wav,0,2018-01-23#3,noise,10,1.048,0.192875,0.415789,0.033139,0.312613,0.101838,0.0507205,-2.13589,0.266248,1.54147,-0.667246,6.09361,3.54328,-1.77972,2.28964,2.93522,6.09361
122,rec2018-01-23_12h55m02.432s.wav,0,2018-01-23#3,tilt,-0.5,1.048,0.181132,0.334781,0.0234217,0.0929772,0.0379248,0.0669566,-2.13589,-0.11266,-1.19828,-1.7025,-1.27729,-1.3473,-0.816419,1.22719,1.36394,2.13589
122,rec2018-01-23_12h55m02.432s.wav,0,2018-01-23#3,tilt,0.5,1.048,0.18199,0.436845,0.0335175,0.179022,0.0556498,0.044922,-2.13589,-0.0849758,2.2536,-0.626927,1.61035,0.00899802,-2.12375,1.2635,1.565,2.2536
122,rec2018-01-23_12h55m02.432s.wav,0,2018-01-23#3,tilt,0.9,1.048,0.182125,0.47103,0.033886,0.139424,0.0409607,0.0372609,-2.13589,-0.0806129,3.40975,-0.587671,0.281443,-1.11499,-2.57828,1.45552,1.87122,3.40975
123,rec2018-01-23_12h55m27.681s.wav,0,2018-01-23#3,identity,0,1.24,0.151248,0.369892,0.0341017,0.140004,0.0673983,0.0769213,-1.4614,-1.07691,-0.0108182,-0.564681,0.300903,0.907978,-0.225207,0.649699,0.808886,1.4614
123,rec2018-01-23_12h55m27.681s.wav,0,2018-01-23#3,gain,0.5,1.24,0.075624,0.369892,0.0341017,0.140052,0.0674986,0.0769213,-1.4614,-3.51702,-0.0108182,-0.564681,0.302529,0.915647,-0.225207,0.999614,1.5026,3.51702
123,rec2018-01-23_12h55m27.681s.wav,0,2018-01-23#3,gain,0.707107,1.24,0.106948,0.369892,0.0341017,0.140026,0.0674457,0.0769213,-1.4614,-2.50629,-0.0108182,-0.564681,0.301663,0.911603,-0.225207,0.854523,1.1777,2.50629
123,rec2018-01-23_12h55m27.681s.wav,0,2018-01-23#3,gain,1.41421,1.24,0.213897,0.369892,0.0341017,0.139987,0.06736,0.0769213,-1.4614,0.944546,-0.0108182,-0.564681,0.300328,0.905041,-0.225207,0.630288,0.784387,1.4614
123,rec2018-01-23_12h55m27.681s.wav,0,2018-01-23#3,gain,2,1.24,0.302496,0.369892,0.0341017,0.13997,0.0673222,0.0769213,-1.4614,3.80331,-0.0108182,-0.564681,0.299756,0.902148,-0.225207,1.03819,1.59796,3.80331
123,rec2018-01-23_12h55m27.681s.wav,0,2018-01-23#3,noise,30,1.24,0.151727,0.381985,0.0451228,0.195187,0.130267,0.0921279,-1.4614,-1.06146,0.398193,0.609477,2.15284,5.71859,0.677008,1.72557,2.43744,5.71859
123,rec2018-01-23_12h55m27.681s.wav,0,2018-01-23#3,noise,20,1.24,0.153588,0.390286,0.0444905,0.232329,0.130587,0.0830408,-1.4614,-1.0014,0.678918,0.542116,3.39931,5.74312,0.137864,1.85202,2.63089,5.74312
123,rec2018-01-23_12h55m27.681s.wav,0,2018-01-23#3,noise,10,1.24,0.16442,0.413878,0.0390557,0.324119,0.118269,0.0601894,-1.4614,-0.651906,1.47682,-0.0368998,6.47977,4.80056,-1.21792,2.30361,3.19059,6.47977
123,rec2018-01-23_12h55m27.681s.wav,0,2018-01-23#3,tilt,-0.5,1.24,0.151148,0.328644,0.0286616,0.0838525,0.044258,0.0752416,-1.4614,-1.08013,-1.40583,-1.14426,-1.58352,-0.862688,-0.324863,1.12324,1.19196,1.58352
123,rec2018-01-23_12h55m27.681s.wav,0,2018-01-23#3,tilt,0.5,1.24,0.151227,0.433565,0.0381022,0.172351,0.0714961,0.0521072,-1.4614,-1.07758,2.14267,-0.13848,1.38647,1.22154,-1.69744,1.30365,1.42442,2.14267
123,rec2018-01-23_12h55m27.681s.wav,0,2018-01-23#3,tilt,0.9,1.24,0.151118,0.469142,0.0386827,0.137881,0.0549088,0.0479161,-1.4614,-1.0811,3.3459,-0.0766381,0.229662,-0.047703,-1.9461,1.16979,1.61898,3.3459
124,rec2018-01-23_12h55m53.736s.wav,0,2018-01-23#3,identity,0,0.984,0.193881,0.361317,0.0350858,0.160438,0.0561226,0.0745926,-2.36072,0.29872,-0.30081,-0.45984,0.986663,0.0451734,-0.363371,0.687899,1.00511,2.36072
124,rec2018-01-23_12h55m53.736s.wav,0,2018-01-23#3,gain,0.5,0.984,0.0969407,0.361317,0.0350858,0.160439,0.0561223,0.0745926,-2.36072,-2.8292,-0.30081,-0.45984,0.986713,0.0451466,-0.363371,1.0494,1.46322,2.8292
124,rec2018-01-23_12h55m53.736s.wav,0,2018-01-23#3,gain,0.707107,0.984,0.137095,0.361317,0.0350858,0.160438,0.0561226,0.0745926,-2.36072,-1.53358,-0.30081,-0.45984,0.986661,0.0451745,-0.363371,0.864307,1.15476,2.36072
124,rec2018-01-23_12h55m53.736s.wav,0,2018-01-23#3,gain,1.41421,0.984,0.27419,0.361317,0.0350858,0.160438,0.0561226,0.0745926,-2.36072,2.88997,-0.30081,-0.45984,0.986661,0.0451745,-0.363371,1.05808,1.48008,2.88997
124,rec2018-01-23_12h55m53.736s.wav,0,2018-01-23#3,gain,2,0.984,0.387763,0.361317,0.0350858,0.160438,0.0561226,0.0745926,-2.36072,6.55457,-0.30081,-0.45984,0.986664,0.0451737,-0.363371,1.58159,2.67114,6.55457
124,rec2018-01-23_12h55m53.736s.wav,0,2018-01-23#3,noise,30,0.984,0.194452,0.377284,0.0477167,0.216985,0.115353,0.084705,-2.36072,0.317135,0.239207,0.885824,2.88438,4.57742,0.236607,1.64304,2.26286,4.57742
124,rec2018-01-23_12h55m53.736s.wav,0,2018-01-23#3,noise,20,0.984,0.19665,0.384264,0.0494408,0.25074,0.116261,0.0825939,-2.36072,0.388063,0.475274,1.0695,4.0172,4.6469,0.111352,1.867,2.53087,4.6469
124,rec2018-01-23_12h55m53.736s.wav,0,2018-01-23#3,noise,10,0.984,0.209118,0.405873,0.0442201,0.330313,0.10611,0.0659544,-2.36072,0.790345,1.20609,0.513305,6.68763,3.87017,-0.875882,2.32916,3.1256,6.68763
124,rec2018-01-23_12h55m53.736s.wav,0,2018-01-23#3,tilt,-0.5,0.984,0.193846,0.318463,0.0282717,0.0942326,0.0355617,0.0653563,-2.36072,0.297584,-1.75015,-1.18579,-1.23516,-1.52812,-0.911365,1.32413,1.45514,2.36072
124,rec2018-01-23_12h55m53.736s.wav,0,2018-01-23#3,tilt,0.5,0.984,0.193465,0.429633,0.039135,0.208712,0.0609498,0.056438,-2.36072,0.28529,2.00966,-0.0284541,2.60674,0.414544,-1.44049,1.30656,1.63602,2.60674
124,rec2018-01-23_12h55m53.736s.wav,0,2018-01-23#3,tilt,0.9,0.984,0.193143,0.47035,0.0384348,0.17236,0.0471916,0.0496644,-2.36072,0.274895,3.38675,-0.103053,1.38679,-0.638216,-1.84237,1.42754,1.80689,3.38675
126,rec2018-01-23_12h56m34.401s.wav,0,2018-01-23#3,identity,0,1.08,0.191916,0.34956,0.0370925,0.14972,0.0622082,0.0666016,-2.02347,0.235294,-0.698433,-0.246057,0.626975,0.510835,-0.837483,0.739793,0.929945,2.02347
126,rec2018-01-23_12h56m34.401s.wav,0,2018-01-23#3,gain,0.5,1.08,0.0959579,0.34956,0.0370925,0.149777,0.0622269,0.0666016,-2.02347,-2.86092,-0.698433,-0.246057,0.628903,0.512266,-0.837483,1.11536,1.42362,2.86092
126,rec2018-01-23_12h56m34.401s.wav,0,2018-01-23#3,gain,0.707107,1.08,0.135705,0.34956,0.0370925,0.149744,0.0622185,0.0666016,-2.02347,-1.57842,-0.698433,-0.246057,0.627797,0.511623,-0.837483,0.931898,1.10139,2.02347
126,rec2018-01-23_12h56m34.401s.wav,0,2018-01-23#3,gain,1.41421,1.08,0.27141,0.34956,0.0370925,0.149699,0.0621997,0.0666016,-2.02347,2.80028,-0.698433,-0.246057,0.626282,0.510182,-0.837483,1.10603,1.40602,2.80028
126,rec2018-01-23_12h56m34.401s.wav,0,2018-01-23#3,gain,2,1.08,0.383831,0.34956,0.0370925,0.149679,0.0621915,0.0666016,-2.02347,6.42771,-0.698433,-0.246057,0.625597,0.509556,-0.837483,1.62404,2.59974,6.42771
126,rec2018-01-23_12h56m34.401s.wav,0,2018-01-23#3,noise,30,1.08,0.192649,0.367346,0.0515727,0.211972,0.130867,0.0843691,-2.02347,0.25894,-0.0969149,1.29663,2.71614,5.76452,0.216674,1.76761,2.57755,5.76452
126,rec2018-01-23_12h56m34.401s.wav,0,2018-01-23#3,noise,20,1.08,0.1953,0.377574,0.052294,0.254264,0.129179,0.0834241,-2.02347,0.344481,0.249005,1.37347,4.13546,5.63537,0.160607,1.98884,2.80425,5.63537
126,rec2018-01-23_12h56m34.401s.wav,0,2018-01-23#3,noise,10,1.08,0.210173,0.403021,0.0482818,0.343618,0.121648,0.0688786,-2.02347,0.824379,1.10963,0.946024,7.13416,5.05907,-0.702387,2.54273,3.46171,7.13416
126,rec2018-01-23_12h56m34.401s.wav,0,2018-01-23#3,tilt,-0.5,1.08,0.191058,0.307912,0.0315237,0.0848847,0.0387036,0.0611571,-2.02347,0.207618,-2.10703,-0.839338,-1.54888,-1.28771,-1.16051,1.31065,1.44843,2.10703
126,rec2018-01-23_12h56m34.401s.wav,0,2018-01-23#3,tilt,0.5,1.08,0.193381,0.418366,0.0404276,0.210388,0.0695975,0.0597835,-2.02347,0.282566,1.6286,0.109263,2.66299,1.07625,-1.242,1.28931,1.54138,2.66299
126,rec2018-01-23_12h56m34.401s.wav,0,2018-01-23#3,tilt,0.9,1.08,0.193528,0.46036,0.0384988,0.182626,0.0549563,0.0563727,-2.02347,0.287303,3.04889,-0.0962267,1.73131,-0.0440731,-1.44437,1.23938,1.62865,3.04889
127,rec2018-01-23_12h57m02.652s.wav,0,2018-01-23#3,identity,0,1.016,0.191209,0.374357,0.0277802,0.170754,0.0528053,0.0568719,-2.2483,0.212487,0.140188,-1.23816,1.33286,-0.20866,-1.41475,0.970773,1.22324,2.2483
127,rec2018-01-23_12h57m02.652s.wav,0,2018-01-23#3,gain,0.5,1.016,0.0956044,0.374357,0.0277802,0.170754,0.0528053,0.0568719,-2.2483,-2.87232,0.140188,-1.23816,1.33286,-0.20866,-1.41475,1.35075,1.63355,2.87232
127,rec2018-01-23_12h57m02.652s.wav,0,2018-01-23#3,gain,0.707107,1.016,0.135205,0.374357,0.0277802,0.170754,0.0528053,0.0568719,-2.2483,-1.59455,0.140188,-1.23816,1.33286,-0.208659,-1.41475,1.16821,1.36129,2.2483
127,rec2018-01-23_12h57m02.652s.wav,0,2018-01-23#3,gain,1.41421,1.016,0.27041,0.374357,0.0277802,0.170754,0.0528053,0.0568719,-2.2483,2.76803,0.140188,-1.23816,1.33286,-0.20866,-1.41475,1.33585,1.60762,2.76803
127,rec2018-01-23_12h57m02.652s.wav,0,2018-01-23#3,gain,2,1.016,0.382418,0.374357,0.0277802,0.170754,0.0528053,0.0568719,-2.2483,6.3821,0.140188,-1.23816,1.33286,-0.20866,-1.41475,1.85215,2.70345,6.3821
127,rec2018-01-23_12h57m02.652s.wav,0,2018-01-23#3,noise,30,1.016,0.191291,0.377254,0.0262759,0.190092,0.0489504,0.0500123,-2.2483,0.215134,0.238197,-1.39843,1.98187,-0.503631,-1.82173,1.20104,1.44487,2.2483
127,rec2018-01-23_12h57m02.652s.wav,0,2018-01-23#3,noise,20,1.016,0.192532,0.385813,0.0295901,0.235182,0.0699678,0.052278,-2.2483,0.255179,0.527639,-1.04534,3.49505,1.10459,-1.68731,1.48049,1.80371,3.49505
127,rec2018-01-23_12h57m02.652s.wav,0,2018-01-23#3,noise,10,1.016,0.204188,0.411067,0.0325434,0.336749,0.0879847,0.0492558,-2.2483,0.631268,1.38175,-0.730703,6.90364,2.48322,-1.86662,2.32079,3.0521,6.90364
127,rec2018-01-23_12h57m02.652s.wav,0,2018-01-23#3,tilt,-0.5,1.016,0.190575,0.330724,0.0230486,0.102285,0.0365903,0.0645935,-2.2483,0.192044,-1.33549,-1.74225,-0.964913,-1.44941,-0.95662,1.26986,1.40701,2.2483
127,rec2018-01-23_12h57m02.652s.wav,0,2018-01-23#3,tilt,0.5,1.016,0.192484,0.441252,0.0304036,0.209299,0.05474,0.0281345,-2.2483,0.25363,2.40264,-0.958671,2.62643,-0.0606245,-3.11975,1.66715,2.01585,3.11975
127,rec2018-01-23_12h57m02.652s.wav,0,2018-01-23#3,tilt,0.9,1.016,0.192968,0.478667,0.0300049,0.16822,0.0450972,0.0230754,-2.2483,0.269232,3.66804,-1.00115,1.24782,-0.798479,-3.41991,1.80756,2.1868,3.66804
128,rec2018-01-23_12h57m37.371s.wav,0,2018-01-23#3,identity,0,1.192,0.215393,0.338902,0.0421786,0.132307,0.0500327,0.0713531,-1.63002,0.992819,-1.05892,0.295812,0.0426122,-0.420815,-0.555571,0.713795,0.873337,1.63002
128,rec2018-01-23_12h57m37.371s.wav,0,2018-01-23#3,gain,0.5,1.192,0.107696,0.338902,0.0421786,0.132316,0.0500305,0.0713531,-1.63002,-2.48215,-1.05892,0.295812,0.0429083,-0.420988,-0.555571,0.926625,1.2256,2.48215
128,rec2018-01-23_12h57m37.371s.wav,0,2018-01-23#3,gain,0.707107,1.192,0.152306,0.338902,0.0421786,0.132307,0.0500328,0.0713531,-1.63002,-1.04277,-1.05892,0.295812,0.0426127,-0.420814,-0.555571,0.720932,0.881615,1.63002
128,rec2018-01-23_12h57m37.371s.wav,0,2018-01-23#3,gain,1.41421,1.192,0.304612,0.338902,0.0421786,0.132307,0.0500328,0.0713531,-1.63002,3.87158,-1.05892,0.295812,0.0426127,-0.420814,-0.555571,1.12505,1.66229,3.87158
128,rec2018-01-23_12h57m37.371s.wav,0,2018-01-23#3,gain,2,1.192,0.430786,0.338902,0.0421786,0.132307,0.0500327,0.0713531,-1.63002,7.94277,-1.05892,0.295812,0.0426127,-0.420815,-0.555571,1.70664,3.10393,7.94277
128,rec2018-01-23_12h57m37.371s.wav,0,2018-01-23#3,noise,30,1.192,0.215879,0.355221,0.0474796,0.179297,0.0973196,0.084659,-1.63002,1.00849,-0.506998,0.860559,1.61956,3.19751,0.233878,1.29386,1.58445,3.19751
128,rec2018-01-23_12h57m37.371s.wav,0,2018-01-23#3,noise,20,1.192,0.218295,0.367295,0.0535709,0.226071,0.122389,0.0927054,-1.63002,1.08645,-0.0986335,1.50951,3.18929,5.11581,0.711273,1.90586,2.47775,5.11581
128,rec2018-01-23_12h57m37.371s.wav,0,2018-01-23#3,noise,10,1.192,0.233765,0.395465,0.0535113,0.312434,0.130389,0.0762434,-1.63002,1.58561,0.854086,1.50316,6.08761,5.72792,-0.265428,2.52198,3.3402,6.08761
128,rec2018-01-23_12h57m37.371s.wav,0,2018-01-23#3,tilt,-0.5,1.192,0.214492,0.299945,0.0380719,0.0758768,0.039925,0.0634955,-1.63002,0.963737,-2.37645,-0.141709,-1.85118,-1.19424,-1.02177,1.3113,1.47117,2.37645
128,rec2018-01-23_12h57m37.371s.wav,0,2018-01-23#3,tilt,0.5,1.192,0.217138,0.405399,0.0426408,0.192376,0.0639968,0.0602238,-1.63002,1.04911,1.19008,0.345045,2.0585,0.647699,-1.21588,1.16233,1.27773,2.0585
128,rec2018-01-23_12h57m37.371s.wav,0,2018-01-23#3,tilt,0.9,1.192,0.217799,0.447816,0.0404917,0.170768,0.0607323,0.0581845,-1.63002,1.07046,2.62464,0.116092,1.33334,0.397904,-1.33687,1.21562,1.43569,2.62464
129,rec2018-02-01_17h36m45.706s.wav,0,2018-02-01#1,identity,0,1.48,0.170613,0.387421,0.0674274,0.135655,0.0515114,0.0921546,-0.518839,-0.45354,0.604458,3.13199,0.122565,-0.309722,0.67949,0.831516,1.26617,3.13199
129,rec2018-02-01_17h36m45.706s.wav,0,2018-02-01#1,gain,0.5,1.48,0.0853064,0.387421,0.0674274,0.135655,0.0515114,0.0921546,-0.518839,-3.37989,0.604458,3.13199,0.122565,-0.309722,0.67949,1.24957,1.79046,3.37989
129,rec2018-02-01_17h36m45.706s.wav,0,2018-02-01#1,gain,0.707107,1.48,0.120641,0.387421,0.0674274,0.135655,0.0515114,0.0921546,-0.518839,-2.16776,0.604458,3.13199,0.122565,-0.309722,0.67949,1.0764,1.49837,3.13199
129,rec2018-02-01_17h36m45.706s.wav,0,2018-02-01#1,gain,1.41421,1.48,0.241283,0.387421,0.0674274,0.135655,0.0515114,0.0921546,-0.518839,1.97073,0.604458,3.13199,0.122565,-0.309722,0.67949,1.04826,1.45898,3.13199
129,rec2018-02-01_17h36m45.706s.wav,0,2018-02-01#1,gain,2,1.48,0.341226,0.387421,0.0674274,0.135655,0.0515114,0.0921546,-0.518839,5.39917,0.604458,3.13199,0.122565,-0.309722,0.67949,1.53803,2.39546,5.39917
129,rec2018-02-01_17h36m45.706s.wav,0,2018-02-01#1,noise,30,1.48,0.170944,0.392824,0.056484,0.190558,0.0865752,0.0611657,-0.518839,-0.442165,0.797808,1.90906,1.98375,2.30005,-1.15316,1.30069,1.47846,2.30005
129,rec2018-02-01_17h36m45.706s.wav,0,2018-02-01#1,noise,20,1.48,0.173339,0.402534,0.0543188,0.25727,0.122448,0.054231,-0.518839,-0.360017,1.14529,1.66709,4.24525,4.97004,-1.56327,2.06711,2.66343,4.97004
129,rec2018-02-01_17h36m45.706s.wav,0,2018-02-01#1,noise,10,1.48,0.188477,0.421133,0.04943,0.346971,0.127219,0.0565493,-0.518839,0.159268,1.81089,1.12076,7.28607,5.32515,-1.42617,2.52102,3.55182,7.28607
129,rec2018-02-01_17h36m45.706s.wav,0,2018-02-01#1,tilt,-0.5,1.48,0.169757,0.3404,0.0639075,0.0839863,0.0332029,0.0921582,-0.518839,-0.482892,-1.07826,2.73865,-1.62896,-1.67241,0.679701,1.2571,1.46763,2.73865
129,rec2018-02-01_17h36m45.706s.wav,0,2018-02-01#1,tilt,0.5,1.48,0.172007,0.454805,0.0647971,0.171908,0.0733859,0.0865358,-0.518839,-0.405727,3.0159,2.83805,1.35153,1.31839,0.347202,1.39938,1.74312,3.0159
129,rec2018-02-01_17h36m45.706s.wav,0,2018-02-01#1,tilt,0.9,1.48,0.172495,0.49044,0.062478,0.140493,0.0629563,0.0854546,-0.518839,-0.388979,4.29114,2.5789,0.286602,0.542116,0.283261,1.26998,1.92507,4.29114
130,rec2018-02-01_17h40m59.475s.wav,0,2018-02-01#1,identity,0,1.464,0.179191,0.361486,0.0284867,0.153491,0.0646198,0.0919979,-0.570723,-0.159263,-0.32365,-1.21967,0.727222,0.66593,0.670221,0.619525,0.69333,1.21967
130,rec2018-02-01_17h40m59.475s.wav,0,2018-02-01#1,gain,0.5,1.464,0.0895956,0.361486,0.0284867,0.15353,0.0646948,0.0919979,-0.570723,-3.23275,-0.32365,-1.21967,0.728529,0.671515,0.670221,1.05958,1.40406,3.23275
130,rec2018-02-01_17h40m59.475s.wav,0,2018-02-01#1,gain,0.707107,1.464,0.126707,0.361486,0.0284867,0.153508,0.0646531,0.0919979,-0.570723,-1.95967,-0.32365,-1.21967,0.727788,0.668411,0.670221,0.877162,1.01306,1.95967
130,rec2018-02-01_17h40m59.475s.wav,0,2018-02-01#1,gain,1.41421,1.464,0.253415,0.361486,0.0284867,0.153481,0.0645932,0.0919979,-0.570723,2.3869,-0.32365,-1.21967,0.726867,0.663947,0.670221,0.937425,1.13602,2.3869
130,rec2018-02-01_17h40m59.475s.wav,0,2018-02-01#1,gain,2,1.464,0.358383,0.361486,0.0284867,0.153471,0.0645659,0.0919979,-0.570723,5.98772,-0.32365,-1.21967,0.726538,0.661918,0.670221,1.45149,2.36601,5.98772
130,rec2018-02-01_17h40m59.475s.wav,0,2018-02-01#1,noise,30,1.464,0.180133,0.383983,0.0485676,0.232901,0.150028,0.0805583,-0.570723,-0.126966,0.481428,1.02439,3.41916,7.02284,-0.0063004,1.8074,2.99127,7.02284
130,rec2018-02-01_17h40m59.475s.wav,0,2018-02-01#1,noise,20,1.464,0.183362,0.392131,0.050319,0.269551,0.146185,0.0744832,-0.570723,-0.0161829,0.773008,1.22012,4.66155,6.73675,-0.365574,2.04913,3.15458,6.73675
130,rec2018-02-01_17h40m59.475s.wav,0,2018-02-01#1,noise,10,1.464,0.198846,0.41187,0.0454998,0.347992,0.128331,0.0608531,-0.570723,0.514957,1.47939,0.681565,7.32065,5.40794,-1.17165,2.44955,3.53462,7.32065
130,rec2018-02-01_17h40m59.475s.wav,0,2018-02-01#1,tilt,-0.5,1.464,0.178992,0.31559,0.0212187,0.0896842,0.0407694,0.0812791,-0.570723,-0.166099,-1.96611,-2.03187,-1.4358,-1.10924,0.0363281,1.04517,1.28956,2.03187
130,rec2018-02-01_17h40m59.475s.wav,0,2018-02-01#1,tilt,0.5,1.464,0.179501,0.432226,0.0389308,0.198373,0.0738952,0.0819984,-0.570723,-0.148637,2.20786,-0.0525267,2.24868,1.3563,0.0788619,0.95194,1.31625,2.24868
130,rec2018-02-01_17h40m59.475s.wav,0,2018-02-01#1,tilt,0.9,1.464,0.179579,0.472575,0.0447651,0.161687,0.058357,0.0779253,-0.570723,-0.145977,3.65183,0.599456,1.00504,0.199795,-0.162015,0.904977,1.46962,3.65183
131,rec2018-02-02_00h11m42.617s.wav,0,2018-02-01#4,identity,0,1.544,0.180462,0.360152,0.0387042,0.134771,0.0584758,0.106616,-0.296776,-0.115668,-0.371386,-0.0776014,0.0850548,0.208637,1.53473,0.384264,0.615462,1.53473
131,rec2018-02-02_00h11m42.617s.wav,0,2018-02-01#4,gain,0.5,1.544,0.0902311,0.360152,0.0387042,0.134776,0.0584693,0.106616,-0.296776,-3.21096,-0.371386,-0.0776014,0.0852302,0.208155,1.53473,0.826405,1.36006,3.21096
131,rec2018-02-02_00h11m42.617s.wav,0,2018-02-01#4,gain,0.707107,1.544,0.127606,0.360152,0.0387042,0.134772,0.0584737,0.106616,-0.296776,-1.92885,-0.371386,-0.0776014,0.0851179,0.208476,1.53473,0.643276,0.953083,1.92885
131,rec2018-02-02_00h11m42.617s.wav,0,2018-02-01#4,gain,1.41421,1.544,0.255212,0.360152,0.0387042,0.134769,0.058478,0.106616,-0.296776,2.44855,-0.371386,-0.0776014,0.0849916,0.208797,1.53473,0.717547,1.11058,2.44855
131,rec2018-02-02_00h11m42.617s.wav,0,2018-02-01#4,gain,2,1.544,0.360924,0.360152,0.0387042,0.134767,0.0584801,0.106616,-0.296776,6.07491,-0.371386,-0.0776014,0.084928,0.208957,1.53473,1.23561,2.37676,6.07491
131,rec2018-02-02_00h11m42.617s.wav,0,2018-02-01#4,noise,30,1.544,0.180941,0.385462,0.0417586,0.210093,0.119965,0.0779188,-0.296776,-0.0992321,0.534352,0.262634,2.61818,4.78523,-0.162395,1.25126,2.07819,4.78523
131,rec2018-02-02_00h11m42.617s.wav,0,2018-02-01#4,noise,20,1.544,0.18352,0.397235,0.0479836,0.257896,0.141469,0.0719032,-0.296776,-0.010767,0.95567,0.956044,4.22584,6.38576,-0.518152,1.907,2.94763,6.38576
131,rec2018-02-02_00h11m42.617s.wav,0,2018-02-01#4,noise,10,1.544,0.197942,0.419696,0.0449699,0.336129,0.125661,0.0579717,-0.296776,0.483959,1.75946,0.620344,6.85684,5.20918,-1.34205,2.36694,3.37545,6.85684
131,rec2018-02-02_00h11m42.617s.wav,0,2018-02-01#4,tilt,-0.5,1.544,0.180104,0.315573,0.0288456,0.0785996,0.0380724,0.0928013,-0.296776,-0.127957,-1.96673,-1.17577,-1.80401,-1.30998,0.717735,1.05699,1.24445,1.96673
131,rec2018-02-02_00h11m42.617s.wav,0,2018-02-01#4,tilt,0.5,1.544,0.181217,0.428234,0.048811,0.178609,0.068733,0.0916136,-0.296776,-0.0897683,2.065,1.0482,1.55936,0.972076,0.647496,0.954098,1.14984,2.065
131,rec2018-02-02_00h11m42.617s.wav,0,2018-02-01#4,tilt,0.9,1.544,0.181435,0.465889,0.0525101,0.148442,0.0540166,0.0855982,-0.296776,-0.0823093,3.41256,1.46025,0.544825,-0.12326,0.291751,0.887391,1.42778,3.41256
132,rec2018-02-02_00h27m33.111s.wav,0,2018-02-01#4,identity,0,1.816,0.181608,0.384498,0.0501821,0.126376,0.0508375,0.0888509,0.620531,-0.0763588,0.499877,1.20093,-0.197261,-0.359877,0.484114,0.491279,0.595914,1.20093
132,rec2018-02-02_00h27m33.111s.wav,0,2018-02-01#4,gain,0.5,1.816,0.090804,0.384498,0.0501821,0.12638,0.0508314,0.0888509,0.620531,-3.1913,0.499877,1.20093,-0.197114,-0.360332,0.484114,0.936314,1.34508,3.1913
132,rec2018-02-02_00h27m33.111s.wav,0,2018-02-01#4,gain,0.707107,1.816,0.128416,0.384498,0.0501821,0.126378,0.0508351,0.0888509,0.620531,-1.90105,0.499877,1.20093,-0.197201,-0.360059,0.484114,0.751966,0.933049,1.90105
132,rec2018-02-02_00h27m33.111s.wav,0,2018-02-01#4,gain,1.41421,1.816,0.256833,0.384498,0.0501821,0.126374,0.05084,0.0888509,0.620531,2.50415,0.499877,1.20093,-0.197322,-0.359695,0.484114,0.838088,1.11807,2.50415
132,rec2018-02-02_00h27m33.111s.wav,0,2018-02-01#4,gain,2,1.816,0.363216,0.384498,0.0501821,0.126373,0.0508417,0.0888509,0.620531,6.15353,0.499877,1.20093,-0.197363,-0.35957,0.484114,1.35942,2.40076,6.15353
132,rec2018-02-02_00h27m33.111s.wav,0,2018-02-01#4,noise,30,1.816,0.181932,0.393053,0.0440398,0.17197,0.0730639,0.0557893,0.620531,-0.0652353,0.806019,0.516737,1.33609,1.29442,-1.47111,0.872878,0.995047,1.47111
132,rec2018-02-02_00h27m33.111s.wav,0,2018-02-01#4,noise,20,1.816,0.184094,0.401745,0.0428389,0.229723,0.12288,0.0539175,0.620531,0.00892068,1.11708,0.38297,3.27834,5.00222,-1.58181,1.71313,2.392,5.00222
132,rec2018-02-02_00h27m33.111s.wav,0,2018-02-01#4,noise,10,1.816,0.197339,0.422004,0.0390701,0.313641,0.116379,0.0514406,0.620531,0.463275,1.84206,-0.0368407,6.10058,4.5183,-1.72829,2.18712,3.03817,6.10058
132,rec2018-02-02_00h27m33.111s.wav,0,2018-02-01#4,tilt,-0.5,1.816,0.181306,0.339064,0.0479191,0.0759313,0.0309377,0.0891047,0.620531,-0.0867202,-1.12606,0.948852,-1.89374,-1.84101,0.499125,1.00229,1.18235,1.89374
132,rec2018-02-02_00h27m33.111s.wav,0,2018-02-01#4,tilt,0.5,1.816,0.182012,0.449663,0.052221,0.159733,0.0646098,0.0875763,0.620531,-0.0624841,2.83187,1.42805,0.924567,0.665182,0.408737,0.991631,1.3045,2.83187
132,rec2018-02-02_00h27m33.111s.wav,0,2018-02-01#4,tilt,0.9,1.816,0.182093,0.482821,0.0536871,0.129309,0.0523591,0.0864201,0.620531,-0.0597346,4.01849,1.59135,-0.0986315,-0.246627,0.340358,0.996533,1.65856,4.01849
137,rec2018-02-02_01h32m24.455s.wav,0,2018-02-02#1,identity,0,0.584,0.193562,0.352701,0.0212018,0.136154,0.0588588,0.0612518,-3.7097,0.329818,-0.638142,-2.05641,0.155622,0.241984,-1.16278,1.18492,1.68784,3.7097
137,rec2018-02-02_01h32m24.455s.wav,0,2018-02-02#1,gain,0.5,0.584,0.0967808,0.352701,0.0212018,0.136154,0.0588588,0.0612518,-3.7097,-2.94145,-0.638142,-2.05641,0.155623,0.241984,-1.16278,1.55801,2.01724,3.7097
137,rec2018-02-02_01h32m24.455s.wav,0,2018-02-02#1,gain,0.707107,0.584,0.136869,0.352701,0.0212018,0.136154,0.0588588,0.0612518,-3.7097,-1.58645,-0.638142,-2.05641,0.155622,0.241984,-1.16278,1.36444,1.78684,3.7097
137,rec2018-02-02_01h32m24.455s.wav,0,2018-02-02#1,gain,1.41421,0.584,0.273738,0.352701,0.0212018,0.136154,0.0588588,0.0612518,-3.7097,3.03983,-0.638142,-2.05641,0.155622,0.241984,-1.16278,1.57207,2.03797,3.7097
137,rec2018-02-02_01h32m24.455s.wav,0,2018-02-02#1,gain,2,0.584,0.387123,0.352701,0.0212018,0.136154,0.0588588,0.0612518,-3.7097,6.87236,-0.638142,-2.05641,0.155622,0.241984,-1.16278,2.11957,3.09521,6.87236
137,rec2018-02-02_01h32m24.455s.wav,0,2018-02-02#1,noise,30,0.584,0.193754,0.355464,0.0210814,0.147951,0.055632,0.0501379,-3.7097,0.336325,-0.540074,-2.0699,0.554078,0.00263001,-1.82434,1.29101,1.77629,3.7097
137,rec2018-02-02_01h32m24.455s.wav,0,2018-02-02#1,noise,20,0.584,0.19504,0.365548,0.0266426,0.185209,0.0700865,0.0375316,-3.7097,0.379789,-0.182125,-1.4462,1.81242,1.07483,-2.57474,1.59712,1.9676,3.7097
137,rec2018-02-02_01h32m24.455s.wav,0,2018-02-02#1,noise,10,0.584,0.205766,0.396288,0.0344461,0.280402,0.102484,0.0434819,-3.7097,0.742334,0.908989,-0.571007,5.02752,3.47804,-2.22055,2.37973,2.87275,5.02752
137,rec2018-02-02_01h32m24.455s.wav,0,2018-02-02#1,tilt,-0.5,0.584,0.193926,0.308691,0.0178289,0.0761601,0.03667,0.059194,-3.7097,0.342119,-2.20024,-2.43469,-1.87063,-1.40393,-1.28527,1.89237,2.13039,3.7097
137,rec2018-02-02_01h32m24.455s.wav,0,2018-02-02#1,tilt,0.5,0.584,0.192602,0.421933,0.0260008,0.195651,0.0705504,0.0548869,-3.7097,0.297383,1.81922,-1.51818,2.16511,1.10924,-1.54165,1.73721,1.99139,3.7097
137,rec2018-02-02_01h32m24.455s.wav,0,2018-02-02#1,tilt,0.9,0.584,0.193367,0.461277,0.0286218,0.169426,0.0581086,0.0508931,-3.7097,0.323239,3.21575,-1.22423,1.27936,0.186336,-1.77939,1.674,2.08888,3.7097
139,rec2018-02-02_01h34m08.386s.wav,0,2018-02-02#1,identity,0,1.16,0.17647,0.387665,0.0394518,0.158834,0.0529512,0.0600049,-1.68623,-0.247902,0.602914,-0.00959429,0.921639,-0.196226,-1.237,0.700214,0.901309,1.68623
139,rec2018-02-02_01h34m08.386s.wav,0,2018-02-02#1,gain,0.5,1.16,0.0882349,0.387665,0.0394518,0.158834,0.0529512,0.0600049,-1.68623,-3.23031,0.602914,-0.00959429,0.92164,-0.196226,-1.237,1.12627,1.51469,3.23031
139,rec2018-02-02_01h34m08.386s.wav,0,2018-02-02#1,gain,0.707107,1.16,0.124783,0.387665,0.0394518,0.158834,0.0529512,0.0600049,-1.68623,-1.99496,0.602914,-0.00959429,0.92164,-0.196226,-1.237,0.949794,1.17138,1.99496
139,rec2018-02-02_01h34m08.386s.wav,0,2018-02-02#1,gain,1.41421,1.16,0.249566,0.387665,0.0394518,0.158834,0.0529512,0.0600049,-1.68623,2.22281,0.602914,-0.00959429,0.92164,-0.196226,-1.237,0.982344,1.22858,2.22281
139,rec2018-02-02_01h34m08.386s.wav,0,2018-02-02#1,gain,2,1.16,0.35294,0.387665,0.0394518,0.158834,0.0529512,0.0600049,-1.68623,5.71692,0.602914,-0.00959429,0.921639,-0.196226,-1.237,1.4815,2.33936,5.71692
139,rec2018-02-02_01h34m08.386s.wav,0,2018-02-02#1,noise,30,1.16,0.176923,0.397844,0.0411841,0.207793,0.092815,0.0563877,-1.68623,-0.232587,0.964197,0.184694,2.57519,2.76078,-1.45231,1.408,1.69975,2.76078
139,rec2018-02-02_01h34m08.386s.wav,0,2018-02-02#1,noise,20,1.16,0.179151,0.406529,0.0426722,0.25321,0.106935,0.0567697,-1.68623,-0.15729,1.27246,0.351583,4.10911,3.80819,-1.42958,1.83064,2.33121,4.10911
139,rec2018-02-02_01h34m08.386s.wav,0,2018-02-02#1,noise,10,1.16,0.192257,0.426629,0.0389131,0.343253,0.0994285,0.0510459,-1.68623,0.285734,1.98593,-0.0700082,7.15026,3.25135,-1.77029,2.31426,3.20056,7.15026
139,rec2018-02-02_01h34m08.386s.wav,0,2018-02-02#1,tilt,-0.5,1.16,0.176058,0.337212,0.034076,0.0983247,0.0368292,0.0796694,-1.68623,-0.261806,-1.18789,-0.612512,-1.12203,-1.39212,-0.0664399,0.904147,1.06231,1.68623
139,rec2018-02-02_01h34m08.386s.wav,0,2018-02-02#1,tilt,0.5,1.16,0.176824,0.459597,0.0413791,0.18946,0.0563424,0.0352875,-1.68623,-0.235942,3.15609,0.206561,1.95599,0.055326,-2.70833,1.42921,1.85421,3.15609
139,rec2018-02-02_01h34m08.386s.wav,0,2018-02-02#1,tilt,0.9,1.16,0.176785,0.497124,0.0405969,0.150614,0.0431632,0.0281672,-1.68623,-0.237248,4.48812,0.118829,0.644015,-0.92228,-3.13218,1.60413,2.20819,4.48812
140,rec2018-02-02_01h35m12.866s.wav,0,2018-02-02#1,identity,0,1.48,0.183591,0.365392,0.0352286,0.142417,0.06463,0.0990485,-0.562076,-0.00719948,-0.187652,-0.483243,0.367152,0.670081,1.08712,0.480646,0.579453,1.08712
140,rec2018-02-02_01h35m12.866s.wav,0,2018-02-02#1,gain,0.5,1.48,0.0917955,0.365392,0.0352286,0.142433,0.0646259,0.0990485,-0.562076,-3.10996,-0.187652,-0.483243,0.367711,0.669772,1.08712,0.923934,1.31052,3.10996
140,rec2018-02-02_01h35m12.866s.wav,0,2018-02-02#1,gain,0.707107,1.48,0.129818,0.365392,0.0352286,0.142425,0.0646279,0.0990485,-0.562076,-1.82476,-0.187652,-0.483243,0.367432,0.669924,1.08712,0.740315,0.900796,1.82476
140,rec2018-02-02_01h35m12.866s.wav,0,2018-02-02#1,gain,1.41421,1.48,0.259637,0.365392,0.0352286,0.142414,0.0646339,0.0990485,-0.562076,2.56321,-0.187652,-0.483243,0.367049,0.670371,1.08712,0.845818,1.12889,2.56321
140,rec2018-02-02_01h35m12.866s.wav,0,2018-02-02#1,gain,2,1.48,0.367182,0.365392,0.0352286,0.142413,0.0646357,0.0990485,-0.562076,6.19833,-0.187652,-0.483243,0.367019,0.670501,1.08712,1.36513,2.41336,6.19833
140,rec2018-02-02_01h35m12.866s.wav,0,2018-02-02#1,noise,30,1.48,0.184188,0.384864,0.0458589,0.209644,0.116824,0.0705793,-0.562076,0.0129947,0.503477,0.708992,2.63771,4.54174,-0.607541,1.36779,2.03632,4.54174
140,rec2018-02-02_01h35m12.866s.wav,0,2018-02-02#1,noise,20,1.48,0.186888,0.395294,0.0504359,0.256962,0.133475,0.073127,-0.562076,0.10425,0.873708,1.22232,4.23584,5.77688,-0.45589,1.89014,2.7802,5.77688
140,rec2018-02-02_01h35m12.866s.wav,0,2018-02-02#1,noise,10,1.48,0.201492,0.416354,0.0482651,0.333044,0.123418,0.065849,-0.562076,0.597859,1.62122,0.978849,6.80545,5.03084,-0.88912,2.35506,3.30959,6.80545
140,rec2018-02-02_01h35m12.866s.wav,0,2018-02-02#1,tilt,-0.5,1.48,0.18336,0.320662,0.0255932,0.0844098,0.0453314,0.0896392,-0.562076,-0.015018,-1.77535,-1.56389,-1.592,-0.761449,0.527023,0.970973,1.153,1.77535
140,rec2018-02-02_01h35m12.866s.wav,0,2018-02-02#1,tilt,0.5,1.48,0.183954,0.432716,0.0461307,0.183899,0.0725778,0.0916936,-0.562076,0.005076,2.20197,0.739468,1.76818,1.25963,0.64931,1.02653,1.24477,2.20197
140,rec2018-02-02_01h35m12.866s.wav,0,2018-02-02#1,tilt,0.9,1.48,0.184048,0.469573,0.0511982,0.150434,0.0578433,0.0890697,-0.562076,0.00824661,3.5102,1.30781,0.637923,0.166658,0.493125,0.955148,1.46511,3.5102
141,rec2018-02-02_01h36m19.632s.wav,0,2018-02-02#1,identity,0,1.56,0.175672,0.372582,0.0391894,0.162964,0.0697479,0.0930377,-0.281038,-0.274855,0.0675425,-0.0390275,1.06114,1.04972,0.729322,0.500377,0.645914,1.06114
141,rec2018-02-02_01h36m19.632s.wav,0,2018-02-02#1,gain,0.5,1.56,0.0878362,0.372582,0.0391894,0.162968,0.0697424,0.0930377,-0.281038,-3.24379,0.0675425,-0.0390275,1.06124,1.0493,0.729322,0.924467,1.38184,3.24379
141,rec2018-02-02_01h36m19.632s.wav,0,2018-02-02#1,gain,0.707107,1.56,0.124219,0.372582,0.0391894,0.162966,0.0697453,0.0930377,-0.281038,-2.01402,0.0675425,-0.0390279,1.06119,1.04952,0.729322,0.748808,0.992893,2.01402
141,rec2018-02-02_01h36m19.632s.wav,0,2018-02-02#1,gain,1.41421,1.56,0.248438,0.372582,0.0391894,0.162964,0.0697486,0.0930377,-0.281038,2.18469,0.0675425,-0.0390279,1.06112,1.04977,0.729322,0.773216,1.0432,2.18469
141,rec2018-02-02_01h36m19.632s.wav,0,2018-02-02#1,gain,2,1.56,0.351345,0.372582,0.0391894,0.162964,0.0697493,0.0930377,-0.281038,5.66301,0.0675425,-0.0390275,1.06111,1.04981,0.729322,1.27012,2.23334,5.66301
141,rec2018-02-02_01h36m19.632s.wav,0,2018-02-02#1,noise,30,1.56,0.17637,0.39691,0.040457,0.235177,0.121468,0.0606926,-0.281038,-0.25126,0.931054,0.103141,3.50008,4.88616,-1.19606,1.59269,2.3475,4.88616
141,rec2018-02-02_01h36m19.632s.wav,0,2018-02-02#1,noise,20,1.56,0.179151,0.405856,0.0457935,0.277637,0.136688,0.0631066,-0.281038,-0.157282,1.24857,0.701649,4.93414,6.01519,-1.05236,2.05575,3.01877,6.01519
141,rec2018-02-02_01h36m19.632s.wav,0,2018-02-02#1,noise,10,1.56,0.193377,0.422554,0.0424203,0.350438,0.119258,0.055531,-0.281038,0.323567,1.84128,0.323337,7.39295,4.72224,-1.50331,2.3411,3.44122,7.39295
141,rec2018-02-02_01h36m19.632s.wav,0,2018-02-02#1,tilt,-0.5,1.56,0.175336,0.324546,0.0314253,0.0968953,0.0450871,0.0843551,-0.281038,-0.286217,-1.63749,-0.909795,-1.17031,-0.779572,0.212481,0.753842,0.901783,1.63749
141,rec2018-02-02_01h36m19.632s.wav,0,2018-02-02#1,tilt,0.5,1.56,0.176181,0.443689,0.0461596,0.20279,0.0740188,0.0762609,-0.281038,-0.257658,2.59145,0.742717,2.40622,1.36652,-0.269335,1.13071,1.47078,2.59145
141,rec2018-02-02_01h36m19.632s.wav,0,2018-02-02#1,tilt,0.9,1.56,0.176307,0.482502,0.0472252,0.162979,0.0540259,0.0659139,-0.281038,-0.253415,3.9691,0.862218,1.06164,-0.116511,-0.885258,1.06131,1.62853,3.9691
142,rec2018-02-02_01h40m26.773s.wav,0,2018-02-02#1,identity,0,0.808,0.177936,0.332974,0.0199075,0.142082,0.0580207,0.0740687,-2.92279,-0.198332,-1.33833,-2.20156,0.355861,0.179816,-0.399831,1.08522,1.48991,2.92279
142,rec2018-02-02_01h40m26.773s.wav,0,2018-02-02#1,gain,0.5,0.808,0.0889682,0.332974,0.0199075,0.142094,0.058013,0.0740687,-2.92279,-3.20553,-1.33833,-2.20156,0.356243,0.179245,-0.399831,1.51479,1.91889,3.20553
142,rec2018-02-02_01h40m26.773s.wav,0,2018-02-02#1,gain,0.707107,0.808,0.12582,0.332974,0.0199075,0.142083,0.0580194,0.0740687,-2.92279,-1.95991,-1.33833,-2.20156,0.35589,0.179718,-0.399831,1.33686,1.66222,2.92279
142,rec2018-02-02_01h40m26.773s.wav,0,2018-02-02#1,gain,1.41421,0.808,0.25164,0.332974,0.0199075,0.142083,0.0580208,0.0740687,-2.92279,2.29291,-1.33833,-2.20156,0.355863,0.179819,-0.399831,1.38444,1.722,2.92279
142,rec2018-02-02_01h40m26.773s.wav,0,2018-02-02#1,gain,2,0.808,0.355873,0.332974,0.0199075,0.142082,0.0580207,0.0740687,-2.92279,5.81606,-1.33833,-2.20156,0.355861,0.179816,-0.399831,1.88775,2.65454,5.81606
142,rec2018-02-02_01h40m26.773s.wav,0,2018-02-02#1,noise,30,0.808,0.178603,0.360228,0.0548873,0.217892,0.134728,0.0982643,-2.92279,-0.175796,-0.370966,1.72155,2.91628,5.8698,1.04044,2.14538,2.82127,5.8698
142,rec2018-02-02_01h40m26.773s.wav,0,2018-02-02#1,noise,20,0.808,0.181293,0.370372,0.0589679,0.251019,0.140731,0.0950097,-2.92279,-0.0848575,-0.0109014,2.17922,4.03513,6.31505,0.846708,2.34209,3.1663,6.31505
142,rec2018-02-02_01h40m26.773s.wav,0,2018-02-02#1,noise,10,0.808,0.195317,0.394927,0.0539702,0.323939,0.125843,0.0761653,-2.92279,0.389145,0.860673,1.6187,6.49794,5.21074,-0.275027,2.53929,3.41228,6.49794
142,rec2018-02-02_01h40m26.773s.wav,0,2018-02-02#1,tilt,-0.5,0.808,0.177857,0.295833,0.014135,0.0775947,0.0321994,0.0371946,-2.92279,-0.201005,-2.65664,-2.84898,-1.82217,-1.73556,-2.59481,2.11171,2.29356,2.92279
142,rec2018-02-02_01h40m26.773s.wav,0,2018-02-02#1,tilt,0.5,0.808,0.178107,0.396334,0.0290662,0.212803,0.0844781,0.0831411,-2.92279,-0.192579,0.910596,-1.17438,2.7444,2.14237,0.140213,1.46105,1.80987,2.92279
142,rec2018-02-02_01h40m26.773s.wav,0,2018-02-02#1,tilt,0.9,0.808,0.178172,0.435719,0.034069,0.186282,0.0729544,0.0828816,-2.92279,-0.190349,2.30855,-0.613297,1.84867,1.28756,0.124765,1.328,1.66371,2.92279
143,rec2018-02-02_01h58m20.818s.wav,0,2018-02-02#1,identity,0,0.68,0.240891,0.340855,0.0132061,0.125208,0.0336497,0.0574206,-3.37245,1.9296,-1.05859,-2.95315,-0.214073,-1.62798,-1.39083,1.79238,2.05527,3.37245
143,rec2018-02-02_01h58m20.818s.wav,0,2018-02-02#1,gain,0.5,0.68,0.120446,0.340855,0.0132061,0.125208,0.0336497,0.0574206,-3.37245,-2.14156,-1.05859,-2.95315,-0.214073,-1.62798,-1.39083,1.82266,2.08505,3.37245
143,rec2018-02-02_01h58m20.818s.wav,0,2018-02-02#1,gain,0.707107,0.68,0.170336,0.340855,0.0132061,0.125208,0.0336497,0.0574206,-3.37245,-0.455231,-1.05859,-2.95315,-0.214073,-1.62798,-1.39083,1.58176,1.92921,3.37245
143,rec2018-02-02_01h58m20.818s.wav,0,2018-02-02#1,gain,1.41421,0.68,0.340672,0.340855,0.0132061,0.125208,0.0336497,0.0574206,-3.37245,5.30226,-1.05859,-2.95315,-0.214073,-1.62798,-1.39083,2.27419,2.77642,5.30226
143,rec2018-02-02_01h58m20.818s.wav,0,2018-02-02#1,gain,2,0.68,0.481783,0.340855,0.0132061,0.125208,0.0336497,0.0574206,-3.37245,10.0719,-1.05859,-2.95315,-0.214073,-1.62798,-1.39083,2.95557,4.26429,10.0719
143,rec2018-02-02_01h58m20.818s.wav,0,2018-02-02#1,noise,30,0.68,0.241018,0.342034,0.0132009,0.132994,0.0350274,0.0555766,-3.37245,1.93388,-1.01674,-2.95374,0.0488959,-1.52578,-1.50059,1.76458,2.05127,3.37245
143,rec2018-02-02_01h58m20.818s.wav,0,2018-02-02#1,noise,20,0.68,0.242141,0.348852,0.0133846,0.157042,0.0383407,0.0501155,-3.37245,1.97184,-0.774766,-2.93313,0.861118,-1.28,-1.82568,1.85986,2.07633,3.37245
143,rec2018-02-02_01h58m20.818s.wav,0,2018-02-02#1,noise,10,0.68,0.253049,0.381203,0.0158705,0.245116,0.0520324,0.0382892,-3.37245,2.34055,0.37355,-2.65433,3.83575,-0.264383,-2.52965,2.19581,2.54162,3.83575
143,rec2018-02-02_01h58m20.818s.wav,0,2018-02-02#1,tilt,-0.5,0.68,0.240582,0.302619,0.0107617,0.0690495,0.0198745,0.0269718,-3.37245,1.91916,-2.41578,-3.2273,-2.11078,-2.64979,-3.20333,2.6998,2.75282,3.37245
143,rec2018-02-02_01h58m20.818s.wav,0,2018-02-02#1,tilt,0.5,0.68,0.241118,0.403632,0.0158532,0.183922,0.0437544,0.0330599,-3.37245,1.93726,1.16965,-2.65627,1.76895,-0.878428,-2.84093,2.08913,2.25268,3.37245
143,rec2018-02-02_01h58m20.818s.wav,0,2018-02-02#1,tilt,0.9,0.68,0.240766,0.440472,0.01666,0.160011,0.0359984,0.0242549,-3.37245,1.92537,2.47727,-2.56578,0.961394,-1.45375,-3.36506,2.30301,2.45421,3.37245
144,rec2018-02-02_01h58m59.251s.wav,0,2018-02-02#1,identity,0,1.384,0.18517,0.377951,0.0408522,0.1526,0.0596715,0.075481,-0.899321,0.0461831,0.258108,0.147461,0.711077,0.302266,-0.315759,0.382882,0.47749,0.899321
144,rec2018-02-02_01h58m59.251s.wav,0,2018-02-02#1,gain,0.5,1.384,0.0925852,0.377951,0.0408522,0.152616,0.0597032,0.075481,-0.899321,-3.08327,0.258108,0.147461,0.711619,0.30462,-0.315759,0.817166,1.2594,3.08327
144,rec2018-02-02_01h58m59.251s.wav,0,2018-02-02#1,gain,0.707107,1.384,0.130935,0.377951,0.0408522,0.152602,0.0596768,0.075481,-0.899321,-1.78701,0.258108,0.147461,0.711159,0.302658,-0.315759,0.631639,0.827008,1.78701
144,rec2018-02-02_01h58m59.251s.wav,0,2018-02-02#1,gain,1.41421,1.384,0.26187,0.377951,0.0408522,0.1526,0.0596715,0.075481,-0.899321,2.63871,0.258108,0.147461,0.711078,0.302265,-0.315759,0.753243,1.10561,2.63871
144,rec2018-02-02_01h58m59.251s.wav,0,2018-02-02#1,gain,2,1.384,0.370341,0.377951,0.0408522,0.1526,0.0596715,0.075481,-0.899321,6.30509,0.258108,0.147461,0.711077,0.302265,-0.315759,1.27701,2.4304,6.30509
144,rec2018-02-02_01h58m59.251s.wav,0,2018-02-02#1,noise,30,1.384,0.185824,0.385877,0.045987,0.200221,0.125978,0.0801667,-0.899321,0.0682641,0.539445,0.723353,2.31945,5.22073,-0.0368377,1.40106,2.21246,5.22073
144,rec2018-02-02_01h58m59.251s.wav,0,2018-02-02#1,noise,20,1.384,0.188352,0.393775,0.0449816,0.236236,0.127747,0.0662591,-0.899321,0.153742,0.819794,0.610593,3.53582,5.35193,-0.864709,1.74799,2.50058,5.35193
144,rec2018-02-02_01h58m59.251s.wav,0,2018-02-02#1,noise,10,1.384,0.202644,0.417087,0.0406591,0.322751,0.121028,0.0538038,-0.899321,0.636822,1.64723,0.125811,6.45782,4.85353,-1.60613,2.31809,3.20231,6.45782
144,rec2018-02-02_01h58m59.251s.wav,0,2018-02-02#1,tilt,-0.5,1.384,0.1846,0.332782,0.0358461,0.0929871,0.0440199,0.0902695,-0.899321,0.0269142,-1.34514,-0.413986,-1.3023,-0.858732,0.564542,0.772991,0.889816,1.34514
144,rec2018-02-02_01h58m59.251s.wav,0,2018-02-02#1,tilt,0.5,1.384,0.186087,0.444288,0.0434365,0.187588,0.0597736,0.0605618,-0.899321,0.0771504,2.61273,0.437306,1.89277,0.309844,-1.20385,1.06185,1.36068,2.61273
144,rec2018-02-02_01h58m59.251s.wav,0,2018-02-02#1,tilt,0.9,1.384,0.186359,0.479995,0.0432562,0.150875,0.0470824,0.0542367,-0.899321,0.0863499,3.88012,0.417084,0.652822,-0.631561,-1.58035,1.16394,1.66339,3.88012
145,rec2018-02-02_02h09m32.913s.wav,0,2018-02-02#1,identity,0,1.096,0.207507,0.351631,0.0255882,0.116701,0.0502451,0.0728183,-1.91106,0.801166,-0.676094,-1.56445,-0.501381,-0.39696,-0.474265,0.903625,1.05779,1.91106
145,rec2018-02-02_02h09m32.913s.wav,0,2018-02-02#1,gain,0.5,1.096,0.103753,0.351631,0.0255882,0.116728,0.0502669,0.0728183,-1.91106,-2.70578,-0.676094,-1.56445,-0.500475,-0.395346,-0.474265,1.17535,1.43973,2.70578
145,rec2018-02-02_02h09m32.913s.wav,0,2018-02-02#1,gain,0.707107,1.096,0.146729,0.351631,0.0255882,0.116705,0.050244,0.0728183,-1.91106,-1.25315,-0.676094,-1.56445,-0.501245,-0.39704,-0.474265,0.968187,1.11873,1.91106
145,rec2018-02-02_02h09m32.913s.wav,0,2018-02-02#1,gain,1.41421,1.096,0.293459,0.351631,0.0255882,0.116697,0.0502462,0.0728183,-1.91106,3.70642,-0.676094,-1.56445,-0.501517,-0.396878,-0.474265,1.31867,1.72909,3.70642
145,rec2018-02-02_02h09m32.913s.wav,0,2018-02-02#1,gain,2,1.096,0.415013,0.351631,0.0255882,0.116693,0.0502474,0.0728183,-1.91106,7.81506,-0.676094,-1.56445,-0.501651,-0.396793,-0.474265,1.90562,3.12286,7.81506
145,rec2018-02-02_02h09m32.913s.wav,0,2018-02-02#1,noise,30,1.096,0.208418,0.365458,0.0531366,0.171453,0.151288,0.108034,-1.91106,0.831964,-0.185336,1.52521,1.34782,7.09819,1.62197,2.07451,2.96495,7.09819
145,rec2018-02-02_02h09m32.913s.wav,0,2018-02-02#1,noise,20,1.096,0.211435,0.372664,0.0545608,0.195218,0.153403,0.101661,-1.91106,0.933957,0.0704578,1.68494,2.15048,7.25507,1.24262,2.17837,3.07462,7.25507
145,rec2018-02-02_02h09m32.913s.wav,0,2018-02-02#1,noise,10,1.096,0.226849,0.399451,0.0466923,0.26854,0.131467,0.0663778,-1.91106,1.45496,1.02125,0.802454,4.62689,5.62791,-0.857639,2.32888,2.95859,5.62791
145,rec2018-02-02_02h09m32.913s.wav,0,2018-02-02#1,tilt,-0.5,1.096,0.207451,0.313014,0.0200097,0.0668318,0.0340128,0.0733454,-1.91106,0.799301,-2.04681,-2.1901,-2.18569,-1.60104,-0.442889,1.5967,1.72435,2.1901
145,rec2018-02-02_02h09m32.913s.wav,0,2018-02-02#1,tilt,0.5,1.096,0.207623,0.412793,0.0302649,0.15857,0.0526994,0.0365007,-1.91106,0.805118,1.49481,-1.03994,0.912727,-0.214905,-2.63611,1.28781,1.48539,2.63611
145,rec2018-02-02_02h09m32.913s.wav,0,2018-02-02#1,tilt,0.9,1.096,0.207671,0.447823,0.0308293,0.132002,0.0408237,0.0261736,-1.91106,0.80674,2.73821,-0.976643,0.0153942,-1.09582,-3.25085,1.5421,1.87173,3.25085
150,rec2018-02-02_10h29m51.284s.wav,0,2018-02-02#2,identity,0,1.976,0.186407,0.353759,0.0334854,0.125999,0.079012,0.102085,1.14145,0.0897183,-0.617073,-0.656463,-0.220985,1.71322,1.28324,0.81745,0.982223,1.71322
150,rec2018-02-02_10h29m51.284s.wav,0,2018-02-02#2,gain,0.5,1.976,0.0932035,0.353759,0.0334854,0.12604,0.0791297,0.102085,1.14145,-3.09935,-0.617073,-0.656463,-0.219642,1.72195,1.28324,1.24845,1.52974,3.09935
150,rec2018-02-02_10h29m51.284s.wav,0,2018-02-02#2,gain,0.707107,1.976,0.13181,0.353759,0.0334854,0.126018,0.0790702,0.102085,1.14145,-1.7784,-0.617072,-0.656463,-0.22034,1.71754,1.28324,1.05921,1.19059,1.7784
150,rec2018-02-02_10h29m51.284s.wav,0,2018-02-02#2,gain,1.41421,1.976,0.263619,0.353759,0.0334854,0.125988,0.0789841,0.102085,1.14145,2.73163,-0.617072,-0.656463,-0.221345,1.71116,1.28324,1.19462,1.42429,2.73163
150,rec2018-02-02_10h29m51.284s.wav,0,2018-02-02#2,gain,2,1.976,0.372814,0.353759,0.0334854,0.125978,0.0789566,0.102085,1.14145,6.46786,-0.617073,-0.656463,-0.221691,1.70912,1.28324,1.72813,2.63398,6.46786
150,rec2018-02-02_10h29m51.284s.wav,0,2018-02-02#2,noise,30,1.976,0.187066,0.371761,0.0454523,0.179638,0.126086,0.0899588,1.14145,0.112282,0.0225057,0.671821,1.55348,5.20394,0.55805,1.32336,2.12378,5.20394
150,rec2018-02-02_10h29m51.284s.wav,0,2018-02-02#2,noise,20,1.976,0.18993,0.384347,0.0498752,0.228006,0.14263,0.0809143,1.14145,0.21025,0.469683,1.16274,3.1536,6.43068,0.0171623,1.79794,2.78308,6.43068
150,rec2018-02-02_10h29m51.284s.wav,0,2018-02-02#2,noise,10,1.976,0.20557,0.409417,0.0484125,0.314,0.133849,0.0686906,1.14145,0.745395,1.36039,1.00039,5.99841,5.77953,-0.713853,2.39134,3.2646,5.99841
150,rec2018-02-02_10h29m51.284s.wav,0,2018-02-02#2,tilt,-0.5,1.976,0.186267,0.313987,0.0245315,0.0725581,0.0527438,0.0784337,1.14145,0.0849159,-2.03012,-1.65033,-1.9889,-0.234651,-0.131183,1.03736,1.31926,2.03012
150,rec2018-02-02_10h29m51.284s.wav,0,2018-02-02#2,tilt,0.5,1.976,0.186625,0.415674,0.0446264,0.170989,0.0860826,0.10203,1.14145,0.0971643,1.5827,0.580146,1.26736,2.23753,1.27995,1.16947,1.33121,2.23753
150,rec2018-02-02_10h29m51.284s.wav,0,2018-02-02#2,tilt,0.9,1.976,0.186659,0.44991,0.0502738,0.143166,0.0679681,0.10003,1.14145,0.0983344,2.79906,1.20699,0.346922,0.894282,1.16036,1.09248,1.35597,2.79906
151,rec2018-02-02_10h46m42.260s.wav,0,2018-02-02#2,identity,0,1.592,0.209527,0.340888,0.0428272,0.115739,0.0463009,0.100012,-0.103768,0.880798,-1.07436,0.380441,-0.560415,-0.712407,1.15923,0.695917,0.779282,1.15923
151,rec2018-02-02_10h46m42.260s.wav,0,2018-02-02#2,gain,0.5,1.592,0.104763,0.340888,0.0428272,0.115779,0.0464048,0.100012,-0.103768,-2.70381,-1.07436,0.380441,-0.559093,-0.704706,1.15923,0.955059,1.24059,2.70381
151,rec2018-02-02_10h46m42.260s.wav,0,2018-02-02#2,gain,0.707107,1.592,0.148158,0.340888,0.0428272,0.115758,0.046353,0.100012,-0.103768,-1.21902,-1.07436,0.38044,-0.559775,-0.708545,1.15923,0.743591,0.841339,1.21902
151,rec2018-02-02_10h46m42.260s.wav,0,2018-02-02#2,gain,1.41421,1.592,0.296316,0.340888,0.0428272,0.11573,0.046277,0.100012,-0.103768,3.85039,-1.07436,0.38044,-0.560707,-0.714185,1.15923,1.12044,1.61703,3.85039
151,rec2018-02-02_10h46m42.260s.wav,0,2018-02-02#2,gain,2,1.592,0.419054,0.340888,0.0428272,0.115723,0.0462581,0.100012,-0.103768,8.05002,-1.07436,0.380441,-0.560927,-0.715587,1.15923,1.72062,3.12326,8.05002
151,rec2018-02-02_10h46m42.260s.wav,0,2018-02-02#2,noise,30,1.592,0.21078,0.368245,0.0605253,0.202335,0.160993,0.0950695,-0.103768,0.92367,-0.102411,2.34487,2.30436,7.79241,0.863683,2.06217,3.23266,7.79241
151,rec2018-02-02_10h46m42.260s.wav,0,2018-02-02#2,noise,20,1.592,0.214778,0.37628,0.0611869,0.232294,0.16198,0.0897102,-0.103768,1.06046,0.183086,2.41831,3.29546,7.86557,0.543182,2.20998,3.38145,7.86557
151,rec2018-02-02_10h46m42.260s.wav,0,2018-02-02#2,noise,10,1.592,0.233211,0.399765,0.0542487,0.301872,0.140503,0.067646,-0.103768,1.69117,1.01747,1.64819,5.59721,6.27299,-0.776323,2.44387,3.33604,6.27299
151,rec2018-02-02_10h46m42.260s.wav,0,2018-02-02#2,tilt,-0.5,1.592,0.20937,0.300388,0.0366317,0.0655853,0.0359137,0.0825058,-0.103768,0.875416,-2.5133,-0.307235,-2.21957,-1.48266,0.112341,1.08775,1.43056,2.5133
151,rec2018-02-02_10h46m42.260s.wav,0,2018-02-02#2,tilt,0.5,1.592,0.209839,0.406702,0.0474655,0.170063,0.0558367,0.0808622,-0.103768,0.891468,1.26394,0.895278,1.23674,-0.00529723,0.0140469,0.630077,0.822392,1.26394
151,rec2018-02-02_10h46m42.260s.wav,0,2018-02-02#2,tilt,0.9,1.592,0.209929,0.445542,0.0471446,0.15073,0.0487316,0.068199,-0.103768,0.894545,2.6439,0.859665,0.597165,-0.532166,-0.743247,0.910636,1.17913,2.6439
152,rec2018-02-02_10h48m38.792s.wav,0,2018-02-02#2,identity,0,1.896,0.209657,0.360315,0.0409342,0.1238,0.0500147,0.0808045,0.882026,0.885234,-0.384154,0.170329,-0.293726,-0.437016,0.0105956,0.437583,0.536599,0.885234
152,rec2018-02-02_10h48m38.792s.wav,0,2018-02-02#2,gain,0.5,1.896,0.104828,0.360315,0.0409342,0.1238,0.0500147,0.0808045,0.882026,-2.7016,-0.384154,0.170329,-0.293726,-0.437016,0.0105956,0.697063,1.10392,2.7016
152,rec2018-02-02_10h48m38.792s.wav,0,2018-02-02#2,gain,0.707107,1.896,0.14825,0.360315,0.0409342,0.1238,0.0500147,0.080889,0.882026,-1.21588,-0.384154,0.170329,-0.293726,-0.437016,0.0156505,0.485541,0.622257,1.21588
152,rec2018-02-02_10h48m38.792s.wav,0,2018-02-02#2,gain,1.41421,1.896,0.296499,0.360315,0.0409342,0.1238,0.0500147,0.080889,0.882026,3.85666,-0.384154,0.170329,-0.293726,-0.437016,0.0156505,0.862795,1.51685,3.85666
152,rec2018-02-02_10h48m38.792s.wav,0,2018-02-02#2,gain,2,1.896,0.419313,0.360315,0.0409342,0.1238,0.0500147,0.0808045,0.882026,8.05889,-0.384154,0.170329,-0.293726,-0.437017,0.0105956,1.46239,3.07473,8.05889
152,rec2018-02-02_10h48m38.792s.wav,0,2018-02-02#2,noise,30,1.896,0.210145,0.370559,0.0406443,0.174637,0.105189,0.0589069,0.882026,0.901954,-0.02019,0.138144,1.38806,3.65436,-1.29894,1.18338,1.62917,3.65436
152,rec2018-02-02_10h48m38.792s.wav,0,2018-02-02#2,noise,20,1.896,0.212672,0.381356,0.0474983,0.220039,0.132527,0.0681645,0.882026,0.988409,0.363429,0.898923,2.89004,5.68152,-0.745311,1.77852,2.50378,5.68152
152,rec2018-02-02_10h48m38.792s.wav,0,2018-02-02#2,noise,10,1.896,0.227548,0.405282,0.0458652,0.300446,0.123523,0.0562085,0.882026,1.4974,1.21349,0.717652,5.55003,5.01389,-1.46031,2.33354,3.00196,5.55003
152,rec2018-02-02_10h48m38.792s.wav,0,2018-02-02#2,tilt,-0.5,1.896,0.209318,0.31664,0.0354524,0.0708092,0.0326227,0.0835496,0.882026,0.873637,-1.93586,-0.438132,-2.04676,-1.72669,0.174762,1.15398,1.346,2.04676
152,rec2018-02-02_10h48m38.792s.wav,0,2018-02-02#2,tilt,0.5,1.896,0.210324,0.427089,0.0446948,0.173373,0.0619236,0.0767317,0.882026,0.908084,1.98828,0.587737,1.34622,0.446064,-0.23297,0.913054,1.06683,1.98828
152,rec2018-02-02_10h48m38.792s.wav,0,2018-02-02#2,tilt,0.9,1.896,0.210569,0.463887,0.0455187,0.147667,0.0519089,0.0751888,0.882026,0.916469,3.29566,0.679194,0.495849,-0.296561,-0.325238,0.984428,1.38255,3.29566
153,rec2018-02-02_10h57m01.870s.wav,0,2018-02-02#2,identity,0,1.928,0.197676,0.350268,0.0466306,0.113704,0.0486943,0.105261,0.985794,0.475314,-0.741086,0.802606,-0.62773,-0.534929,1.47315,0.805801,0.86532,1.47315
153,rec2018-02-02_10h57m01.870s.wav,0,2018-02-02#2,gain,0.5,1.928,0.0988382,0.350268,0.0466306,0.113708,0.0486889,0.105261,0.985794,-2.90656,-0.741086,0.802606,-0.62759,-0.535335,1.47315,1.15316,1.38687,2.90656
153,rec2018-02-02_10h57m01.870s.wav,0,2018-02-02#2,gain,0.707107,1.928,0.139778,0.350268,0.0466306,0.113706,0.0486919,0.105261,0.985794,-1.50574,-0.741086,0.802606,-0.627664,-0.535112,1.47315,0.953021,1.02001,1.50574
153,rec2018-02-02_10h57m01.870s.wav,0,2018-02-02#2,gain,1.41421,1.928,0.279557,0.350268,0.0466306,0.113702,0.0486962,0.105261,0.985794,3.27695,-0.741086,0.802606,-0.627786,-0.53479,1.47315,1.20602,1.50018,3.27695
153,rec2018-02-02_10h57m01.870s.wav,0,2018-02-02#2,gain,2,1.928,0.395353,0.350268,0.0466306,0.113701,0.0486978,0.105261,0.985794,7.23905,-0.741086,0.802606,-0.627837,-0.53467,1.47315,1.77203,2.86404,7.23905
153,rec2018-02-02_10h57m01.870s.wav,0,2018-02-02#2,noise,30,1.928,0.198144,0.372086,0.047856,0.17901,0.115027,0.0653566,0.985794,0.491308,0.0340863,0.938618,1.5327,4.38389,-0.913234,1.32566,1.87071,4.38389
153,rec2018-02-02_10h57m01.870s.wav,0,2018-02-02#2,noise,20,1.928,0.20083,0.384572,0.0563637,0.230235,0.149001,0.0722838,0.985794,0.583232,0.477681,1.88295,3.22731,6.90317,-0.498968,2.07987,3.0096,6.90317
153,rec2018-02-02_10h57m01.870s.wav,0,2018-02-02#2,noise,10,1.928,0.216414,0.408508,0.0540948,0.310965,0.135556,0.0631692,0.985794,1.11644,1.32812,1.63111,5.89803,5.90613,-1.04405,2.55852,3.32527,5.90613
153,rec2018-02-02_10h57m01.870s.wav,0,2018-02-02#2,tilt,-0.5,1.928,0.197035,0.30819,0.0387898,0.0645068,0.0308808,0.096066,0.985794,0.453354,-2.23607,-0.0676908,-2.25525,-1.85586,0.923277,1.2539,1.49115,2.25525
153,rec2018-02-02_10h57m01.870s.wav,0,2018-02-02#2,tilt,0.5,1.928,0.199044,0.416315,0.0541044,0.163104,0.0646043,0.103663,0.985794,0.522117,1.60549,1.63217,1.0065,0.644846,1.3776,1.11065,1.18398,1.63217
153,rec2018-02-02_10h57m01.870s.wav,0,2018-02-02#2,tilt,0.9,1.928,0.199592,0.45342,0.0552276,0.142078,0.0567666,0.0983915,0.985794,0.540852,2.92377,1.75685,0.310926,0.0636534,1.06235,1.09203,1.42069,2.92377
154,rec2018-02-02_10h58m28.930s.wav,0,2018-02-02#2,identity,0,2.072,0.176781,0.370634,0.0401938,0.106676,0.0514321,0.096767,1.45275,-0.239643,-0.0175112,0.0881481,-0.860211,-0.331913,0.965201,0.565054,0.751924,1.45275
154,rec2018-02-02_10h58m28.930s.wav,0,2018-02-02#2,gain,0.5,2.072,0.0883905,0.370634,0.0401938,0.106684,0.05143,0.096767,1.45275,-3.26403,-0.0175112,0.0881481,-0.859963,-0.332068,0.965201,0.997096,1.44192,3.26403
154,rec2018-02-02_10h58m28.930s.wav,0,2018-02-02#2,gain,0.707107,2.072,0.125003,0.370634,0.0401938,0.106679,0.0514314,0.096767,1.45275,-2.01129,-0.0175112,0.0881481,-0.860129,-0.331967,0.965201,0.818142,1.0654,2.01129
154,rec2018-02-02_10h58m28.930s.wav,0,2018-02-02#2,gain,1.41421,2.072,0.250006,0.370634,0.0401938,0.106675,0.0514328,0.096767,1.45275,2.26584,-0.0175112,0.0881481,-0.860256,-0.331862,0.965201,0.85451,1.13606,2.26584
154,rec2018-02-02_10h58m28.930s.wav,0,2018-02-02#2,gain,2,2.072,0.353562,0.370634,0.0401938,0.106675,0.0514334,0.096767,1.45275,5.80914,-0.0175112,0.0881481,-0.860268,-0.331819,0.965201,1.36069,2.31906,5.80914
154,rec2018-02-02_10h58m28.930s.wav,0,2018-02-02#2,noise,30,2.072,0.177247,0.385001,0.0413596,0.164472,0.126469,0.0669498,1.45275,-0.223707,0.492926,0.21754,1.05178,5.23234,-0.817956,1.35557,2.1248,5.23234
154,rec2018-02-02_10h58m28.930s.wav,0,2018-02-02#2,noise,20,2.072,0.179608,0.395804,0.0427971,0.209029,0.137848,0.0598902,1.45275,-0.142924,0.876749,0.377106,2.52578,6.07613,-1.24014,1.81308,2.6153,6.07613
154,rec2018-02-02_10h58m28.930s.wav,0,2018-02-02#2,noise,10,2.072,0.193048,0.41774,0.0403865,0.293875,0.127239,0.0531803,1.45275,0.316949,1.65612,0.109537,5.33264,5.28943,-1.64141,2.25698,3.02549,5.33264
154,rec2018-02-02_10h58m28.930s.wav,0,2018-02-02#2,tilt,-0.5,2.072,0.176684,0.32711,0.0341144,0.0617984,0.0328696,0.0889785,1.45275,-0.242979,-1.56389,-0.586654,-2.34485,-1.70838,0.499425,1.19985,1.39518,2.34485
154,rec2018-02-02_10h58m28.930s.wav,0,2018-02-02#2,tilt,0.5,2.072,0.176898,0.434479,0.0466657,0.143705,0.0631565,0.088796,1.45275,-0.23564,2.25083,0.806508,0.36476,0.537486,0.488514,0.876641,1.10475,2.25083
154,rec2018-02-02_10h58m28.930s.wav,0,2018-02-02#2,tilt,0.9,2.072,0.176895,0.466847,0.0493362,0.119891,0.0517555,0.0836266,1.45275,-0.235739,3.40081,1.10292,-0.423043,-0.307937,0.179367,1.01465,1.47619,3.40081
155,rec2018-02-02_10h59m19.989s.wav,0,2018-02-02#2,identity,0,1.64,0.195473,0.358521,0.0349359,0.129983,0.0696153,0.0780275,0.0518839,0.399925,-0.447886,-0.495461,-0.089193,1.01643,-0.155478,0.379465,0.489019,1.01643
155,rec2018-02-02_10h59m19.989s.wav,0,2018-02-02#2,gain,0.5,1.64,0.0977365,0.358521,0.0349359,0.130009,0.0697149,0.0780275,0.0518839,-2.94425,-0.447886,-0.495461,-0.0883195,1.02382,-0.155478,0.74387,1.20698,2.94425
155,rec2018-02-02_10h59m19.989s.wav,0,2018-02-02#2,gain,0.707107,1.64,0.13822,0.358521,0.0349359,0.129992,0.0696467,0.0780275,0.0518839,-1.55905,-0.447886,-0.495461,-0.0888814,1.01875,-0.155478,0.545341,0.751126,1.55905
155,rec2018-02-02_10h59m19.989s.wav,0,2018-02-02#2,gain,1.41421,1.64,0.276441,0.358521,0.0349359,0.129973,0.0695844,0.0780275,0.0518839,3.17033,-0.447886,-0.495461,-0.0895036,1.01414,-0.155478,0.774955,1.2851,3.17033
155,rec2018-02-02_10h59m19.989s.wav,0,2018-02-02#2,gain,2,1.64,0.390946,0.358521,0.0349359,0.129964,0.0695539,0.0780275,0.0518839,7.08827,-0.447886,-0.495461,-0.0898117,1.01188,-0.155478,1.33438,2.71894,7.08827
155,rec2018-02-02_10h59m19.989s.wav,0,2018-02-02#2,noise,30,1.64,0.196103,0.377535,0.0486991,0.185637,0.132365,0.0756909,0.0518839,0.421467,0.227665,1.03221,1.75196,5.66952,-0.295214,1.34999,2.28653,5.66952
155,rec2018-02-02_10h59m19.989s.wav,0,2018-02-02#2,noise,20,1.64,0.198805,0.388427,0.053591,0.226163,0.141395,0.0689367,0.0518839,0.513916,0.614634,1.57519,3.09262,6.33913,-0.699131,1.84093,2.76104,6.33913
155,rec2018-02-02_10h59m19.989s.wav,0,2018-02-02#2,noise,10,1.64,0.21391,0.411759,0.0499258,0.307281,0.130961,0.0563035,0.0518839,1.03077,1.44362,1.16837,5.77613,5.56545,-1.45463,2.35584,3.18407,5.77613
155,rec2018-02-02_10h59m19.989s.wav,0,2018-02-02#2,tilt,-0.5,1.64,0.19493,0.313598,0.0282231,0.0743475,0.0457291,0.0800804,0.0518839,0.381346,-2.04393,-1.24056,-1.9297,-0.754811,-0.0327059,0.919278,1.20471,2.04393
155,rec2018-02-02_10h59m19.989s.wav,0,2018-02-02#2,tilt,0.5,1.64,0.196512,0.427526,0.0407758,0.179998,0.0767328,0.0638836,0.0518839,0.435487,2.00379,0.152741,1.56541,1.54422,-1.00132,0.964979,1.19932,2.00379
155,rec2018-02-02_10h59m19.989s.wav,0,2018-02-02#2,tilt,0.9,1.64,0.196902,0.465592,0.0421676,0.153278,0.0609824,0.0578591,0.0518839,0.448804,3.35625,0.307234,0.681458,0.376273,-1.3616,0.9405,1.41537,3.35625
156,rec2018-02-02_11h00m10.171s.wav,0,2018-02-02#2,identity,0,1.528,0.169406,0.374859,0.0279353,0.119995,0.0506915,0.0554141,-0.311303,-0.491979,0.132589,-1.2725,-0.419594,-0.386834,-1.50782,0.646089,0.80844,1.50782
156,rec2018-02-02_11h00m10.171s.wav,0,2018-02-02#2,gain,0.5,1.528,0.0847032,0.374859,0.0279353,0.12001,0.0506991,0.0554141,-0.311303,-3.3902,0.132589,-1.2725,-0.419107,-0.38627,-1.50782,1.05997,1.5036,3.3902
156,rec2018-02-02_11h00m10.171s.wav,0,2018-02-02#2,gain,0.707107,1.528,0.119788,0.374859,0.0279353,0.12,0.0506952,0.0554141,-0.311303,-2.18972,0.132589,-1.2725,-0.419428,-0.386559,-1.50782,0.888561,1.1419,2.18972
156,rec2018-02-02_11h00m10.171s.wav,0,2018-02-02#2,gain,1.41421,1.528,0.239577,0.374859,0.0279353,0.119991,0.0506881,0.0554141,-0.311303,1.90899,0.132589,-1.2725,-0.419741,-0.387088,-1.50782,0.848576,1.06754,1.90899
156,rec2018-02-02_11h00m10.171s.wav,0,2018-02-02#2,gain,2,1.528,0.338813,0.374859,0.0279353,0.119991,0.0506881,0.0554141,-0.311303,5.30447,0.132589,-1.2725,-0.419739,-0.387084,-1.50782,1.33364,2.15376,5.30447
156,rec2018-02-02_11h00m10.171s.wav,0,2018-02-02#2,noise,30,1.528,0.170037,0.383774,0.0367789,0.174021,0.129475,0.0646415,-0.311303,-0.470413,0.449341,-0.290895,1.36767,5.4552,-0.956,1.32869,2.17612,5.4552
156,rec2018-02-02_11h00m10.171s.wav,0,2018-02-02#2,noise,20,1.528,0.17232,0.392544,0.0354499,0.20826,0.128351,0.0568608,-0.311303,-0.392301,0.760903,-0.438419,2.50035,5.37191,-1.4213,1.5995,2.33456,5.37191
156,rec2018-02-02_11h00m10.171s.wav,0,2018-02-02#2,noise,10,1.528,0.184992,0.417759,0.0348077,0.30039,0.12192,0.0510057,-0.311303,0.0413126,1.65679,-0.509693,5.54816,4.89503,-1.77146,2.10482,2.95163,5.54816
156,rec2018-02-02_11h00m10.171s.wav,0,2018-02-02#2,tilt,-0.5,1.528,0.16939,0.331796,0.0245252,0.0699188,0.0358768,0.0729515,-0.311303,-0.492531,-1.39738,-1.65101,-2.07621,-1.48539,-0.459036,1.1247,1.29536,2.07621
156,rec2018-02-02_11h00m10.171s.wav,0,2018-02-02#2,tilt,0.5,1.528,0.169332,0.438018,0.029569,0.158252,0.0573746,0.0339261,-0.311303,-0.494507,2.37655,-1.09118,0.845999,0.108742,-2.79287,1.14588,1.49799,2.79287
156,rec2018-02-02_11h00m10.171s.wav,0,2018-02-02#2,tilt,0.9,1.528,0.16924,0.470072,0.0295975,0.130176,0.0461087,0.0268894,-0.311303,-0.497684,3.5154,-1.08801,-0.0828156,-0.726662,-3.21368,1.34794,1.88031,3.5154
157,rec2018-02-02_11h00m59.338s.wav,0,2018-02-02#2,identity,0,1.64,0.155163,0.376642,0.0409639,0.11076,0.0535364,0.0977139,0.0518839,-0.979325,0.195927,0.173627,-0.725128,-0.175875,1.02182,0.474799,0.613092,1.02182
157,rec2018-02-02_11h00m59.338s.wav,0,2018-02-02#2,gain,0.5,1.64,0.0775816,0.376642,0.0409639,0.110766,0.0535348,0.0977139,0.0518839,-3.63387,0.195927,0.173627,-0.724926,-0.175994,1.02182,0.854008,1.45783,3.63387
157,rec2018-02-02_11h00m59.338s.wav,0,2018-02-02#2,gain,0.707107,1.64,0.109717,0.376642,0.0409639,0.110761,0.053536,0.0977139,0.0518839,-2.53432,0.195927,0.173627,-0.725083,-0.175903,1.02182,0.696939,1.07536,2.53432
157,rec2018-02-02_11h00m59.338s.wav,0,2018-02-02#2,gain,1.41421,1.64,0.219434,0.376642,0.0409639,0.11076,0.0535364,0.0977139,0.0518839,1.21978,0.195927,0.173627,-0.725127,-0.175875,1.02182,0.509149,0.671879,1.21978
157,rec2018-02-02_11h00m59.338s.wav,0,2018-02-02#2,gain,2,1.64,0.310326,0.376642,0.0409639,0.11076,0.0535364,0.0977139,0.0518839,4.32977,0.195927,0.173627,-0.725128,-0.175875,1.02182,0.953434,1.70792,4.32977
157,rec2018-02-02_11h00m59.338s.wav,0,2018-02-02#2,noise,30,1.64,0.155674,0.393992,0.0410304,0.174999,0.118445,0.0727147,0.0518839,-0.961846,0.812359,0.181007,1.40003,4.63728,-0.473197,1.2168,1.90146,4.63728
157,rec2018-02-02_11h00m59.338s.wav,0,2018-02-02#2,noise,20,1.64,0.158036,0.406193,0.041925,0.230222,0.142621,0.0645581,0.0518839,-0.881014,1.24586,0.280303,3.22689,6.43005,-0.960983,1.86814,2.80539,6.43005
157,rec2018-02-02_11h00m59.338s.wav,0,2018-02-02#2,noise,10,1.64,0.17111,0.428245,0.0395971,0.316957,0.139444,0.0588174,0.0518839,-0.433696,2.02933,0.021909,6.09623,6.19446,-1.3043,2.30454,3.41312,6.19446
157,rec2018-02-02_11h00m59.338s.wav,0,2018-02-02#2,tilt,-0.5,1.64,0.155095,0.334284,0.0314822,0.0657287,0.0345371,0.0867567,0.0518839,-0.981666,-1.30899,-0.878812,-2.21483,-1.58473,0.366556,1.05535,1.25376,2.21483
157,rec2018-02-02_11h00m59.338s.wav,0,2018-02-02#2,tilt,0.5,1.64,0.155137,0.437453,0.0508659,0.142025,0.0638021,0.101072,0.0518839,-0.980216,2.3565,1.27271,0.309187,0.585361,1.22266,0.968359,1.19938,2.3565
157,rec2018-02-02_11h00m59.338s.wav,0,2018-02-02#2,tilt,0.9,1.64,0.155042,0.467687,0.054916,0.115843,0.0509311,0.100785,0.0518839,-0.983462,3.43067,1.72226,-0.556974,-0.369063,1.20551,1.18855,1.58589,3.43067
158,rec2018-02-02_11h01m45.212s.wav,0,2018-02-02#2,identity,0,1.544,0.190538,0.368406,0.0186515,0.129006,0.0431961,0.0567632,-0.25942,0.23107,-0.0966862,-2.30298,-0.121496,-0.942638,-1.42714,0.768775,1.09374,2.30298
158,rec2018-02-02_11h01m45.212s.wav,0,2018-02-02#2,gain,0.5,1.544,0.095269,0.368406,0.0186515,0.12901,0.0432063,0.0567632,-0.25942,-3.02868,-0.0966862,-2.30298,-0.12136,-0.941881,-1.42714,1.16831,1.58077,3.02868
158,rec2018-02-02_11h01m45.212s.wav,0,2018-02-02#2,gain,0.707107,1.544,0.134731,0.368406,0.0186515,0.129006,0.0431961,0.0567632,-0.25942,-1.67845,-0.0966862,-2.30298,-0.121495,-0.942639,-1.42714,0.975543,1.26138,2.30298
158,rec2018-02-02_11h01m45.212s.wav,0,2018-02-02#2,gain,1.41421,1.544,0.269462,0.368406,0.0186515,0.129006,0.0431961,0.0567632,-0.25942,2.93153,-0.0966862,-2.30298,-0.121496,-0.942639,-1.42714,1.15456,1.55445,2.93153
158,rec2018-02-02_11h01m45.212s.wav,0,2018-02-02#2,gain,2,1.544,0.381076,0.368406,0.0186515,0.129006,0.0431961,0.0567632,-0.25942,6.75057,-0.0966862,-2.30298,-0.121496,-0.942639,-1.42714,1.70013,2.77464,6.75057
158,rec2018-02-02_11h01m45.212s.wav,0,2018-02-02#2,noise,30,1.544,0.190977,0.376906,0.0299741,0.166378,0.0958777,0.0546713,-0.25942,0.246077,0.205316,-1.04621,1.11484,2.96387,-1.55224,1.05543,1.39905,2.96387
158,rec2018-02-02_11h01m45.212s.wav,0,2018-02-02#2,noise,20,1.544,0.193063,0.386931,0.0342155,0.205557,0.104648,0.0521977,-0.25942,0.317456,0.561492,-0.575429,2.41093,3.61423,-1.70017,1.34845,1.79604,3.61423
158,rec2018-02-02_11h01m45.212s.wav,0,2018-02-02#2,noise,10,1.544,0.206027,0.412292,0.036248,0.296058,0.106689,0.048781,-0.25942,0.761046,1.46254,-0.349824,5.40486,3.76557,-1.9045,1.98682,2.67066,5.40486
158,rec2018-02-02_11h01m45.212s.wav,0,2018-02-02#2,tilt,-0.5,1.544,0.190284,0.325225,0.0163126,0.0735782,0.0261351,0.0570508,-0.25942,0.222369,-1.63083,-2.56259,-1.95515,-2.20777,-1.40994,1.46401,1.69149,2.56259
158,rec2018-02-02_11h01m45.212s.wav,0,2018-02-02#2,tilt,0.5,1.544,0.191026,0.433648,0.0227583,0.174357,0.0538004,0.041944,-0.25942,0.24777,2.22131,-1.84714,1.37878,-0.156296,-2.31337,1.20344,1.5001,2.31337
158,rec2018-02-02_11h01m45.212s.wav,0,2018-02-02#2,tilt,0.9,1.544,0.191205,0.467993,0.025208,0.144848,0.0443943,0.0343288,-0.25942,0.253881,3.44155,-1.57523,0.402573,-0.853793,-2.76878,1.36503,1.81323,3.44155
159,rec2018-02-05_10h37m14.374s.wav,0,2018-02-05#1,identity,0,1.224,0.171698,0.393204,0.0672147,0.168421,0.0685275,0.101301,-1.4614,-0.399443,0.799711,3.22492,1.21152,1.03522,1.19742,1.3328,1.57245,3.22492
159,rec2018-02-05_10h37m14.374s.wav,0,2018-02-05#1,gain,0.5,1.224,0.0858489,0.393204,0.0672147,0.168434,0.068533,0.101301,-1.4614,-3.36269,0.799711,3.22492,1.21198,1.03564,1.19742,1.75625,2.0163,3.36269
159,rec2018-02-05_10h37m14.374s.wav,0,2018-02-05#1,gain,0.707107,1.224,0.121409,0.393204,0.0672147,0.168427,0.0685302,0.101301,-1.4614,-2.13527,0.799711,3.22492,1.21175,1.03542,1.19742,1.58084,1.76105,3.22492
159,rec2018-02-05_10h37m14.374s.wav,0,2018-02-05#1,gain,1.41421,1.224,0.242817,0.393204,0.0672147,0.168414,0.0685249,0.101301,-1.4614,2.05539,0.799711,3.22492,1.21129,1.03502,1.19742,1.56931,1.74734,3.22492
159,rec2018-02-05_10h37m14.374s.wav,0,2018-02-05#1,gain,2,1.224,0.343395,0.393204,0.0672147,0.168411,0.0685237,0.101301,-1.4614,5.52704,0.799711,3.22492,1.21118,1.03492,1.19742,2.06523,2.61029,5.52704
159,rec2018-02-05_10h37m14.374s.wav,0,2018-02-05#1,noise,30,1.224,0.171845,0.398632,0.0633666,0.19331,0.0781311,0.0947631,-1.4614,-0.394346,0.996323,2.77821,2.04783,1.77394,0.819977,1.46743,1.64817,2.77821
159,rec2018-02-05_10h37m14.374s.wav,0,2018-02-05#1,noise,20,1.224,0.17314,0.405352,0.0596906,0.235229,0.0935661,0.0860289,-1.4614,-0.349664,1.23976,2.35146,3.4563,2.96123,0.315727,1.73365,2.07498,3.4563
159,rec2018-02-05_10h37m14.374s.wav,0,2018-02-05#1,noise,10,1.224,0.183176,0.424784,0.0497637,0.328947,0.0990502,0.0616658,-1.4614,-0.00326248,1.94368,1.19906,6.60528,3.38308,-1.0908,2.24094,3.01463,6.60528
159,rec2018-02-05_10h37m14.374s.wav,0,2018-02-05#1,tilt,-0.5,1.224,0.16994,0.343467,0.0571123,0.110841,0.0528833,0.115707,-1.4614,-0.460113,-1.00195,2.05215,-0.723199,-0.168167,2.02912,1.12801,1.32186,2.05215
159,rec2018-02-05_10h37m14.374s.wav,0,2018-02-05#1,tilt,0.5,1.224,0.173397,0.462789,0.0715149,0.191143,0.0691051,0.0719063,-1.4614,-0.340774,3.32034,3.72413,1.97501,1.07965,-0.4996,1.77156,2.15345,3.72413
159,rec2018-02-05_10h37m14.374s.wav,0,2018-02-05#1,tilt,0.9,1.224,0.173511,0.499655,0.0694307,0.151128,0.0554066,0.0623102,-1.4614,-0.336866,4.65577,3.48218,0.630471,0.0259348,-1.0536,1.66375,2.31638,4.65577
160,rec2018-02-05_10h38m19.385s.wav,0,2018-02-05#1,identity,0,0.888,0.228591,0.335443,0.0300827,0.126298,0.0464653,0.0626502,-2.64176,1.56435,-1.29262,-1.0857,-0.20383,-0.661849,-1.03397,1.21201,1.40531,2.64176
160,rec2018-02-05_10h38m19.385s.wav,0,2018-02-05#1,gain,0.5,0.888,0.114296,0.335443,0.0300827,0.126298,0.0464653,0.0626502,-2.64176,-2.38079,-1.29262,-1.0857,-0.20383,-0.661849,-1.03397,1.32865,1.56046,2.64176
160,rec2018-02-05_10h38m19.385s.wav,0,2018-02-05#1,gain,0.707107,0.888,0.161638,0.335443,0.0300827,0.126298,0.0464653,0.0626502,-2.64176,-0.746661,-1.29262,-1.0857,-0.20383,-0.66185,-1.03397,1.0952,1.30574,2.64176
160,rec2018-02-05_10h38m19.385s.wav,0,2018-02-05#1,gain,1.41421,0.888,0.323277,0.335443,0.0300827,0.126298,0.0464653,0.0626502,-2.64176,4.83261,-1.29262,-1.0857,-0.20383,-0.66185,-1.03397,1.67891,2.22747,4.83261
160,rec2018-02-05_10h38m19.385s.wav,0,2018-02-05#1,gain,2,0.888,0.457182,0.335443,0.0300827,0.126298,0.0464653,0.0626502,-2.64176,9.45462,-1.29262,-1.0857,-0.20383,-0.661849,-1.03397,2.33919,3.79411,9.45462
160,rec2018-02-05_10h38m19.385s.wav,0,2018-02-05#1,noise,30,0.888,0.228755,0.342252,0.0281465,0.151104,0.0508353,0.0628366,-2.64176,1.56999,-1.04597,-1.31046,0.629666,-0.325696,-1.02321,1.22097,1.40431,2.64176
160,rec2018-02-05_10h38m19.385s.wav,0,2018-02-05#1,noise,20,0.888,0.230323,0.355876,0.0398599,0.20098,0.100381,0.0828345,-2.64176,1.62414,-0.552457,0.0493318,2.30552,3.48544,0.131309,1.54142,1.97865,3.48544
160,rec2018-02-05_10h38m19.385s.wav,0,2018-02-05#1,noise,10,0.888,0.243403,0.388654,0.0455339,0.295521,0.108654,0.0678592,-2.64176,2.0756,0.634883,0.708021,5.48215,4.1218,-0.733249,2.34249,2.92214,5.48215
160,rec2018-02-05_10h38m19.385s.wav,0,2018-02-05#1,tilt,-0.5,0.888,0.227467,0.299028,0.0271019,0.0706273,0.0277318,0.0441267,-2.64176,1.52555,-2.61172,-1.43173,-2.07439,-2.10287,-2.10338,2.0702,2.11547,2.64176
160,rec2018-02-05_10h38m19.385s.wav,0,2018-02-05#1,tilt,0.5,0.888,0.230888,0.399122,0.0311373,0.180955,0.0561429,0.0456051,-2.64176,1.64362,1.0141,-0.963267,1.63268,0.0825743,-2.01803,1.428,1.62047,2.64176
160,rec2018-02-05_10h38m19.385s.wav,0,2018-02-05#1,tilt,0.9,0.888,0.231624,0.439887,0.0290852,0.157197,0.04642,0.0371931,-2.64176,1.66902,2.49077,-1.2015,0.834389,-0.665335,-2.50367,1.7152,1.88298,2.64176
161,rec2018-02-05_10h39m00.035s.wav,0,2018-02-05#1,identity,0,0.872,0.163398,0.376727,0.0483573,0.191326,0.0722561,0.0589467,-2.69796,-0.685936,0.202852,1.03579,1.98117,1.32203,-1.24779,1.3105,1.51626,2.69796
161,rec2018-02-05_10h39m00.035s.wav,0,2018-02-05#1,gain,0.5,0.872,0.0816988,0.376727,0.0483573,0.191334,0.0722443,0.0589467,-2.69796,-3.50593,0.202852,1.03579,1.98141,1.32112,-1.24779,1.71326,1.99689,3.50593
161,rec2018-02-05_10h39m00.035s.wav,0,2018-02-05#1,gain,0.707107,0.872,0.11554,0.376727,0.0483573,0.19133,0.0722502,0.0589467,-2.69796,-2.33785,0.202852,1.03579,1.98129,1.32157,-1.24779,1.54644,1.73566,2.69796
161,rec2018-02-05_10h39m00.035s.wav,0,2018-02-05#1,gain,1.41421,0.872,0.231079,0.376727,0.0483573,0.191323,0.0722619,0.0589467,-2.69796,1.65023,0.202852,1.03579,1.98105,1.32248,-1.24779,1.44831,1.61894,2.69796
161,rec2018-02-05_10h39m00.035s.wav,0,2018-02-05#1,gain,2,0.872,0.326795,0.376727,0.0483573,0.191319,0.0722678,0.0589467,-2.69796,4.95406,0.202852,1.03579,1.98093,1.32293,-1.24779,1.92033,2.39544,4.95406
161,rec2018-02-05_10h39m00.035s.wav,0,2018-02-05#1,noise,30,0.872,0.163722,0.390007,0.0402127,0.246475,0.0770658,0.055136,-2.69796,-0.674735,0.683895,0.0902812,3.83419,1.692,-1.46779,1.59155,1.99744,3.83419
161,rec2018-02-05_10h39m00.035s.wav,0,2018-02-05#1,noise,20,0.872,0.16561,0.401594,0.0419882,0.303206,0.105316,0.0640824,-2.69796,-0.609573,1.10361,0.296398,5.74038,3.86503,-0.951291,2.18061,2.87233,5.74038
161,rec2018-02-05_10h39m00.035s.wav,0,2018-02-05#1,noise,10,0.872,0.177669,0.423855,0.0440088,0.390806,0.0964049,0.0638211,-2.69796,-0.19335,1.91001,0.53097,8.68377,3.1796,-0.966375,2.59458,3.73589,8.68377
161,rec2018-02-05_10h39m00.035s.wav,0,2018-02-05#1,tilt,-0.5,0.872,0.16327,0.330465,0.0443476,0.114918,0.0445235,0.0722639,-2.69796,-0.690331,-1.47295,0.570307,-0.586189,-0.811211,-0.478955,1.04399,1.28071,2.69796
161,rec2018-02-05_10h39m00.035s.wav,0,2018-02-05#1,tilt,0.5,0.872,0.163378,0.44755,0.0471108,0.237543,0.0816366,0.0273825,-2.69796,-0.686604,2.76832,0.891079,3.53407,2.04359,-3.07006,2.24167,2.4582,3.53407
161,rec2018-02-05_10h39m00.035s.wav,0,2018-02-05#1,tilt,0.9,0.872,0.163244,0.488403,0.0421516,0.192723,0.0620087,0.0227822,-2.69796,-0.691253,4.24821,0.315373,2.02809,0.53378,-3.33564,1.97862,2.43276,4.24821
162,rec2018-02-05_10h41m21.507s.wav,0,2018-02-05#1,identity,0,1.352,0.178311,0.347862,0.0454549,0.132983,0.0948571,0.104785,-1.01174,-0.171166,-0.842745,0.698845,0.020791,3.06054,1.39858,1.0292,1.39258,3.06054
162,rec2018-02-05_10h41m21.507s.wav,0,2018-02-05#1,gain,0.5,1.352,0.0891556,0.347862,0.0454549,0.133002,0.0948898,0.104785,-1.01174,-3.24855,-0.842745,0.698845,0.0214279,3.06305,1.39858,1.46928,1.85603,3.24855
162,rec2018-02-05_10h41m21.507s.wav,0,2018-02-05#1,gain,0.707107,1.352,0.126085,0.347862,0.0454549,0.132986,0.0948547,0.104785,-1.01174,-1.97385,-0.842745,0.698845,0.0208817,3.06035,1.39858,1.28671,1.57845,3.06035
162,rec2018-02-05_10h41m21.507s.wav,0,2018-02-05#1,gain,1.41421,1.352,0.25217,0.347862,0.0454549,0.132982,0.0948576,0.104785,-1.01174,2.37822,-0.842745,0.698845,0.0207705,3.06058,1.39858,1.3445,1.65623,3.06058
162,rec2018-02-05_10h41m21.507s.wav,0,2018-02-05#1,gain,2,1.352,0.356622,0.347862,0.0454549,0.132982,0.0948576,0.104785,-1.01174,5.9836,-0.842745,0.698845,0.02077,3.06058,1.39858,1.85955,2.65516,5.9836
162,rec2018-02-05_10h41m21.507s.wav,0,2018-02-05#1,noise,30,1.352,0.179145,0.367804,0.0570802,0.192274,0.140408,0.121041,-1.01174,-0.142396,-0.120371,2.04842,2.013,6.56437,2.33706,2.03391,2.875,6.56437
162,rec2018-02-05_10h41m21.507s.wav,0,2018-02-05#1,noise,20,1.352,0.182382,0.380889,0.0600458,0.243461,0.156283,0.119667,-1.01174,-0.0306415,0.353615,2.39269,3.73293,7.7855,2.25772,2.50926,3.51569,7.7855
162,rec2018-02-05_10h41m21.507s.wav,0,2018-02-05#1,noise,10,1.352,0.19915,0.408328,0.0554277,0.329198,0.143754,0.0900902,-1.01174,0.54813,1.34757,1.85659,6.61373,6.82176,0.550199,2.67853,3.72573,6.82176
162,rec2018-02-05_10h41m21.507s.wav,0,2018-02-05#1,tilt,-0.5,1.352,0.177146,0.310522,0.0357614,0.078175,0.0620604,0.0830532,-1.01174,-0.211403,-2.19536,-0.426457,-1.82078,0.537752,0.143937,0.906775,1.17686,2.19536
162,rec2018-02-05_10h41m21.507s.wav,0,2018-02-05#1,tilt,0.5,1.352,0.180603,0.408785,0.0542646,0.176254,0.103086,0.0966464,-1.01174,-0.0920597,1.36411,1.72156,1.47472,3.69356,0.928701,1.46949,1.79429,3.69356
162,rec2018-02-05_10h41m21.507s.wav,0,2018-02-05#1,tilt,0.9,1.352,0.181343,0.444815,0.0568007,0.148823,0.0813088,0.0901327,-1.01174,-0.066522,2.66926,2.01598,0.553013,2.01838,0.552649,1.26965,1.5539,2.66926
163,rec2018-02-05_10h42m50.893s.wav,0,2018-02-05#1,identity,0,1.192,0.192333,0.369663,0.0210721,0.171626,0.0488853,0.0483338,-1.57381,0.312818,-0.0530289,-2.13173,1.31922,-0.475695,-1.86049,1.10383,1.33897,2.13173
163,rec2018-02-05_10h42m50.893s.wav,0,2018-02-05#1,gain,0.5,1.192,0.0961664,0.369663,0.0210721,0.171626,0.0488853,0.0483338,-1.57381,-3.00656,-0.0530289,-2.13173,1.31922,-0.475695,-1.86049,1.48865,1.7522,3.00656
163,rec2018-02-05_10h42m50.893s.wav,0,2018-02-05#1,gain,0.707107,1.192,0.136,0.369663,0.0210721,0.171626,0.0488853,0.0483338,-1.57381,-1.63163,-0.0530289,-2.13173,1.31922,-0.475694,-1.86049,1.29223,1.46941,2.13173
163,rec2018-02-05_10h42m50.893s.wav,0,2018-02-05#1,gain,1.41421,1.192,0.272,0.369663,0.0210721,0.171626,0.0488853,0.0483338,-1.57381,3.06268,-0.0530289,-2.13173,1.31922,-0.475694,-1.86049,1.49666,1.76603,3.06268
163,rec2018-02-05_10h42m50.893s.wav,0,2018-02-05#1,gain,2,1.192,0.384666,0.369663,0.0210721,0.171626,0.0488853,0.0483338,-1.57381,6.95156,-0.0530289,-2.13173,1.31922,-0.475694,-1.86049,2.05222,2.94658,6.95156
163,rec2018-02-05_10h42m50.893s.wav,0,2018-02-05#1,noise,30,1.192,0.192488,0.37154,0.0215917,0.18923,0.0476619,0.0445275,-1.57381,0.318174,0.0149573,-2.07141,1.91073,-0.569805,-2.08024,1.21988,1.47222,2.08024
163,rec2018-02-05_10h42m50.893s.wav,0,2018-02-05#1,noise,20,1.192,0.193625,0.378672,0.0240493,0.230536,0.0608737,0.0385887,-1.57381,0.35743,0.273296,-1.78611,3.29864,0.446469,-2.4231,1.45127,1.8056,3.29864
163,rec2018-02-05_10h42m50.893s.wav,0,2018-02-05#1,noise,10,1.192,0.203538,0.403664,0.0281568,0.327764,0.0725599,0.0377206,-1.57381,0.699578,1.1786,-1.30927,6.56555,1.3454,-2.47322,2.16363,2.85614,6.56555
163,rec2018-02-05_10h42m50.893s.wav,0,2018-02-05#1,tilt,-0.5,1.192,0.192092,0.323538,0.017285,0.0998204,0.0307495,0.0552329,-1.57381,0.304507,-1.72387,-2.57137,-1.09348,-1.87073,-1.46219,1.51428,1.64693,2.57137
163,rec2018-02-05_10h42m50.893s.wav,0,2018-02-05#1,tilt,0.5,1.192,0.192637,0.441333,0.0247896,0.226372,0.0568531,0.0244582,-1.57381,0.323304,2.54315,-1.70017,3.15871,0.137204,-3.23888,1.81075,2.15228,3.23888
163,rec2018-02-05_10h42m50.893s.wav,0,2018-02-05#1,tilt,0.9,1.192,0.192643,0.481523,0.0259506,0.186528,0.0462635,0.0199666,-1.57381,0.323534,3.99897,-1.56539,1.81994,-0.677371,-3.49819,1.92246,2.30006,3.99897
164,rec2018-02-05_10h43m40.571s.wav,0,2018-02-05#1,identity,0,1.224,0.210635,0.346008,0.0630177,0.127328,0.107044,0.0973281,-1.4614,0.944543,-0.9099,2.7377,-0.169221,3.99799,0.968056,1.5984,2.0107,3.99799
164,rec2018-02-05_10h43m40.571s.wav,0,2018-02-05#1,gain,0.5,1.224,0.105317,0.346008,0.0630177,0.127411,0.107302,0.0973281,-1.4614,-2.69069,-0.9099,2.7377,-0.166422,4.01782,0.968056,1.85028,2.22987,4.01782
164,rec2018-02-05_10h43m40.571s.wav,0,2018-02-05#1,gain,0.707107,1.224,0.148941,0.346008,0.0630177,0.127358,0.107139,0.0973281,-1.4614,-1.18493,-0.9099,2.7377,-0.168217,4.00529,0.968056,1.63364,2.03085,4.00529
164,rec2018-02-05_10h43m40.571s.wav,0,2018-02-05#1,gain,1.41421,1.224,0.297882,0.346008,0.0630177,0.127311,0.106986,0.0973281,-1.4614,3.95607,-0.9099,2.7377,-0.169795,3.99353,0.968056,2.02806,2.47915,3.99353
164,rec2018-02-05_10h43m40.571s.wav,0,2018-02-05#1,gain,2,1.224,0.421269,0.346008,0.0630177,0.127294,0.106929,0.0973281,-1.4614,8.21502,-0.9099,2.7377,-0.170367,3.98912,0.968056,2.63594,3.68053,8.21502
164,rec2018-02-05_10h43m40.571s.wav,0,2018-02-05#1,noise,30,1.224,0.211586,0.359605,0.070979,0.168226,0.144512,0.116925,-1.4614,0.977365,-0.417359,3.66192,1.20497,6.8801,2.09943,2.38608,3.15934,6.8801
164,rec2018-02-05_10h43m40.571s.wav,0,2018-02-05#1,noise,20,1.224,0.215068,0.370832,0.0729274,0.210609,0.157526,0.111257,-1.4614,1.09755,-0.010693,3.88811,2.62906,7.88117,1.77223,2.67717,3.59808,7.88117
164,rec2018-02-05_10h43m40.571s.wav,0,2018-02-05#1,noise,10,1.224,0.233811,0.39888,0.0647731,0.300258,0.154314,0.0802971,-1.4614,1.74451,1.00532,2.94148,5.64131,7.6341,-0.0151822,2.92047,3.87199,7.6341
164,rec2018-02-05_10h43m40.571s.wav,0,2018-02-05#1,tilt,-0.5,1.224,0.207886,0.304802,0.0547609,0.0788224,0.0815718,0.0918376,-1.4614,0.849666,-2.40256,1.77918,-1.79903,2.03861,0.651079,1.56879,1.67382,2.40256
164,rec2018-02-05_10h43m40.571s.wav,0,2018-02-05#1,tilt,0.5,1.224,0.216841,0.414104,0.0638179,0.172222,0.0956733,0.0661093,-1.4614,1.15878,1.55679,2.83059,1.33924,3.12333,-0.834269,1.75777,1.93313,3.12333
164,rec2018-02-05_10h43m40.571s.wav,0,2018-02-05#1,tilt,0.9,1.224,0.219281,0.457877,0.0587339,0.15611,0.0732562,0.0565439,-1.4614,1.24298,3.14243,2.2404,0.797868,1.39896,-1.38651,1.66722,1.81624,3.14243
165,rec2018-02-05_10h44m37.655s.wav,0,2018-02-05#1,identity,0,1.368,0.236634,0.338335,0.0495795,0.107714,0.0611293,0.0717625,-0.955529,1.84197,-1.18784,1.17767,-0.828246,0.466133,-0.507903,0.995041,1.08661,1.84197
165,rec2018-02-05_10h44m37.655s.wav,0,2018-02-05#1,gain,0.5,1.368,0.118317,0.338335,0.0495795,0.107714,0.0611293,0.0717625,-0.955529,-2.24198,-1.18784,1.17767,-0.828246,0.466133,-0.507903,1.05219,1.18915,2.24198
165,rec2018-02-05_10h44m37.655s.wav,0,2018-02-05#1,gain,0.707107,1.368,0.167326,0.338335,0.0495795,0.107714,0.0611293,0.0717625,-0.955529,-0.550352,-1.18784,1.17767,-0.828246,0.466133,-0.507903,0.810524,0.85982,1.18784
165,rec2018-02-05_10h44m37.655s.wav,0,2018-02-05#1,gain,1.41421,1.368,0.334651,0.338335,0.0495795,0.107714,0.0611293,0.0717625,-0.955529,5.22522,-1.18784,1.17767,-0.828245,0.466133,-0.507903,1.47836,2.14393,5.22522
165,rec2018-02-05_10h44m37.655s.wav,0,2018-02-05#1,gain,2,1.368,0.473269,0.338335,0.0495795,0.107714,0.0611293,0.0717625,-0.955529,10.0099,-1.18784,1.17767,-0.828246,0.466133,-0.507903,2.16188,3.87427,10.0099
165,rec2018-02-05_10h44m37.655s.wav,0,2018-02-05#1,noise,30,1.368,0.236924,0.343967,0.051024,0.143198,0.0864927,0.061414,-0.955529,1.85198,-0.983861,1.34536,0.364021,2.41714,-1.10534,1.28903,1.43017,2.41714
165,rec2018-02-05_10h44m37.655s.wav,0,2018-02-05#1,noise,20,1.368,0.239465,0.35979,0.0550963,0.203035,0.119554,0.0645783,-0.955529,1.93969,-0.410662,1.81811,2.37457,4.96029,-0.922658,1.91164,2.36776,4.96029
165,rec2018-02-05_10h44m37.655s.wav,0,2018-02-05#1,noise,10,1.368,0.259685,0.399857,0.0561013,0.317371,0.151847,0.0565411,-0.955529,2.63761,1.04072,1.93478,6.21632,7.44434,-1.38667,3.088,3.94027,7.44434
165,rec2018-02-05_10h44m37.655s.wav,0,2018-02-05#1,tilt,-0.5,1.368,0.231321,0.295206,0.0463584,0.06201,0.039574,0.0726474,-0.955529,1.65857,-2.75016,0.803739,-2.36393,-1.19194,-0.456812,1.45438,1.65144,2.75016
165,rec2018-02-05_10h44m37.655s.wav,0,2018-02-05#1,tilt,0.5,1.368,0.254443,0.412392,0.0458763,0.158067,0.0661643,0.0242197,-0.955529,2.45667,1.49477,0.747768,0.86362,0.853435,-3.25265,1.51778,1.76456,3.25265
165,rec2018-02-05_10h44m37.655s.wav,0,2018-02-05#1,tilt,0.9,1.368,0.265218,0.462331,0.036683,0.157938,0.0546683,0.0166252,-0.955529,2.82858,3.30378,-0.319477,0.859298,-0.0308589,-3.6911,1.71266,2.21341,3.6911
166,rec2018-02-05_10h45m35.939s.wav,0,2018-02-05#1,identity,0,0.92,0.199077,0.382858,0.0618632,0.163894,0.0863649,0.0844928,-2.52934,0.545618,0.424946,2.60367,1.05943,2.40731,0.227045,1.39962,1.71648,2.60367
166,rec2018-02-05_10h45m35.939s.wav,0,2018-02-05#1,gain,0.5,0.92,0.0995387,0.382858,0.0618632,0.163894,0.0863649,0.0844928,-2.52934,-2.89016,0.424946,2.60367,1.05943,2.40731,0.227045,1.73456,2.02412,2.89016
166,rec2018-02-05_10h45m35.939s.wav,0,2018-02-05#1,gain,0.707107,0.92,0.140769,0.382858,0.0618632,0.163894,0.0863649,0.0844928,-2.52934,-1.46701,0.424946,2.60367,1.05943,2.40731,0.227045,1.53125,1.79198,2.60367
166,rec2018-02-05_10h45m35.939s.wav,0,2018-02-05#1,gain,1.41421,0.92,0.281538,0.382858,0.0618632,0.163894,0.0863649,0.0844928,-2.52934,3.39191,0.424946,2.60367,1.05943,2.40731,0.227045,1.80624,2.13245,3.39191
166,rec2018-02-05_10h45m35.939s.wav,0,2018-02-05#1,gain,2,0.92,0.398155,0.382858,0.0618632,0.163894,0.0863649,0.0844928,-2.52934,7.41716,0.424946,2.60367,1.05943,2.40731,0.227045,2.38127,3.28069,7.41716
166,rec2018-02-05_10h45m35.939s.wav,0,2018-02-05#1,noise,30,0.92,0.199243,0.393735,0.0581196,0.210492,0.106037,0.0545095,-2.52934,0.551319,0.818937,2.16908,2.62513,3.92049,-1.50395,2.01689,2.28662,3.92049
166,rec2018-02-05_10h45m35.939s.wav,0,2018-02-05#1,noise,20,0.92,0.20111,0.403874,0.0608688,0.264741,0.136931,0.0608145,-2.52934,0.615785,1.18621,2.48823,4.44794,6.29697,-1.13995,2.67206,3.27568,6.29697
166,rec2018-02-05_10h45m35.939s.wav,0,2018-02-05#1,noise,10,0.92,0.216419,0.426326,0.0581922,0.357366,0.153544,0.0561759,-2.52934,1.14422,1.99952,2.17752,7.56017,7.57488,-1.40775,3.48477,4.3583,7.57488
166,rec2018-02-05_10h45m35.939s.wav,0,2018-02-05#1,tilt,-0.5,0.92,0.191287,0.333166,0.0553717,0.107911,0.0667048,0.0894328,-2.52934,0.276734,-1.3751,1.85009,-0.821634,0.895011,0.512242,1.18002,1.39009,2.52934
166,rec2018-02-05_10h45m35.939s.wav,0,2018-02-05#1,tilt,0.5,0.92,0.216329,0.456818,0.0610518,0.185095,0.0627042,0.0750233,-2.52934,1.1411,3.10406,2.50948,1.77178,0.587281,-0.319649,1.70895,1.9719,3.10406
166,rec2018-02-05_10h45m35.939s.wav,0,2018-02-05#1,tilt,0.9,0.92,0.222032,0.501011,0.0535162,0.158467,0.0410237,0.0714395,-2.52934,1.33795,4.70489,1.63468,0.877085,-1.08043,-0.52655,1.81299,2.24276,4.70489
167,rec2018-02-05_10h52m39.045s.wav,0,2018-02-05#1,identity,0,2.024,0.197002,0.360975,0.0187591,0.0876769,0.0391765,0.072685,1.34898,0.473973,-0.367752,-2.40025,-1.50151,-1.22252,-0.45464,1.10995,1.30366,2.40025
167,rec2018-02-05_10h52m39.045s.wav,0,2018-02-05#1,gain,0.5,2.024,0.0985008,0.360975,0.0187591,0.0876769,0.0391765,0.072685,1.34898,-2.92598,-0.367752,-2.40025,-1.50151,-1.22252,-0.45464,1.46023,1.70014,2.92598
167,rec2018-02-05_10h52m39.045s.wav,0,2018-02-05#1,gain,0.707107,2.024,0.139301,0.360975,0.0187591,0.0876769,0.0391765,0.072685,1.34898,-1.51767,-0.367752,-2.40025,-1.50151,-1.22252,-0.45464,1.25905,1.41297,2.40025
167,rec2018-02-05_10h52m39.045s.wav,0,2018-02-05#1,gain,1.41421,2.024,0.278602,0.360975,0.0187591,0.0876769,0.0391765,0.072685,1.34898,3.29058,-0.367752,-2.40025,-1.50151,-1.22252,-0.45464,1.51232,1.79284,3.29058
167,rec2018-02-05_10h52m39.045s.wav,0,2018-02-05#1,gain,2,2.024,0.394003,0.360975,0.0187591,0.0876769,0.0391765,0.072685,1.34898,7.27387,-0.367752,-2.40025,-1.50151,-1.22252,-0.45464,2.08136,3.03741,7.27387
167,rec2018-02-05_10h52m39.045s.wav,0,2018-02-05#1,noise,30,2.024,0.19728,0.369249,0.0290102,0.116685,0.0897976,0.0901221,1.34898,0.483567,-0.0680304,-1.2102,-0.526824,2.67135,0.552041,0.980142,1.26724,2.67135
167,rec2018-02-05_10h52m39.045s.wav,0,2018-02-05#1,noise,20,2.024,0.199062,0.380965,0.0352653,0.154875,0.112282,0.0948623,1.34898,0.545087,0.356372,-0.484048,0.75638,4.4009,0.825703,1.24535,1.81659,4.4009
167,rec2018-02-05_10h52m39.045s.wav,0,2018-02-05#1,noise,10,2.024,0.211567,0.412099,0.0353008,0.246788,0.119965,0.0662538,1.34898,0.976736,1.48416,-0.479933,3.8447,4.99192,-0.82593,1.99319,2.55203,4.99192
167,rec2018-02-05_10h52m39.045s.wav,0,2018-02-05#1,tilt,-0.5,2.024,0.196942,0.329394,0.016269,0.0513785,0.0243263,0.0393149,1.34898,0.471926,-1.51175,-2.68932,-2.72116,-2.36482,-2.38117,1.92702,2.07803,2.72116
167,rec2018-02-05_10h52m39.045s.wav,0,2018-02-05#1,tilt,0.5,2.024,0.197101,0.410693,0.0224025,0.111442,0.0483024,0.0682824,1.34898,0.477413,1.43325,-1.97728,-0.702978,-0.520538,-0.708816,1.02418,1.15134,1.97728
167,rec2018-02-05_10h52m39.045s.wav,0,2018-02-05#1,tilt,0.9,2.024,0.197132,0.43823,0.0247843,0.0895936,0.0395668,0.0642969,1.34898,0.47848,2.43074,-1.70079,-1.43711,-1.19249,-0.938907,1.36107,1.47448,2.43074
168,rec2018-02-05_10h53m45.411s.wav,0,2018-02-05#1,identity,0,2.296,0.190297,0.383683,0.0274093,0.133473,0.0562898,0.0787779,2.30451,0.242546,0.454807,-1.39605,0.0372681,0.0938718,-0.102883,0.661705,1.03828,2.30451
168,rec2018-02-05_10h53m45.411s.wav,0,2018-02-05#1,gain,0.5,2.296,0.0951485,0.383683,0.0274093,0.133477,0.0562874,0.0787779,2.30451,-3.04169,0.454807,-1.39605,0.0373853,0.0936827,-0.102883,1.06157,1.54639,3.04169
168,rec2018-02-05_10h53m45.411s.wav,0,2018-02-05#1,gain,0.707107,2.296,0.13456,0.383683,0.0274093,0.133475,0.0562886,0.0787779,2.30451,-1.68132,0.454807,-1.39605,0.0373267,0.0937769,-0.102883,0.867238,1.21386,2.30451
168,rec2018-02-05_10h53m45.411s.wav,0,2018-02-05#1,gain,1.41421,2.296,0.269121,0.383683,0.0274093,0.133471,0.0562911,0.0787779,2.30451,2.9633,0.454807,-1.39605,0.0372096,0.0939678,-0.102883,1.05039,1.52449,2.9633
168,rec2018-02-05_10h53m45.411s.wav,0,2018-02-05#1,gain,2,2.296,0.380594,0.383683,0.0274093,0.13347,0.0562923,0.0787779,2.30451,6.81102,0.454807,-1.39605,0.0371515,0.0940638,-0.102883,1.60007,2.7743,6.81102
168,rec2018-02-05_10h53m45.411s.wav,0,2018-02-05#1,noise,30,2.296,0.190458,0.391319,0.0316056,0.162665,0.0735044,0.068049,2.30451,0.248118,0.731424,-0.908901,1.01814,1.41805,-0.722287,1.0502,1.21318,2.30451
168,rec2018-02-05_10h53m45.411s.wav,0,2018-02-05#1,noise,20,2.296,0.191954,0.399647,0.0367865,0.204923,0.109703,0.0709974,2.30451,0.299745,1.03311,-0.307454,2.438,4.20253,-0.552074,1.59106,2.08643,4.20253
168,rec2018-02-05_10h53m45.411s.wav,0,2018-02-05#1,noise,10,2.296,0.203225,0.421961,0.0329341,0.288753,0.109426,0.0522239,2.30451,0.688781,1.8414,-0.754685,5.25475,4.18117,-1.63591,2.38017,2.86646,5.25475
168,rec2018-02-05_10h53m45.411s.wav,0,2018-02-05#1,tilt,-0.5,2.296,0.190068,0.342144,0.0226718,0.0821389,0.0367808,0.0730636,2.30451,0.234645,-1.04989,-1.94602,-1.68759,-1.40679,-0.432784,1.29461,1.47694,2.30451
168,rec2018-02-05_10h53m45.411s.wav,0,2018-02-05#1,tilt,0.5,2.296,0.19068,0.443967,0.0330706,0.154999,0.0621539,0.0686632,2.30451,0.255755,2.63855,-0.738838,0.760559,0.544951,-0.686829,1.13286,1.42584,2.63855
168,rec2018-02-05_10h53m45.411s.wav,0,2018-02-05#1,tilt,0.9,2.296,0.190796,0.476671,0.0363973,0.11986,0.0473338,0.067944,2.30451,0.259759,3.82322,-0.35264,-0.42014,-0.595038,-0.728348,1.21195,1.73949,3.82322
170,rec2018-02-05_10h54m35.447s.wav,0,2018-02-05#1,identity,0,2.312,0.171505,0.396271,0.029772,0.155705,0.0644444,0.080875,2.36072,-0.406081,0.910805,-1.12176,0.784267,0.721136,0.0181832,0.903279,1.13145,2.36072
170,rec2018-02-05_10h54m35.447s.wav,0,2018-02-05#1,gain,0.5,2.312,0.0857527,0.396271,0.029772,0.155726,0.0645003,0.080875,2.36072,-3.366,0.910805,-1.12176,0.784984,0.725441,0.0181832,1.32684,1.69595,3.366
170,rec2018-02-05_10h54m35.447s.wav,0,2018-02-05#1,gain,0.707107,2.312,0.121273,0.396271,0.029772,0.155712,0.0644694,0.080875,2.36072,-2.13996,0.910805,-1.12176,0.784505,0.723061,0.0181832,1.15129,1.38249,2.36072
170,rec2018-02-05_10h54m35.447s.wav,0,2018-02-05#1,gain,1.41421,2.312,0.242545,0.396271,0.029772,0.155703,0.064436,0.080875,2.36072,2.046,0.910805,-1.12176,0.784186,0.72049,0.0181832,1.13745,1.3618,2.36072
170,rec2018-02-05_10h54m35.447s.wav,0,2018-02-05#1,gain,2,2.312,0.343011,0.396271,0.029772,0.155703,0.064436,0.080875,2.36072,5.51377,0.910805,-1.12176,0.784187,0.72049,0.0181832,1.63284,2.36634,5.51377
170,rec2018-02-05_10h54m35.447s.wav,0,2018-02-05#1,noise,30,2.312,0.171924,0.406437,0.0324412,0.189081,0.100448,0.0728827,2.36072,-0.391651,1.27905,-0.811896,1.90572,3.49062,-0.443226,1.52613,1.85296,3.49062
170,rec2018-02-05_10h54m35.447s.wav,0,2018-02-05#1,noise,20,2.312,0.173683,0.413994,0.0337181,0.226773,0.107061,0.0625312,2.36072,-0.33093,1.55281,-0.663667,3.1722,3.99926,-1.04084,1.87435,2.25751,3.99926
170,rec2018-02-05_10h54m35.447s.wav,0,2018-02-05#1,noise,10,2.312,0.184769,0.434045,0.032343,0.313497,0.0991445,0.0524287,2.36072,0.0517347,2.27912,-0.823306,6.08618,3.39033,-1.62408,2.37364,2.99097,6.08618
170,rec2018-02-05_10h54m35.447s.wav,0,2018-02-05#1,tilt,-0.5,2.312,0.171109,0.352163,0.0245244,0.0984058,0.0427819,0.079271,2.36072,-0.419779,-0.686952,-1.73096,-1.14102,-0.945182,-0.0744195,1.05129,1.27717,2.36072
170,rec2018-02-05_10h54m35.447s.wav,0,2018-02-05#1,tilt,0.5,2.312,0.17188,0.457753,0.0351523,0.171421,0.0670267,0.0608328,2.36072,-0.39316,3.13794,-0.497175,1.31232,0.91977,-1.1389,1.39428,1.67701,3.13794
170,rec2018-02-05_10h54m35.447s.wav,0,2018-02-05#1,tilt,0.9,2.312,0.171989,0.489426,0.036736,0.130399,0.0506623,0.0513871,2.36072,-0.389381,4.28524,-0.313324,-0.0660136,-0.339007,-1.68422,1.34827,1.96912,4.28524
171,rec2018-02-05_10h55m27.871s.wav,0,2018-02-05#1,identity,0,2.024,0.156358,0.394508,0.0298378,0.131902,0.0843445,0.0945469,1.34898,-0.928928,0.846957,-1.11413,-0.0155163,2.25189,0.807493,1.04484,1.21682,2.25189
171,rec2018-02-05_10h55m27.871s.wav,0,2018-02-05#1,gain,0.5,2.024,0.0781789,0.394508,0.0298378,0.131929,0.0843726,0.0945469,1.34898,-3.62743,0.846957,-1.11413,-0.0146181,2.25405,0.807493,1.43052,1.79959,3.62743
171,rec2018-02-05_10h55m27.871s.wav,0,2018-02-05#1,gain,0.707107,2.024,0.110562,0.394508,0.0298378,0.131912,0.0843506,0.0945469,1.34898,-2.50967,0.846957,-1.11413,-0.0151984,2.25236,0.807493,1.27069,1.50249,2.50967
171,rec2018-02-05_10h55m27.871s.wav,0,2018-02-05#1,gain,1.41421,2.024,0.221123,0.394508,0.0298378,0.131897,0.0843404,0.0945469,1.34898,1.30658,0.846957,-1.11413,-0.015696,2.25157,0.807493,1.09877,1.26533,2.25157
171,rec2018-02-05_10h55m27.871s.wav,0,2018-02-05#1,gain,2,2.024,0.312716,0.394508,0.0298378,0.131897,0.0843404,0.0945469,1.34898,4.46807,0.846957,-1.11413,-0.015696,2.25157,0.807493,1.55041,2.05162,4.46807
171,rec2018-02-05_10h55m27.871s.wav,0,2018-02-05#1,noise,30,2.024,0.156867,0.408802,0.0322763,0.176026,0.124196,0.0674609,1.34898,-0.91136,1.36472,-0.831049,1.46705,5.31734,-0.756243,1.71382,2.27413,5.31734
171,rec2018-02-05_10h55m27.871s.wav,0,2018-02-05#1,noise,20,2.024,0.158898,0.416725,0.0331433,0.214243,0.131192,0.0644161,1.34898,-0.841254,1.65173,-0.730392,2.75119,5.85547,-0.932024,2.01586,2.63258,5.85547
171,rec2018-02-05_10h55m27.871s.wav,0,2018-02-05#1,noise,10,2.024,0.170301,0.434712,0.0311597,0.295526,0.12174,0.0536018,1.34898,-0.447637,2.30329,-0.960672,5.48232,5.1284,-1.55636,2.46109,3.09439,5.48232
171,rec2018-02-05_10h55m27.871s.wav,0,2018-02-05#1,tilt,-0.5,2.024,0.156328,0.352967,0.0209655,0.0829088,0.0594425,0.0849061,1.34898,-0.929946,-0.657821,-2.1441,-1.66172,0.336379,0.250907,1.04712,1.23357,2.1441
171,rec2018-02-05_10h55m27.871s.wav,0,2018-02-05#1,tilt,0.5,2.024,0.156344,0.451386,0.0397287,0.147805,0.0825162,0.0887939,1.34898,-0.929414,2.90728,0.0341004,0.518825,2.11125,0.47536,1.18932,1.51608,2.90728
171,rec2018-02-05_10h55m27.871s.wav,0,2018-02-05#1,tilt,0.9,2.024,0.156314,0.479178,0.0441125,0.113134,0.0609581,0.0856031,1.34898,-0.930444,3.91402,0.543014,-0.646128,0.452965,0.291146,1.16096,1.64783,3.91402
172,rec2018-02-05_10h56m11.262s.wav,0,2018-02-05#1,identity,0,2.984,0.139149,0.418455,0.0436167,0.113675,0.0554817,0.0916401,4.72144,-1.52293,1.71441,0.485456,-0.627954,0.03171,0.639676,1.39194,2.02098,4.72144
172,rec2018-02-05_10h56m11.262s.wav,0,2018-02-05#1,gain,0.5,2.984,0.0695744,0.418455,0.0436167,0.113692,0.0555003,0.0916401,4.72144,-3.92443,1.71441,0.485456,-0.627393,0.0331434,0.639676,1.73513,2.4399,4.72144
172,rec2018-02-05_10h56m11.262s.wav,0,2018-02-05#1,gain,0.707107,2.984,0.0983931,0.418455,0.0436167,0.113682,0.055488,0.0916401,4.72144,-2.9297,1.71441,0.485456,-0.627712,0.0321952,0.639676,1.59294,2.23141,4.72144
172,rec2018-02-05_10h56m11.262s.wav,0,2018-02-05#1,gain,1.41421,2.984,0.196786,0.418455,0.0436167,0.11367,0.0554795,0.0916401,4.72144,0.466536,1.71441,0.485456,-0.628143,0.0315444,0.639676,1.24103,1.9453,4.72144
172,rec2018-02-05_10h56m11.262s.wav,0,2018-02-05#1,gain,2,2.984,0.278298,0.418455,0.0436167,0.113664,0.0554775,0.0916401,4.72144,3.28007,1.71441,0.485456,-0.628331,0.0313859,0.639676,1.64297,2.30002,4.72144
172,rec2018-02-05_10h56m11.262s.wav,0,2018-02-05#1,noise,30,2.984,0.139502,0.425338,0.029726,0.163258,0.116592,0.0673164,4.72144,-1.51076,1.96372,-1.1271,1.03807,4.73244,-0.764582,2.26544,2.77126,4.73244
172,rec2018-02-05_10h56m11.262s.wav,0,2018-02-05#1,noise,20,2.984,0.141173,0.432903,0.0295581,0.206278,0.125148,0.0573223,4.72144,-1.45307,2.23778,-1.1466,2.48356,5.39057,-1.34157,2.68208,3.11108,5.39057
172,rec2018-02-05_10h56m11.262s.wav,0,2018-02-05#1,noise,10,2.984,0.151324,0.4492,0.027829,0.296738,0.125669,0.0467761,4.72144,-1.10267,2.82809,-1.34733,5.52304,5.43066,-1.95042,3.27195,3.72485,5.52304
172,rec2018-02-05_10h56m11.262s.wav,0,2018-02-05#1,tilt,-0.5,2.984,0.139152,0.374925,0.0358254,0.0759456,0.0485336,0.0893717,4.72144,-1.52282,0.137568,-0.419033,-1.89569,-0.50275,0.508716,1.38686,2.03226,4.72144
172,rec2018-02-05_10h56m11.262s.wav,0,2018-02-05#1,tilt,0.5,2.984,0.139058,0.472912,0.0481016,0.120395,0.0531445,0.0776376,4.72144,-1.52607,3.68706,1.0061,-0.402176,-0.148074,-0.168719,1.66566,2.37366,4.72144
172,rec2018-02-05_10h56m11.262s.wav,0,2018-02-05#1,tilt,0.9,2.984,0.138996,0.497076,0.0489584,0.0906052,0.0399123,0.0721308,4.72144,-1.5282,4.56236,1.10557,-1.40312,-1.16592,-0.486639,2.13903,2.67874,4.72144
173,rec2018-02-05_10h58m35.817s.wav,0,2018-02-05#1,identity,0,2.648,0.146748,0.415458,0.0270346,0.123641,0.0574314,0.0899289,3.54108,-1.26062,1.60585,-1.43955,-0.293093,0.181686,0.540887,1.26611,1.65577,3.54108
173,rec2018-02-05_10h58m35.817s.wav,0,2018-02-05#1,gain,0.5,2.648,0.0733742,0.415458,0.0270346,0.123653,0.0574369,0.0899289,3.54108,-3.79327,1.60585,-1.43955,-0.29271,0.182106,0.540887,1.62792,2.13778,3.79327
173,rec2018-02-05_10h58m35.817s.wav,0,2018-02-05#1,gain,0.707107,2.648,0.103767,0.415458,0.0270346,0.123646,0.0574343,0.0899289,3.54108,-2.74421,1.60585,-1.43955,-0.292937,0.181907,0.540887,1.47806,1.89482,3.54108
173,rec2018-02-05_10h58m35.817s.wav,0,2018-02-05#1,gain,1.41421,2.648,0.207534,0.415458,0.0270346,0.123638,0.0574279,0.0899289,3.54108,0.837499,1.60585,-1.43955,-0.293207,0.181413,0.540887,1.20564,1.61701,3.54108
173,rec2018-02-05_10h58m35.817s.wav,0,2018-02-05#1,gain,2,2.648,0.293497,0.415458,0.0270346,0.123636,0.0574263,0.0899289,3.54108,3.80469,1.60585,-1.43955,-0.293253,0.18129,0.540887,1.62951,2.14067,3.80469
173,rec2018-02-05_10h58m35.817s.wav,0,2018-02-05#1,noise,30,2.648,0.147001,0.423141,0.0262175,0.160219,0.0939932,0.0770272,3.54108,-1.25189,1.88416,-1.5344,0.935957,2.99409,-0.20396,1.76365,2.0665,3.54108
173,rec2018-02-05_10h58m35.817s.wav,0,2018-02-05#1,noise,20,2.648,0.148459,0.431457,0.0273173,0.200029,0.116474,0.0571725,3.54108,-1.20156,2.1854,-1.40673,2.27356,4.72335,-1.35021,2.38313,2.67368,4.72335
173,rec2018-02-05_10h58m35.817s.wav,0,2018-02-05#1,noise,10,2.648,0.158026,0.449,0.0246894,0.286273,0.10446,0.0419927,3.54108,-0.871357,2.82086,-1.71181,5.17144,3.79923,-2.22658,2.87748,3.16953,5.17144
173,rec2018-02-05_10h58m35.817s.wav,0,2018-02-05#1,tilt,-0.5,2.648,0.146907,0.370836,0.0181812,0.0798654,0.0392922,0.0921477,3.54108,-1.25513,-0.0105386,-2.46733,-1.76398,-1.21361,0.668982,1.56009,1.89866,3.54108
173,rec2018-02-05_10h58m35.817s.wav,0,2018-02-05#1,tilt,0.5,2.648,0.146296,0.472275,0.0360763,0.13094,0.0561173,0.0518572,3.54108,-1.27622,3.66399,-0.389904,-0.0478617,0.0806054,-1.65708,1.52239,2.08736,3.66399
173,rec2018-02-05_10h58m35.817s.wav,0,2018-02-05#1,tilt,0.9,2.648,0.146076,0.497595,0.0400529,0.0978572,0.0408214,0.0410141,3.54108,-1.28383,4.58115,0.0717379,-1.15945,-1.09599,-2.28307,2.00233,2.47667,4.58115
174,rec2018-02-05_11h01m02.037s.wav,0,2018-02-05#1,identity,0,1.32,0.203495,0.362358,0.0615833,0.0960159,0.0331574,0.0879955,-1.12415,0.698094,-0.317649,2.57118,-1.22132,-1.68551,0.429267,1.1496,1.36171,2.57118
174,rec2018-02-05_11h01m02.037s.wav,0,2018-02-05#1,gain,0.5,1.32,0.101747,0.362358,0.0615833,0.0960159,0.0331574,0.0879955,-1.12415,-2.81392,-0.317649,2.57118,-1.22132,-1.68551,0.429267,1.45186,1.70757,2.81392
174,rec2018-02-05_11h01m02.037s.wav,0,2018-02-05#1,gain,0.707107,1.32,0.143893,0.362358,0.0615833,0.0960158,0.0331574,0.0879955,-1.12415,-1.35919,-0.317649,2.57118,-1.22132,-1.68551,0.429267,1.24404,1.43128,2.57118
174,rec2018-02-05_11h01m02.037s.wav,0,2018-02-05#1,gain,1.41421,1.32,0.287785,0.362358,0.0615833,0.0960159,0.0331574,0.0879955,-1.12415,3.60754,-0.317649,2.57118,-1.22132,-1.68551,0.429267,1.56523,1.90888,3.60754
174,rec2018-02-05_11h01m02.037s.wav,0,2018-02-05#1,gain,2,1.32,0.40699,0.362358,0.0615833,0.0960159,0.0331574,0.0879955,-1.12415,7.72212,-0.317649,2.57118,-1.22132,-1.68551,0.429267,2.15303,3.20988,7.72212
174,rec2018-02-05_11h01m02.037s.wav,0,2018-02-05#1,noise,30,1.32,0.203914,0.373479,0.0680185,0.147504,0.109687,0.114688,-1.12415,0.712554,0.0852137,3.31824,0.508703,4.20127,1.97027,1.70291,2.22264,4.20127
174,rec2018-02-05_11h01m02.037s.wav,0,2018-02-05#1,noise,20,1.32,0.206336,0.381256,0.0662609,0.195408,0.142746,0.119112,-1.12415,0.796158,0.366902,3.1142,2.1183,6.74428,2.22569,2.35567,3.08583,6.74428
174,rec2018-02-05_11h01m02.037s.wav,0,2018-02-05#1,noise,10,1.32,0.221607,0.406495,0.0553146,0.283804,0.147524,0.085765,-1.12415,1.32326,1.28117,1.84345,5.08846,7.1118,0.300495,2.58183,3.47676,7.1118
174,rec2018-02-05_11h01m02.037s.wav,0,2018-02-05#1,tilt,-0.5,1.32,0.20271,0.327779,0.0564455,0.057738,0.0234795,0.088667,-1.12415,0.671006,-1.57023,1.97474,-2.50748,-2.42996,0.468034,1.53508,1.71091,2.50748
174,rec2018-02-05_11h01m02.037s.wav,0,2018-02-05#1,tilt,0.5,1.32,0.20492,0.415898,0.0591147,0.128448,0.0495358,0.0551311,-1.12415,0.74729,1.62177,2.2846,-0.13159,-0.42566,-1.46807,1.11473,1.31069,2.2846
174,rec2018-02-05_11h01m02.037s.wav,0,2018-02-05#1,tilt,0.9,1.32,0.205509,0.446383,0.0543012,0.106885,0.0433948,0.0429021,-1.12415,0.767634,2.72607,1.72581,-0.856123,-0.898036,-2.17408,1.46741,1.62696,2.72607
175,rec2018-02-05_11h02m06.737s.wav,0,2018-02-05#1,identity,0,1.352,0.205766,0.364312,0.0412684,0.118126,0.0508238,0.0807171,-1.01174,0.776502,-0.246858,0.212837,-0.478409,-0.326583,0.00906817,0.437428,0.543588,1.01174
175,rec2018-02-05_11h02m06.737s.wav,0,2018-02-05#1,gain,0.5,1.352,0.102883,0.364312,0.0412684,0.118126,0.0508238,0.0807171,-1.01174,-2.77471,-0.246858,0.212837,-0.478409,-0.326583,0.00906817,0.722886,1.14421,2.77471
175,rec2018-02-05_11h02m06.737s.wav,0,2018-02-05#1,gain,0.707107,1.352,0.145499,0.364312,0.0412684,0.118126,0.0508238,0.0807171,-1.01174,-1.30375,-0.246858,0.212837,-0.478409,-0.326583,0.00906817,0.512749,0.67244,1.30375
175,rec2018-02-05_11h02m06.737s.wav,0,2018-02-05#1,gain,1.41421,1.352,0.290998,0.364312,0.0412684,0.118126,0.0508238,0.0807171,-1.01174,3.71843,-0.246858,0.212837,-0.478409,-0.326584,0.00906817,0.857703,1.47804,3.71843
175,rec2018-02-05_11h02m06.737s.wav,0,2018-02-05#1,gain,2,1.352,0.411533,0.364312,0.0412684,0.118126,0.0508238,0.0807171,-1.01174,7.87893,-0.246858,0.212837,-0.478409,-0.326583,0.00906817,1.45206,3.0129,7.87893
175,rec2018-02-05_11h02m06.737s.wav,0,2018-02-05#1,noise,30,1.352,0.206116,0.369492,0.047497,0.15503,0.097357,0.0911084,-1.01174,0.78857,-0.059218,0.935913,0.761582,3.25283,0.608983,1.05983,1.41707,3.25283
175,rec2018-02-05_11h02m06.737s.wav,0,2018-02-05#1,noise,20,1.352,0.208275,0.378992,0.0515677,0.201583,0.136435,0.100265,-1.01174,0.863108,0.284887,1.40848,2.3258,6.25878,1.13764,1.89863,2.66484,6.25878
175,rec2018-02-05_11h02m06.737s.wav,0,2018-02-05#1,noise,10,1.352,0.222874,0.40552,0.0462876,0.286312,0.142509,0.0737731,-1.01174,1.36701,1.24585,0.795513,5.17272,6.72605,-0.391825,2.38724,3.32152,6.72605
175,rec2018-02-05_11h02m06.737s.wav,0,2018-02-05#1,tilt,-0.5,1.352,0.205246,0.327106,0.0365667,0.0713287,0.0403462,0.0820842,-1.01174,0.758557,-1.59462,-0.332975,-2.05082,-1.13254,0.0879942,0.995607,1.18013,2.05082
175,rec2018-02-05_11h02m06.737s.wav,0,2018-02-05#1,tilt,0.5,1.352,0.206915,0.421833,0.0426262,0.150393,0.0553061,0.0451047,-1.01174,0.816164,1.83678,0.370468,0.605772,0.0182032,-2.04691,0.958006,1.18067,2.04691
175,rec2018-02-05_11h02m06.737s.wav,0,2018-02-05#1,tilt,0.9,1.352,0.207729,0.454608,0.0414497,0.12291,0.0465465,0.0369447,-1.01174,0.844263,3.024,0.233885,-0.31767,-0.655605,-2.51801,1.22931,1.59494,3.024
176,rec2018-02-05_11h03m04.776s.wav,0,2018-02-05#1,identity,0,1.512,0.222121,0.350144,0.0365065,0.109001,0.0581271,0.0875666,-0.449661,1.34103,-0.760102,-0.339965,-0.785012,0.235198,0.404502,0.616496,0.710038,1.34103
176,rec2018-02-05_11h03m04.776s.wav,0,2018-02-05#1,gain,0.5,1.512,0.111061,0.350144,0.0365065,0.109015,0.0581601,0.0875666,-0.449661,-2.49245,-0.760102,-0.339965,-0.784543,0.237734,0.404502,0.781279,1.06526,2.49245
176,rec2018-02-05_11h03m04.776s.wav,0,2018-02-05#1,gain,0.707107,1.512,0.157064,0.350144,0.0365065,0.109008,0.0581434,0.0875666,-0.449661,-0.904569,-0.760102,-0.339965,-0.784778,0.236456,0.404502,0.55429,0.603464,0.904569
176,rec2018-02-05_11h03m04.776s.wav,0,2018-02-05#1,gain,1.41421,1.512,0.314127,0.350144,0.0365065,0.108994,0.058111,0.0875666,-0.449661,4.51679,-0.760102,-0.339965,-0.785244,0.233959,0.404502,1.07003,1.77812,4.51679
176,rec2018-02-05_11h03m04.776s.wav,0,2018-02-05#1,gain,2,1.512,0.444243,0.350144,0.0365065,0.108987,0.0580951,0.0875666,-0.449661,9.00799,-0.760102,-0.339965,-0.785475,0.232736,0.404502,1.71149,3.44081,9.00799
176,rec2018-02-05_11h03m04.776s.wav,0,2018-02-05#1,noise,30,1.512,0.222541,0.357953,0.0488678,0.141367,0.112923,0.107287,-0.449661,1.35552,-0.47722,1.09505,0.302506,4.45021,1.54299,1.38188,1.91771,4.45021
176,rec2018-02-05_11h03m04.776s.wav,0,2018-02-05#1,noise,20,1.512,0.22455,0.367247,0.0516291,0.172831,0.126555,0.108919,-0.449661,1.42485,-0.140566,1.41561,1.35971,5.49879,1.63723,1.70377,2.36106,5.49879
176,rec2018-02-05_11h03m04.776s.wav,0,2018-02-05#1,noise,10,1.512,0.238016,0.396974,0.0460934,0.255993,0.122705,0.0729514,-0.449661,1.88968,0.936286,0.772972,4.154,5.20266,-0.439265,1.97779,2.66629,5.20266
176,rec2018-02-05_11h03m04.776s.wav,0,2018-02-05#1,tilt,-0.5,1.512,0.221872,0.314819,0.0315355,0.0640999,0.0400907,0.0719978,-0.449661,1.33241,-2.03971,-0.917048,-2.29371,-1.1522,-0.494314,1.23986,1.40468,2.29371
176,rec2018-02-05_11h03m04.776s.wav,0,2018-02-05#1,tilt,0.5,1.512,0.222496,0.407363,0.0392511,0.142159,0.0628814,0.0699391,-0.449661,1.35396,1.31261,-0.0213452,0.329127,0.600909,-0.61317,0.668683,0.811013,1.35396
176,rec2018-02-05_11h03m04.776s.wav,0,2018-02-05#1,tilt,0.9,1.512,0.222565,0.442431,0.0385454,0.117133,0.0509567,0.0595987,-0.449661,1.35635,2.5829,-0.103272,-0.511766,-0.316364,-1.21014,0.932922,1.22768,2.5829
177,rec2018-02-05_11h03m43.815s.wav,0,2018-02-05#1,identity,0,1.384,0.182085,0.389803,0.0536763,0.141384,0.0764469,0.0838098,-0.899321,-0.0408985,0.676507,1.65326,0.303073,1.64439,0.187617,0.772153,0.987961,1.65326
177,rec2018-02-05_11h03m43.815s.wav,0,2018-02-05#1,gain,0.5,1.384,0.0910426,0.389803,0.0536763,0.141389,0.0764483,0.0838098,-0.899321,-3.18341,0.676507,1.65326,0.303256,1.6445,0.187617,1.22113,1.5568,3.18341
177,rec2018-02-05_11h03m43.815s.wav,0,2018-02-05#1,gain,0.707107,1.384,0.128754,0.389803,0.0536763,0.141385,0.0764454,0.0838098,-0.899321,-1.88174,0.676507,1.65326,0.303108,1.64428,0.187617,1.03512,1.21722,1.88174
177,rec2018-02-05_11h03m43.815s.wav,0,2018-02-05#1,gain,1.41421,1.384,0.257507,0.389803,0.0536763,0.141383,0.0764484,0.0838098,-0.899321,2.56245,0.676507,1.65326,0.303038,1.64451,0.187617,1.13239,1.38344,2.56245
177,rec2018-02-05_11h03m43.815s.wav,0,2018-02-05#1,gain,2,1.384,0.36417,0.389803,0.0536763,0.141382,0.0764491,0.0838098,-0.899321,6.24413,0.676507,1.65326,0.303022,1.64456,0.187617,1.65835,2.55847,6.24413
177,rec2018-02-05_11h03m43.815s.wav,0,2018-02-05#1,noise,30,1.384,0.18297,0.395558,0.0571345,0.223554,0.147476,0.0965833,-0.899321,-0.0103758,0.884996,2.05473,3.06403,7.10806,0.925058,2.13522,3.08412,7.10806
177,rec2018-02-05_11h03m43.815s.wav,0,2018-02-05#1,noise,20,1.384,0.186262,0.400652,0.0569075,0.258985,0.156478,0.0933515,-0.899321,0.103277,1.06949,2.02837,4.25454,7.80051,0.738478,2.41343,3.49637,7.80051
177,rec2018-02-05_11h03m43.815s.wav,0,2018-02-05#1,noise,10,1.384,0.201794,0.419115,0.0491244,0.32714,0.137035,0.0675545,-0.899321,0.639398,1.73832,1.12484,6.54458,6.30492,-0.750835,2.57174,3.55873,6.54458
177,rec2018-02-05_11h03m43.815s.wav,0,2018-02-05#1,tilt,-0.5,1.384,0.181534,0.343523,0.0505935,0.0879717,0.0543867,0.100305,-0.899321,-0.059941,-0.999924,1.29538,-1.49161,-0.0525206,1.1399,0.848371,1.00123,1.49161
177,rec2018-02-05_11h03m43.815s.wav,0,2018-02-05#1,tilt,0.5,1.384,0.182983,0.455325,0.0510627,0.168481,0.0817114,0.0587936,-0.899321,-0.0099191,3.04998,1.34985,1.21356,2.04935,-1.25662,1.40409,1.65551,3.04998
177,rec2018-02-05_11h03m43.815s.wav,0,2018-02-05#1,tilt,0.9,1.384,0.18326,0.491613,0.0474642,0.133121,0.0636897,0.053473,-0.899321,-0.000342552,4.36446,0.932106,0.0254379,0.663084,-1.5638,1.20694,1.83661,4.36446
178,rec2018-02-05_11h04m48.418s.wav,0,2018-02-05#1,identity,0,1.112,0.176034,0.379147,0.0519406,0.128791,0.0739776,0.0904651,-1.85485,-0.249753,0.290497,1.45177,-0.12006,1.45445,0.571844,0.856174,1.07913,1.85485
178,rec2018-02-05_11h04m48.418s.wav,0,2018-02-05#1,gain,0.5,1.112,0.0880172,0.379147,0.0519406,0.128836,0.0740553,0.0904651,-1.85485,-3.28784,0.290497,1.45177,-0.118535,1.46043,0.571844,1.29082,1.64388,3.28784
178,rec2018-02-05_11h04m48.418s.wav,0,2018-02-05#1,gain,0.707107,1.112,0.124475,0.379147,0.0519406,0.12881,0.0740081,0.0904651,-1.85485,-2.02942,0.290497,1.45177,-0.119428,1.4568,0.571844,1.11066,1.32096,2.02942
178,rec2018-02-05_11h04m48.418s.wav,0,2018-02-05#1,gain,1.41421,1.112,0.24895,0.379147,0.0519406,0.128777,0.0739475,0.0904651,-1.85485,2.26708,0.290497,1.45177,-0.120514,1.45213,0.571844,1.1441,1.37438,2.26708
178,rec2018-02-05_11h04m48.418s.wav,0,2018-02-05#1,gain,2,1.112,0.352069,0.379147,0.0519406,0.128766,0.0739189,0.0904651,-1.85485,5.82642,0.290497,1.45177,-0.120903,1.44993,0.571844,1.65232,2.45018,5.82642
178,rec2018-02-05_11h04m48.418s.wav,0,2018-02-05#1,noise,30,1.112,0.177111,0.39611,0.0661931,0.223368,0.168634,0.109553,-1.85485,-0.212604,0.904991,3.10634,3.0578,8.73556,1.67385,2.79228,3.82503,8.73556
178,rec2018-02-05_11h04m48.418s.wav,0,2018-02-05#1,noise,20,1.112,0.180698,0.402682,0.0667926,0.257797,0.172278,0.106309,-1.85485,-0.0887982,1.14306,3.17592,4.2146,9.01589,1.48652,2.99709,4.07256,9.01589
178,rec2018-02-05_11h04m48.418s.wav,0,2018-02-05#1,noise,10,1.112,0.197407,0.421132,0.058954,0.325653,0.150908,0.078334,-1.85485,0.487972,1.81138,2.26595,6.4946,7.3721,-0.128516,2.91648,3.93951,7.3721
178,rec2018-02-05_11h04m48.418s.wav,0,2018-02-05#1,tilt,-0.5,1.112,0.175071,0.336695,0.0463101,0.078443,0.0499601,0.100651,-1.85485,-0.283015,-1.24727,0.798131,-1.81178,-0.393022,1.15987,1.07828,1.22449,1.85485
178,rec2018-02-05_11h04m48.418s.wav,0,2018-02-05#1,tilt,0.5,1.112,0.177447,0.440895,0.0517777,0.159927,0.0852677,0.065407,-1.85485,-0.200989,2.52726,1.43286,0.926129,2.3229,-0.874816,1.44854,1.6449,2.52726
178,rec2018-02-05_11h04m48.418s.wav,0,2018-02-05#1,tilt,0.9,1.112,0.17775,0.475317,0.0488842,0.128953,0.0688411,0.0581032,-1.85485,-0.190532,3.77418,1.09695,-0.114622,1.05934,-1.29648,1.34099,1.76233,3.77418
179,rec2018-02-05_11h05m32.273s.wav,0,2018-02-05#1,identity,0,1.528,0.206903,0.362475,0.0309567,0.0978025,0.0345307,0.0825749,-0.393453,0.815739,-0.313411,-0.984236,-1.16129,-1.57988,0.11632,0.766332,0.905958,1.57988
179,rec2018-02-05_11h05m32.273s.wav,0,2018-02-05#1,gain,0.5,1.528,0.103452,0.362475,0.0309567,0.0978079,0.0345235,0.0825749,-0.393453,-2.75509,-0.313411,-0.984236,-1.16111,-1.58043,0.11632,1.04344,1.34546,2.75509
179,rec2018-02-05_11h05m32.273s.wav,0,2018-02-05#1,gain,0.707107,1.528,0.146303,0.362475,0.0309567,0.0978051,0.0345273,0.0825749,-0.393453,-1.27601,-0.313411,-0.984236,-1.1612,-1.58014,0.11632,0.83211,0.978972,1.58014
179,rec2018-02-05_11h05m32.273s.wav,0,2018-02-05#1,gain,1.41421,1.528,0.292605,0.362475,0.0309567,0.0978002,0.0345335,0.0825749,-0.393453,3.77391,-0.313411,-0.984236,-1.16137,-1.57966,0.11632,1.18891,1.6614,3.77391
179,rec2018-02-05_11h05m32.273s.wav,0,2018-02-05#1,gain,2,1.528,0.413806,0.362475,0.0309567,0.0977978,0.0345363,0.0825749,-0.393453,7.95741,-0.313411,-0.984236,-1.16144,-1.57945,0.11632,1.78653,3.12591,7.95741
179,rec2018-02-05_11h05m32.273s.wav,0,2018-02-05#1,noise,30,1.528,0.207285,0.368477,0.0373176,0.127971,0.0607643,0.0903245,-0.393453,0.828904,-0.0960125,-0.245801,-0.147607,0.438055,0.563722,0.387651,0.454028,0.828904
179,rec2018-02-05_11h05m32.273s.wav,0,2018-02-05#1,noise,20,1.528,0.209567,0.379037,0.0443497,0.178794,0.121957,0.0974181,-0.393453,0.907697,0.286522,0.57055,1.56007,5.14508,0.973254,1.40523,2.11252,5.14508
179,rec2018-02-05_11h05m32.273s.wav,0,2018-02-05#1,noise,10,1.528,0.224665,0.408374,0.0412665,0.265483,0.131794,0.0654642,-0.393453,1.42883,1.34922,0.212622,4.47288,5.9018,-0.871516,2.09005,2.91938,5.9018
179,rec2018-02-05_11h05m32.273s.wav,0,2018-02-05#1,tilt,-0.5,1.528,0.206584,0.327475,0.0278181,0.0570063,0.0206536,0.0664226,-0.393453,0.804735,-1.58125,-1.3486,-2.53206,-2.64733,-0.816187,1.44623,1.65647,2.64733
179,rec2018-02-05_11h05m32.273s.wav,0,2018-02-05#1,tilt,0.5,1.528,0.207519,0.41717,0.0317176,0.126586,0.0452404,0.0587326,-0.393453,0.836981,1.66787,-0.895903,-0.194133,-0.756071,-1.26015,0.857793,0.97373,1.66787
179,rec2018-02-05_11h05m32.273s.wav,0,2018-02-05#1,tilt,0.9,1.528,0.207758,0.448296,0.0296203,0.103112,0.0376202,0.0508231,-0.393453,0.84526,2.79536,-1.13937,-0.982879,-1.34223,-1.71678,1.31648,1.49745,2.79536
181,rec2018-02-05_11h06m12.128s.wav,1,2018-02-05#1,identity,0,1.432,0.1918,0.375023,0.0278537,0.121295,0.0586094,0.0662017,-0.730698,0.294433,0.141121,-1.34446,-0.37193,0.272302,-0.828939,0.569126,0.691552,1.34446
181,rec2018-02-05_11h06m12.128s.wav,1,2018-02-05#1,gain,0.5,1.432,0.0959001,0.375023,0.0278537,0.12132,0.0586799,0.0662017,-0.730698,-3.01575,0.141121,-1.34446,-0.371082,0.277721,-0.828939,0.958538,1.3287,3.01575
181,rec2018-02-05_11h06m12.128s.wav,1,2018-02-05#1,gain,0.707107,1.432,0.135623,0.375023,0.0278537,0.121303,0.0586272,0.0662017,-0.730698,-1.64463,0.141119,-1.34446,-0.37167,0.273667,-0.828939,0.762168,0.923222,1.64463
181,rec2018-02-05_11h06m12.128s.wav,1,2018-02-05#1,gain,1.41421,1.432,0.271246,0.375023,0.0278537,0.121287,0.0585925,0.0662017,-0.730698,3.03668,0.141119,-1.34446,-0.372184,0.271,-0.828939,0.960725,1.33534,3.03668
181,rec2018-02-05_11h06m12.128s.wav,1,2018-02-05#1,gain,2,1.432,0.3836,0.375023,0.0278537,0.12128,0.0585758,0.0662017,-0.730698,6.91479,0.141121,-1.34446,-0.372436,0.269718,-0.828939,1.51459,2.70117,6.91479
181,rec2018-02-05_11h06m12.128s.wav,1,2018-02-05#1,noise,30,1.432,0.192247,0.382531,0.0396589,0.158982,0.114556,0.0802211,-0.730698,0.309845,0.413091,0.0259938,0.894384,4.57581,-0.0195644,0.995626,1.79442,4.57581
181,rec2018-02-05_11h06m12.128s.wav,1,2018-02-05#1,noise,20,1.432,0.19442,0.391258,0.044273,0.196661,0.132989,0.0837295,-0.730698,0.384871,0.72922,0.561648,2.16042,5.99373,0.182982,1.5348,2.454,5.99373
181,rec2018-02-05_11h06m12.128s.wav,1,2018-02-05#1,noise,10,1.432,0.207987,0.415319,0.0426151,0.27788,0.119143,0.0672541,-0.730698,0.853163,1.6008,0.369177,4.88941,4.92866,-0.768181,2.02001,2.74509,4.92866
181,rec2018-02-05_11h06m12.128s.wav,1,2018-02-05#1,tilt,-0.5,1.432,0.191492,0.336707,0.0252822,0.0723232,0.0382745,0.0671705,-0.730698,0.283784,-1.24682,-1.64299,-2.01741,-1.2919,-0.773007,1.14094,1.26519,2.01741
181,rec2018-02-05_11h06m12.128s.wav,1,2018-02-05#1,tilt,0.5,1.432,0.192377,0.432226,0.0285723,0.149298,0.0635802,0.0387691,-0.730698,0.314355,2.21323,-1.26104,0.568983,0.654663,-2.41268,1.16509,1.39871,2.41268
181,rec2018-02-05_11h06m12.128s.wav,1,2018-02-05#1,tilt,0.9,1.432,0.192593,0.463241,0.0274167,0.118444,0.0489888,0.0341374,-0.730698,0.321788,3.33673,-1.39519,-0.467705,-0.467739,-2.68008,1.34285,1.74594,3.33673
182,rec2018-02-05_11h06m59.857s.wav,0,2018-02-05#1,identity,0,1.288,0.209653,0.357387,0.0263827,0.0924584,0.0700485,0.0804108,-1.23657,0.91066,-0.49772,-1.51522,-1.34085,1.15221,-0.00861653,0.951693,1.07089,1.51522
182,rec2018-02-05_11h06m59.857s.wav,0,2018-02-05#1,gain,0.5,1.288,0.104827,0.357387,0.0263827,0.0924708,0.0700764,0.0804108,-1.23657,-2.70763,-0.49772,-1.51522,-1.34043,1.15436,-0.00861653,1.20865,1.4409,2.70763
182,rec2018-02-05_11h06m59.857s.wav,0,2018-02-05#1,gain,0.707107,1.288,0.148247,0.357387,0.0263827,0.0924611,0.0700492,0.0804108,-1.23657,-1.20889,-0.49772,-1.51523,-1.34076,1.15227,-0.00861653,0.994292,1.11224,1.51523
182,rec2018-02-05_11h06m59.857s.wav,0,2018-02-05#1,gain,1.41421,1.288,0.296494,0.357387,0.0263827,0.0924584,0.0700485,0.0804108,-1.23657,3.90815,-0.49772,-1.51523,-1.34085,1.15221,-0.00861653,1.37991,1.79173,3.90815
182,rec2018-02-05_11h06m59.857s.wav,0,2018-02-05#1,gain,2,1.288,0.419306,0.357387,0.0263827,0.0924584,0.0700485,0.0804108,-1.23657,8.14725,-0.49772,-1.51522,-1.34085,1.15222,-0.00861653,1.98549,3.24204,8.14725
182,rec2018-02-05_11h06m59.857s.wav,0,2018-02-05#1,noise,30,1.288,0.209938,0.3643,0.0402337,0.113959,0.0977899,0.0984209,-1.23657,0.920506,-0.247313,0.092722,-0.618408,3.28613,1.03115,1.06183,1.44867,3.28613
182,rec2018-02-05_11h06m59.857s.wav,0,2018-02-05#1,noise,20,1.288,0.211572,0.373751,0.0427376,0.146728,0.100852,0.0990372,-1.23657,0.97691,0.0950658,0.383404,0.482619,3.5217,1.06673,1.109,1.53123,3.5217
182,rec2018-02-05_11h06m59.857s.wav,0,2018-02-05#1,noise,10,1.288,0.223983,0.404922,0.0403217,0.245741,0.115503,0.071604,-1.23657,1.40527,1.22419,0.102938,3.80952,4.64864,-0.517049,1.84917,2.43201,4.64864
182,rec2018-02-05_11h06m59.857s.wav,0,2018-02-05#1,tilt,-0.5,1.288,0.20953,0.32576,0.0238709,0.0547259,0.0475953,0.0493977,-1.23657,0.906406,-1.64336,-1.80682,-2.60869,-0.574926,-1.79907,1.51083,1.63394,2.60869
182,rec2018-02-05_11h06m59.857s.wav,0,2018-02-05#1,tilt,0.5,1.288,0.209817,0.407692,0.0283372,0.117977,0.0716591,0.0656335,-1.23657,0.916303,1.32452,-1.28833,-0.483423,1.27611,-0.861741,1.05528,1.09464,1.32452
182,rec2018-02-05_11h06m59.857s.wav,0,2018-02-05#1,tilt,0.9,1.288,0.20975,0.436417,0.0287026,0.0958859,0.0547453,0.056795,-1.23657,0.913995,2.36504,-1.24592,-1.22569,-0.0249373,-1.37201,1.19774,1.35728,2.36504
184,rec2018-02-05_11h20m08.624s.wav,1,2018-02-05#1,identity,0,0.984,0.216485,0.351187,0.0337134,0.171229,0.0583988,0.0590773,-2.30451,1.14648,-0.722296,-0.664216,1.30588,0.2561,-1.24024,1.09139,1.24769,2.30451
184,rec2018-02-05_11h20m08.624s.wav,1,2018-02-05#1,gain,0.5,0.984,0.108243,0.351187,0.0337134,0.171229,0.0583988,0.0590773,-2.30451,-2.58972,-0.722296,-0.664216,1.30588,0.256099,-1.24024,1.29757,1.52547,2.58972
184,rec2018-02-05_11h20m08.624s.wav,1,2018-02-05#1,gain,0.707107,0.984,0.153078,0.351187,0.0337134,0.171229,0.0583988,0.0590773,-2.30451,-1.04214,-0.722296,-0.664216,1.30588,0.2561,-1.24024,1.07648,1.23455,2.30451
184,rec2018-02-05_11h20m08.624s.wav,1,2018-02-05#1,gain,1.41421,0.984,0.306156,0.351187,0.0337134,0.171229,0.0583988,0.0590773,-2.30451,4.24166,-0.722296,-0.664216,1.30588,0.2561,-1.24024,1.53356,1.98474,4.24166
184,rec2018-02-05_11h20m08.624s.wav,1,2018-02-05#1,gain,2,0.984,0.43297,0.351187,0.0337134,0.171229,0.0583988,0.0590773,-2.30451,8.61889,-0.722296,-0.664216,1.30588,0.256099,-1.24024,2.15888,3.46138,8.61889
184,rec2018-02-05_11h20m08.624s.wav,1,2018-02-05#1,noise,30,0.984,0.216926,0.358887,0.0425499,0.216051,0.0945039,0.0613558,-2.30451,1.16169,-0.443378,0.361611,2.81191,3.03337,-1.1087,1.6036,1.90207,3.03337
184,rec2018-02-05_11h20m08.624s.wav,1,2018-02-05#1,noise,20,0.984,0.219355,0.368869,0.0484421,0.264577,0.12197,0.0683843,-2.30451,1.24554,-0.0817937,1.04564,4.44242,5.14614,-0.70293,2.13842,2.79474,5.14614
184,rec2018-02-05_11h20m08.624s.wav,1,2018-02-05#1,noise,10,0.984,0.234576,0.394787,0.0496827,0.348084,0.118408,0.06255,-2.30451,1.77094,0.857063,1.18965,7.24832,4.87208,-1.03976,2.75462,3.54468,7.24832
184,rec2018-02-05_11h20m08.624s.wav,1,2018-02-05#1,tilt,-0.5,0.984,0.215708,0.306559,0.032841,0.0976015,0.0364856,0.0631396,-2.30451,1.11966,-2.33892,-0.765484,-1.16804,-1.4295,-1.00572,1.44741,1.56023,2.33892
184,rec2018-02-05_11h20m08.624s.wav,1,2018-02-05#1,tilt,0.5,0.984,0.217983,0.42437,0.0319483,0.238573,0.0795701,0.0345657,-2.30451,1.19818,1.92865,-0.869125,3.56866,1.88464,-2.65535,2.05845,2.22195,3.56866
184,rec2018-02-05_11h20m08.624s.wav,1,2018-02-05#1,tilt,0.9,0.984,0.218514,0.471329,0.0305455,0.203357,0.0718924,0.030989,-2.30451,1.2165,3.62971,-1.03198,2.3854,1.29406,-2.86184,2.10343,2.28615,3.62971
185,rec2018-02-05_11h20m47.521s.wav,0,2018-02-05#1,identity,0,1.496,0.207852,0.358961,0.0359362,0.166921,0.0577668,0.05513,-0.505868,0.848497,-0.44072,-0.406166,1.16115,0.207486,-1.46813,0.719717,0.835103,1.46813
185,rec2018-02-05_11h20m47.521s.wav,0,2018-02-05#1,gain,0.5,1.496,0.103926,0.358961,0.0359362,0.166929,0.0577624,0.05513,-0.505868,-2.73872,-0.44072,-0.406166,1.1614,0.207143,-1.46813,0.989736,1.29078,2.73872
185,rec2018-02-05_11h20m47.521s.wav,0,2018-02-05#1,gain,0.707107,1.496,0.146974,0.358961,0.0359362,0.166925,0.0577646,0.05513,-0.505868,-1.25284,-0.44072,-0.406166,1.16127,0.207313,-1.46813,0.777474,0.904882,1.46813
185,rec2018-02-05_11h20m47.521s.wav,0,2018-02-05#1,gain,1.41421,1.496,0.293947,0.358961,0.0359362,0.166918,0.0577691,0.05513,-0.505868,3.82024,-0.44072,-0.406166,1.16102,0.207662,-1.46813,1.14426,1.63689,3.82024
185,rec2018-02-05_11h20m47.521s.wav,0,2018-02-05#1,gain,2,1.496,0.415704,0.358961,0.0359362,0.166914,0.0577714,0.05513,-0.505868,8.02292,-0.44072,-0.406166,1.1609,0.207839,-1.46813,1.74465,3.12887,8.02292
185,rec2018-02-05_11h20m47.521s.wav,0,2018-02-05#1,noise,30,1.496,0.208159,0.367441,0.0415492,0.206564,0.0827815,0.0546955,-0.505868,0.859104,-0.133525,0.24544,2.49315,2.13166,-1.49321,1.12314,1.41732,2.49315
185,rec2018-02-05_11h20m47.521s.wav,0,2018-02-05#1,noise,20,1.496,0.210147,0.378247,0.0494632,0.256077,0.110248,0.0641234,-0.505868,0.927702,0.257924,1.16417,4.1568,4.2444,-0.948922,1.74368,2.35229,4.2444
185,rec2018-02-05_11h20m47.521s.wav,0,2018-02-05#1,noise,10,1.496,0.224173,0.402499,0.0494362,0.34631,0.113048,0.0591925,-0.505868,1.41183,1.13643,1.16103,7.18871,4.45981,-1.23359,2.44247,3.33762,7.18871
185,rec2018-02-05_11h20m47.521s.wav,0,2018-02-05#1,tilt,-0.5,1.496,0.206762,0.312314,0.0336231,0.0960757,0.0363163,0.0737335,-0.505868,0.810873,-2.13044,-0.6747,-1.21931,-1.44253,-0.394112,1.0254,1.17293,2.13044
185,rec2018-02-05_11h20m47.521s.wav,0,2018-02-05#1,tilt,0.5,1.496,0.209858,0.432964,0.0347033,0.22712,0.0740111,0.0318786,-0.505868,0.917743,2.23999,-0.549293,3.18383,1.45702,-2.81049,1.66632,1.94848,3.18383
185,rec2018-02-05_11h20m47.521s.wav,0,2018-02-05#1,tilt,0.9,1.496,0.210502,0.478105,0.0317511,0.191807,0.06594,0.0279033,-0.505868,0.939967,3.87514,-0.892009,1.99732,0.83618,-3.03999,1.72664,2.1004,3.87514
186,rec2018-02-05_11h22m34.731s.wav,0,2018-02-05#1,identity,0,1.592,0.223456,0.340365,0.0381207,0.13832,0.0404712,0.0723852,-0.168623,1.3871,-1.11431,-0.15257,0.200121,-1.12292,-0.471949,0.659657,0.822991,1.3871
186,rec2018-02-05_11h22m34.731s.wav,0,2018-02-05#1,gain,0.5,1.592,0.111728,0.340365,0.0381207,0.138338,0.0404741,0.0723852,-0.168623,-2.46941,-1.11431,-0.15257,0.200718,-1.1227,-0.471949,0.814326,1.12852,2.46941
186,rec2018-02-05_11h22m34.731s.wav,0,2018-02-05#1,gain,0.707107,1.592,0.158007,0.340365,0.0381207,0.138328,0.0404733,0.0723852,-0.168623,-0.871991,-1.11431,-0.15257,0.200395,-1.12277,-0.471949,0.586086,0.714869,1.12277
186,rec2018-02-05_11h22m34.731s.wav,0,2018-02-05#1,gain,1.41421,1.592,0.316015,0.340365,0.0381207,0.138318,0.0404743,0.0723852,-0.168623,4.58195,-1.11431,-0.15257,0.200051,-1.12268,-0.471949,1.11602,1.84433,4.58195
186,rec2018-02-05_11h22m34.731s.wav,0,2018-02-05#1,gain,2,1.592,0.446912,0.340365,0.0381207,0.138316,0.0404775,0.0723852,-0.168623,9.10014,-1.11431,-0.15257,0.19998,-1.12244,-0.471949,1.76143,3.49752,9.10014
186,rec2018-02-05_11h22m34.731s.wav,0,2018-02-05#1,noise,30,1.592,0.224051,0.353674,0.0554559,0.19616,0.117625,0.0955841,-0.168623,1.40763,-0.632235,1.85985,2.14359,4.81185,0.867375,1.69874,2.21585,4.81185
186,rec2018-02-05_11h22m34.731s.wav,0,2018-02-05#1,noise,20,1.592,0.226828,0.36252,0.057936,0.238246,0.134103,0.09661,-0.168623,1.50349,-0.311777,2.14777,3.5577,6.07943,0.926601,2.09934,2.86542,6.07943
186,rec2018-02-05_11h22m34.731s.wav,0,2018-02-05#1,noise,10,1.592,0.243232,0.38993,0.0529376,0.320541,0.122539,0.0705944,-0.168623,2.06971,0.68112,1.56751,6.32285,5.18991,-0.575338,2.36787,3.26185,6.32285
186,rec2018-02-05_11h22m34.731s.wav,0,2018-02-05#1,tilt,-0.5,1.592,0.22305,0.297426,0.0308182,0.0771462,0.0240393,0.0778816,-0.168623,1.3731,-2.66972,-1.00032,-1.85535,-2.3869,-0.154631,1.37266,1.65639,2.66972
186,rec2018-02-05_11h22m34.731s.wav,0,2018-02-05#1,tilt,0.5,1.592,0.224244,0.412096,0.042007,0.202744,0.0620821,0.0374266,-0.168623,1.41429,1.48406,0.29859,2.3648,0.539425,-2.49019,1.25143,1.53085,2.49019
186,rec2018-02-05_11h22m34.731s.wav,0,2018-02-05#1,tilt,0.9,1.592,0.224495,0.458645,0.0406253,0.177062,0.0576873,0.0298065,-0.168623,1.42295,3.17025,0.13818,1.50188,0.201366,-2.93011,1.36191,1.81283,3.17025
187,rec2018-02-05_11h23m35.644s.wav,0,2018-02-05#1,identity,0,1.784,0.219944,0.340902,0.0578378,0.121232,0.0488909,0.0855148,0.505868,1.26588,-1.09488,2.13637,-0.374032,-0.475268,0.286048,0.876906,1.07363,2.13637
187,rec2018-02-05_11h23m35.644s.wav,0,2018-02-05#1,gain,0.5,1.784,0.109972,0.340902,0.0578378,0.121247,0.0488815,0.0855148,0.505868,-2.53003,-1.09488,2.13637,-0.373526,-0.475988,0.286048,1.05753,1.35582,2.53003
187,rec2018-02-05_11h23m35.644s.wav,0,2018-02-05#1,gain,0.707107,1.784,0.155524,0.340902,0.0578378,0.12124,0.0488863,0.0855148,0.505868,-0.957711,-1.09488,2.13637,-0.373784,-0.475621,0.286048,0.832898,1.02704,2.13637
187,rec2018-02-05_11h23m35.644s.wav,0,2018-02-05#1,gain,1.41421,1.784,0.311048,0.340902,0.0578378,0.121229,0.048893,0.0855148,0.505868,4.41051,-1.09488,2.13637,-0.374145,-0.475106,0.286048,1.32613,1.92424,4.41051
187,rec2018-02-05_11h23m35.644s.wav,0,2018-02-05#1,gain,2,1.784,0.439888,0.340902,0.0578378,0.121228,0.0488945,0.0855148,0.505868,8.85768,-1.09488,2.13637,-0.374173,-0.474987,0.286048,1.96143,3.48312,8.85768
187,rec2018-02-05_11h23m35.644s.wav,0,2018-02-05#1,noise,30,1.784,0.220593,0.352522,0.0507165,0.180619,0.121292,0.100329,0.505868,1.28826,-0.673947,1.30967,1.6214,5.09394,1.14129,1.66205,2.20275,5.09394
187,rec2018-02-05_11h23m35.644s.wav,0,2018-02-05#1,noise,20,1.784,0.223555,0.363234,0.0555484,0.218609,0.139622,0.103443,0.505868,1.3905,-0.285911,1.87059,2.89788,6.50392,1.32106,2.11082,2.8838,6.50392
187,rec2018-02-05_11h23m35.644s.wav,0,2018-02-05#1,noise,10,1.784,0.240025,0.391516,0.0514439,0.297505,0.126241,0.0745277,0.505868,1.95902,0.738555,1.39411,5.54881,5.47464,-0.348261,2.28132,3.10449,5.54881
187,rec2018-02-05_11h23m35.644s.wav,0,2018-02-05#1,tilt,-0.5,1.784,0.219725,0.302243,0.0545715,0.0695543,0.0315911,0.0786037,0.505868,1.25833,-2.49524,1.75719,-2.11044,-1.806,-0.112942,1.43515,1.64237,2.49524
187,rec2018-02-05_11h23m35.644s.wav,0,2018-02-05#1,tilt,0.5,1.784,0.220347,0.406192,0.0547016,0.174306,0.0695472,0.0626806,0.505868,1.27977,1.27018,1.77229,1.40928,1.11366,-1.03222,1.19761,1.25014,1.77229
187,rec2018-02-05_11h23m35.644s.wav,0,2018-02-05#1,tilt,0.9,1.784,0.220471,0.448937,0.0498071,0.15171,0.0597093,0.0534976,0.505868,1.28406,2.81857,1.2041,0.650034,0.356905,-1.56237,1.19741,1.42878,2.81857
188,rec2018-02-05_11h30m48.760s.wav,0,2018-02-05#1,identity,0,1.992,0.227864,0.344468,0.0343606,0.113784,0.0397516,0.0816095,1.23657,1.53924,-0.965693,-0.589082,-0.624292,-1.17828,0.0605854,0.88482,0.997117,1.53924
188,rec2018-02-05_11h30m48.760s.wav,0,2018-02-05#1,gain,0.5,1.992,0.113932,0.344468,0.0343606,0.113785,0.0397522,0.0816095,1.23657,-2.39334,-0.965693,-0.589082,-0.624259,-1.17823,0.0605854,1.00682,1.21411,2.39334
188,rec2018-02-05_11h30m48.760s.wav,0,2018-02-05#1,gain,0.707107,1.992,0.161124,0.344468,0.0343606,0.113784,0.0397516,0.0816095,1.23657,-0.764413,-0.965693,-0.589082,-0.624293,-1.17828,0.0605854,0.77413,0.859797,1.23657
188,rec2018-02-05_11h30m48.760s.wav,0,2018-02-05#1,gain,1.41421,1.992,0.322248,0.344468,0.0343606,0.113784,0.0397516,0.0816095,1.23657,4.7971,-0.965693,-0.589082,-0.624293,-1.17828,0.0605854,1.35023,1.98576,4.7971
188,rec2018-02-05_11h30m48.760s.wav,0,2018-02-05#1,gain,2,1.992,0.455728,0.344468,0.0343606,0.113784,0.0397516,0.0816095,1.23657,9.40441,-0.965693,-0.589082,-0.624292,-1.17828,0.0605854,2.00842,3.64561,9.40441
188,rec2018-02-05_11h30m48.760s.wav,0,2018-02-05#1,noise,30,1.992,0.22828,0.350077,0.0355606,0.144876,0.0977981,0.0945797,1.23657,1.55362,-0.762512,-0.449769,0.420397,3.28677,0.809384,1.217,1.52883,3.28677
188,rec2018-02-05_11h30m48.760s.wav,0,2018-02-05#1,noise,20,1.992,0.230452,0.360151,0.0406948,0.179109,0.115983,0.0947124,1.23657,1.62857,-0.397604,0.146253,1.57066,4.68558,0.817046,1.49747,2.05113,4.68558
188,rec2018-02-05_11h30m48.760s.wav,0,2018-02-05#1,noise,10,1.992,0.244761,0.390735,0.0387538,0.264883,0.110787,0.0639391,1.23657,2.12247,0.710264,-0.0790812,4.45269,4.28591,-0.959561,1.97808,2.55401,4.45269
188,rec2018-02-05_11h30m48.760s.wav,0,2018-02-05#1,tilt,-0.5,1.992,0.227776,0.308164,0.0293779,0.0653474,0.0257109,0.0609158,1.23657,1.53621,-2.28075,-1.16751,-2.2518,-2.25832,-1.13411,1.69504,1.76921,2.28075
188,rec2018-02-05_11h30m48.760s.wav,0,2018-02-05#1,tilt,0.5,1.992,0.22798,0.404321,0.0378606,0.155863,0.054742,0.0733512,1.23657,1.54325,1.20242,-0.182764,0.789589,-0.0251894,-0.416182,0.770851,0.940153,1.54325
188,rec2018-02-05_11h30m48.760s.wav,0,2018-02-05#1,tilt,0.9,1.992,0.227983,0.441293,0.0388542,0.130962,0.0481388,0.0705103,1.23657,1.54337,2.54167,-0.0674236,-0.0471172,-0.533116,-0.580193,0.935636,1.2535,2.54167
189,rec2018-02-06_10h28m57.917s.wav,0,2018-02-06#1,identity,0,1.24,0.198412,0.350066,0.0293697,0.139437,0.056247,0.0809919,-1.40519,0.500343,-0.747697,-1.12803,0.248485,0.0405741,0.0147102,0.583576,0.767185,1.40519
189,rec2018-02-06_10h28m57.917s.wav,0,2018-02-06#1,gain,0.5,1.24,0.0992059,0.350066,0.0293697,0.139441,0.0562429,0.0809919,-1.40519,-2.89764,-0.747697,-1.12803,0.248635,0.0402646,0.0147102,0.926024,1.32374,2.89764
189,rec2018-02-06_10h28m57.917s.wav,0,2018-02-06#1,gain,0.707107,1.24,0.140298,0.350066,0.0293697,0.139438,0.0562457,0.0809919,-1.40519,-1.49015,-0.747697,-1.12803,0.248535,0.0404728,0.0147102,0.724969,0.932756,1.49015
189,rec2018-02-06_10h28m57.917s.wav,0,2018-02-06#1,gain,1.41421,1.24,0.280597,0.350066,0.0293697,0.139437,0.056247,0.0809919,-1.40519,3.31533,-0.747697,-1.12803,0.248485,0.0405749,0.0147102,0.985716,1.45705,3.31533
189,rec2018-02-06_10h28m57.917s.wav,0,2018-02-06#1,gain,2,1.24,0.396824,0.350066,0.0293697,0.139437,0.056247,0.0809919,-1.40519,7.29631,-0.747697,-1.12803,0.248485,0.0405744,0.0147102,1.55443,2.85622,7.29631
189,rec2018-02-06_10h28m57.917s.wav,0,2018-02-06#1,noise,30,1.24,0.199144,0.36572,0.0480881,0.209918,0.120426,0.104094,-1.40519,0.525429,-0.186586,0.968024,2.61589,4.80948,1.37425,1.69784,2.23878,4.80948
189,rec2018-02-06_10h28m57.917s.wav,0,2018-02-06#1,noise,20,1.24,0.202425,0.377439,0.0536007,0.254477,0.142991,0.10324,-1.40519,0.637807,0.233461,1.58532,4.11259,6.48616,1.32396,2.25493,3.06328,6.48616
189,rec2018-02-06_10h28m57.917s.wav,0,2018-02-06#1,noise,10,1.24,0.219248,0.402869,0.0494013,0.332605,0.120685,0.0737201,-1.40519,1.21402,1.14498,1.11507,6.73685,4.82868,-0.413224,2.40829,3.27054,6.73685
189,rec2018-02-06_10h28m57.917s.wav,0,2018-02-06#1,tilt,-0.5,1.24,0.198316,0.310754,0.0270093,0.0788782,0.031507,0.0670124,-1.40519,0.497052,-2.15681,-1.39235,-1.78563,-1.79776,-0.807961,1.40611,1.50643,2.15681
189,rec2018-02-06_10h28m57.917s.wav,0,2018-02-06#1,tilt,0.5,1.24,0.198545,0.414931,0.0323878,0.193595,0.0814566,0.0652168,-1.40519,0.504909,1.57736,-0.790069,2.06763,1.9138,-0.913629,1.31037,1.41997,2.06763
189,rec2018-02-06_10h28m57.917s.wav,0,2018-02-06#1,tilt,0.9,1.24,0.198561,0.454593,0.0347964,0.163323,0.0712366,0.0584546,-1.40519,0.505466,2.99902,-0.520366,1.05079,1.15439,-1.31157,1.27811,1.49532,2.99902
190,rec2018-02-06_10h30m00.277s.wav,0,2018-02-06#1,identity,0,1.368,0.206598,0.356606,0.0378417,0.14676,0.0376445,0.0670207,-0.955529,0.780744,-0.513289,-0.179359,0.49446,-1.34171,-0.807469,0.724651,0.803111,1.34171
190,rec2018-02-06_10h30m00.277s.wav,0,2018-02-06#1,gain,0.5,1.368,0.103299,0.356606,0.0378417,0.14676,0.0376444,0.0670207,-0.955529,-2.75744,-0.513289,-0.179359,0.494467,-1.34171,-0.807469,1.00704,1.28223,2.75744
190,rec2018-02-06_10h30m00.277s.wav,0,2018-02-06#1,gain,0.707107,1.368,0.146087,0.356606,0.0378417,0.14676,0.0376444,0.0670207,-0.955529,-1.29188,-0.513289,-0.179359,0.49446,-1.34171,-0.807469,0.79767,0.892372,1.34171
190,rec2018-02-06_10h30m00.277s.wav,0,2018-02-06#1,gain,1.41421,1.368,0.292174,0.356606,0.0378417,0.14676,0.0376444,0.0670207,-0.955529,3.71187,-0.513289,-0.179359,0.49446,-1.34171,-0.807469,1.14338,1.5894,3.71187
190,rec2018-02-06_10h30m00.277s.wav,0,2018-02-06#1,gain,2,1.368,0.413196,0.356606,0.0378417,0.14676,0.0376445,0.0670207,-0.955529,7.85712,-0.513289,-0.179359,0.49446,-1.34171,-0.807469,1.73556,3.0622,7.85712
190,rec2018-02-06_10h30m00.277s.wav,0,2018-02-06#1,noise,30,1.368,0.206918,0.361564,0.0415234,0.177704,0.062086,0.0715331,-0.955529,0.791691,-0.335566,0.232922,1.53385,0.474446,-0.541923,0.695132,0.808715,1.53385
190,rec2018-02-06_10h30m00.277s.wav,0,2018-02-06#1,noise,20,1.368,0.20892,0.372101,0.0479251,0.228686,0.102426,0.0813735,-0.955529,0.860267,0.0421269,0.949773,3.2463,3.47193,0.0371687,1.36616,1.89552,3.47193
190,rec2018-02-06_10h30m00.277s.wav,0,2018-02-06#1,noise,10,1.368,0.223138,0.398795,0.0470476,0.323428,0.107228,0.0666403,-0.955529,1.34727,0.998968,0.851513,6.42862,3.8288,-0.829855,2.17722,2.95506,6.42862
190,rec2018-02-06_10h30m00.277s.wav,0,2018-02-06#1,tilt,-0.5,1.368,0.206047,0.315122,0.0344839,0.0861594,0.0253497,0.069694,-0.955529,0.761875,-2.00026,-0.555358,-1.54106,-2.25529,-0.650151,1.24564,1.39831,2.25529
190,rec2018-02-06_10h30m00.277s.wav,0,2018-02-06#1,tilt,0.5,1.368,0.20743,0.424001,0.0362097,0.193425,0.0537774,0.0367701,-0.955529,0.809243,1.90246,-0.362105,2.06191,-0.14293,-2.58767,1.26026,1.52532,2.58767
190,rec2018-02-06_10h30m00.277s.wav,0,2018-02-06#1,tilt,0.9,1.368,0.207677,0.465359,0.0324172,0.159494,0.0479166,0.0280104,-0.955529,0.817681,3.38492,-0.786781,0.922184,-0.578424,-3.10316,1.50695,1.8698,3.38492
191,rec2018-02-06_10h32m03.907s.wav,0,2018-02-06#1,identity,0,1.128,0.181722,0.365633,0.0362152,0.161466,0.0550214,0.0761804,-1.79864,-0.0713069,-0.189697,-0.361484,0.98844,-0.0504961,-0.268437,0.532643,0.798076,1.79864
191,rec2018-02-06_10h32m03.907s.wav,0,2018-02-06#1,gain,0.5,1.128,0.0908611,0.365633,0.0362152,0.161499,0.0550651,0.0761804,-1.79864,-3.18347,-0.189697,-0.361484,0.989542,-0.0472513,-0.268437,0.976931,1.44369,3.18347
191,rec2018-02-06_10h32m03.907s.wav,0,2018-02-06#1,gain,0.707107,1.128,0.128497,0.365633,0.0362152,0.161483,0.055043,0.0761804,-1.79864,-1.89437,-0.189697,-0.361484,0.988991,-0.0488915,-0.268437,0.79293,1.07191,1.89437
191,rec2018-02-06_10h32m03.907s.wav,0,2018-02-06#1,gain,1.41421,1.128,0.256994,0.365633,0.0362152,0.161451,0.054999,0.0761804,-1.79864,2.50689,-0.189697,-0.361484,0.987909,-0.05216,-0.268437,0.880746,1.23849,2.50689
191,rec2018-02-06_10h32m03.907s.wav,0,2018-02-06#1,gain,2,1.128,0.363444,0.365633,0.0362152,0.161443,0.0549959,0.0761804,-1.79864,6.15301,-0.189697,-0.361484,0.987659,-0.0523884,-0.268437,1.40162,2.45856,6.15301
191,rec2018-02-06_10h32m03.907s.wav,0,2018-02-06#1,noise,30,1.128,0.182288,0.38212,0.0501414,0.227208,0.1164,0.0848581,-1.79864,-0.0519197,0.40124,1.19795,3.19666,4.51029,0.24223,1.62842,2.25052,4.51029
191,rec2018-02-06_10h32m03.907s.wav,0,2018-02-06#1,noise,20,1.128,0.185035,0.390288,0.0541629,0.272147,0.134714,0.0874723,-1.79864,0.0421701,0.694034,1.64828,4.7061,5.87112,0.396075,2.1652,3.00499,5.87112
191,rec2018-02-06_10h32m03.907s.wav,0,2018-02-06#1,noise,10,1.128,0.199871,0.411241,0.0491006,0.349219,0.119575,0.0703963,-1.79864,0.550319,1.44507,1.0814,7.29489,4.74626,-0.60882,2.50363,3.44153,7.29489
191,rec2018-02-06_10h32m03.907s.wav,0,2018-02-06#1,tilt,-0.5,1.128,0.181519,0.322679,0.0310747,0.0957631,0.0334391,0.0762897,-1.79864,-0.0782559,-1.72938,-0.937108,-1.21848,-1.65419,-0.262007,1.09687,1.27615,1.79864
191,rec2018-02-06_10h32m03.907s.wav,0,2018-02-06#1,tilt,0.5,1.128,0.181879,0.43281,0.0396406,0.206305,0.0737093,0.0626339,-1.79864,-0.0659182,2.2182,0.0220795,2.49455,1.33813,-1.06562,1.28616,1.5725,2.49455
191,rec2018-02-06_10h32m03.907s.wav,0,2018-02-06#1,tilt,0.9,1.128,0.181784,0.472134,0.0397469,0.168302,0.0641179,0.0596262,-1.79864,-0.069202,3.62775,0.0339867,1.21806,0.625427,-1.24263,1.23081,1.68271,3.62775
192,rec2018-02-06_10h32m43.911s.wav,0,2018-02-06#1,identity,0,1.08,0.17961,0.345576,0.0349853,0.125129,0.0494518,0.08056,-1.96726,-0.143658,-0.908636,-0.499213,-0.232109,-0.46435,-0.0107027,0.603705,0.864805,1.96726
192,rec2018-02-06_10h32m43.911s.wav,0,2018-02-06#1,gain,0.5,1.08,0.0898049,0.345576,0.0349853,0.125129,0.0494518,0.08056,-1.96726,-3.21964,-0.908636,-0.499213,-0.232109,-0.46435,-0.0107027,1.04313,1.49191,3.21964
192,rec2018-02-06_10h32m43.911s.wav,0,2018-02-06#1,gain,0.707107,1.08,0.127003,0.345576,0.0349853,0.125129,0.0494518,0.08056,-1.96726,-1.94553,-0.908636,-0.499213,-0.232108,-0.46435,-0.0107027,0.861115,1.13387,1.96726
192,rec2018-02-06_10h32m43.911s.wav,0,2018-02-06#1,gain,1.41421,1.08,0.254007,0.345576,0.0349853,0.125129,0.0494518,0.08056,-1.96726,2.40457,-0.908636,-0.499213,-0.232108,-0.46435,-0.0107027,0.926692,1.25337,2.40457
192,rec2018-02-06_10h32m43.911s.wav,0,2018-02-06#1,gain,2,1.08,0.35922,0.345576,0.0349853,0.125129,0.0494518,0.08056,-1.96726,6.00831,-0.908636,-0.499213,-0.232108,-0.46435,-0.0107027,1.44151,2.42941,6.00831
192,rec2018-02-06_10h32m43.911s.wav,0,2018-02-06#1,noise,30,1.08,0.180369,0.37138,0.0557165,0.227147,0.153706,0.108941,-1.96726,-0.117642,0.016287,1.82224,3.19461,7.28239,1.65946,2.29427,3.23369,7.28239
192,rec2018-02-06_10h32m43.911s.wav,0,2018-02-06#1,noise,20,1.08,0.183962,0.38476,0.0638546,0.278284,0.173719,0.115048,-1.96726,0.00542649,0.495877,2.73354,4.91225,8.76949,2.01885,2.9861,4.08303,8.76949
192,rec2018-02-06_10h32m43.911s.wav,0,2018-02-06#1,noise,10,1.08,0.201395,0.40728,0.0586838,0.34615,0.148182,0.0889601,-1.96726,0.602527,1.30309,2.15451,7.19182,6.87192,0.483627,2.93925,3.95966,7.19182
192,rec2018-02-06_10h32m43.911s.wav,0,2018-02-06#1,tilt,-0.5,1.08,0.179393,0.309304,0.0311838,0.0718088,0.0280982,0.0575284,-1.96726,-0.15107,-2.20878,-0.924897,-2.02308,-2.05105,-1.36608,1.52746,1.68154,2.20878
192,rec2018-02-06_10h32m43.911s.wav,0,2018-02-06#1,tilt,0.5,1.08,0.180001,0.40699,0.0372511,0.169042,0.0710393,0.0777481,-1.96726,-0.130258,1.29269,-0.245491,1.2429,1.13973,-0.176177,0.884931,1.10151,1.96726
192,rec2018-02-06_10h32m43.911s.wav,0,2018-02-06#1,tilt,0.9,1.08,0.180121,0.445293,0.0373321,0.140613,0.0612555,0.072139,-1.96726,-0.126166,2.66565,-0.236422,0.287985,0.412733,-0.506267,0.886069,1.28492,2.66565
193,rec2018-02-06_11h39m13.131s.wav,0,2018-02-06#2,identity,0,1.064,0.204043,0.351545,0.0270282,0.172015,0.0509951,0.050322,-1.86782,0.699224,-0.688838,-1.37887,1.34296,-0.353573,-1.80336,1.16209,1.28364,1.86782
193,rec2018-02-06_11h39m13.131s.wav,0,2018-02-06#2,gain,0.5,1.064,0.102022,0.351545,0.0270282,0.172015,0.0509951,0.050322,-1.86782,-2.82264,-0.688838,-1.37887,1.34296,-0.353573,-1.80336,1.46544,1.64805,2.82264
193,rec2018-02-06_11h39m13.131s.wav,0,2018-02-06#2,gain,0.707107,1.064,0.14428,0.351545,0.0270282,0.172015,0.0509951,0.050322,-1.86782,-1.36383,-0.688838,-1.37887,1.34295,-0.353573,-1.80336,1.25704,1.35779,1.86782
193,rec2018-02-06_11h39m13.131s.wav,0,2018-02-06#2,gain,1.41421,1.064,0.28856,0.351545,0.0270282,0.172015,0.0509951,0.050322,-1.86782,3.61683,-0.688838,-1.37887,1.34295,-0.353573,-1.80336,1.57889,1.85652,3.61683
193,rec2018-02-06_11h39m13.131s.wav,0,2018-02-06#2,gain,2,1.064,0.408086,0.351545,0.0270282,0.172015,0.0509951,0.050322,-1.86782,7.74294,-0.688838,-1.37887,1.34296,-0.353573,-1.80336,2.16834,3.18475,7.74294
193,rec2018-02-06_11h39m13.131s.wav,0,2018-02-06#2,noise,30,1.064,0.204219,0.354208,0.0268539,0.192408,0.044021,0.0443855,-1.86782,0.705315,-0.592742,-1.39829,2.0304,-0.879413,-2.15558,1.37565,1.50405,2.15558
193,rec2018-02-06_11h39m13.131s.wav,0,2018-02-06#2,noise,20,1.064,0.205571,0.363482,0.0288735,0.23746,0.0543876,0.0439966,-1.86782,0.751978,-0.25807,-1.17324,3.54909,-0.0977802,-2.17865,1.41095,1.80671,3.54909
193,rec2018-02-06_11h39m13.131s.wav,0,2018-02-06#2,noise,10,1.064,0.217163,0.392852,0.0332214,0.343828,0.0822531,0.04851,-1.86782,1.15215,0.801734,-0.688735,7.13472,2.00325,-1.91087,2.22275,3.03555,7.13472
193,rec2018-02-06_11h39m13.131s.wav,0,2018-02-06#2,tilt,-0.5,1.064,0.203544,0.308518,0.0246544,0.0991172,0.0316935,0.0451573,-1.86782,0.682005,-2.24148,-1.64339,-1.11439,-1.8089,-2.10978,1.63825,1.71731,2.24148
193,rec2018-02-06_11h39m13.131s.wav,0,2018-02-06#2,tilt,0.5,1.064,0.204743,0.423432,0.0274881,0.232636,0.0580752,0.0291679,-1.86782,0.723382,1.90522,-1.32762,3.38648,0.18026,-3.05844,1.77846,2.07912,3.38648
193,rec2018-02-06_11h39m13.131s.wav,0,2018-02-06#2,tilt,0.9,1.064,0.204768,0.468857,0.0259987,0.195059,0.0479225,0.0245773,-1.86782,0.724262,3.54438,-1.49359,2.11976,-0.58524,-3.33081,1.95227,2.22765,3.54438
194,rec2018-02-06_12h10m09.167s.wav,0,2018-02-06#3,identity,0,0.84,0.20304,0.342982,0.0439131,0.127285,0.0455888,0.073635,-2.81038,0.664821,-1.03976,0.539145,-0.129989,-0.784303,-0.416945,0.912191,1.22579,2.81038
194,rec2018-02-06_12h10m09.167s.wav,0,2018-02-06#3,gain,0.5,0.84,0.10152,0.342982,0.0439131,0.127297,0.0455693,0.073635,-2.81038,-2.84027,-1.03976,0.539145,-0.129595,-0.785776,-0.416945,1.22312,1.61002,2.84027
194,rec2018-02-06_12h10m09.167s.wav,0,2018-02-06#3,gain,0.707107,0.84,0.143571,0.342982,0.0439131,0.12729,0.0455804,0.073635,-2.81038,-1.38841,-1.03976,0.539145,-0.129814,-0.784937,-0.416945,1.01563,1.30955,2.81038
194,rec2018-02-06_12h10m09.167s.wav,0,2018-02-06#3,gain,1.41421,0.84,0.287143,0.342982,0.0439131,0.12728,0.0455972,0.073635,-2.81038,3.56853,-1.03976,0.539145,-0.130162,-0.783671,-0.416945,1.32694,1.80513,3.56853
194,rec2018-02-06_12h10m09.167s.wav,0,2018-02-06#3,gain,2,0.84,0.406081,0.342982,0.0439131,0.127274,0.0456056,0.073635,-2.81038,7.675,-1.03976,0.539145,-0.130335,-0.78304,-0.416945,1.91351,3.13915,7.675
194,rec2018-02-06_12h10m09.167s.wav,0,2018-02-06#3,noise,30,0.84,0.203459,0.357153,0.0597635,0.196807,0.102756,0.106176,-2.81038,0.679271,-0.52429,2.32336,2.18422,3.52255,1.4755,1.93137,2.18399,3.52255
194,rec2018-02-06_12h10m09.167s.wav,0,2018-02-06#3,noise,20,0.84,0.206448,0.370919,0.0699131,0.253472,0.140557,0.120252,-2.81038,0.782485,-0.0235813,3.46587,4.07045,6.37042,2.2941,2.83104,3.44211,6.37042
194,rec2018-02-06_12h10m09.167s.wav,0,2018-02-06#3,noise,10,0.84,0.224048,0.398006,0.0670879,0.340179,0.12995,0.0983939,-2.81038,1.39013,0.961646,3.14784,6.95671,5.57132,1.02292,3.12299,3.80124,6.95671
194,rec2018-02-06_12h10m09.167s.wav,0,2018-02-06#3,tilt,-0.5,0.84,0.20211,0.305601,0.04162,0.0713561,0.025779,0.0668637,-2.81038,0.632707,-2.39938,0.281022,-1.99171,-2.27674,-0.810732,1.60038,1.84941,2.81038
194,rec2018-02-06_12h10m09.167s.wav,0,2018-02-06#3,tilt,0.5,0.84,0.205158,0.406442,0.0408004,0.186592,0.0678975,0.0438614,-2.81038,0.737915,1.26847,0.188759,1.84418,0.896399,-2.14844,1.41351,1.6435,2.81038
194,rec2018-02-06_12h10m09.167s.wav,0,2018-02-06#3,tilt,0.9,0.84,0.206079,0.446611,0.0341957,0.164568,0.061457,0.0356191,-2.81038,0.769742,2.72955,-0.554706,1.11107,0.411185,-2.62777,1.57349,1.87303,2.81038
195,rec2018-02-06_12h10m09.167s.wav,1,2018-02-06#3,identity,0,0.616,0.200424,0.345459,0.056009,0.124204,0.044282,0.0779605,-3.59728,0.574499,-0.949637,1.90073,-0.232547,-0.882758,-0.165396,1.18612,1.63208,3.59728
195,rec2018-02-06_12h10m09.167s.wav,1,2018-02-06#3,gain,0.5,0.616,0.100212,0.345459,0.056009,0.124204,0.044282,0.0779605,-3.59728,-2.88543,-0.949637,1.90073,-0.232547,-0.882756,-0.165396,1.51625,1.95088,3.59728
195,rec2018-02-06_12h10m09.167s.wav,1,2018-02-06#3,gain,0.707107,0.616,0.141721,0.345459,0.056009,0.124204,0.044282,0.0779605,-3.59728,-1.45228,-0.949637,1.90073,-0.232547,-0.882757,-0.165396,1.31152,1.70817,3.59728
195,rec2018-02-06_12h10m09.167s.wav,1,2018-02-06#3,gain,1.41421,0.616,0.283443,0.345459,0.056009,0.124204,0.044282,0.0779605,-3.59728,3.4408,-0.949637,1.90073,-0.232547,-0.882757,-0.165396,1.59559,2.07553,3.59728
195,rec2018-02-06_12h10m09.167s.wav,1,2018-02-06#3,gain,2,0.616,0.400849,0.345459,0.056009,0.124204,0.044282,0.0779605,-3.59728,7.49436,-0.949637,1.90073,-0.232547,-0.882756,-0.165396,2.17467,3.26193,7.49436
195,rec2018-02-06_12h10m09.167s.wav,1,2018-02-06#3,noise,30,0.616,0.200964,0.357669,0.0641263,0.206905,0.112914,0.105648,-3.59728,0.593128,-0.505551,2.81447,2.52035,4.28786,1.4448,2.25192,2.62663,4.28786
195,rec2018-02-06_12h10m09.167s.wav,1,2018-02-06#3,noise,20,0.616,0.204485,0.370478,0.072612,0.273963,0.161808,0.121056,-3.59728,0.714709,-0.0396158,3.76966,4.75254,7.97149,2.34084,3.31231,4.12785,7.97149
195,rec2018-02-06_12h10m09.167s.wav,1,2018-02-06#3,noise,10,0.616,0.223531,0.394429,0.0672383,0.351213,0.152524,0.095908,-3.59728,1.37228,0.83153,3.16477,7.324,7.27203,0.87835,3.49146,4.35604,7.324
195,rec2018-02-06_12h10m09.167s.wav,1,2018-02-06#3,tilt,-0.5,0.616,0.199551,0.308535,0.0527202,0.0735999,0.0372648,0.0795969,-3.59728,0.544338,-2.29268,1.53053,-1.91702,-1.41142,-0.0702275,1.62336,1.94597,3.59728
195,rec2018-02-06_12h10m09.167s.wav,1,2018-02-06#3,tilt,0.5,0.616,0.202565,0.408268,0.051969,0.176903,0.0611846,0.0607154,-3.59728,0.648407,1.33491,1.44596,1.52167,0.390662,-1.16829,1.44388,1.7348,3.59728
195,rec2018-02-06_12h10m09.167s.wav,1,2018-02-06#3,tilt,0.9,0.616,0.203612,0.44937,0.0448519,0.156283,0.0595656,0.0562476,-3.59728,0.684543,2.82989,0.644816,0.835275,0.268688,-1.42811,1.4698,1.87626,3.59728
196,rec2018-02-06_12h11m01.614s.wav,0,2018-02-06#3,identity,0,0.52,0.185477,0.348573,0.047417,0.151093,0.0787134,0.0783318,-3.93453,0.0584159,-0.836365,0.933558,0.66252,1.71125,-0.143801,1.18292,1.70892,3.93453
196,rec2018-02-06_12h11m01.614s.wav,0,2018-02-06#3,gain,0.5,0.52,0.0927384,0.348573,0.047417,0.151093,0.0787134,0.0783318,-3.93453,-3.14347,-0.836365,0.933558,0.662519,1.71125,-0.143801,1.62364,2.08124,3.93453
196,rec2018-02-06_12h11m01.614s.wav,0,2018-02-06#3,gain,0.707107,0.52,0.131152,0.348573,0.047417,0.151093,0.0787134,0.0783318,-3.93453,-1.81721,-0.836365,0.933559,0.66252,1.71125,-0.143801,1.43418,1.84165,3.93453
196,rec2018-02-06_12h11m01.614s.wav,0,2018-02-06#3,gain,1.41421,0.52,0.262304,0.348573,0.047417,0.151093,0.0787134,0.0783318,-3.93453,2.71095,-0.836365,0.933559,0.662521,1.71125,-0.143801,1.56185,1.99244,3.93453
196,rec2018-02-06_12h11m01.614s.wav,0,2018-02-06#3,gain,2,0.52,0.370954,0.348573,0.047417,0.151093,0.0787134,0.0783318,-3.93453,6.46219,-0.836365,0.933558,0.66252,1.71125,-0.143801,2.09775,2.98088,6.46219
196,rec2018-02-06_12h11m01.614s.wav,0,2018-02-06#3,noise,30,0.52,0.1863,0.369428,0.066503,0.252744,0.158971,0.112362,-3.93453,0.0868531,-0.0778202,3.082,4.04622,7.7577,1.83527,2.97434,3.87141,7.7577
196,rec2018-02-06_12h11m01.614s.wav,0,2018-02-06#3,noise,20,0.52,0.190048,0.383016,0.073212,0.303069,0.177197,0.12539,-3.93453,0.21624,0.416394,3.8372,5.7214,9.13087,2.59287,3.69279,4.67906,9.13087
196,rec2018-02-06_12h11m01.614s.wav,0,2018-02-06#3,noise,10,0.52,0.20798,0.40431,0.0681562,0.369086,0.157248,0.0957602,-3.93453,0.835367,1.19092,3.26809,7.91895,7.62796,0.869755,3.66365,4.62801,7.91895
196,rec2018-02-06_12h11m01.614s.wav,0,2018-02-06#3,tilt,-0.5,0.52,0.184571,0.307936,0.0415076,0.0893951,0.0570325,0.0820199,-3.93453,0.0271258,-2.31448,0.268361,-1.39124,0.0778502,0.070682,1.1549,1.807,3.93453
196,rec2018-02-06_12h11m01.614s.wav,0,2018-02-06#3,tilt,0.5,0.52,0.187454,0.416309,0.0481299,0.202961,0.073799,0.0488644,-3.93453,0.12668,1.62738,1.01381,2.38907,1.34101,-1.85749,1.75571,2.07464,3.93453
196,rec2018-02-06_12h11m01.614s.wav,0,2018-02-06#3,tilt,0.9,0.52,0.188291,0.459181,0.0425345,0.173231,0.0583594,0.0406419,-3.93453,0.155597,3.18674,0.383955,1.39945,0.177817,-2.33567,1.65339,2.17955,3.93453
197,rec2018-02-06_12h11m01.614s.wav,1,2018-02-06#3,identity,0,0.68,0.233608,0.330722,0.0457331,0.126272,0.0437003,0.0818794,-3.37245,1.7202,-1.48569,0.744008,-0.163708,-0.92658,0.0625123,1.21074,1.60279,3.37245
197,rec2018-02-06_12h11m01.614s.wav,1,2018-02-06#3,gain,0.5,0.68,0.116804,0.330722,0.0457331,0.126276,0.0436937,0.0818794,-3.37245,-2.31258,-1.48569,0.744008,-0.163585,-0.927077,0.0625123,1.29541,1.70597,3.37245
197,rec2018-02-06_12h11m01.614s.wav,1,2018-02-06#3,gain,0.707107,0.68,0.165186,0.330722,0.0457331,0.126273,0.0436991,0.0818794,-3.37245,-0.642148,-1.48569,0.744008,-0.163686,-0.926672,0.0625123,1.05674,1.48497,3.37245
197,rec2018-02-06_12h11m01.614s.wav,1,2018-02-06#3,gain,1.41421,0.68,0.330372,0.330722,0.0457331,0.126272,0.0437003,0.0818794,-3.37245,5.06106,-1.48569,0.744008,-0.163708,-0.92658,0.0625123,1.688,2.40944,5.06106
197,rec2018-02-06_12h11m01.614s.wav,1,2018-02-06#3,gain,2,0.68,0.467216,0.330722,0.0457331,0.126272,0.0437003,0.0818794,-3.37245,9.78576,-1.48569,0.744008,-0.163708,-0.926581,0.0625123,2.36296,3.97824,9.78576
197,rec2018-02-06_12h11m01.614s.wav,1,2018-02-06#3,noise,30,0.68,0.234022,0.33777,0.0538682,0.170181,0.0944144,0.100595,-3.37245,1.73447,-1.22931,1.65975,1.2979,2.89414,1.15092,1.90556,2.07134,3.37245
197,rec2018-02-06_12h11m01.614s.wav,1,2018-02-06#3,noise,20,0.68,0.236668,0.350473,0.0601124,0.217195,0.1248,0.112148,-3.37245,1.82584,-0.767266,2.36263,2.86289,5.18335,1.82281,2.59961,2.90968,5.18335
197,rec2018-02-06_12h11m01.614s.wav,1,2018-02-06#3,noise,10,0.68,0.253683,0.382497,0.0576065,0.30714,0.120637,0.0837754,-3.37245,2.4133,0.397539,2.08056,5.85692,4.86972,0.172777,2.73761,3.37494,5.85692
197,rec2018-02-06_12h11m01.614s.wav,1,2018-02-06#3,tilt,-0.5,0.68,0.232836,0.293411,0.039103,0.0718458,0.0353036,0.0795561,-3.37245,1.69352,-2.84279,-0.00230931,-1.97541,-1.55917,-0.0726015,1.64547,2.02349,3.37245
197,rec2018-02-06_12h11m01.614s.wav,1,2018-02-06#3,tilt,0.5,0.68,0.235467,0.396104,0.0472477,0.185121,0.0463887,0.044798,-3.37245,1.78437,0.892477,0.91451,1.79524,-0.724037,-2.09397,1.65386,1.86402,3.37245
197,rec2018-02-06_12h11m01.614s.wav,1,2018-02-06#3,tilt,0.9,0.68,0.236333,0.439849,0.0426931,0.164836,0.0441547,0.0316603,-3.37245,1.81429,2.4836,0.40181,1.12,-0.892346,-2.858,1.84893,2.11166,3.37245
198,rec2018-02-06_12h12m08.951s.wav,0,2018-02-06#3,identity,0,0.552,0.244902,0.336264,0.0435052,0.140307,0.0360591,0.0713624,-3.82211,2.11014,-1.28409,0.493224,0.303492,-1.50225,-0.54911,1.43777,1.83629,3.82211
198,rec2018-02-06_12h12m08.951s.wav,0,2018-02-06#3,gain,0.5,0.552,0.122451,0.336264,0.0435052,0.140307,0.0360591,0.0713624,-3.82211,-2.11761,-1.28409,0.493224,0.303492,-1.50225,-0.54911,1.43884,1.83752,3.82211
198,rec2018-02-06_12h12m08.951s.wav,0,2018-02-06#3,gain,0.707107,0.552,0.173172,0.336264,0.0435052,0.140307,0.0360591,0.0713624,-3.82211,-0.366419,-1.28409,0.493224,0.303492,-1.50225,-0.54911,1.18867,1.65984,3.82211
198,rec2018-02-06_12h12m08.951s.wav,0,2018-02-06#3,gain,1.41421,0.552,0.346344,0.336264,0.0435052,0.140307,0.0360591,0.0713624,-3.82211,5.61252,-1.28409,0.493224,0.303492,-1.50225,-0.54911,1.93812,2.68997,5.61252
198,rec2018-02-06_12h12m08.951s.wav,0,2018-02-06#3,gain,2,0.552,0.489804,0.336264,0.0435052,0.140307,0.0360591,0.0713624,-3.82211,10.5656,-1.28409,0.493224,0.303492,-1.50225,-0.54911,2.6457,4.32243,10.5656
198,rec2018-02-06_12h12m08.951s.wav,0,2018-02-06#3,noise,30,0.552,0.244895,0.340038,0.0454749,0.170768,0.0677821,0.0772371,-3.82211,2.1099,-1.14682,0.714951,1.31746,0.887705,-0.207466,1.45806,1.83043,3.82211
198,rec2018-02-06_12h12m08.951s.wav,0,2018-02-06#3,noise,20,0.552,0.246306,0.349906,0.0482959,0.213646,0.107511,0.0875174,-3.82211,2.1586,-0.787891,1.0325,2.74477,3.88084,0.390394,2.11673,2.49863,3.88084
198,rec2018-02-06_12h12m08.951s.wav,0,2018-02-06#3,noise,10,0.552,0.259812,0.380216,0.0473398,0.299102,0.104757,0.0623867,-3.82211,2.6249,0.314585,0.924873,5.58935,3.67332,-1.07109,2.57432,3.12443,5.58935
198,rec2018-02-06_12h12m08.951s.wav,0,2018-02-06#3,tilt,-0.5,0.552,0.244095,0.29642,0.0402386,0.0795862,0.0262133,0.0685963,-3.82211,2.08225,-2.73334,0.125514,-1.71775,-2.24402,-0.709974,1.91928,2.23356,3.82211
198,rec2018-02-06_12h12m08.951s.wav,0,2018-02-06#3,tilt,0.5,0.552,0.246743,0.405197,0.0416416,0.207339,0.0557337,0.0398906,-3.82211,2.17369,1.22322,0.283446,2.53482,-0.0200022,-2.37936,1.77666,2.17115,3.82211
198,rec2018-02-06_12h12m08.951s.wav,0,2018-02-06#3,tilt,0.9,0.552,0.247538,0.451046,0.0368746,0.183472,0.0547972,0.0301472,-3.82211,2.20113,2.89085,-0.253156,1.74034,-0.0905533,-2.946,1.99202,2.37819,3.82211
201,rec2018-02-06_12h13m05.267s.wav,0,2018-02-06#3,identity,0,1.112,0.185272,0.352216,0.0435724,0.15881,0.0801394,0.0880914,-1.85485,0.0513382,-0.703868,0.500792,0.919408,1.81868,0.423773,0.896102,1.10336,1.85485
201,rec2018-02-06_12h13m05.267s.wav,0,2018-02-06#3,gain,0.5,1.112,0.0926359,0.352216,0.0435724,0.158869,0.0802832,0.0880914,-1.85485,-3.14701,-0.703868,0.500792,0.921365,1.82952,0.423773,1.34017,1.62419,3.14701
201,rec2018-02-06_12h13m05.267s.wav,0,2018-02-06#3,gain,0.707107,1.112,0.131007,0.352216,0.0435724,0.158839,0.080211,0.0880914,-1.85485,-1.82221,-0.703868,0.500792,0.920378,1.82408,0.423773,1.14999,1.30171,1.85485
201,rec2018-02-06_12h13m05.267s.wav,0,2018-02-06#3,gain,1.41421,1.112,0.262014,0.352216,0.0435724,0.158793,0.0800928,0.0880914,-1.85485,2.70094,-0.703868,0.500792,0.918853,1.81517,0.423773,1.27404,1.5024,2.70094
201,rec2018-02-06_12h13m05.267s.wav,0,2018-02-06#3,gain,2,1.112,0.370544,0.352216,0.0435724,0.158784,0.0800646,0.0880914,-1.85485,6.44804,-0.703868,0.500792,0.918522,1.81305,0.423773,1.80898,2.6746,6.44804
201,rec2018-02-06_12h13m05.267s.wav,0,2018-02-06#3,noise,30,1.112,0.186173,0.373166,0.0557095,0.231725,0.140637,0.0838929,-1.85485,0.0824687,0.0581207,1.86701,3.34656,6.37648,0.17961,1.96644,2.89896,6.37648
201,rec2018-02-06_12h13m05.267s.wav,0,2018-02-06#3,noise,20,1.112,0.189745,0.386389,0.0591972,0.284455,0.151783,0.0829251,-1.85485,0.20577,0.539116,2.25962,5.1018,7.21619,0.123327,2.47152,3.52534,7.21619
201,rec2018-02-06_12h13m05.267s.wav,0,2018-02-06#3,noise,10,1.112,0.207404,0.409926,0.0557987,0.360586,0.132502,0.0696046,-1.85485,0.815467,1.3952,1.87705,7.63601,5.76358,-0.651332,2.85621,3.80839,7.63601
201,rec2018-02-06_12h13m05.267s.wav,0,2018-02-06#3,tilt,-0.5,1.112,0.185023,0.307731,0.0366592,0.0925806,0.0577699,0.0863766,-1.85485,0.0427469,-2.32191,-0.277397,-1.28521,0.133401,0.324047,0.891366,1.23549,2.32191
201,rec2018-02-06_12h13m05.267s.wav,0,2018-02-06#3,tilt,0.5,1.112,0.185743,0.423001,0.0478893,0.215816,0.0811659,0.0566783,-1.85485,0.0675916,1.87078,0.986722,2.81698,1.89602,-1.40307,1.55657,1.74918,2.81698
201,rec2018-02-06_12h13m05.267s.wav,0,2018-02-06#3,tilt,0.9,1.112,0.185885,0.46532,0.047374,0.183881,0.0643604,0.0453254,-1.85485,0.0725074,3.41004,0.928723,1.75396,0.629921,-2.0633,1.53047,1.83875,3.41004
202,rec2018-02-06_12h13m05.267s.wav,1,2018-02-06#3,identity,0,0.792,0.187689,0.359522,0.0345732,0.167924,0.0420055,0.0488922,-2.979,0.134787,-0.438143,-0.51221,1.22279,-1.05426,-1.85587,1.17101,1.48314,2.979
202,rec2018-02-06_12h13m05.267s.wav,1,2018-02-06#3,gain,0.5,0.792,0.0938444,0.359522,0.0345732,0.167924,0.0420055,0.0488922,-2.979,-3.10529,-0.438143,-0.51221,1.22279,-1.05426,-1.85587,1.59537,1.89067,3.10529
202,rec2018-02-06_12h13m05.267s.wav,1,2018-02-06#3,gain,0.707107,0.792,0.132716,0.359522,0.0345732,0.167924,0.0420055,0.0488922,-2.979,-1.7632,-0.438144,-0.51221,1.22279,-1.05426,-1.85587,1.40364,1.62519,2.979
202,rec2018-02-06_12h13m05.267s.wav,1,2018-02-06#3,gain,1.41421,0.792,0.265432,0.359522,0.0345732,0.167924,0.0420055,0.0488922,-2.979,2.81895,-0.438144,-0.51221,1.22279,-1.05426,-1.85587,1.55446,1.82546,2.979
202,rec2018-02-06_12h13m05.267s.wav,1,2018-02-06#3,gain,2,0.792,0.375378,0.359522,0.0345732,0.167924,0.0420055,0.0488922,-2.979,6.61493,-0.438143,-0.51221,1.22279,-1.05426,-1.85587,2.09674,2.90657,6.61493
202,rec2018-02-06_12h13m05.267s.wav,1,2018-02-06#3,noise,30,0.792,0.188179,0.370664,0.0473452,0.230751,0.0988971,0.0703986,-2.979,0.151721,-0.0328538,0.925477,3.31412,3.23186,-0.605162,1.60574,2.12299,3.31412
202,rec2018-02-06_12h13m05.267s.wav,1,2018-02-06#3,noise,20,0.792,0.19096,0.382583,0.0574834,0.284722,0.128818,0.0827819,-2.979,0.247745,0.400671,2.0667,5.11068,5.48602,0.114999,2.34369,3.15315,5.48602
202,rec2018-02-06_12h13m05.267s.wav,1,2018-02-06#3,noise,10,0.792,0.207013,0.404046,0.0571979,0.360542,0.121684,0.0755211,-2.979,0.801989,1.18135,2.03456,7.63456,4.94855,-0.307257,2.84104,3.74016,7.63456
202,rec2018-02-06_12h13m05.267s.wav,1,2018-02-06#3,tilt,-0.5,0.792,0.187143,0.312811,0.0323513,0.0953886,0.0247575,0.0702185,-2.979,0.115946,-2.13716,-0.762323,-1.19173,-2.3537,-0.615632,1.45078,1.74747,2.979
202,rec2018-02-06_12h13m05.267s.wav,1,2018-02-06#3,tilt,0.5,0.792,0.188838,0.43351,0.0324878,0.23592,0.0674856,0.023665,-2.979,0.17448,2.25304,-0.746964,3.48619,0.865365,-3.32297,1.97543,2.34471,3.48619
202,rec2018-02-06_12h13m05.267s.wav,1,2018-02-06#3,tilt,0.9,0.792,0.189318,0.477592,0.0285286,0.20321,0.0658791,0.0216477,-2.979,0.191054,3.85643,-1.19263,2.39735,0.744336,-3.44029,2.11444,2.48832,3.85643
203,rec2018-02-06_12h13m52.029s.wav,0,2018-02-06#3,identity,0,0.936,0.163351,0.355238,0.0323348,0.132691,0.0480078,0.067847,-2.47313,-0.705503,-0.593955,-0.764183,0.0499791,-0.602059,-0.753547,0.848908,1.10089,2.47313
203,rec2018-02-06_12h13m52.029s.wav,0,2018-02-06#3,gain,0.5,0.936,0.0816754,0.355238,0.0323348,0.1327,0.0479993,0.067847,-2.47313,-3.52543,-0.593955,-0.764183,0.0502713,-0.602697,-0.753547,1.25189,1.70777,3.52543
203,rec2018-02-06_12h13m52.029s.wav,0,2018-02-06#3,gain,0.707107,0.936,0.115507,0.355238,0.0323348,0.132695,0.048004,0.067847,-2.47313,-2.35738,-0.593955,-0.764183,0.0501106,-0.602342,-0.753547,1.08495,1.39097,2.47313
203,rec2018-02-06_12h13m52.029s.wav,0,2018-02-06#3,gain,1.41421,0.936,0.231013,0.355238,0.0323348,0.132687,0.0480115,0.067847,-2.47313,1.6306,-0.593955,-0.764183,0.0498447,-0.601778,-0.753547,0.981006,1.23314,2.47313
203,rec2018-02-06_12h13m52.029s.wav,0,2018-02-06#3,gain,2,0.936,0.326702,0.355238,0.0323348,0.132683,0.0480153,0.067847,-2.47313,4.93435,-0.593955,-0.764183,0.0497147,-0.601492,-0.753547,1.45291,2.14919,4.93435
203,rec2018-02-06_12h13m52.029s.wav,0,2018-02-06#3,noise,30,0.936,0.164072,0.381811,0.0516404,0.242644,0.139338,0.0811174,-2.47313,-0.680603,0.372597,1.40897,3.71001,6.2786,0.0181987,2.13459,2.97343,6.2786
203,rec2018-02-06_12h13m52.029s.wav,0,2018-02-06#3,noise,20,0.936,0.167624,0.397229,0.0616174,0.292801,0.157575,0.092419,-2.47313,-0.557972,0.933368,2.53205,5.37961,7.65253,0.675449,2.8863,3.81103,7.65253
203,rec2018-02-06_12h13m52.029s.wav,0,2018-02-06#3,noise,10,0.936,0.18509,0.418269,0.0594726,0.360689,0.138964,0.0790504,-2.47313,0.045078,1.69867,2.29061,7.63944,6.25041,-0.102011,2.92848,3.99446,7.63944
203,rec2018-02-06_12h13m52.029s.wav,0,2018-02-06#3,tilt,-0.5,0.936,0.163123,0.313077,0.030402,0.075138,0.0284093,0.0680366,-2.47313,-0.713372,-2.12748,-0.981753,-1.86582,-2.07858,-0.742524,1.56895,1.70999,2.47313
203,rec2018-02-06_12h13m52.029s.wav,0,2018-02-06#3,tilt,0.5,0.936,0.163764,0.423034,0.032966,0.18737,0.0675993,0.0452256,-2.47313,-0.691225,1.872,-0.693135,1.87008,0.873933,-2.0691,1.50609,1.65275,2.47313
203,rec2018-02-06_12h13m52.029s.wav,0,2018-02-06#3,tilt,0.9,0.936,0.163889,0.462344,0.0325367,0.160095,0.0584997,0.0377409,-2.47313,-0.686928,3.30181,-0.74146,0.962188,0.188382,-2.50438,1.55118,1.90012,3.30181
204,rec2018-02-06_12h13m52.029s.wav,1,2018-02-06#3,identity,0,0.872,0.171966,0.357098,0.0296133,0.138459,0.0483491,0.0759289,-2.69796,-0.408041,-0.526284,-1.07053,0.241957,-0.576349,-0.283543,0.829238,1.15509,2.69796
204,rec2018-02-06_12h13m52.029s.wav,1,2018-02-06#3,gain,0.5,0.872,0.0859832,0.357098,0.0296133,0.138465,0.0483486,0.0759289,-2.69796,-3.3767,-0.526284,-1.07053,0.242163,-0.576385,-0.283543,1.25337,1.71445,3.3767
204,rec2018-02-06_12h13m52.029s.wav,1,2018-02-06#3,gain,0.707107,0.872,0.121599,0.357098,0.0296133,0.138458,0.0483489,0.0759289,-2.69796,-2.14704,-0.526284,-1.07053,0.241953,-0.576363,-0.283543,1.07767,1.40321,2.69796
204,rec2018-02-06_12h13m52.029s.wav,1,2018-02-06#3,gain,1.41421,0.872,0.243197,0.357098,0.0296133,0.138458,0.0483489,0.0759289,-2.69796,2.05128,-0.526284,-1.07053,0.241953,-0.576362,-0.283543,1.06399,1.38259,2.69796
204,rec2018-02-06_12h13m52.029s.wav,1,2018-02-06#3,gain,2,0.872,0.343933,0.357098,0.0296133,0.138459,0.0483491,0.0759289,-2.69796,5.52928,-0.526284,-1.07053,0.241957,-0.576349,-0.283543,1.56084,2.38286,5.52928
204,rec2018-02-06_12h13m52.029s.wav,1,2018-02-06#3,noise,30,0.872,0.172768,0.379395,0.0538633,0.231323,0.140527,0.0948654,-2.69796,-0.380363,0.284694,1.6592,3.33317,6.36822,0.81772,2.22019,2.99024,6.36822
204,rec2018-02-06_12h13m52.029s.wav,1,2018-02-06#3,noise,20,0.872,0.176054,0.392153,0.057914,0.283566,0.152895,0.0958145,-2.69796,-0.266907,0.748764,2.11517,5.07222,7.3,0.872914,2.72485,3.62854,7.3
204,rec2018-02-06_12h13m52.029s.wav,1,2018-02-06#3,noise,10,0.872,0.192964,0.414697,0.0548645,0.362062,0.139226,0.0781096,-2.69796,0.316922,1.56876,1.7719,7.68516,6.27017,-0.156721,2.92394,3.98894,7.68516
204,rec2018-02-06_12h13m52.029s.wav,1,2018-02-06#3,tilt,-0.5,0.872,0.171699,0.315764,0.0268544,0.0780755,0.0277931,0.0636969,-2.69796,-0.417268,-2.02973,-1.38109,-1.76804,-2.125,-0.994899,1.63057,1.77731,2.69796
204,rec2018-02-06_12h13m52.029s.wav,1,2018-02-06#3,tilt,0.5,0.872,0.172517,0.422694,0.0312833,0.193093,0.0670805,0.0490461,-2.69796,-0.389018,1.85963,-0.882542,2.06061,0.834851,-1.84692,1.51022,1.69122,2.69796
204,rec2018-02-06_12h13m52.029s.wav,1,2018-02-06#3,tilt,0.9,0.872,0.172737,0.460072,0.0309371,0.16323,0.0572894,0.0397179,-2.69796,-0.381445,3.21915,-0.921518,1.06654,0.0972015,-2.38941,1.53903,1.90836,3.21915
205,rec2018-02-06_12h15m08.616s.wav,0,2018-02-06#3,identity,0,0.936,0.157052,0.355974,0.0588585,0.117233,0.0513893,0.0836313,-2.47313,-0.922969,-0.5672,2.22149,-0.464581,-0.347301,0.164396,1.02301,1.34103,2.47313
205,rec2018-02-06_12h15m08.616s.wav,0,2018-02-06#3,gain,0.5,0.936,0.0785261,0.355974,0.0588585,0.117251,0.0513776,0.0836313,-2.47313,-3.63416,-0.5672,2.22149,-0.46398,-0.348187,0.164396,1.41036,1.8877,3.63416
205,rec2018-02-06_12h15m08.616s.wav,0,2018-02-06#3,gain,0.707107,0.936,0.111053,0.355974,0.0588585,0.117241,0.0513848,0.0836313,-2.47313,-2.51115,-0.5672,2.22149,-0.464338,-0.347643,0.164396,1.24991,1.60546,2.51115
205,rec2018-02-06_12h15m08.616s.wav,0,2018-02-06#3,gain,1.41421,0.936,0.222105,0.355974,0.0588585,0.11723,0.0513922,0.0836313,-2.47313,1.32306,-0.5672,2.22149,-0.464692,-0.347087,0.164396,1.08015,1.38806,2.47313
205,rec2018-02-06_12h15m08.616s.wav,0,2018-02-06#3,gain,2,0.936,0.314105,0.355974,0.0588585,0.117227,0.0513951,0.0836313,-2.47313,4.49942,-0.5672,2.22149,-0.464802,-0.346869,0.164396,1.5339,2.13746,4.49942
205,rec2018-02-06_12h15m08.616s.wav,0,2018-02-06#3,noise,30,0.936,0.158085,0.387373,0.072168,0.244462,0.167807,0.114851,-2.47313,-0.887325,0.574888,3.71968,3.77055,8.42345,1.97997,3.11843,3.96704,8.42345
205,rec2018-02-06_12h15m08.616s.wav,0,2018-02-06#3,noise,20,0.936,0.162599,0.40057,0.0764899,0.301142,0.182476,0.123835,-2.47313,-0.731451,1.05489,4.20619,5.65726,9.52858,2.50244,3.73628,4.69828,9.52858
205,rec2018-02-06_12h15m08.616s.wav,0,2018-02-06#3,noise,10,0.936,0.182931,0.421311,0.0722512,0.36982,0.166483,0.102145,-2.47313,-0.0294796,1.80931,3.72906,7.94339,8.32367,1.24107,3.64987,4.73917,8.32367
205,rec2018-02-06_12h15m08.616s.wav,0,2018-02-06#3,tilt,-0.5,0.936,0.156634,0.317104,0.05612,0.0692137,0.0361053,0.0864448,-2.47313,-0.937407,-1.981,1.91323,-2.06303,-1.49878,0.328012,1.59923,1.73987,2.47313
205,rec2018-02-06_12h15m08.616s.wav,0,2018-02-06#3,tilt,0.5,0.936,0.157943,0.41888,0.0551356,0.16249,0.068733,0.0487916,-2.47313,-0.892203,1.72089,1.80241,1.0419,0.959343,-1.86173,1.53594,1.62983,2.47313
205,rec2018-02-06_12h15m08.616s.wav,0,2018-02-06#3,tilt,0.9,0.936,0.158306,0.455988,0.049325,0.141296,0.0620064,0.0355095,-2.47313,-0.879682,3.07062,1.14834,0.336414,0.452571,-2.63415,1.5707,1.88582,3.07062
206,rec2018-02-06_12h15m08.616s.wav,1,2018-02-06#3,identity,0,0.856,0.155994,0.3742,0.0632361,0.140933,0.074045,0.0999749,-2.75417,-0.959492,0.0957441,2.71426,0.324316,1.35954,1.11487,1.33177,1.65093,2.75417
206,rec2018-02-06_12h15m08.616s.wav,1,2018-02-06#3,gain,0.5,0.856,0.0779972,0.3742,0.0632361,0.140947,0.0740542,0.0999749,-2.75417,-3.65243,0.0957441,2.71426,0.324786,1.36024,1.11487,1.71664,2.12134,3.65243
206,rec2018-02-06_12h15m08.616s.wav,1,2018-02-06#3,gain,0.707107,0.856,0.110305,0.3742,0.0632361,0.140934,0.0740434,0.0999749,-2.75417,-2.53698,0.0957441,2.71426,0.324352,1.35942,1.11487,1.55711,1.87442,2.75417
206,rec2018-02-06_12h15m08.616s.wav,1,2018-02-06#3,gain,1.41421,0.856,0.220609,0.3742,0.0632361,0.140932,0.0740466,0.0999749,-2.75417,1.27141,0.0957441,2.71426,0.324285,1.35966,1.11487,1.37634,1.68078,2.75417
206,rec2018-02-06_12h15m08.616s.wav,1,2018-02-06#3,gain,2,0.856,0.311989,0.3742,0.0632361,0.140932,0.0740466,0.0999749,-2.75417,4.42638,0.0957441,2.71426,0.324285,1.35966,1.11487,1.82705,2.32229,4.42638
206,rec2018-02-06_12h15m08.616s.wav,1,2018-02-06#3,noise,30,0.856,0.157121,0.391504,0.0701996,0.237667,0.17656,0.111097,-2.75417,-0.92058,0.725146,3.49811,3.54435,9.08283,1.76165,3.18383,4.12932,9.08283
206,rec2018-02-06_12h15m08.616s.wav,1,2018-02-06#3,noise,20,0.856,0.160933,0.400902,0.069482,0.282847,0.180464,0.103921,-2.75417,-0.788968,1.06696,3.41734,5.04829,9.37697,1.34437,3.39958,4.41175,9.37697
206,rec2018-02-06_12h15m08.616s.wav,1,2018-02-06#3,noise,10,0.856,0.178314,0.420667,0.0634271,0.352201,0.165698,0.0812253,-2.75417,-0.18887,1.7859,2.73576,7.35688,8.26453,0.0244732,3.30151,4.48365,8.26453
206,rec2018-02-06_12h15m08.616s.wav,1,2018-02-06#3,tilt,-0.5,0.856,0.155527,0.331207,0.054291,0.0895661,0.0598883,0.113738,-2.75417,-0.975635,-1.46802,1.70734,-1.38555,0.292998,1.91528,1.49986,1.65966,2.75417
206,rec2018-02-06_12h15m08.616s.wav,1,2018-02-06#3,tilt,0.5,0.856,0.156885,0.437405,0.0666382,0.172269,0.0749479,0.0765207,-2.75417,-0.928758,2.3947,3.09722,1.3674,1.42757,-0.249125,1.74556,1.99088,3.09722
206,rec2018-02-06_12h15m08.616s.wav,1,2018-02-06#3,tilt,0.9,0.856,0.157202,0.471488,0.0643231,0.142032,0.063231,0.0671983,-2.75417,-0.91781,3.63439,2.83662,0.360911,0.544829,-0.791273,1.69143,2.09544,3.63439
208,rec2018-02-06_12h17m38.883s.wav,0,2018-02-06#3,identity,0,1.016,0.161545,0.392758,0.0741957,0.159006,0.0512781,0.0807024,-2.19209,-0.76785,0.77074,3.94794,0.925927,-0.355678,-0.00593783,1.28088,1.79519,3.94794
208,rec2018-02-06_12h17m38.883s.wav,0,2018-02-06#3,gain,0.5,1.016,0.0807725,0.392758,0.0741957,0.159014,0.0512681,0.0807024,-2.19209,-3.55661,0.77074,3.94794,0.926186,-0.356437,-0.00593783,1.67942,2.22389,3.94794
208,rec2018-02-06_12h17m38.883s.wav,0,2018-02-06#3,gain,0.707107,1.016,0.11423,0.392758,0.0741957,0.15901,0.0512731,0.0807024,-2.19209,-2.40147,0.77074,3.94794,0.926056,-0.356057,-0.00593783,1.51433,1.99058,3.94794
208,rec2018-02-06_12h17m38.883s.wav,0,2018-02-06#3,gain,1.41421,1.016,0.228459,0.392758,0.0741957,0.159003,0.0512826,0.0807024,-2.19209,1.54243,0.77074,3.94794,0.925812,-0.355339,-0.00593783,1.39147,1.86502,3.94794
208,rec2018-02-06_12h17m38.883s.wav,0,2018-02-06#3,gain,2,1.016,0.32309,0.392758,0.0741957,0.159003,0.0512826,0.0807024,-2.19209,4.80966,0.77074,3.94794,0.925812,-0.355339,-0.00593783,1.85822,2.53833,4.80966
208,rec2018-02-06_12h17m38.883s.wav,0,2018-02-06#3,noise,30,1.016,0.162263,0.401996,0.0762673,0.243397,0.129151,0.0976937,-2.19209,-0.74306,1.10675,4.18113,3.7351,5.51115,0.982202,2.63593,3.14762,5.51115
208,rec2018-02-06_12h17m38.883s.wav,0,2018-02-06#3,noise,20,1.016,0.16548,0.406811,0.0744739,0.295986,0.140885,0.103567,-2.19209,-0.631983,1.28191,3.97925,5.48563,6.39516,1.32375,3.0414,3.69217,6.39516
208,rec2018-02-06_12h17m38.883s.wav,0,2018-02-06#3,noise,10,1.016,0.182461,0.420786,0.0643824,0.374051,0.132405,0.0921698,-2.19209,-0.0457083,1.79021,2.84329,8.08424,5.75626,0.660954,3.05325,4.05362,8.08424
208,rec2018-02-06_12h17m38.883s.wav,0,2018-02-06#3,tilt,-0.5,1.016,0.159701,0.349495,0.069808,0.102164,0.0403265,0.0990746,-2.19209,-0.831529,-0.802852,3.45403,-0.966196,-1.18076,1.06251,1.49857,1.7537,3.45403
208,rec2018-02-06_12h17m38.883s.wav,0,2018-02-06#3,tilt,0.5,1.016,0.164591,0.455711,0.0671412,0.192379,0.0721961,0.0484653,-2.19209,-0.662679,3.06053,3.15384,2.03682,1.22025,-1.8807,2.02956,2.19521,3.15384
208,rec2018-02-06_12h17m38.883s.wav,0,2018-02-06#3,tilt,0.9,1.016,0.16572,0.491387,0.0577713,0.155367,0.0642875,0.0374784,-2.19209,-0.623723,4.35819,2.09911,0.804786,0.624428,-2.51965,1.88885,2.26717,4.35819
209,rec2018-02-06_12h18m33.477s.wav,0,2018-02-06#3,identity,0,0.968,0.203497,0.348717,0.0481952,0.136568,0.0403894,0.0750602,-2.36072,0.680598,-0.831128,1.02117,0.179031,-1.17602,-0.334062,0.940389,1.15242,2.36072
209,rec2018-02-06_12h18m33.477s.wav,0,2018-02-06#3,gain,0.5,0.968,0.101749,0.348717,0.0481952,0.136589,0.0403932,0.0750602,-2.36072,-2.83238,-0.831128,1.02117,0.179709,-1.17573,-0.334062,1.24784,1.55173,2.83238
209,rec2018-02-06_12h18m33.477s.wav,0,2018-02-06#3,gain,0.707107,0.968,0.143894,0.348717,0.0481952,0.136576,0.0403904,0.0750602,-2.36072,-1.37726,-0.831128,1.02117,0.179282,-1.17594,-0.334062,1.03994,1.23808,2.36072
209,rec2018-02-06_12h18m33.477s.wav,0,2018-02-06#3,gain,1.41421,0.968,0.287789,0.348717,0.0481952,0.136562,0.040389,0.0750602,-2.36072,3.59084,-0.831128,1.02117,0.178827,-1.17605,-0.334062,1.35611,1.76179,3.59084
209,rec2018-02-06_12h18m33.477s.wav,0,2018-02-06#3,gain,2,0.968,0.406995,0.348717,0.0481952,0.136556,0.0403886,0.0750602,-2.36072,7.70656,-0.831128,1.02117,0.178623,-1.17608,-0.334062,1.94405,3.12191,7.70656
209,rec2018-02-06_12h18m33.477s.wav,0,2018-02-06#3,noise,30,0.968,0.203908,0.360743,0.0617192,0.207069,0.129594,0.108461,-2.36072,0.694766,-0.393724,2.5435,2.52583,5.54454,1.60839,2.23878,2.73571,5.54454
209,rec2018-02-06_12h18m33.477s.wav,0,2018-02-06#3,noise,20,0.968,0.206678,0.3707,0.0657063,0.249322,0.146231,0.123065,-2.36072,0.790408,-0.0315725,2.99232,3.93231,6.79794,2.45765,2.76613,3.44068,6.79794
209,rec2018-02-06_12h18m33.477s.wav,0,2018-02-06#3,noise,10,0.968,0.222679,0.39651,0.0608194,0.326478,0.136545,0.0973725,-2.36072,1.34285,0.907241,2.44222,6.50066,6.06816,0.963519,2.94077,3.66788,6.50066
209,rec2018-02-06_12h18m33.477s.wav,0,2018-02-06#3,tilt,-0.5,0.968,0.203113,0.311444,0.0448221,0.0796723,0.0297068,0.0731031,-2.36072,0.667318,-2.18686,0.641469,-1.71489,-1.98083,-0.447878,1.42856,1.61587,2.36072
209,rec2018-02-06_12h18m33.477s.wav,0,2018-02-06#3,tilt,0.5,0.968,0.204331,0.410902,0.0453444,0.185974,0.0564559,0.058082,-2.36072,0.709369,1.43069,0.700255,1.82361,0.0344103,-1.32143,1.19721,1.39828,2.36072
209,rec2018-02-06_12h18m33.477s.wav,0,2018-02-06#3,tilt,0.9,0.968,0.204698,0.450366,0.0393819,0.156704,0.0514613,0.0525034,-2.36072,0.722032,2.86614,0.0290797,0.849298,-0.34188,-1.64586,1.25929,1.59718,2.86614
216,rec2018-02-08_14h33m35.005s.wav,0,2018-02-08#1,identity,0,1.368,0.213956,0.346044,0.0527045,0.143912,0.0524325,0.112847,-0.955529,1.04611,-0.887349,1.49243,0.43022,-0.264773,1.91057,0.998142,1.12932,1.91057
216,rec2018-02-08_14h33m35.005s.wav,0,2018-02-08#1,gain,0.5,1.368,0.106978,0.346044,0.0527045,0.143912,0.0524325,0.112847,-0.955529,-2.62078,-0.887349,1.49243,0.43022,-0.264773,1.91057,1.22309,1.44923,2.62078
216,rec2018-02-08_14h33m35.005s.wav,0,2018-02-08#1,gain,0.707107,1.368,0.15129,0.346044,0.0527045,0.143912,0.0524325,0.112847,-0.955529,-1.1019,-0.887349,1.49243,0.43022,-0.264773,1.91057,1.00611,1.13688,1.91057
216,rec2018-02-08_14h33m35.005s.wav,0,2018-02-08#1,gain,1.41421,1.368,0.30258,0.346044,0.0527045,0.143912,0.0524325,0.112847,-0.955529,4.08387,-0.887349,1.49243,0.43022,-0.264773,1.91057,1.43211,1.87126,4.08387
216,rec2018-02-08_14h33m35.005s.wav,0,2018-02-08#1,gain,2,1.368,0.427913,0.346044,0.0527045,0.143912,0.0524325,0.112847,-0.955529,8.37991,-0.887349,1.49243,0.43022,-0.264773,1.91057,2.04583,3.33929,8.37991
216,rec2018-02-08_14h33m35.005s.wav,0,2018-02-08#1,noise,30,1.368,0.214192,0.363168,0.0184477,0.170965,0.0323298,0.0525893,-0.955529,1.0542,-0.269419,-2.36046,1.34504,-1.74038,-1.68238,1.34392,1.48021,2.36046
216,rec2018-02-08_14h33m35.005s.wav,0,2018-02-08#1,noise,20,1.368,0.215969,0.376231,0.0296013,0.223544,0.0883086,0.0556098,-0.955529,1.11511,0.201969,-1.106,3.12306,2.36865,-1.50228,1.4818,1.73376,3.12306
216,rec2018-02-08_14h33m35.005s.wav,0,2018-02-08#1,noise,10,1.368,0.228648,0.401565,0.0323587,0.311985,0.0886348,0.0486321,-0.955529,1.5497,1.11615,-0.795873,6.11376,2.39259,-1.91834,2.12028,2.72492,6.11376
216,rec2018-02-08_14h33m35.005s.wav,0,2018-02-08#1,tilt,-0.5,1.368,0.214312,0.302637,0.0433004,0.0824631,0.0315654,0.0908479,-0.955529,1.05831,-2.45369,0.434748,-1.64775,-1.79649,0.598855,1.27791,1.44141,2.45369
216,rec2018-02-08_14h33m35.005s.wav,0,2018-02-08#1,tilt,0.5,1.368,0.21306,0.415009,0.0614243,0.192936,0.0634093,0.104313,-0.955529,1.01538,1.60126,2.47316,2.08801,0.540959,1.40175,1.43944,1.56944,2.47316
216,rec2018-02-08_14h33m35.005s.wav,0,2018-02-08#1,tilt,0.9,1.368,0.213436,0.457198,0.0583954,0.16192,0.0468282,0.0878749,-0.955529,1.02827,3.12368,2.13249,1.03918,-0.67615,0.421585,1.33956,1.60313,3.12368
218,rec2018-02-08_14h35m33.038s.wav,1,2018-02-08#1,identity,0,1.256,0.185564,0.385193,0.0274045,0.176833,0.0540278,0.0719497,-1.34898,0.0728968,0.525357,-1.35308,1.54346,-0.147677,-0.527983,0.788491,0.972091,1.54346
218,rec2018-02-08_14h35m33.038s.wav,1,2018-02-08#1,gain,0.5,1.256,0.0927819,0.385193,0.0274045,0.176836,0.0540231,0.0719497,-1.34898,-3.10739,0.525357,-1.35308,1.54357,-0.14802,-0.527983,1.22206,1.52436,3.10739
218,rec2018-02-08_14h35m33.038s.wav,1,2018-02-08#1,gain,0.707107,1.256,0.131213,0.385193,0.0274045,0.176833,0.0540278,0.0719497,-1.34898,-1.79007,0.525357,-1.35308,1.54346,-0.147677,-0.527983,1.0338,1.18405,1.79007
218,rec2018-02-08_14h35m33.038s.wav,1,2018-02-08#1,gain,1.41421,1.256,0.262427,0.385193,0.0274045,0.176833,0.0540278,0.0719497,-1.34898,2.70754,0.525357,-1.35308,1.54346,-0.147677,-0.527983,1.16487,1.41119,2.70754
218,rec2018-02-08_14h35m33.038s.wav,1,2018-02-08#1,gain,2,1.256,0.371128,0.385193,0.0274045,0.176833,0.0540278,0.0719497,-1.34898,6.43347,0.525357,-1.35308,1.54346,-0.147677,-0.527983,1.69714,2.61859,6.43347
218,rec2018-02-08_14h35m33.038s.wav,1,2018-02-08#1,noise,30,1.256,0.186104,0.393082,0.0353843,0.22504,0.115426,0.0786836,-1.34898,0.0914039,0.810039,-0.455581,3.17366,4.35915,-0.126464,1.48075,2.1308,4.35915
218,rec2018-02-08_14h35m33.038s.wav,1,2018-02-08#1,noise,20,1.256,0.188224,0.399586,0.0367757,0.25657,0.112196,0.067746,-1.34898,0.164081,1.04472,-0.299096,4.23985,4.1221,-0.778637,1.71392,2.34831,4.23985
218,rec2018-02-08_14h35m33.038s.wav,1,2018-02-08#1,noise,10,1.256,0.20046,0.419775,0.0331071,0.339949,0.0928238,0.0396088,-1.34898,0.58349,1.77327,-0.711705,7.05941,2.70008,-2.45637,2.37619,3.13894,7.05941
218,rec2018-02-08_14h35m33.038s.wav,1,2018-02-08#1,tilt,-0.5,1.256,0.185192,0.332444,0.0211737,0.107174,0.0355876,0.080268,-1.34898,0.0601393,-1.37808,-2.05386,-0.812138,-1.50125,-0.031989,1.02663,1.24529,2.05386
218,rec2018-02-08_14h35m33.038s.wav,1,2018-02-08#1,tilt,0.5,1.256,0.186003,0.460692,0.0347232,0.212138,0.0590697,0.0541825,-1.34898,0.0879491,3.24973,-0.529933,2.73734,0.222414,-1.58739,1.39482,1.80204,3.24973
218,rec2018-02-08_14h35m33.038s.wav,1,2018-02-08#1,tilt,0.9,1.256,0.18605,0.500899,0.0385312,0.167229,0.0464094,0.0437178,-1.34898,0.0895738,4.70062,-0.101646,1.21869,-0.70689,-2.21136,1.48254,2.09792,4.70062
221,rec2018-02-08_14h37m48.457s.wav,0,2018-02-08#1,identity,0,1.464,0.219268,0.35554,0.0229994,0.134827,0.0403669,0.0461078,-0.618283,1.22818,-0.544691,-1.84852,0.123007,-1.15043,-2.06885,1.08314,1.26622,2.06885
221,rec2018-02-08_14h37m48.457s.wav,0,2018-02-08#1,gain,0.5,1.464,0.109634,0.35554,0.0229994,0.134835,0.0403572,0.0461078,-0.618283,-2.52975,-0.544691,-1.84852,0.12326,-1.15114,-2.06885,1.26921,1.51733,2.52975
221,rec2018-02-08_14h37m48.457s.wav,0,2018-02-08#1,gain,0.707107,1.464,0.155046,0.35554,0.0229994,0.134831,0.0403623,0.0461078,-0.618283,-0.973167,-0.544691,-1.84852,0.123131,-1.15077,-2.06885,1.04677,1.23419,2.06885
221,rec2018-02-08_14h37m48.457s.wav,0,2018-02-08#1,gain,1.41421,1.464,0.310092,0.35554,0.0229994,0.134825,0.0403695,0.0461078,-0.618283,4.34135,-0.544691,-1.84852,0.122911,-1.15024,-2.06885,1.52784,2.01996,4.34135
221,rec2018-02-08_14h37m48.457s.wav,0,2018-02-08#1,gain,2,1.464,0.438536,0.35554,0.0229994,0.134822,0.0403722,0.0461078,-0.618283,8.74404,-0.544691,-1.84852,0.122816,-1.15004,-2.06885,2.15675,3.5086,8.74404
221,rec2018-02-08_14h37m48.457s.wav,0,2018-02-08#1,noise,30,1.464,0.219754,0.366416,0.0400277,0.178342,0.114812,0.0598736,-0.618283,1.24483,-0.152207,0.0666625,1.59451,4.31411,-1.24804,1.31981,1.87735,4.31411
221,rec2018-02-08_14h37m48.457s.wav,0,2018-02-08#1,noise,20,1.464,0.22207,0.374259,0.0435966,0.20848,0.118814,0.059989,-0.618283,1.32423,0.130805,0.468062,2.61366,4.60783,-1.24116,1.572,2.13728,4.60783
221,rec2018-02-08_14h37m48.457s.wav,0,2018-02-08#1,noise,10,1.464,0.235967,0.398809,0.0390227,0.290102,0.104588,0.0478846,-0.618283,1.80056,1.01668,-0.0463697,5.37378,3.56362,-1.96291,2.0546,2.67502,5.37378
221,rec2018-02-08_14h37m48.457s.wav,0,2018-02-08#1,tilt,-0.5,1.464,0.219143,0.310169,0.0195918,0.0755929,0.0255359,0.0646772,-0.618283,1.22388,-2.1819,-2.23178,-1.88007,-2.23907,-0.961619,1.61952,1.73594,2.23907
221,rec2018-02-08_14h37m48.457s.wav,0,2018-02-08#1,tilt,0.5,1.464,0.219488,0.426485,0.0251227,0.190471,0.0447307,0.0244499,-0.618283,1.2357,2.01539,-1.60971,2.00465,-0.830117,-3.36025,1.66773,1.87316,3.36025
221,rec2018-02-08_14h37m48.457s.wav,0,2018-02-08#1,tilt,0.9,1.464,0.219545,0.466409,0.0248444,0.162017,0.034705,0.0211806,-0.618283,1.23766,3.45604,-1.64102,1.04245,-1.56603,-3.55519,1.87381,2.16233,3.55519
222,rec2018-02-08_14h50m50.378s.wav,0,2018-02-08#1,identity,0,1.576,0.237045,0.327441,0.0339027,0.107517,0.0401007,0.083329,-0.22483,1.83752,-1.55863,-0.622219,-0.800524,-1.16997,0.150529,0.909175,1.08732,1.83752
222,rec2018-02-08_14h50m50.378s.wav,0,2018-02-08#1,gain,0.5,1.576,0.118523,0.327441,0.0339027,0.107518,0.0400976,0.083329,-0.22483,-2.22508,-1.55863,-0.622219,-0.800475,-1.1702,0.150529,0.964566,1.18628,2.22508
222,rec2018-02-08_14h50m50.378s.wav,0,2018-02-08#1,gain,0.707107,1.576,0.167616,0.327441,0.0339027,0.107518,0.0400994,0.083329,-0.22483,-0.542294,-1.55863,-0.622219,-0.800504,-1.17006,0.150529,0.724153,0.861363,1.55863
222,rec2018-02-08_14h50m50.378s.wav,0,2018-02-08#1,gain,1.41421,1.576,0.335232,0.327441,0.0339027,0.107516,0.0401019,0.083329,-0.22483,5.20309,-1.55863,-0.622219,-0.800543,-1.16988,0.150529,1.38996,2.13713,5.20309
222,rec2018-02-08_14h50m50.378s.wav,0,2018-02-08#1,gain,2,1.576,0.47409,0.327441,0.0339027,0.107516,0.0401032,0.083329,-0.22483,9.96273,-1.55863,-0.622219,-0.800563,-1.16979,0.150529,2.0699,3.85737,9.96273
222,rec2018-02-08_14h50m50.378s.wav,0,2018-02-08#1,noise,30,1.576,0.237709,0.347027,0.0527446,0.170423,0.131332,0.0890469,-0.22483,1.86027,-0.851867,1.49694,1.32672,5.52672,0.491468,1.68269,2.36111,5.52672
222,rec2018-02-08_14h50m50.378s.wav,0,2018-02-08#1,noise,20,1.576,0.240741,0.358319,0.0581435,0.208808,0.146207,0.0886158,-0.22483,1.96423,-0.444394,2.10416,2.62475,6.61856,0.465763,2.06381,2.91414,6.61856
222,rec2018-02-08_14h50m50.378s.wav,0,2018-02-08#1,noise,10,1.576,0.2581,0.387628,0.0540679,0.289961,0.139048,0.0643983,-0.22483,2.55921,0.613231,1.64578,5.369,6.09308,-0.97825,2.49763,3.30786,6.09308
222,rec2018-02-08_14h50m50.378s.wav,0,2018-02-08#1,tilt,-0.5,1.576,0.2364,0.287019,0.0282235,0.0581221,0.0255204,0.0671849,-0.22483,1.81542,-3.01726,-1.26096,-2.47086,-2.24021,-0.812092,1.69166,1.92069,3.01726
222,rec2018-02-08_14h50m50.378s.wav,0,2018-02-08#1,tilt,0.5,1.576,0.238619,0.396284,0.0381094,0.172301,0.051536,0.0616694,-0.22483,1.89148,0.925589,-0.149086,1.39022,-0.330579,-1.14097,0.864679,1.05904,1.89148
222,rec2018-02-08_14h50m50.378s.wav,0,2018-02-08#1,tilt,0.9,1.576,0.239309,0.439187,0.0374492,0.160192,0.0457385,0.0567212,-0.22483,1.91512,2.47374,-0.223343,0.980752,-0.756142,-1.43601,1.14428,1.38787,2.47374
224,rec2018-02-08_15h03m14.166s.wav,1,2018-02-08#1,identity,0,1.4,0.225483,0.346336,0.0321206,0.129468,0.0424234,0.0673514,-0.843113,1.4412,-0.87681,-0.822657,-0.058233,-0.999481,-0.802166,0.834808,0.916458,1.4412
224,rec2018-02-08_15h03m14.166s.wav,1,2018-02-08#1,gain,0.5,1.4,0.112741,0.346336,0.0321206,0.129469,0.0424229,0.0673514,-0.843113,-2.42324,-0.87681,-0.822657,-0.0581907,-0.999514,-0.802166,0.975099,1.17561,2.42324
224,rec2018-02-08_15h03m14.166s.wav,1,2018-02-08#1,gain,0.707107,1.4,0.15944,0.346336,0.0321206,0.129468,0.0424234,0.0673514,-0.843113,-0.822539,-0.87681,-0.822657,-0.0582355,-0.99948,-0.802166,0.746429,0.799892,0.99948
224,rec2018-02-08_15h03m14.166s.wav,1,2018-02-08#1,gain,1.41421,1.4,0.318881,0.346336,0.0321206,0.129468,0.0424234,0.0673514,-0.843113,4.6426,-0.87681,-0.822657,-0.0582355,-0.99948,-0.802166,1.29215,1.90323,4.6426
224,rec2018-02-08_15h03m14.166s.wav,1,2018-02-08#1,gain,2,1.4,0.450965,0.346336,0.0321206,0.129468,0.0424233,0.0673514,-0.843113,9.17007,-0.87681,-0.822657,-0.058233,-0.999481,-0.802166,1.93893,3.54345,9.17007
224,rec2018-02-08_15h03m14.166s.wav,1,2018-02-08#1,noise,30,1.4,0.225732,0.350648,0.0375549,0.154174,0.0803774,0.078889,-0.843113,1.44973,-0.721202,-0.211451,0.77723,1.78647,-0.114215,0.843345,1.0132,1.78647
224,rec2018-02-08_15h03m14.166s.wav,1,2018-02-08#1,noise,20,1.4,0.227516,0.360455,0.0422308,0.189474,0.0927292,0.0819984,-0.843113,1.51089,-0.367315,0.314452,1.97093,2.69314,0.0711874,1.11015,1.43278,2.69314
224,rec2018-02-08_15h03m14.166s.wav,1,2018-02-08#1,noise,10,1.4,0.240556,0.391885,0.0422541,0.279759,0.0987863,0.0625764,-0.843113,1.95787,0.766839,0.317072,5.02401,3.13775,-1.08689,1.87622,2.43487,5.02401
224,rec2018-02-08_15h03m14.166s.wav,1,2018-02-08#1,tilt,-0.5,1.4,0.225167,0.308099,0.0268426,0.0747235,0.0338388,0.0650463,-0.843113,1.43037,-2.25658,-1.41628,-1.90947,-1.62962,-0.939613,1.48929,1.56019,2.25658
224,rec2018-02-08_15h03m14.166s.wav,1,2018-02-08#1,tilt,0.5,1.4,0.226119,0.409557,0.0341112,0.175703,0.0457778,0.0418898,-0.843113,1.46301,1.40453,-0.598772,1.50525,-0.753254,-2.32036,1.26975,1.38356,2.32036
224,rec2018-02-08_15h03m14.166s.wav,1,2018-02-08#1,tilt,0.9,1.4,0.226369,0.448531,0.0319852,0.146779,0.0392394,0.0316517,-0.843113,1.47159,2.81091,-0.837883,0.527151,-1.2332,-2.93083,1.5221,1.76749,2.93083
226,rec2018-02-08_15h06m27.101s.wav,0,2018-02-08#1,identity,0,1.72,0.207523,0.388064,0.0442618,0.172287,0.0501958,0.0343051,0.281038,0.82559,0.62897,0.542876,1.38975,-0.428957,-2.77261,0.981399,1.26794,2.77261
226,rec2018-02-08_15h06m27.101s.wav,0,2018-02-08#1,gain,0.5,1.72,0.103761,0.388064,0.0442618,0.172287,0.0501958,0.0343051,0.281038,-2.73105,0.62897,0.542876,1.38975,-0.428957,-2.77261,1.25361,1.60493,2.77261
226,rec2018-02-08_15h06m27.101s.wav,0,2018-02-08#1,gain,0.707107,1.72,0.146741,0.388064,0.0442618,0.172287,0.0501958,0.0343051,0.281038,-1.25784,0.62897,0.542876,1.38975,-0.428956,-2.77261,1.04315,1.3177,2.77261
226,rec2018-02-08_15h06m27.101s.wav,0,2018-02-08#1,gain,1.41421,1.72,0.293482,0.388064,0.0442618,0.172287,0.0501958,0.0343051,0.281038,3.772,0.62897,0.542876,1.38975,-0.428958,-2.77261,1.40232,1.88225,3.772
226,rec2018-02-08_15h06m27.101s.wav,0,2018-02-08#1,gain,2,1.72,0.415046,0.388064,0.0442618,0.172287,0.0501958,0.0343051,0.281038,7.93886,0.62897,0.542876,1.38975,-0.428958,-2.77261,1.99758,3.24252,7.93886
226,rec2018-02-08_15h06m27.101s.wav,0,2018-02-08#1,noise,30,1.72,0.207853,0.390058,0.0464025,0.197629,0.0779266,0.0416037,0.281038,0.836915,0.700918,0.783641,2.24672,1.60658,-2.33742,1.25618,1.46274,2.33742
226,rec2018-02-08_15h06m27.101s.wav,0,2018-02-08#1,noise,20,1.72,0.209461,0.394587,0.0454179,0.235131,0.0852767,0.0427085,0.281038,0.892014,0.864323,0.672904,3.51489,2.1461,-2.27154,1.5204,1.85913,3.51489
226,rec2018-02-08_15h06m27.101s.wav,0,2018-02-08#1,noise,10,1.72,0.22099,0.413705,0.0406806,0.327705,0.0867648,0.0410296,0.281038,1.28719,1.5542,0.140094,6.64535,2.25533,-2.37165,2.07641,2.90426,6.64535
226,rec2018-02-08_15h06m27.101s.wav,0,2018-02-08#1,tilt,-0.5,1.72,0.206365,0.328934,0.0370643,0.106369,0.0419501,0.0684484,0.281038,0.785897,-1.50475,-0.266635,-0.839335,-1.03422,-0.736752,0.778375,0.874143,1.50475
226,rec2018-02-08_15h06m27.101s.wav,0,2018-02-08#1,tilt,0.5,1.72,0.209175,0.471443,0.0443358,0.211431,0.050749,0.0219584,0.281038,0.882219,3.63771,0.551197,2.71343,-0.38835,-3.50881,1.70897,2.21099,3.63771
226,rec2018-02-08_15h06m27.101s.wav,0,2018-02-08#1,tilt,0.9,1.72,0.209591,0.516418,0.040779,0.170304,0.0426465,0.020737,0.281038,0.896466,5.26061,0.151165,1.32268,-0.983099,-3.58163,1.78238,2.51065,5.26061
227,rec2018-02-08_15h08m45.803s.wav,0,2018-02-08#1,identity,0,2.616,0.196348,0.391088,0.0668673,0.170314,0.051125,0.0746117,3.42866,0.442554,0.738079,3.08534,1.32302,-0.36075,-0.369258,1.39252,1.85289,3.42866
227,rec2018-02-08_15h08m45.803s.wav,0,2018-02-08#1,gain,0.5,2.616,0.0981741,0.391088,0.0668673,0.170322,0.0511353,0.0746117,3.42866,-2.92256,0.738079,3.08534,1.32328,-0.359992,-0.369258,1.74674,2.15069,3.42866
227,rec2018-02-08_15h08m45.803s.wav,0,2018-02-08#1,gain,0.707107,2.616,0.138839,0.391088,0.0668673,0.170318,0.0511301,0.0746117,3.42866,-1.52869,0.738079,3.08534,1.32315,-0.360376,-0.369258,1.54765,1.93367,3.42866
227,rec2018-02-08_15h08m45.803s.wav,0,2018-02-08#1,gain,1.41421,2.616,0.277678,0.391088,0.0668673,0.17031,0.05112,0.0746117,3.42866,3.23031,0.738079,3.08534,1.32288,-0.361115,-0.369258,1.79081,2.21267,3.42866
227,rec2018-02-08_15h08m45.803s.wav,0,2018-02-08#1,gain,2,2.616,0.392696,0.391088,0.0668673,0.170306,0.0511152,0.0746117,3.42866,7.17279,0.738079,3.08534,1.32275,-0.361471,-0.369258,2.35405,3.27949,7.17279
227,rec2018-02-08_15h08m45.803s.wav,0,2018-02-08#1,noise,30,2.616,0.196788,0.393106,0.0523205,0.21082,0.0979754,0.0520809,3.42866,0.457644,0.810884,1.44925,2.69277,3.07822,-1.7127,1.94716,2.21626,3.42866
227,rec2018-02-08_15h08m45.803s.wav,0,2018-02-08#1,noise,20,2.616,0.198761,0.398805,0.0525679,0.246346,0.103438,0.0511406,3.42866,0.525243,1.01656,1.47707,3.89411,3.47916,-1.76876,2.22708,2.55354,3.89411
227,rec2018-02-08_15h08m45.803s.wav,0,2018-02-08#1,noise,10,2.616,0.21094,0.415836,0.0461372,0.33193,0.0901051,0.0436732,3.42866,0.942722,1.6311,0.753803,6.78822,2.50052,-2.21402,2.60844,3.23171,6.78822
227,rec2018-02-08_15h08m45.803s.wav,0,2018-02-08#1,tilt,-0.5,2.616,0.194686,0.335705,0.0597918,0.108891,0.0429551,0.0869976,3.42866,0.385594,-1.2604,2.28955,-0.754046,-0.960451,0.369277,1.34971,1.70556,3.42866
227,rec2018-02-08_15h08m45.803s.wav,0,2018-02-08#1,tilt,0.5,2.616,0.198267,0.469231,0.0644015,0.207391,0.0660667,0.0626886,3.42866,0.508312,3.55787,2.80801,2.57683,0.736022,-1.0802,2.09941,2.41738,3.55787
227,rec2018-02-08_15h08m45.803s.wav,0,2018-02-08#1,tilt,0.9,2.616,0.198617,0.512115,0.0589338,0.167384,0.0568644,0.0550696,3.42866,0.520319,5.10536,2.19305,1.22394,0.0605432,-1.53449,2.00948,2.58449,5.10536
228,rec2018-02-08_15h20m25.156s.wav,0,2018-02-08#1,identity,0,2.024,0.176059,0.399786,0.0323013,0.180032,0.0510525,0.0480649,1.34898,-0.252908,1.05194,-0.802328,1.65164,-0.366069,-1.95216,1.06086,1.21343,1.95216
228,rec2018-02-08_15h20m25.156s.wav,0,2018-02-08#1,gain,0.5,2.024,0.0880294,0.399786,0.0323013,0.180032,0.0510525,0.0480649,1.34898,-3.27029,1.05194,-0.802328,1.65164,-0.36607,-1.95216,1.49192,1.72948,3.27029
228,rec2018-02-08_15h20m25.156s.wav,0,2018-02-08#1,gain,0.707107,2.024,0.124492,0.399786,0.0323013,0.180032,0.0510525,0.0480649,1.34898,-2.02045,1.05194,-0.802328,1.65164,-0.36607,-1.95216,1.31337,1.43054,2.02045
228,rec2018-02-08_15h20m25.156s.wav,0,2018-02-08#1,gain,1.41421,2.024,0.248985,0.399786,0.0323013,0.180032,0.0510525,0.0480649,1.34898,2.24678,1.05194,-0.802328,1.65164,-0.366069,-1.95216,1.3457,1.47798,2.24678
228,rec2018-02-08_15h20m25.156s.wav,0,2018-02-08#1,gain,2,2.024,0.352117,0.399786,0.0323013,0.180032,0.0510525,0.0480649,1.34898,5.78186,1.05194,-0.802328,1.65164,-0.36607,-1.95216,1.85071,2.4978,5.78186
228,rec2018-02-08_15h20m25.156s.wav,0,2018-02-08#1,noise,30,2.024,0.176508,0.40894,0.0341089,0.213423,0.0918794,0.0437998,1.34898,-0.237525,1.38227,-0.599027,2.78079,2.63076,-2.20647,1.59797,1.83878,2.78079
228,rec2018-02-08_15h20m25.156s.wav,0,2018-02-08#1,noise,20,2.024,0.178248,0.414037,0.0338904,0.246565,0.0914464,0.043992,1.34898,-0.177853,1.5662,-0.623599,3.90151,2.59897,-2.19501,1.77316,2.12091,3.90151
228,rec2018-02-08_15h20m25.156s.wav,0,2018-02-08#1,noise,10,2.024,0.189021,0.430175,0.0316525,0.331285,0.0823107,0.0386244,1.34898,0.191413,2.14853,-0.875297,6.76643,1.92838,-2.51506,2.25344,3.00161,6.76643
228,rec2018-02-08_15h20m25.156s.wav,0,2018-02-08#1,tilt,-0.5,2.024,0.175473,0.345203,0.026911,0.111267,0.0369355,0.0600361,1.34898,-0.272983,-0.917702,-1.40858,-0.673697,-1.40231,-1.23835,1.03752,1.11319,1.40858
228,rec2018-02-08_15h20m25.156s.wav,0,2018-02-08#1,tilt,0.5,2.024,0.176763,0.475093,0.0340754,0.209601,0.0473919,0.0216711,1.34898,-0.228751,3.76941,-0.602791,2.65156,-0.634773,-3.52594,1.82317,2.27752,3.76941
228,rec2018-02-08_15h20m25.156s.wav,0,2018-02-08#1,tilt,0.9,2.024,0.176878,0.512506,0.0322073,0.164159,0.0370231,0.0170731,1.34898,-0.224838,5.11945,-0.812899,1.1149,-1.39587,-3.8001,1.97386,2.57383,5.11945
230,rec2018-02-08_15h23m00.916s.wav,1,2018-02-08#1,identity,0,2.28,0.21903,0.363636,0.0376886,0.135657,0.0424172,0.0371194,2.2483,1.22002,-0.252522,-0.196419,0.151049,-0.999933,-2.6048,1.09615,1.43693,2.6048
230,rec2018-02-08_15h23m00.916s.wav,1,2018-02-08#1,gain,0.5,2.28,0.109515,0.363636,0.0376886,0.135675,0.0424347,0.0371194,2.2483,-2.53383,-0.252522,-0.196419,0.151677,-0.998645,-2.6048,1.28374,1.66402,2.6048
230,rec2018-02-08_15h23m00.916s.wav,1,2018-02-08#1,gain,0.707107,2.28,0.154878,0.363636,0.0376886,0.135665,0.0424251,0.0371194,2.2483,-0.978938,-0.252522,-0.196419,0.151342,-0.999353,-2.6048,1.06167,1.41028,2.6048
230,rec2018-02-08_15h23m00.916s.wav,1,2018-02-08#1,gain,1.41421,2.28,0.309755,0.363636,0.0376886,0.135654,0.0424148,0.0371194,2.2483,4.32981,-0.252522,-0.196419,0.15096,-1.00011,-2.6048,1.54042,2.12846,4.32981
230,rec2018-02-08_15h23m00.916s.wav,1,2018-02-08#1,gain,2,2.28,0.43806,0.363636,0.0376886,0.135654,0.0424148,0.0371194,2.2483,8.72771,-0.252522,-0.196419,0.150961,-1.00011,-2.6048,2.16869,3.56848,8.72771
230,rec2018-02-08_15h23m00.916s.wav,1,2018-02-08#1,noise,30,2.28,0.219365,0.370136,0.0422736,0.168567,0.0948794,0.0425787,2.2483,1.23149,-0.0179767,0.319266,1.26394,2.85096,-2.27928,1.45875,1.75639,2.85096
230,rec2018-02-08_15h23m00.916s.wav,1,2018-02-08#1,noise,20,2.28,0.221164,0.37719,0.0415541,0.206411,0.104121,0.043547,2.2483,1.29315,0.236578,0.23834,2.5437,3.52933,-2.22155,1.75871,2.09427,3.52933
230,rec2018-02-08_15h23m00.916s.wav,1,2018-02-08#1,noise,10,2.28,0.234022,0.400559,0.0378627,0.297263,0.105683,0.0429073,2.2483,1.73391,1.07984,-0.176837,5.61593,3.64399,-2.25969,2.39407,2.90768,5.61593
230,rec2018-02-08_15h23m00.916s.wav,1,2018-02-08#1,tilt,-0.5,2.28,0.218495,0.312965,0.0337833,0.077871,0.0286699,0.0729327,2.2483,1.20168,-2.08101,-0.635646,-1.80304,-2.00903,-0.469371,1.49258,1.63624,2.2483
230,rec2018-02-08_15h23m00.916s.wav,1,2018-02-08#1,tilt,0.5,2.28,0.219906,0.44103,0.0368609,0.189504,0.0511303,0.0270667,2.2483,1.25004,2.54024,-0.289505,1.97194,-0.360363,-3.20422,1.69494,1.97988,3.20422
230,rec2018-02-08_15h23m00.916s.wav,1,2018-02-08#1,tilt,0.9,2.28,0.220126,0.484193,0.0337848,0.161905,0.0426516,0.0242346,2.2483,1.25759,4.09778,-0.635485,1.03865,-0.982726,-3.37309,1.94766,2.30695,4.09778
233,rec2018-02-09_10h49m08.773s.wav,0,2018-02-09#1,identity,0,1.736,0.202101,0.348507,0.0258578,0.142018,0.067662,0.075417,0.311303,0.629529,-0.790272,-1.52496,0.358074,0.909063,-0.319575,0.691826,0.801784,1.52496
233,rec2018-02-09_10h49m08.773s.wav,0,2018-02-09#1,gain,0.5,1.736,0.101051,0.348507,0.0258578,0.142046,0.0677234,0.075417,0.311303,-2.84386,-0.790272,-1.52496,0.359042,0.913718,-0.319575,1.00896,1.32019,2.84386
233,rec2018-02-09_10h49m08.773s.wav,0,2018-02-09#1,gain,0.707107,1.736,0.142907,0.348507,0.0258578,0.14203,0.067692,0.075417,0.311303,-1.40513,-0.790272,-1.52496,0.358484,0.911338,-0.319575,0.80301,0.932166,1.52496
233,rec2018-02-09_10h49m08.773s.wav,0,2018-02-09#1,gain,1.41421,1.736,0.285814,0.348507,0.0258578,0.142006,0.0676321,0.075417,0.311303,3.50698,-0.790272,-1.52496,0.357675,0.906796,-0.319575,1.10251,1.53056,3.50698
233,rec2018-02-09_10h49m08.773s.wav,0,2018-02-09#1,gain,2,1.736,0.404202,0.348507,0.0258578,0.141995,0.0676021,0.075417,0.311303,7.5763,-0.790272,-1.52496,0.357289,0.904521,-0.319575,1.68346,2.96396,7.5763
233,rec2018-02-09_10h49m08.773s.wav,0,2018-02-09#1,noise,30,1.736,0.20292,0.367837,0.0445276,0.199502,0.12277,0.0760838,0.311303,0.65768,-0.0966382,0.577279,2.32379,5.0875,-0.27988,1.33344,2.14586,5.0875
233,rec2018-02-09_10h49m08.773s.wav,0,2018-02-09#1,noise,20,1.736,0.205799,0.376643,0.0459182,0.235106,0.127162,0.0759674,0.311303,0.756629,0.219361,0.733859,3.54125,5.42053,-0.286808,1.60996,2.48599,5.42053
233,rec2018-02-09_10h49m08.773s.wav,0,2018-02-09#1,noise,10,1.736,0.221031,0.401045,0.042597,0.315463,0.113952,0.063914,0.311303,1.2802,1.09499,0.359887,6.28909,4.41888,-1.0043,2.10838,3.00362,6.28909
233,rec2018-02-09_10h49m08.773s.wav,0,2018-02-09#1,tilt,-0.5,1.736,0.202055,0.307887,0.0184061,0.0804991,0.0424734,0.0593884,0.311303,0.627952,-2.24788,-2.36402,-1.74556,-1.0008,-1.27369,1.36732,1.54936,2.36402
233,rec2018-02-09_10h49m08.773s.wav,0,2018-02-09#1,tilt,0.5,1.736,0.202142,0.413981,0.0347477,0.195444,0.0780527,0.0715011,0.311303,0.630935,1.55919,-0.523947,2.185,1.69691,-0.552672,1.06571,1.26264,2.185
233,rec2018-02-09_10h49m08.773s.wav,0,2018-02-09#1,tilt,0.9,1.736,0.20212,0.45236,0.0391161,0.163842,0.0614336,0.0665201,0.311303,0.630176,2.9364,-0.0320641,1.10437,0.436811,-0.849171,0.900043,1.26768,2.9364
234,rec2018-02-09_10h57m14.793s.wav,0,2018-02-09#1,identity,0,1.16,0.212031,0.370105,0.0470362,0.161323,0.0428862,0.043485,-1.55652,0.970838,-0.0152651,0.859748,1.01822,-0.969502,-2.22036,1.08721,1.25422,2.22036
234,rec2018-02-09_10h57m14.793s.wav,0,2018-02-09#1,gain,0.5,1.16,0.106015,0.370105,0.0470362,0.161323,0.0428862,0.043485,-1.55652,-2.6732,-0.0152651,0.859748,1.01822,-0.969502,-2.22036,1.3304,1.56821,2.6732
234,rec2018-02-09_10h57m14.793s.wav,0,2018-02-09#1,gain,0.707107,1.16,0.149928,0.370105,0.0470362,0.161323,0.0428862,0.043485,-1.55652,-1.16379,-0.0152651,0.859748,1.01822,-0.969502,-2.22036,1.11477,1.27746,2.22036
234,rec2018-02-09_10h57m14.793s.wav,0,2018-02-09#1,gain,1.41421,1.16,0.299857,0.370105,0.0470362,0.161323,0.0428862,0.043485,-1.55652,3.98966,-0.0152651,0.859748,1.01822,-0.969502,-2.22036,1.51847,1.92674,3.98966
234,rec2018-02-09_10h57m14.793s.wav,0,2018-02-09#1,gain,2,1.16,0.424061,0.370105,0.0470362,0.161323,0.0428862,0.043485,-1.55652,8.25892,-0.0152651,0.859748,1.01822,-0.969502,-2.22036,2.12836,3.34405,8.25892
234,rec2018-02-09_10h57m14.793s.wav,0,2018-02-09#1,noise,30,1.16,0.212286,0.374742,0.0491953,0.189123,0.0661026,0.0477136,-1.55652,0.979601,0.151157,1.10286,1.96884,0.790827,-1.96865,1.21692,1.36271,1.96884
234,rec2018-02-09_10h57m14.793s.wav,0,2018-02-09#1,noise,20,1.16,0.214061,0.382749,0.051934,0.230112,0.0863959,0.0526933,-1.55652,1.04063,0.438476,1.41124,3.3705,2.32952,-1.67223,1.68844,1.9001,3.3705
234,rec2018-02-09_10h57m14.793s.wav,0,2018-02-09#1,noise,10,1.16,0.226878,0.405278,0.0473758,0.324454,0.0915754,0.0464246,-1.55652,1.48119,1.24691,0.897983,6.59655,2.72224,-2.04538,2.36382,2.97817,6.59655
234,rec2018-02-09_10h57m14.793s.wav,0,2018-02-09#1,tilt,-0.5,1.16,0.210703,0.321503,0.0452389,0.0964464,0.0324661,0.0698692,-1.55652,0.925192,-1.75929,0.657371,-1.20024,-1.75959,-0.649813,1.21543,1.29642,1.75959
234,rec2018-02-09_10h57m14.793s.wav,0,2018-02-09#1,tilt,0.5,1.16,0.213883,0.444519,0.0425801,0.213766,0.0558896,0.0212824,-1.55652,1.0345,2.65504,0.357987,2.81152,0.0164446,-3.542,1.71057,2.10852,3.542
234,rec2018-02-09_10h57m14.793s.wav,0,2018-02-09#1,tilt,0.9,1.16,0.214375,0.487284,0.0378084,0.178563,0.0484647,0.0183621,-1.55652,1.05141,4.18963,-0.179309,1.60776,-0.54653,-3.71583,1.83528,2.32392,4.18963
236,rec2018-02-09_11h05m06.012s.wav,0,2018-02-09#1,identity,0,1.48,0.18797,0.380608,0.0299397,0.150001,0.0428622,0.0549618,-0.518839,0.143804,0.361622,-1.06533,0.631074,-0.971328,-1.53719,0.747027,0.866872,1.53719
236,rec2018-02-09_11h05m06.012s.wav,0,2018-02-09#1,gain,0.5,1.48,0.093985,0.380608,0.0299397,0.150006,0.0428645,0.0549618,-0.518839,-3.08672,0.361622,-1.06533,0.631248,-0.971148,-1.53719,1.16744,1.45245,3.08672
236,rec2018-02-09_11h05m06.012s.wav,0,2018-02-09#1,gain,0.707107,1.48,0.132915,0.380608,0.0299397,0.150002,0.0428599,0.0549618,-0.518839,-1.74859,0.361622,-1.06533,0.631108,-0.971501,-1.53719,0.976312,1.08874,1.74859
236,rec2018-02-09_11h05m06.012s.wav,0,2018-02-09#1,gain,1.41421,1.48,0.26583,0.380608,0.0299397,0.150001,0.0428622,0.0549618,-0.518839,2.82006,0.361622,-1.06533,0.631073,-0.971328,-1.53719,1.12935,1.37281,2.82006
236,rec2018-02-09_11h05m06.012s.wav,0,2018-02-09#1,gain,2,1.48,0.37594,0.380608,0.0299397,0.150001,0.0428621,0.0549618,-0.518839,6.60485,0.361622,-1.06533,0.631074,-0.971329,-1.53719,1.67003,2.64207,6.60485
236,rec2018-02-09_11h05m06.012s.wav,0,2018-02-09#1,noise,30,1.48,0.188519,0.393372,0.0387549,0.206121,0.125748,0.0473606,-0.518839,0.162684,0.819657,-0.0727351,2.55012,5.31333,-1.98967,1.63243,2.38046,5.31333
236,rec2018-02-09_11h05m06.012s.wav,0,2018-02-09#1,noise,20,1.48,0.190714,0.398695,0.0397638,0.242032,0.130605,0.0470478,-0.518839,0.238134,1.01068,0.0408675,3.77809,5.68156,-2.00829,1.89664,2.72387,5.68156
236,rec2018-02-09_11h05m06.012s.wav,0,2018-02-09#1,noise,10,1.48,0.203399,0.417756,0.0382773,0.319754,0.11739,0.0419072,-0.518839,0.674152,1.69465,-0.126518,6.43583,4.67957,-2.31429,2.34912,3.21349,6.43583
236,rec2018-02-09_11h05m06.012s.wav,0,2018-02-09#1,tilt,-0.5,1.48,0.187469,0.331545,0.0261825,0.0886171,0.0306556,0.0667204,-0.518839,0.126597,-1.39896,-1.4884,-1.46797,-1.89686,-0.837246,1.10498,1.24852,1.89686
236,rec2018-02-09_11h05m06.012s.wav,0,2018-02-09#1,tilt,0.5,1.48,0.188808,0.451761,0.0309009,0.192431,0.0449263,0.0344484,-0.518839,0.172609,2.91492,-0.957102,2.08197,-0.814819,-2.75828,1.45979,1.78559,2.91492
236,rec2018-02-09_11h05m06.012s.wav,0,2018-02-09#1,tilt,0.9,1.48,0.189078,0.488668,0.0291715,0.157788,0.0388797,0.0279406,-0.518839,0.18188,4.23928,-1.15183,0.897334,-1.27329,-3.14566,1.62973,2.13549,4.23928
237,rec2018-02-09_11h05m43.714s.wav,0,2018-02-09#1,identity,0,1.416,0.156599,0.408841,0.0477242,0.174998,0.071707,0.0628774,-0.726375,-0.934521,1.37476,0.937215,1.48587,1.21576,-1.066,1.10579,1.13336,1.48587
237,rec2018-02-09_11h05m43.714s.wav,0,2018-02-09#1,gain,0.5,1.416,0.0782993,0.408841,0.0477242,0.175064,0.0718715,0.0628774,-0.726375,-3.62588,1.37476,0.937215,1.4881,1.22824,-1.066,1.49237,1.74448,3.62588
237,rec2018-02-09_11h05m43.714s.wav,0,2018-02-09#1,gain,0.707107,1.416,0.110732,0.408841,0.0477242,0.175024,0.0717688,0.0628774,-0.726375,-2.51108,1.37477,0.937215,1.48674,1.22045,-1.066,1.33181,1.43616,2.51108
237,rec2018-02-09_11h05m43.714s.wav,0,2018-02-09#1,gain,1.41421,1.416,0.221464,0.408841,0.0477242,0.174988,0.0716915,0.0628774,-0.726375,1.29508,1.37477,0.937215,1.48551,1.21459,-1.066,1.15708,1.18271,1.48551
237,rec2018-02-09_11h05m43.714s.wav,0,2018-02-09#1,gain,2,1.416,0.313197,0.408841,0.0477242,0.174979,0.0716789,0.0628774,-0.726375,4.4482,1.37476,0.937215,1.4852,1.21363,-1.066,1.60734,1.99634,4.4482
237,rec2018-02-09_11h05m43.714s.wav,0,2018-02-09#1,noise,30,1.416,0.157417,0.417134,0.0448582,0.24463,0.14021,0.0599488,-0.726375,-0.906378,1.67236,0.614502,3.86694,6.40982,-1.24033,2.20524,2.97852,6.40982
237,rec2018-02-09_11h05m43.714s.wav,0,2018-02-09#1,noise,20,1.416,0.16034,0.422672,0.0426497,0.285328,0.148735,0.0576847,-0.726375,-0.805926,1.87106,0.36582,5.25861,7.05624,-1.37511,2.49416,3.46711,7.05624
237,rec2018-02-09_11h05m43.714s.wav,0,2018-02-09#1,noise,10,1.416,0.174652,0.438307,0.037768,0.356133,0.13236,0.0504326,-0.726375,-0.313974,2.43212,-0.183858,7.67982,5.81465,-1.8068,2.70823,3.82902,7.67982
237,rec2018-02-09_11h05m43.714s.wav,0,2018-02-09#1,tilt,-0.5,1.416,0.156032,0.353926,0.0396902,0.114544,0.0574466,0.0741288,-0.726375,-0.954,-0.595828,0.0325746,-0.581405,0.134501,-0.396251,0.488705,0.574076,0.954
237,rec2018-02-09_11h05m43.714s.wav,0,2018-02-09#1,tilt,0.5,1.416,0.157329,0.481528,0.0505416,0.193452,0.0644792,0.055734,-0.726375,-0.909411,3.98308,1.25445,2.11687,0.667737,-1.49123,1.59274,1.92517,3.98308
237,rec2018-02-09_11h05m43.714s.wav,0,2018-02-09#1,tilt,0.9,1.416,0.157492,0.51721,0.0494655,0.149022,0.0478857,0.0545336,-0.726375,-0.903806,5.26351,1.13328,0.59761,-0.590426,-1.56268,1.53967,2.18701,5.26351
240,rec2018-05-02_17h33m50.393s.wav,0,2018-05-02#1,identity,0,1.608,0.250482,0.334111,0.0385519,0.0858459,0.0362357,0.0824177,-0.0518839,2.30234,-1.32448,-0.0989074,-1.61313,-1.48198,0.101905,0.996375,1.30254,2.30234
240,rec2018-05-02_17h33m50.393s.wav,0,2018-05-02#1,gain,0.5,1.608,0.125241,0.334111,0.0385519,0.0858489,0.0362325,0.0824177,-0.0518839,-2.02108,-1.32448,-0.0989074,-1.61303,-1.48222,0.101905,0.956215,1.23408,2.02108
240,rec2018-05-02_17h33m50.393s.wav,0,2018-05-02#1,gain,0.707107,1.608,0.177118,0.334111,0.0385519,0.0858464,0.0362347,0.0824177,-0.0518839,-0.230261,-1.32448,-0.098907,-1.61311,-1.48206,0.101905,0.700372,0.973121,1.61311
240,rec2018-05-02_17h33m50.393s.wav,0,2018-05-02#1,gain,1.41421,1.608,0.354235,0.334111,0.0385519,0.0858453,0.0362367,0.0824177,-0.0518839,5.88397,-1.32448,-0.098907,-1.61315,-1.4819,0.101905,1.50803,2.42595,5.88397
240,rec2018-05-02_17h33m50.393s.wav,0,2018-05-02#1,gain,2,1.608,0.500964,0.334111,0.0385519,0.0858447,0.0362377,0.0824177,-0.0518839,10.9492,-1.32448,-0.0989074,-1.61317,-1.48183,0.101905,2.23162,4.25037,10.9492
240,rec2018-05-02_17h33m50.393s.wav,0,2018-05-02#1,noise,30,1.608,0.25093,0.35299,0.0485244,0.130687,0.117529,0.0916359,-0.0518839,2.3178,-0.648973,1.01802,-0.0690362,4.70203,0.649531,1.35104,2.04828,4.70203
240,rec2018-05-02_17h33m50.393s.wav,0,2018-05-02#1,noise,20,1.608,0.253303,0.363137,0.0539578,0.1596,0.12793,0.0897567,-0.0518839,2.39972,-0.285907,1.62657,0.926604,5.49317,0.537891,1.61739,2.38482,5.49317
240,rec2018-05-02_17h33m50.393s.wav,0,2018-05-02#1,noise,10,1.608,0.26899,0.395183,0.048297,0.242276,0.119807,0.0628572,-0.0518839,2.94125,0.860762,0.992548,3.77356,4.87524,-1.06014,2.07934,2.65952,4.87524
240,rec2018-05-02_17h33m50.393s.wav,0,2018-05-02#1,tilt,-0.5,1.608,0.24944,0.29522,0.0350604,0.0456631,0.0208866,0.0570154,-0.0518839,2.26636,-2.71607,-0.489954,-2.99683,-2.64958,-1.40718,1.79684,2.09549,2.99683
240,rec2018-05-02_17h33m50.393s.wav,0,2018-05-02#1,tilt,0.5,1.608,0.253119,0.400529,0.0404818,0.143838,0.0545094,0.0728911,-0.0518839,2.39338,1.05204,0.117241,0.383834,-0.0918992,-0.464049,0.650618,1.01578,2.39338
240,rec2018-05-02_17h33m50.393s.wav,0,2018-05-02#1,tilt,0.9,1.608,0.254409,0.443063,0.0382398,0.139708,0.0586201,0.0580518,-0.0518839,2.43789,2.57395,-0.133859,0.241635,0.220795,-1.34561,1.0008,1.43959,2.57395
241,rec2018-05-02_17h34m27.816s.wav,0,2018-05-02#1,identity,0,1.8,0.187261,0.357608,0.0363083,0.110128,0.0485458,0.0688769,0.570723,0.119893,-0.483739,-0.350182,-0.776988,-0.545556,-0.70252,0.507086,0.546627,0.776988
241,rec2018-05-02_17h34m27.816s.wav,0,2018-05-02#1,gain,0.5,1.8,0.0936304,0.357608,0.0363083,0.110147,0.0485711,0.0688769,0.570723,-3.1123,-0.483739,-0.350182,-0.776329,-0.543626,-0.70252,0.934203,1.29618,3.1123
241,rec2018-05-02_17h34m27.816s.wav,0,2018-05-02#1,gain,0.707107,1.8,0.132413,0.357608,0.0363083,0.110135,0.0485557,0.0688769,0.570723,-1.77348,-0.483739,-0.350182,-0.776726,-0.544797,-0.70252,0.743167,0.86365,1.77348
241,rec2018-05-02_17h34m27.816s.wav,0,2018-05-02#1,gain,1.41421,1.8,0.264827,0.357608,0.0363083,0.11012,0.048536,0.0688769,0.570723,2.79753,-0.483739,-0.350182,-0.777249,-0.546301,-0.70252,0.889749,1.18952,2.79753
241,rec2018-05-02_17h34m27.816s.wav,0,2018-05-02#1,gain,2,1.8,0.374522,0.357608,0.0363083,0.110118,0.0485324,0.0688769,0.570723,6.58428,-0.483739,-0.350182,-0.777318,-0.546576,-0.70252,1.43076,2.54759,6.58428
241,rec2018-05-02_17h34m27.816s.wav,0,2018-05-02#1,noise,30,1.8,0.188008,0.380306,0.0466654,0.163658,0.136843,0.0925331,0.570723,0.14567,0.328444,0.809809,1.06636,6.17121,0.702834,1.39929,2.415,6.17121
241,rec2018-05-02_17h34m27.816s.wav,0,2018-05-02#1,noise,20,1.8,0.190604,0.390689,0.0472537,0.196451,0.140042,0.0894721,0.570723,0.235295,0.699959,0.875705,2.19556,6.41454,0.520988,1.64468,2.61523,6.41454
241,rec2018-05-02_17h34m27.816s.wav,0,2018-05-02#1,noise,10,1.8,0.204773,0.416412,0.0432704,0.275488,0.134284,0.069603,0.570723,0.724418,1.62035,0.429571,4.91722,5.97651,-0.659384,2.12831,3.02355,5.97651
241,rec2018-05-02_17h34m27.816s.wav,0,2018-05-02#1,tilt,-0.5,1.8,0.187177,0.316787,0.0350936,0.0631935,0.0286169,0.0650658,0.570723,0.117012,-1.94435,-0.486233,-2.39317,-2.06154,-0.928932,1.21456,1.4734,2.39317
241,rec2018-05-02_17h34m27.816s.wav,0,2018-05-02#1,tilt,0.5,1.8,0.187338,0.423144,0.0341174,0.150033,0.071964,0.0433165,0.570723,0.122545,1.86125,-0.595572,0.59716,1.23587,-2.221,1.02916,1.25223,2.221
241,rec2018-05-02_17h34m27.816s.wav,0,2018-05-02#1,tilt,0.9,1.8,0.187298,0.463535,0.02958,0.130096,0.0764468,0.0335655,0.570723,0.121183,3.30646,-1.10376,-0.0893656,1.57687,-2.80028,1.36695,1.80584,3.30646
242,rec2018-05-02_17h35m57.328s.wav,0,2018-05-02#1,identity,0,1.8,0.222572,0.348554,0.039402,0.112167,0.0610847,0.0764365,0.570723,1.33886,-0.807681,-0.0036871,-0.706764,0.408281,-0.253428,0.584204,0.707216,1.33886
242,rec2018-05-02_17h35m57.328s.wav,0,2018-05-02#1,gain,0.5,1.8,0.111286,0.348554,0.039402,0.112199,0.0611887,0.0764365,0.570723,-2.50282,-0.807681,-0.0036871,-0.705643,0.41619,-0.253428,0.751452,1.06754,2.50282
242,rec2018-05-02_17h35m57.328s.wav,0,2018-05-02#1,gain,0.707107,1.8,0.157382,0.348554,0.039402,0.112179,0.0611278,0.0764365,0.570723,-0.911539,-0.807681,-0.0036871,-0.706338,0.411562,-0.253428,0.523565,0.602556,0.911539
242,rec2018-05-02_17h35m57.328s.wav,0,2018-05-02#1,gain,1.41421,1.8,0.314765,0.348554,0.039402,0.112155,0.0610422,0.0764365,0.570723,4.52142,-0.807681,-0.0036871,-0.707188,0.405044,-0.253428,1.03845,1.77883,4.52142
242,rec2018-05-02_17h35m57.328s.wav,0,2018-05-02#1,gain,2,1.8,0.445144,0.348554,0.039402,0.112143,0.0610001,0.0764365,0.570723,9.02222,-0.807681,-0.0036871,-0.707586,0.401845,-0.253428,1.68102,3.4456,9.02222
242,rec2018-05-02_17h35m57.328s.wav,0,2018-05-02#1,noise,30,1.8,0.223252,0.364659,0.0501571,0.152462,0.12901,0.0902913,0.570723,1.36233,-0.231434,1.20088,0.68082,5.57538,0.569654,1.45589,2.25358,5.57538
242,rec2018-05-02_17h35m57.328s.wav,0,2018-05-02#1,noise,20,1.8,0.225884,0.374167,0.0519582,0.184453,0.137435,0.0898051,0.570723,1.4532,0.108765,1.4026,1.78242,6.21627,0.540771,1.72496,2.57815,6.21627
242,rec2018-05-02_17h35m57.328s.wav,0,2018-05-02#1,noise,10,1.8,0.241061,0.401412,0.0467243,0.261495,0.131591,0.0621382,0.570723,1.9771,1.08363,0.816414,4.43538,5.77171,-1.10285,2.25111,2.93445,5.77171
242,rec2018-05-02_17h35m57.328s.wav,0,2018-05-02#1,tilt,-0.5,1.8,0.222031,0.306634,0.0363292,0.062598,0.0378161,0.0790495,0.570723,1.32018,-2.30765,-0.347844,-2.41368,-1.36176,-0.0981948,1.20286,1.4738,2.41368
242,rec2018-05-02_17h35m57.328s.wav,0,2018-05-02#1,tilt,0.5,1.8,0.223568,0.416881,0.0377471,0.162759,0.0747476,0.0394631,0.570723,1.37324,1.63715,-0.189044,1.0354,1.44761,-2.44992,1.2433,1.41912,2.44992
242,rec2018-05-02_17h35m57.328s.wav,0,2018-05-02#1,tilt,0.9,1.8,0.223816,0.460003,0.0301276,0.143157,0.061454,0.029515,0.570723,1.3818,3.1801,-1.04243,0.360386,0.436374,-3.04091,1.43039,1.81274,3.1801
243,rec2018-05-02_17h38m14.494s.wav,0,2018-05-02#1,identity,0,1.88,0.223146,0.344243,0.023086,0.0955708,0.0335766,0.0625099,0.830142,1.35869,-0.961962,-1.83109,-1.27825,-1.68426,-1.08077,1.28931,1.33375,1.83109
243,rec2018-05-02_17h38m14.494s.wav,0,2018-05-02#1,gain,0.5,1.88,0.111573,0.344243,0.023086,0.0955746,0.0335706,0.0625099,0.830142,-2.4929,-0.961962,-1.83109,-1.27812,-1.68471,-1.08077,1.45139,1.5502,2.4929
243,rec2018-05-02_17h38m14.494s.wav,0,2018-05-02#1,gain,0.707107,1.88,0.157788,0.344243,0.023086,0.0955727,0.0335736,0.0625099,0.830142,-0.897523,-0.961962,-1.83109,-1.27819,-1.68448,-1.08077,1.22345,1.27684,1.83109
243,rec2018-05-02_17h38m14.494s.wav,0,2018-05-02#1,gain,1.41421,1.88,0.315577,0.344243,0.023086,0.09557,0.033578,0.0625099,0.830142,4.54945,-0.961962,-1.83109,-1.27828,-1.68415,-1.08077,1.74512,2.11469,4.54945
243,rec2018-05-02_17h38m14.494s.wav,0,2018-05-02#1,gain,2,1.88,0.446293,0.344243,0.023086,0.0955694,0.0335791,0.0625099,0.830142,9.06187,-0.961962,-1.83109,-1.2783,-1.68407,-1.08077,2.38974,3.63953,9.06187
243,rec2018-05-02_17h38m14.494s.wav,0,2018-05-02#1,noise,30,1.88,0.223802,0.362141,0.0468943,0.144753,0.12133,0.0942096,0.830142,1.38132,-0.321545,0.835448,0.415343,4.9911,0.80243,1.36819,2.03982,4.9911
243,rec2018-05-02_17h38m14.494s.wav,0,2018-05-02#1,noise,20,1.88,0.226668,0.372852,0.0525185,0.178234,0.130172,0.0966524,0.830142,1.48026,0.061716,1.46536,1.56827,5.66375,0.947552,1.71672,2.40436,5.66375
243,rec2018-05-02_17h38m14.494s.wav,0,2018-05-02#1,noise,10,1.88,0.243217,0.40189,0.0485532,0.258413,0.123572,0.069741,0.830142,2.05154,1.10075,1.02125,4.32926,5.16171,-0.651191,2.16369,2.75064,5.16171
243,rec2018-05-02_17h38m14.494s.wav,0,2018-05-02#1,tilt,-0.5,1.88,0.222571,0.306667,0.0217549,0.0524385,0.0196766,0.0387758,0.830142,1.33881,-2.30647,-1.98017,-2.76352,-2.74163,-2.49075,2.0645,2.17387,2.76352
243,rec2018-05-02_17h38m14.494s.wav,0,2018-05-02#1,tilt,0.5,1.88,0.22436,0.407218,0.0225798,0.143735,0.0474465,0.0423748,0.830142,1.40057,1.29137,-1.88779,0.38028,-0.629178,-2.27694,1.24233,1.39423,2.27694
243,rec2018-05-02_17h38m14.494s.wav,0,2018-05-02#1,tilt,0.9,1.88,0.224807,0.445631,0.0211448,0.127339,0.0429921,0.0343572,0.830142,1.41601,2.66584,-2.0485,-0.184301,-0.968026,-2.75325,1.5523,1.79478,2.75325
244,rec2018-05-02_17h38m56.671s.wav,0,2018-05-02#1,identity,0,1.4,0.170289,0.376976,0.0362754,0.105739,0.0463252,0.0817267,-0.726375,-0.465992,0.2093,-0.353874,-0.928092,-0.714477,0.0608514,0.494137,0.571881,0.928092
244,rec2018-05-02_17h38m56.671s.wav,0,2018-05-02#1,gain,0.5,1.4,0.0851445,0.376976,0.0362754,0.105771,0.0463441,0.0817267,-0.726375,-3.40524,0.2093,-0.353874,-0.927005,-0.713038,0.0608514,0.91367,1.39713,3.40524
244,rec2018-05-02_17h38m56.671s.wav,0,2018-05-02#1,gain,0.707107,1.4,0.120412,0.376976,0.0362754,0.105752,0.0463323,0.0817267,-0.726375,-2.18777,0.2093,-0.353874,-0.927644,-0.713934,0.0608514,0.739963,0.989726,2.18777
244,rec2018-05-02_17h38m56.671s.wav,0,2018-05-02#1,gain,1.41421,1.4,0.240825,0.376976,0.0362754,0.105735,0.0463217,0.0817267,-0.726375,1.96896,0.2093,-0.353874,-0.928247,-0.714744,0.0608514,0.708908,0.92193,1.96896
244,rec2018-05-02_17h38m56.671s.wav,0,2018-05-02#1,gain,2,1.4,0.340578,0.376976,0.0362754,0.105733,0.0463199,0.0817267,-0.726375,5.41251,0.2093,-0.353874,-0.928326,-0.714878,0.0608514,1.20087,2.11689,5.41251
244,rec2018-05-02_17h38m56.671s.wav,0,2018-05-02#1,noise,30,1.4,0.171132,0.401083,0.0518759,0.176481,0.155154,0.0850043,-0.726375,-0.436898,1.07188,1.39339,1.50789,7.56415,0.255565,1.85088,3.00866,7.56415
244,rec2018-05-02_17h38m56.671s.wav,0,2018-05-02#1,noise,20,1.4,0.173964,0.409101,0.051705,0.207794,0.153238,0.0790494,-0.726375,-0.339138,1.35875,1.37425,2.58618,7.41836,-0.0982014,1.98589,3.0731,7.41836
244,rec2018-05-02_17h38m56.671s.wav,0,2018-05-02#1,noise,10,1.4,0.188192,0.430124,0.0442264,0.283748,0.140118,0.0593667,-0.726375,0.152023,2.111,0.53664,5.20167,6.42037,-1.2675,2.34508,3.2772,6.42037
244,rec2018-05-02_17h38m56.671s.wav,0,2018-05-02#1,tilt,-0.5,1.4,0.169725,0.334269,0.032427,0.0641697,0.0299309,0.0857061,-0.726375,-0.485476,-1.31883,-0.784897,-2.35955,-1.96159,0.297256,1.13343,1.34283,2.35955
244,rec2018-05-02_17h38m56.671s.wav,0,2018-05-02#1,tilt,0.5,1.4,0.171087,0.440595,0.0373798,0.128201,0.0562195,0.0484902,-0.726375,-0.438427,2.48566,-0.230177,-0.154616,0.0381815,-1.91365,0.855297,1.23281,2.48566
244,rec2018-05-02_17h38m56.671s.wav,0,2018-05-02#1,tilt,0.9,1.4,0.171312,0.47685,0.0360831,0.102105,0.0482444,0.0364223,-0.726375,-0.430671,3.78292,-0.375413,-1.05325,-0.56848,-2.63057,1.36681,1.83291,3.78292
245,rec2018-05-02_17h40m15.391s.wav,0,2018-05-02#1,identity,0,1.56,0.189425,0.333985,0.0544954,0.117777,0.106693,0.0927863,-0.207536,0.194601,-1.329,1.68677,-0.513581,3.8777,0.717872,1.21815,1.71164,3.8777
245,rec2018-05-02_17h40m15.391s.wav,0,2018-05-02#1,gain,0.5,1.56,0.0947125,0.333985,0.0544954,0.119399,0.11552,0.0927863,-0.207536,-3.07495,-1.329,1.68677,-0.457738,4.54914,0.717872,1.71757,2.25291,4.54914
245,rec2018-05-02_17h40m15.391s.wav,0,2018-05-02#1,gain,0.707107,1.56,0.133944,0.333985,0.0544954,0.118694,0.111476,0.0927863,-0.207536,-1.72066,-1.329,1.68677,-0.482009,4.24156,0.717872,1.48363,1.94031,4.24156
245,rec2018-05-02_17h40m15.391s.wav,0,2018-05-02#1,gain,1.41421,1.56,0.267887,0.333985,0.0544954,0.116845,0.103056,0.0927863,-0.207536,2.90318,-1.329,1.68677,-0.545675,3.60102,0.717872,1.57015,1.95899,3.60102
245,rec2018-05-02_17h40m15.391s.wav,0,2018-05-02#1,gain,2,1.56,0.37885,0.333985,0.0544954,0.1161,0.101237,0.0927863,-0.207536,6.7337,-1.329,1.68677,-0.571331,3.46264,0.717872,2.10126,2.99592,6.7337
245,rec2018-05-02_17h40m15.391s.wav,0,2018-05-02#1,noise,30,1.56,0.189902,0.361117,0.0475892,0.156316,0.119088,0.10145,-0.207536,0.211079,-0.358182,0.913279,0.813515,4.82055,1.23255,1.22239,1.94454,4.82055
245,rec2018-05-02_17h40m15.391s.wav,0,2018-05-02#1,noise,20,1.56,0.191932,0.371502,0.0535078,0.184679,0.130922,0.105366,-0.207536,0.281153,0.0134181,1.57617,1.7902,5.72077,1.4652,1.57921,2.41085,5.72077
245,rec2018-05-02_17h40m15.391s.wav,0,2018-05-02#1,noise,10,1.56,0.204447,0.400797,0.0492376,0.266463,0.118536,0.0749535,-0.207536,0.713162,1.06164,1.0979,4.60645,4.77856,-0.341528,1.82954,2.5927,4.77856
245,rec2018-05-02_17h40m15.391s.wav,0,2018-05-02#1,tilt,-0.5,1.56,0.188915,0.297772,0.0515548,0.070271,0.103756,0.0643589,-0.207536,0.177002,-2.62474,1.35743,-2.14945,3.65427,-0.970923,1.59162,1.99008,3.65427
245,rec2018-05-02_17h40m15.391s.wav,0,2018-05-02#1,tilt,0.5,1.56,0.190496,0.395475,0.0545755,0.172321,0.119786,0.0905901,-0.207536,0.231555,0.871188,1.69574,1.36464,4.87369,0.587403,1.40454,2.05952,4.87369
245,rec2018-05-02_17h40m15.391s.wav,0,2018-05-02#1,tilt,0.9,1.56,0.190909,0.436441,0.0522522,0.165031,0.13582,0.0911044,-0.207536,0.245837,2.33701,1.43553,1.11363,6.09341,0.617957,1.72156,2.57398,6.09341
246,rec2018-05-02_17h40m35.031s.wav,0,2018-05-02#1,identity,0,2.152,0.164699,0.359722,0.0362417,0.0728774,0.0468123,0.0791019,1.71217,-0.658956,-0.40808,-0.357645,-2.0597,-0.677423,-0.0950783,0.852722,1.09352,2.0597
246,rec2018-05-02_17h40m35.031s.wav,0,2018-05-02#1,gain,0.5,2.152,0.0823496,0.359722,0.0362417,0.0729058,0.0469499,0.0791019,1.71217,-3.50173,-0.40808,-0.357645,-2.05872,-0.66695,-0.0950783,1.2572,1.69791,3.50173
246,rec2018-05-02_17h40m35.031s.wav,0,2018-05-02#1,gain,0.707107,2.152,0.11646,0.359722,0.0362417,0.072888,0.0468658,0.0791019,1.71217,-2.32421,-0.40808,-0.357645,-2.05934,-0.673347,-0.0950783,1.08998,1.38002,2.32421
246,rec2018-05-02_17h40m35.031s.wav,0,2018-05-02#1,gain,1.41421,2.152,0.23292,0.359722,0.0362417,0.0728774,0.0468123,0.0791019,1.71217,1.69607,-0.40808,-0.357645,-2.0597,-0.677422,-0.0950783,1.00088,1.24286,2.0597
246,rec2018-05-02_17h40m35.031s.wav,0,2018-05-02#1,gain,2,2.152,0.329398,0.359722,0.0362417,0.0728774,0.0468123,0.0791019,1.71217,5.02658,-0.40808,-0.357645,-2.0597,-0.677423,-0.0950783,1.47667,2.1779,5.02658
246,rec2018-05-02_17h40m35.031s.wav,0,2018-05-02#1,noise,30,2.152,0.165317,0.38122,0.0468299,0.131058,0.149202,0.0991517,1.71217,-0.637634,0.361131,0.828232,-0.0562486,7.11139,1.09602,1.68612,2.82668,7.11139
246,rec2018-05-02_17h40m35.031s.wav,0,2018-05-02#1,noise,20,2.152,0.16753,0.391271,0.0473746,0.161263,0.149842,0.0942879,1.71217,-0.561245,0.720781,0.889241,0.983867,7.16007,0.807081,1.83349,2.86463,7.16007
246,rec2018-05-02_17h40m35.031s.wav,0,2018-05-02#1,noise,10,2.152,0.179631,0.418141,0.0425356,0.243049,0.139634,0.0635837,1.71217,-0.143496,1.68223,0.347275,3.80018,6.38352,-1.01698,2.15512,2.97915,6.38352
246,rec2018-05-02_17h40m35.031s.wav,0,2018-05-02#1,tilt,-0.5,2.152,0.164416,0.325341,0.0342785,0.0418578,0.0316633,0.0546086,1.71217,-0.668722,-1.63828,-0.577527,-3.12787,-1.8298,-1.55016,1.58636,1.77003,3.12787
246,rec2018-05-02_17h40m35.031s.wav,0,2018-05-02#1,tilt,0.5,2.152,0.164992,0.413798,0.0343701,0.100114,0.0522699,0.0512774,1.71217,-0.648836,1.52681,-0.567265,-1.12181,-0.262258,-1.74806,1.08389,1.21822,1.74806
246,rec2018-05-02_17h40m35.031s.wav,0,2018-05-02#1,tilt,0.9,2.152,0.164877,0.444164,0.0294843,0.0862682,0.0433302,0.0325911,1.71217,-0.652821,2.61335,-1.11448,-1.59859,-0.942303,-2.85817,1.6417,1.8143,2.85817
247,rec2018-05-02_17h41m00.892s.wav,0,2018-05-02#1,identity,0,1.976,0.202193,0.345999,0.0306498,0.0886731,0.0416869,0.0700007,1.14145,0.635374,-0.899123,-0.983944,-1.51578,-1.06731,-0.635761,0.982676,1.02289,1.51578
247,rec2018-05-02_17h41m00.892s.wav,0,2018-05-02#1,gain,0.5,1.976,0.101097,0.345999,0.0306498,0.0886812,0.0416986,0.0700007,1.14145,-2.85456,-0.899123,-0.983944,-1.51549,-1.06642,-0.635761,1.29954,1.46707,2.85456
247,rec2018-05-02_17h41m00.892s.wav,0,2018-05-02#1,gain,0.707107,1.976,0.142972,0.345999,0.0306498,0.0886756,0.0416908,0.0700007,1.14145,-1.40898,-0.899123,-0.983944,-1.51569,-1.06701,-0.635761,1.09314,1.12788,1.51569
247,rec2018-05-02_17h41m00.892s.wav,0,2018-05-02#1,gain,1.41421,1.976,0.285945,0.345999,0.0306498,0.0886731,0.0416869,0.0700007,1.14145,3.52653,-0.899123,-0.983944,-1.51577,-1.06731,-0.635761,1.3957,1.66291,3.52653
247,rec2018-05-02_17h41m00.892s.wav,0,2018-05-02#1,gain,2,1.976,0.404387,0.345999,0.0306498,0.0886731,0.0416869,0.0700007,1.14145,7.61524,-0.899123,-0.983944,-1.51577,-1.06731,-0.635761,1.9798,3.04519,7.61524
247,rec2018-05-02_17h41m00.892s.wav,0,2018-05-02#1,noise,30,1.976,0.202916,0.365549,0.0542209,0.152956,0.145632,0.106723,1.14145,0.660323,-0.199579,1.65603,0.697807,6.83981,1.54581,1.82011,2.7821,6.83981
247,rec2018-05-02_17h41m00.892s.wav,0,2018-05-02#1,noise,20,1.976,0.205862,0.376474,0.0575775,0.186429,0.15226,0.105847,1.14145,0.762018,0.191325,2.03197,1.85046,7.34395,1.49376,2.11642,3.06217,7.34395
247,rec2018-05-02_17h41m00.892s.wav,0,2018-05-02#1,noise,10,1.976,0.221896,0.404988,0.0523552,0.268775,0.138874,0.0770156,1.14145,1.31552,1.2116,1.44707,4.68606,6.32567,-0.21902,2.3352,3.13088,6.32567
247,rec2018-05-02_17h41m00.892s.wav,0,2018-05-02#1,tilt,-0.5,1.976,0.201399,0.310018,0.029367,0.0500445,0.028124,0.0527037,1.14145,0.607955,-2.18656,-1.12761,-2.84596,-2.09904,-1.66333,1.66741,1.81254,2.84596
247,rec2018-05-02_17h41m00.892s.wav,0,2018-05-02#1,tilt,0.5,1.976,0.203988,0.406154,0.030534,0.12836,0.0522854,0.0569893,1.14145,0.69732,1.25331,-0.996915,-0.149154,-0.261082,-1.40873,0.843994,0.958325,1.40873
247,rec2018-05-02_17h41m00.892s.wav,0,2018-05-02#1,tilt,0.9,1.976,0.20478,0.443507,0.0318774,0.113144,0.0495549,0.0478804,1.14145,0.724659,2.58987,-0.84645,-0.673119,-0.468793,-1.94987,1.19917,1.40035,2.58987
248,rec2018-05-02_17h42m58.720s.wav,0,2018-05-02#1,identity,0,1.688,0.127819,0.355293,0.0492937,0.0741231,0.0405803,0.0924026,0.207536,-1.93208,-0.566567,1.10418,-2.0168,-1.15148,0.695077,1.09625,1.2645,2.0168
248,rec2018-05-02_17h42m58.720s.wav,0,2018-05-02#1,gain,0.5,1.688,0.0639096,0.355293,0.0492937,0.0741272,0.0405801,0.0924026,0.207536,-4.13829,-0.566567,1.10418,-2.01667,-1.15151,0.695077,1.4114,1.87406,4.13829
248,rec2018-05-02_17h42m58.720s.wav,0,2018-05-02#1,gain,0.707107,1.688,0.0903818,0.355293,0.0492937,0.0741247,0.0405801,0.0924026,0.207536,-3.22445,-0.566567,1.10418,-2.01675,-1.1515,0.695077,1.28087,1.59717,3.22445
248,rec2018-05-02_17h42m58.720s.wav,0,2018-05-02#1,gain,1.41421,1.688,0.180764,0.355293,0.0492937,0.0741231,0.0405803,0.0924026,0.207536,-0.104399,-0.566567,1.10418,-2.0168,-1.15148,0.695077,0.83515,1.03308,2.0168
248,rec2018-05-02_17h42m58.720s.wav,0,2018-05-02#1,gain,2,1.688,0.255638,0.355293,0.0492937,0.0741231,0.0405803,0.0924026,0.207536,2.48033,-0.566567,1.10418,-2.0168,-1.15148,0.695077,1.17457,1.39447,2.48033
248,rec2018-05-02_17h42m58.720s.wav,0,2018-05-02#1,noise,30,1.688,0.128154,0.381466,0.032535,0.133855,0.11638,0.078598,0.207536,-1.92054,0.369943,-0.772801,0.0400755,4.61456,-0.125018,1.15007,1.91896,4.61456
248,rec2018-05-02_17h42m58.720s.wav,0,2018-05-02#1,noise,20,1.688,0.129925,0.396323,0.0392551,0.184218,0.139513,0.0769348,0.207536,-1.85938,0.901544,-0.0201461,1.77434,6.37435,-0.22382,1.62302,2.62255,6.37435
248,rec2018-05-02_17h42m58.720s.wav,0,2018-05-02#1,noise,10,1.688,0.140608,0.424876,0.0397781,0.27875,0.135942,0.0623054,0.207536,-1.49061,1.92322,0.0384318,5.02955,6.10265,-1.09292,2.26927,3.15546,6.10265
248,rec2018-05-02_17h42m58.720s.wav,0,2018-05-02#1,tilt,-0.5,1.688,0.127007,0.319943,0.0447691,0.0423747,0.0254584,0.0648007,0.207536,-1.96013,-1.83142,0.597422,-3.11006,-2.30181,-0.944678,1.56472,1.83067,3.11006
248,rec2018-05-02_17h42m58.720s.wav,0,2018-05-02#1,tilt,0.5,1.688,0.129507,0.411525,0.0501773,0.102163,0.0477614,0.0872185,0.207536,-1.87381,1.4455,1.20315,-1.05125,-0.605226,0.387108,0.967653,1.11564,1.87381
248,rec2018-05-02_17h42m58.720s.wav,0,2018-05-02#1,tilt,0.9,1.688,0.130168,0.444281,0.0432388,0.0894279,0.0435042,0.0745514,0.207536,-1.85098,2.61753,0.426031,-1.48978,-0.929069,-0.365417,1.12662,1.39991,2.61753
249,rec2018-05-02_17h42m58.720s.wav,1,2018-05-02#1,identity,0,1.288,0.0815621,0.38357,0.0421307,0.0787584,0.0974413,0.105084,-1.08956,-3.52891,0.445208,0.301928,-1.85719,3.17392,1.44848,1.69217,2.05464,3.52891
249,rec2018-05-02_17h42m58.720s.wav,1,2018-05-02#1,gain,0.5,1.288,0.040781,0.38357,0.0421307,0.0788804,0.0976691,0.105084,-1.08956,-4.9367,0.445208,0.301928,-1.85299,3.19125,1.44848,1.89516,2.43672,4.9367
249,rec2018-05-02_17h42m58.720s.wav,1,2018-05-02#1,gain,0.707107,1.288,0.0576731,0.38357,0.0421307,0.0787988,0.0975149,0.105084,-1.08956,-4.35358,0.445208,0.301928,-1.8558,3.17952,1.44848,1.81058,2.27035,4.35358
249,rec2018-05-02_17h42m58.720s.wav,1,2018-05-02#1,gain,1.41421,1.288,0.115346,0.38357,0.0421307,0.0787404,0.0974146,0.105084,-1.08956,-2.36266,0.445208,0.301928,-1.85781,3.17189,1.44848,1.52536,1.79957,3.17189
249,rec2018-05-02_17h42m58.720s.wav,1,2018-05-02#1,gain,2,1.288,0.163124,0.38357,0.0421307,0.0787361,0.0974099,0.105084,-1.08956,-0.713324,0.445208,0.301928,-1.85796,3.17154,1.44848,1.28971,1.58538,3.17154
249,rec2018-05-02_17h42m58.720s.wav,1,2018-05-02#1,noise,30,1.288,0.0820269,0.401779,0.0546272,0.142317,0.201603,0.126306,-1.08956,-3.51286,1.09676,1.70154,0.331474,11.0975,2.7092,3.07698,4.60169,11.0975
249,rec2018-05-02_17h42m58.720s.wav,1,2018-05-02#1,noise,20,1.288,0.0834588,0.410774,0.0499014,0.164656,0.195503,0.103478,-1.08956,-3.46343,1.4186,1.17224,1.10072,10.6335,1.35305,2.89015,4.35368,10.6335
249,rec2018-05-02_17h42m58.720s.wav,1,2018-05-02#1,noise,10,1.288,0.090249,0.433771,0.0382256,0.235643,0.173762,0.0606978,-1.08956,-3.22903,2.24147,-0.135453,3.54514,8.97964,-1.18842,2.91553,3.98696,8.97964
249,rec2018-05-02_17h42m58.720s.wav,1,2018-05-02#1,tilt,-0.5,1.288,0.0814858,0.348018,0.0363155,0.0497131,0.0666596,0.0830696,-1.08956,-3.53154,-0.82688,-0.349379,-2.85737,0.832359,0.140632,1.37539,1.82608,3.53154
249,rec2018-05-02_17h42m58.720s.wav,1,2018-05-02#1,tilt,0.5,1.288,0.0814366,0.433289,0.0476857,0.0912108,0.103307,0.0819332,-1.08956,-3.53324,2.22423,0.924087,-1.42839,3.62015,0.0731168,1.84183,2.224,3.62015
249,rec2018-05-02_17h42m58.720s.wav,1,2018-05-02#1,tilt,0.9,1.288,0.0810012,0.458071,0.0485516,0.0730217,0.0807595,0.0727162,-1.08956,-3.54827,3.11096,1.02107,-2.05473,1.90494,-0.474441,1.88628,2.15717,3.54827
250,rec2018-05-02_17h42m58.720s.wav,2,2018-05-02#1,identity,0,1.112,0.0875311,0.388586,0.0499173,0.0793437,0.0903899,0.11522,-1.66028,-3.32286,0.624698,1.17402,-1.83703,2.63752,2.05058,1.901,2.07373,3.32286
250,rec2018-05-02_17h42m58.720s.wav,2,2018-05-02#1,gain,0.5,1.112,0.0437655,0.388586,0.0499173,0.0793924,0.0904849,0.11522,-1.66028,-4.83368,0.624698,1.17402,-1.83535,2.64475,2.05058,2.11762,2.4628,4.83368
250,rec2018-05-02_17h42m58.720s.wav,2,2018-05-02#1,gain,0.707107,1.112,0.0618938,0.388586,0.0499173,0.0793629,0.0904266,0.11522,-1.66028,-4.20787,0.624698,1.17402,-1.83637,2.64032,2.05058,2.02774,2.29221,4.20787
250,rec2018-05-02_17h42m58.720s.wav,2,2018-05-02#1,gain,1.41421,1.112,0.123788,0.388586,0.0499173,0.0793334,0.0903682,0.11522,-1.66028,-2.07125,0.624698,1.17402,-1.83739,2.63587,2.05058,1.72201,1.82615,2.63587
250,rec2018-05-02_17h42m58.720s.wav,2,2018-05-02#1,gain,2,1.112,0.175062,0.388586,0.0499173,0.0793231,0.0903467,0.11522,-1.66028,-0.301218,0.624698,1.17402,-1.83774,2.63424,2.05058,1.46897,1.65345,2.63424
250,rec2018-05-02_17h42m58.720s.wav,2,2018-05-02#1,noise,30,1.112,0.0881549,0.406133,0.0581845,0.166691,0.2244,0.139691,-1.66028,-3.30132,1.25255,2.09996,1.1708,12.8316,3.50436,3.6887,5.31757,12.8316
250,rec2018-05-02_17h42m58.720s.wav,2,2018-05-02#1,noise,20,1.112,0.090051,0.415569,0.0523912,0.188979,0.217539,0.113389,-1.66028,-3.23587,1.5902,1.4511,1.93827,12.3097,1.94182,3.44675,5.02733,12.3097
250,rec2018-05-02_17h42m58.720s.wav,2,2018-05-02#1,noise,10,1.112,0.0986118,0.438788,0.0397923,0.261314,0.191938,0.064001,-1.66028,-2.94034,2.42099,0.0400236,4.42916,10.3623,-0.992185,3.26361,4.55513,10.3623
250,rec2018-05-02_17h42m58.720s.wav,2,2018-05-02#1,tilt,-0.5,1.112,0.0875521,0.351509,0.0426196,0.0508111,0.0605262,0.0982871,-1.66028,-3.32213,-0.701945,0.356676,-2.81956,0.365795,1.04466,1.46729,1.83568,3.32213
250,rec2018-05-02_17h42m58.720s.wav,2,2018-05-02#1,tilt,0.5,1.112,0.0871634,0.439058,0.0557489,0.0906204,0.103018,0.0789083,-1.66028,-3.33555,2.43065,1.82717,-1.44872,3.59814,-0.106583,2.05816,2.33562,3.59814
250,rec2018-05-02_17h42m58.720s.wav,2,2018-05-02#1,tilt,0.9,1.112,0.0865945,0.46406,0.0561574,0.0721268,0.0830984,0.0694949,-1.66028,-3.35519,3.32525,1.87292,-2.08555,2.08286,-0.665811,2.1497,2.32102,3.35519
251,rec2018-05-03_09h32m11.296s.wav,0,2018-05-03#1,identity,0,1.672,0.195057,0.361902,0.0574902,0.126832,0.0533456,0.0939241,0.103768,0.389105,-0.323443,2.0215,-0.184368,-0.173203,0.784137,0.568504,0.847865,2.0215
251,rec2018-05-03_09h32m11.296s.wav,0,2018-05-03#1,gain,0.5,1.672,0.0975287,0.361902,0.0574902,0.126839,0.0533347,0.0939241,0.103768,-2.94869,-0.323443,2.0215,-0.184109,-0.174017,0.784137,0.934238,1.39262,2.94869
251,rec2018-05-03_09h32m11.296s.wav,0,2018-05-03#1,gain,0.707107,1.672,0.137926,0.361902,0.0574902,0.126835,0.0533411,0.0939241,0.103768,-1.56613,-0.323443,2.0215,-0.184268,-0.173537,0.784137,0.736683,1.02355,2.0215
251,rec2018-05-03_09h32m11.296s.wav,0,2018-05-03#1,gain,1.41421,1.672,0.275853,0.361902,0.0574902,0.126829,0.0533491,0.0939241,0.103768,3.15422,-0.323443,2.0215,-0.184449,-0.172939,0.784137,0.963495,1.45552,3.15422
251,rec2018-05-03_09h32m11.296s.wav,0,2018-05-03#1,gain,2,1.672,0.390115,0.361902,0.0574902,0.126827,0.0533527,0.0939241,0.103768,7.06469,-0.323443,2.0215,-0.184529,-0.172675,0.784137,1.52211,2.79772,7.06469
251,rec2018-05-03_09h32m11.296s.wav,0,2018-05-03#1,noise,30,1.672,0.195707,0.378293,0.0628944,0.205196,0.132198,0.101788,0.103768,0.411349,0.264063,2.62543,2.44577,5.69575,1.24918,1.8279,2.59468,5.69575
251,rec2018-05-03_09h32m11.296s.wav,0,2018-05-03#1,noise,20,1.672,0.198731,0.384787,0.0599977,0.24835,0.150234,0.0970734,0.103768,0.514835,0.496846,2.30172,3.89412,7.03814,0.970381,2.18855,3.19513,7.03814
251,rec2018-05-03_09h32m11.296s.wav,0,2018-05-03#1,noise,10,1.672,0.214617,0.406807,0.0517959,0.326839,0.131765,0.0722586,0.103768,1.05851,1.28616,1.38516,6.52842,5.66351,-0.497138,2.36038,3.37315,6.52842
251,rec2018-05-03_09h32m11.296s.wav,0,2018-05-03#1,tilt,-0.5,1.672,0.194637,0.322479,0.0535664,0.0759974,0.0381489,0.0856843,0.103768,0.37472,-1.73655,1.58302,-1.89051,-1.30428,0.296844,1.04138,1.25562,1.89051
251,rec2018-05-03_09h32m11.296s.wav,0,2018-05-03#1,tilt,0.5,1.672,0.19575,0.423382,0.0562008,0.169981,0.0719562,0.0754172,0.103768,0.412815,1.88028,1.87741,1.26384,1.21197,-0.310339,1.00863,1.21912,1.88028
251,rec2018-05-03_09h32m11.296s.wav,0,2018-05-03#1,tilt,0.9,1.672,0.195986,0.458846,0.0542841,0.142207,0.0610102,0.0700774,0.103768,0.420902,3.15146,1.66322,0.331671,0.39727,-0.626127,0.956346,1.39109,3.15146
252,rec2018-05-03_09h32m39.426s.wav,0,2018-05-03#1,identity,0,1.416,0.208102,0.337447,0.0248574,0.125482,0.0607141,0.0822809,-0.726375,0.835542,-1.20004,-1.62524,-0.229664,0.37523,0.0955688,0.726809,0.887206,1.62524
252,rec2018-05-03_09h32m39.426s.wav,0,2018-05-03#1,gain,0.5,1.416,0.104051,0.337447,0.0248574,0.125539,0.0607972,0.0822809,-0.726375,-2.72547,-1.20004,-1.62524,-0.227748,0.381414,0.0955688,0.997408,1.32254,2.72547
252,rec2018-05-03_09h32m39.426s.wav,0,2018-05-03#1,gain,0.707107,1.416,0.14715,0.337447,0.0248574,0.125506,0.0607461,0.0822809,-0.726375,-1.25045,-1.20004,-1.62524,-0.228847,0.377609,0.0955688,0.786305,0.954452,1.62524
252,rec2018-05-03_09h32m39.426s.wav,0,2018-05-03#1,gain,1.41421,1.416,0.294301,0.337447,0.0248574,0.125462,0.0606898,0.0822809,-0.726375,3.78558,-1.20004,-1.62524,-0.23033,0.373422,0.0955688,1.14808,1.65363,3.78558
252,rec2018-05-03_09h32m39.426s.wav,0,2018-05-03#1,gain,2,1.416,0.416204,0.337447,0.0248574,0.125446,0.0606708,0.0822809,-0.726375,7.95757,-1.20004,-1.62524,-0.230861,0.372005,0.0955688,1.74395,3.11982,7.95757
252,rec2018-05-03_09h32m39.426s.wav,0,2018-05-03#1,noise,30,1.416,0.209172,0.360147,0.0593499,0.194168,0.144735,0.114446,-0.726375,0.872172,-0.386372,2.22933,2.07563,6.62883,1.9978,2.13093,2.89453,6.62883
252,rec2018-05-03_09h32m39.426s.wav,0,2018-05-03#1,noise,20,1.416,0.212941,0.370609,0.0626348,0.23483,0.151492,0.110491,-0.726375,1.00115,-0.0113389,2.59642,3.44035,7.13177,1.76387,2.38161,3.25315,7.13177
252,rec2018-05-03_09h32m39.426s.wav,0,2018-05-03#1,noise,10,1.416,0.231431,0.396484,0.056697,0.31235,0.134003,0.0816924,-0.726375,1.63393,0.916118,1.93286,6.04215,5.83008,0.0607697,2.4489,3.34394,6.04215
252,rec2018-05-03_09h32m39.426s.wav,0,2018-05-03#1,tilt,-0.5,1.416,0.207713,0.299886,0.0211014,0.0693696,0.0363896,0.0572335,-0.726375,0.822224,-2.5464,-2.04498,-2.11296,-1.43523,-1.3857,1.58198,1.70354,2.5464
252,rec2018-05-03_09h32m39.426s.wav,0,2018-05-03#1,tilt,0.5,1.416,0.208941,0.400262,0.0310184,0.184535,0.0769762,0.0769788,-0.726375,0.86426,1.05156,-0.936747,1.75232,1.58561,-0.217991,1.01926,1.12695,1.75232
252,rec2018-05-03_09h32m39.426s.wav,0,2018-05-03#1,tilt,0.9,1.416,0.209265,0.438506,0.0349491,0.16094,0.064322,0.0757371,-0.726375,0.875341,2.42238,-0.497488,0.960418,0.643762,-0.291424,0.916741,1.1232,2.42238
253,rec2018-05-03_09h32m52.456s.wav,0,2018-05-03#1,identity,0,1.224,0.216358,0.334666,0.0321707,0.112117,0.0596641,0.0870906,-1.34898,1.11808,-1.29972,-0.807974,-0.67822,0.29708,0.380013,0.847152,0.933854,1.34898
253,rec2018-05-03_09h32m52.456s.wav,0,2018-05-03#1,gain,0.5,1.224,0.108179,0.334666,0.0321707,0.112118,0.0596636,0.0870906,-1.34898,-2.5842,-1.29972,-0.807974,-0.67821,0.29704,0.380013,1.05659,1.28355,2.5842
253,rec2018-05-03_09h32m52.456s.wav,0,2018-05-03#1,gain,0.707107,1.224,0.152988,0.334666,0.0321707,0.112117,0.0596641,0.0870906,-1.34898,-1.05067,-1.29972,-0.807974,-0.67822,0.29708,0.380013,0.837523,0.922605,1.34898
253,rec2018-05-03_09h32m52.456s.wav,0,2018-05-03#1,gain,1.41421,1.224,0.305976,0.334666,0.0321707,0.112117,0.0596641,0.0870906,-1.34898,4.18514,-1.29972,-0.807974,-0.67822,0.297081,0.380013,1.2853,1.78765,4.18514
253,rec2018-05-03_09h32m52.456s.wav,0,2018-05-03#1,gain,2,1.224,0.432715,0.334666,0.0321707,0.112117,0.0596641,0.0870906,-1.34898,8.52263,-1.29972,-0.807974,-0.67822,0.297079,0.380013,1.90495,3.32716,8.52263
253,rec2018-05-03_09h32m52.456s.wav,0,2018-05-03#1,noise,30,1.224,0.217155,0.353456,0.0559028,0.168437,0.120851,0.0980095,-1.34898,1.14537,-0.626184,1.84411,1.21201,4.85115,1.02574,1.72194,2.17056,4.85115
253,rec2018-05-03_09h32m52.456s.wav,0,2018-05-03#1,noise,20,1.224,0.22062,0.367178,0.0636333,0.223621,0.151701,0.10393,-1.34898,1.26395,-0.13434,2.70801,3.06417,7.14734,1.37586,2.43466,3.23232,7.14734
253,rec2018-05-03_09h32m52.456s.wav,0,2018-05-03#1,noise,10,1.224,0.239407,0.395157,0.0592212,0.306102,0.148246,0.076152,-1.34898,1.9069,0.868562,2.21494,5.83245,6.89016,-0.266887,2.76127,3.63867,6.89016
253,rec2018-05-03_09h32m52.456s.wav,0,2018-05-03#1,tilt,-0.5,1.224,0.215856,0.297508,0.0295487,0.0618582,0.0366432,0.0698325,-1.34898,1.10091,-2.63163,-1.10099,-2.36506,-1.41635,-0.640613,1.51494,1.65527,2.63163
253,rec2018-05-03_09h32m52.456s.wav,0,2018-05-03#1,tilt,0.5,1.224,0.217524,0.396998,0.0360083,0.168975,0.0743158,0.0913999,-1.34898,1.15798,0.934542,-0.379123,1.23009,1.3876,0.634856,1.01045,1.07034,1.3876
253,rec2018-05-03_09h32m52.456s.wav,0,2018-05-03#1,tilt,0.9,1.224,0.218008,0.434871,0.0384868,0.151399,0.0630911,0.0926269,-1.34898,1.17454,2.29209,-0.102151,0.640171,0.552153,0.707421,0.97393,1.17586,2.29209
254,rec2018-05-03_09h33m56.681s.wav,0,2018-05-03#1,identity,0,1.608,0.191881,0.369424,0.0408066,0.13975,0.0454611,0.0682028,-0.103768,0.280409,-0.053821,0.157087,0.249193,-0.760045,-0.736989,0.334473,0.430927,0.760045
254,rec2018-05-03_09h33m56.681s.wav,0,2018-05-03#1,gain,0.5,1.608,0.0959407,0.369424,0.0408066,0.139774,0.0454572,0.0682028,-0.103768,-3.00304,-0.053821,0.157087,0.250024,-0.760335,-0.736989,0.72358,1.20951,3.00304
254,rec2018-05-03_09h33m56.681s.wav,0,2018-05-03#1,gain,0.707107,1.608,0.135681,0.369424,0.0408066,0.13976,0.0454605,0.0682028,-0.103768,-1.64299,-0.053821,0.157087,0.249555,-0.760087,-0.736989,0.529185,0.748419,1.64299
254,rec2018-05-03_09h33m56.681s.wav,0,2018-05-03#1,gain,1.41421,1.608,0.271361,0.369424,0.0408066,0.139745,0.0454618,0.0682028,-0.103768,3.0005,-0.053821,0.157087,0.249051,-0.75999,-0.736989,0.72303,1.20855,3.0005
254,rec2018-05-03_09h33m56.681s.wav,0,2018-05-03#1,gain,2,1.608,0.383763,0.369424,0.0408066,0.139745,0.0454618,0.0682028,-0.103768,6.8473,-0.053821,0.157087,0.249051,-0.75999,-0.736989,1.27257,2.62152,6.8473
254,rec2018-05-03_09h33m56.681s.wav,0,2018-05-03#1,noise,30,1.608,0.192445,0.38276,0.0525877,0.204712,0.123378,0.0761954,-0.103768,0.299686,0.42419,1.47365,2.42951,5.03924,-0.264317,1.43348,2.198,5.03924
254,rec2018-05-03_09h33m56.681s.wav,0,2018-05-03#1,noise,20,1.608,0.194969,0.390468,0.0533873,0.247197,0.133058,0.0733248,-0.103768,0.386081,0.700497,1.563,3.85542,5.75974,-0.434082,1.82894,2.70768,5.75974
254,rec2018-05-03_09h33m56.681s.wav,0,2018-05-03#1,noise,10,1.608,0.209829,0.411996,0.0471125,0.32855,0.120615,0.0586544,-0.103768,0.894651,1.47215,0.861779,6.58585,4.83359,-1.30167,2.29335,3.21053,6.58585
254,rec2018-05-03_09h33m56.681s.wav,0,2018-05-03#1,tilt,-0.5,1.608,0.191399,0.325127,0.0365388,0.0818614,0.0303345,0.0750741,-0.103768,0.263884,-1.64163,-0.319841,-1.6937,-1.88591,-0.330632,0.891337,1.15957,1.88591
254,rec2018-05-03_09h33m56.681s.wav,0,2018-05-03#1,tilt,0.5,1.608,0.192757,0.436406,0.0416589,0.185552,0.0597104,0.0516497,-0.103768,0.31037,2.34711,0.252343,1.78645,0.300527,-1.71592,0.973785,1.30416,2.34711
254,rec2018-05-03_09h33m56.681s.wav,0,2018-05-03#1,tilt,0.9,1.608,0.193089,0.47309,0.0403965,0.153558,0.0502057,0.0453875,-0.103768,0.321744,3.66203,0.111258,0.712632,-0.406906,-2.08626,1.0578,1.62845,3.66203
255,rec2018-05-03_11h21m20.915s.wav,0,2018-05-03#2,identity,0,1.736,0.227111,0.346589,0.0379824,0.112462,0.0724808,0.082767,0.551856,1.91966,-1.12217,-0.082921,-0.943775,1.17345,0.166242,0.851439,1.03862,1.91966
255,rec2018-05-03_11h21m20.915s.wav,0,2018-05-03#2,gain,0.5,1.736,0.113555,0.346589,0.0379824,0.112488,0.0725744,0.082767,0.551856,-2.49159,-1.12217,-0.082921,-0.942833,1.18047,0.166242,0.934012,1.20052,2.49159
255,rec2018-05-03_11h21m20.915s.wav,0,2018-05-03#2,gain,0.707107,1.736,0.160592,0.346589,0.0379824,0.112469,0.0725098,0.082767,0.551856,-0.664394,-1.12217,-0.082921,-0.94352,1.17562,0.166242,0.672389,0.784862,1.17562
255,rec2018-05-03_11h21m20.915s.wav,0,2018-05-03#2,gain,1.41421,1.736,0.321183,0.346589,0.0379824,0.112462,0.0724811,0.082767,0.551856,5.57406,-1.12217,-0.082921,-0.943779,1.17347,0.166242,1.3735,2.23403,5.57406
255,rec2018-05-03_11h21m20.915s.wav,0,2018-05-03#2,gain,2,1.736,0.454222,0.346589,0.0379824,0.112462,0.0724812,0.082767,0.551856,10.7422,-1.12217,-0.082921,-0.943784,1.17348,0.166242,2.1118,4.12761,10.7422
255,rec2018-05-03_11h21m20.915s.wav,0,2018-05-03#2,noise,30,1.736,0.227482,0.359511,0.0458337,0.14886,0.118567,0.0842001,0.551856,1.93408,-0.613616,0.751885,0.384717,4.63158,0.248329,1.30229,1.95113,4.63158
255,rec2018-05-03_11h21m20.915s.wav,0,2018-05-03#2,noise,20,1.736,0.229753,0.370482,0.0507977,0.189466,0.135412,0.0843427,0.551856,2.02231,-0.181832,1.2797,1.86677,5.89555,0.256498,1.72207,2.51774,5.89555
255,rec2018-05-03_11h21m20.915s.wav,0,2018-05-03#2,noise,10,1.736,0.244834,0.398811,0.0484452,0.27305,0.13323,0.0612035,0.551856,2.60817,0.933138,1.02956,4.91752,5.73182,-1.06892,2.40585,3.09876,5.73182
255,rec2018-05-03_11h21m20.915s.wav,0,2018-05-03#2,tilt,-0.5,1.736,0.22658,0.303654,0.0317677,0.062772,0.0482957,0.0625714,0.551856,1.89905,-2.81197,-0.743704,-2.75742,-0.641285,-0.990568,1.48512,1.74712,2.81197
255,rec2018-05-03_11h21m20.915s.wav,0,2018-05-03#2,tilt,0.5,1.736,0.228255,0.416233,0.043533,0.168081,0.0803098,0.0633647,0.551856,1.9641,1.61882,0.50726,1.08624,1.7609,-0.945126,1.2049,1.32094,1.9641
255,rec2018-05-03_11h21m20.915s.wav,0,2018-05-03#2,tilt,0.9,1.736,0.228661,0.459047,0.0434787,0.150688,0.0660164,0.0548671,0.551856,1.97989,3.30382,0.501484,0.451428,0.688391,-1.43187,1.27268,1.60886,3.30382
256,rec2018-05-03_11h22m05.830s.wav,0,2018-05-03#2,identity,0,0.504,0.272789,0.322659,0.0639898,0.074935,0.0471241,0.110239,-4.16958,3.69409,-2.06398,2.68237,-2.31349,-0.729196,1.73983,2.48465,2.70971,4.16958
256,rec2018-05-03_11h22m05.830s.wav,0,2018-05-03#2,gain,0.5,0.504,0.136394,0.322659,0.0639898,0.074935,0.0471241,0.110239,-4.16958,-1.60438,-2.06398,2.68237,-2.31349,-0.729196,1.73983,2.18612,2.40016,4.16958
256,rec2018-05-03_11h22m05.830s.wav,0,2018-05-03#2,gain,0.707107,0.504,0.192891,0.322659,0.0639898,0.074935,0.0471241,0.110239,-4.16958,0.590319,-2.06398,2.68237,-2.31349,-0.729198,1.73983,2.04125,2.33299,4.16958
256,rec2018-05-03_11h22m05.830s.wav,0,2018-05-03#2,gain,1.41421,0.504,0.385781,0.322659,0.0639898,0.074935,0.0471241,0.110239,-4.16958,8.08349,-2.06398,2.68237,-2.31349,-0.729198,1.73983,3.1117,3.83767,8.08349
256,rec2018-05-03_11h22m05.830s.wav,0,2018-05-03#2,gain,2,0.504,0.545577,0.322659,0.0639898,0.074935,0.0471241,0.110239,-4.16958,14.291,-2.06398,2.68237,-2.31349,-0.729197,1.73983,3.9985,5.87956,14.291
256,rec2018-05-03_11h22m05.830s.wav,0,2018-05-03#2,noise,30,0.504,0.273008,0.327596,0.0647858,0.0936769,0.054588,0.109953,-4.16958,3.70263,-1.86969,2.76699,-1.62943,-0.169145,1.72347,2.29013,2.61591,4.16958
256,rec2018-05-03_11h22m05.830s.wav,0,2018-05-03#2,noise,20,0.504,0.275213,0.345313,0.0663774,0.137342,0.08282,0.10301,-4.16958,3.78825,-1.17239,2.93623,-0.0356816,1.94925,1.32574,2.19673,2.59919,4.16958
256,rec2018-05-03_11h22m05.830s.wav,0,2018-05-03#2,noise,10,0.504,0.295077,0.392498,0.0632063,0.250675,0.14553,0.0660028,-4.16958,4.55991,0.684668,2.59905,4.10083,6.65472,-0.794014,3.36611,3.91215,6.65472
256,rec2018-05-03_11h22m05.830s.wav,0,2018-05-03#2,tilt,-0.5,0.504,0.267695,0.283022,0.0584202,0.0417711,0.0285301,0.0919486,-4.16958,3.4962,-3.62398,2.09017,-3.52394,-2.1244,0.692163,2.8172,3.036,4.16958
256,rec2018-05-03_11h22m05.830s.wav,0,2018-05-03#2,tilt,0.5,0.504,0.290289,0.391493,0.0638694,0.118944,0.0655161,0.0797735,-4.16958,4.37393,0.645111,2.66956,-0.707217,0.650852,-0.00522878,1.88878,2.53499,4.37393
256,rec2018-05-03_11h22m05.830s.wav,0,2018-05-03#2,tilt,0.9,0.504,0.302706,0.439666,0.0516764,0.120493,0.0643775,0.0443712,-4.16958,4.8563,2.54106,1.37312,-0.65065,0.565413,-2.03308,2.31274,2.78229,4.8563
257,rec2018-05-03_11h22m05.830s.wav,1,2018-05-03#2,identity,0,0.584,0.443789,0.258141,0.0124092,0.0250716,0.0114988,0.0343149,-3.86299,10.3369,-4.60322,-2.80202,-4.13345,-3.40236,-2.6091,4.53572,5.15869,10.3369
257,rec2018-05-03_11h22m05.830s.wav,1,2018-05-03#2,gain,0.5,0.584,0.221895,0.258141,0.0124092,0.0250716,0.0114988,0.0343149,-3.86299,1.71703,-4.60322,-2.80202,-4.13345,-3.40236,-2.6091,3.30431,3.43055,4.60322
257,rec2018-05-03_11h22m05.830s.wav,1,2018-05-03#2,gain,0.707107,0.584,0.313807,0.258141,0.0124092,0.0250716,0.0114988,0.0343149,-3.86299,5.28751,-4.60322,-2.80202,-4.13345,-3.40236,-2.6091,3.81438,3.91682,5.28751
257,rec2018-05-03_11h22m05.830s.wav,1,2018-05-03#2,gain,1.41421,0.584,0.627613,0.258141,0.0124092,0.0250716,0.0114988,0.0343149,-3.86299,17.4779,-4.60322,-2.80202,-4.13345,-3.40236,-2.6091,5.55586,7.41531,17.4779
257,rec2018-05-03_11h22m05.830s.wav,1,2018-05-03#2,gain,2,0.584,0.887579,0.258141,0.0124092,0.0250716,0.0114988,0.0343149,-3.86299,27.5767,-4.60322,-2.80202,-4.13345,-3.40236,-2.6091,6.99855,10.9538,27.5767
257,rec2018-05-03_11h22m05.830s.wav,1,2018-05-03#2,noise,30,0.584,0.444028,0.263358,0.0109019,0.0295499,0.0120331,0.0307626,-3.86299,10.3462,-4.3979,-2.96229,-3.97,-3.36226,-2.81258,4.5306,5.1417,10.3462
257,rec2018-05-03_11h22m05.830s.wav,1,2018-05-03#2,noise,20,0.584,0.4461,0.286754,0.00945198,0.0435417,0.0134713,0.0291102,-3.86299,10.4267,-3.47711,-3.11646,-3.45931,-3.25435,-2.90723,4.35773,5.02068,10.4267
257,rec2018-05-03_11h22m05.830s.wav,1,2018-05-03#2,noise,10,0.584,0.466163,0.360714,0.0170557,0.112162,0.021994,0.0349558,-3.86299,11.206,-0.566256,-2.30798,-0.954726,-2.61484,-2.57239,3.44075,4.78855,11.206
257,rec2018-05-03_11h22m05.830s.wav,1,2018-05-03#2,tilt,-0.5,0.584,0.443853,0.224963,0.00926943,0.0120116,0.00552996,0.0310202,-3.86299,10.3394,-5.90901,-3.13587,-4.61013,-3.85023,-2.79782,4.92935,5.48349,10.3394
257,rec2018-05-03_11h22m05.830s.wav,1,2018-05-03#2,tilt,0.5,0.584,0.443502,0.329655,0.0170547,0.0628326,0.0269905,0.0386126,-3.86299,10.3257,-1.78866,-2.30808,-2.75521,-2.23993,-2.36292,3.66336,4.6022,10.3257
257,rec2018-05-03_11h22m05.830s.wav,1,2018-05-03#2,tilt,0.9,0.584,0.442746,0.389869,0.019385,0.0909016,0.0349664,0.0274038,-3.86299,10.2964,0.581199,-2.06031,-1.73072,-1.64146,-3.00497,3.31115,4.47598,10.2964
258,rec2018-05-03_11h22m59.308s.wav,0,2018-05-03#2,identity,0,2.152,0.235163,0.304734,0.0421774,0.0890492,0.0402403,0.0823062,2.14611,2.23246,-2.76945,0.363127,-1.79833,-1.24573,0.139847,1.52786,1.78072,2.76945
258,rec2018-05-03_11h22m59.308s.wav,0,2018-05-03#2,gain,0.5,2.152,0.117581,0.304734,0.0421774,0.0890608,0.0402627,0.0823062,2.14611,-2.3352,-2.76945,0.363127,-1.79791,-1.24405,0.139847,1.54224,1.79922,2.76945
258,rec2018-05-03_11h22m59.308s.wav,0,2018-05-03#2,gain,0.707107,2.152,0.166285,0.304734,0.0421774,0.0890539,0.0402508,0.0823062,2.14611,-0.443213,-2.76945,0.363127,-1.79816,-1.24494,0.139847,1.27212,1.57692,2.76945
258,rec2018-05-03_11h22m59.308s.wav,0,2018-05-03#2,gain,1.41421,2.152,0.33257,0.304734,0.0421774,0.0890452,0.0402292,0.0823062,2.14611,6.01642,-2.76945,0.363127,-1.79848,-1.24656,0.139847,2.06857,2.76232,6.01642
258,rec2018-05-03_11h22m59.308s.wav,0,2018-05-03#2,gain,2,2.152,0.470326,0.304734,0.0421774,0.0890443,0.0402269,0.0823062,2.14611,11.3678,-2.76945,0.363127,-1.79851,-1.24674,0.139847,2.83308,4.57387,11.3678
258,rec2018-05-03_11h22m59.308s.wav,0,2018-05-03#2,noise,30,2.152,0.235723,0.325882,0.054227,0.136744,0.124337,0.0916072,2.14611,2.2542,-1.93715,1.64432,-0.0575286,5.06453,0.672608,1.96806,2.45673,5.06453
258,rec2018-05-03_11h22m59.308s.wav,0,2018-05-03#2,noise,20,2.152,0.23836,0.342854,0.0551354,0.17738,0.125752,0.0944207,2.14611,2.35666,-1.26918,1.7409,1.42564,5.17071,0.833765,2.13471,2.51467,5.17071
258,rec2018-05-03_11h22m59.308s.wav,0,2018-05-03#2,noise,10,2.152,0.255692,0.382123,0.0564376,0.279849,0.129749,0.079647,2.14611,3.02993,0.276354,1.87936,5.16567,5.47061,-0.0124749,2.56864,3.25152,5.47061
258,rec2018-05-03_11h22m59.308s.wav,0,2018-05-03#2,tilt,-0.5,2.152,0.234231,0.269029,0.0382368,0.0467419,0.0234775,0.0596741,2.14611,2.19627,-4.1747,-0.0558675,-3.34251,-2.50353,-1.15652,2.22507,2.55338,4.1747
258,rec2018-05-03_11h22m59.308s.wav,0,2018-05-03#2,tilt,0.5,2.152,0.237657,0.37228,0.0459316,0.157708,0.0634568,0.0900696,2.14611,2.32935,-0.111038,0.762297,0.707637,0.496327,0.584531,1.01961,1.2936,2.32935
258,rec2018-05-03_11h22m59.308s.wav,0,2018-05-03#2,tilt,0.9,2.152,0.238609,0.421521,0.0419887,0.160998,0.0650588,0.0650561,2.14611,2.36634,1.82691,0.343057,0.827713,0.616537,-0.848244,1.28213,1.48542,2.36634
259,rec2018-05-03_11h30m44.236s.wav,0,2018-05-03#2,identity,0,1.672,0.19929,0.356714,0.0481895,0.152755,0.0585595,0.0914863,0.306587,0.838899,-0.723685,1.00237,0.526868,0.128857,0.665683,0.598992,0.66155,1.00237
259,rec2018-05-03_11h30m44.236s.wav,0,2018-05-03#2,gain,0.5,1.672,0.0996448,0.356714,0.0481895,0.152797,0.058672,0.0914863,0.306587,-3.03197,-0.723685,1.00237,0.528381,0.137302,0.665683,0.913711,1.28488,3.03197
259,rec2018-05-03_11h30m44.236s.wav,0,2018-05-03#2,gain,0.707107,1.672,0.140919,0.356714,0.0481895,0.152773,0.0586098,0.0914774,0.306587,-1.42861,-0.723685,1.00237,0.527531,0.132631,0.665174,0.683797,0.792979,1.42861
259,rec2018-05-03_11h30m44.236s.wav,0,2018-05-03#2,gain,1.41421,1.672,0.281838,0.356714,0.0481895,0.152739,0.0585148,0.0914774,0.306587,4.04564,-0.723685,1.00237,0.52629,0.125506,0.665174,1.05646,1.63553,4.04564
259,rec2018-05-03_11h30m44.236s.wav,0,2018-05-03#2,gain,2,1.672,0.398579,0.356714,0.0481895,0.152724,0.0584713,0.0914863,0.306587,8.58065,-0.723685,1.00237,0.52572,0.122241,0.665683,1.70385,3.29468,8.58065
259,rec2018-05-03_11h30m44.236s.wav,0,2018-05-03#2,noise,30,1.672,0.199752,0.370835,0.0522661,0.201945,0.123314,0.0762622,0.306587,0.856848,-0.16791,1.43582,2.32226,4.9877,-0.206358,1.46907,2.17881,4.9877
259,rec2018-05-03_11h30m44.236s.wav,0,2018-05-03#2,noise,20,1.672,0.202007,0.382225,0.0496298,0.238704,0.132287,0.060615,0.306587,0.944447,0.280352,1.15551,3.66393,5.66105,-1.10263,1.8735,2.64811,5.66105
259,rec2018-05-03_11h30m44.236s.wav,0,2018-05-03#2,noise,10,1.672,0.215684,0.408482,0.0444383,0.323442,0.110648,0.0516656,0.306587,1.47577,1.31373,0.603515,6.75678,4.03734,-1.61525,2.30128,3.13791,6.75678
259,rec2018-05-03_11h30m44.236s.wav,0,2018-05-03#2,tilt,-0.5,1.672,0.198864,0.308807,0.0421841,0.0897636,0.0388377,0.0900158,0.306587,0.822351,-2.60918,0.363835,-1.77226,-1.35097,0.581454,1.11523,1.36353,2.60918
259,rec2018-05-03_11h30m44.236s.wav,0,2018-05-03#2,tilt,0.5,1.672,0.199488,0.432833,0.0523642,0.19864,0.0671561,0.0706109,0.306587,0.846615,2.27214,1.44626,2.20162,0.773911,-0.530064,1.19674,1.40367,2.27214
259,rec2018-05-03_11h30m44.236s.wav,0,2018-05-03#2,tilt,0.9,1.672,0.198942,0.481805,0.0475743,0.165365,0.0553465,0.0478727,0.306587,0.825408,4.19953,0.936958,0.987117,-0.112232,-1.83251,1.31433,1.83748,4.19953
260,rec2018-05-03_11h31m05.117s.wav,0,2018-05-03#2,identity,0,1.88,0.218044,0.337865,0.0320955,0.119379,0.0459244,0.0754914,1.10371,1.56746,-1.46551,-0.70885,-0.691332,-0.819218,-0.250506,0.943799,1.03766,1.56746
260,rec2018-05-03_11h31m05.117s.wav,0,2018-05-03#2,gain,0.5,1.88,0.109022,0.337865,0.0320955,0.119386,0.0459267,0.0754914,1.10371,-2.6677,-1.46551,-0.70885,-0.691052,-0.819048,-0.250506,1.10091,1.31996,2.6677
260,rec2018-05-03_11h31m05.117s.wav,0,2018-05-03#2,gain,0.707107,1.88,0.154181,0.337865,0.0320955,0.119382,0.0459263,0.0754914,1.10371,-0.913438,-1.46551,-0.70885,-0.691208,-0.81908,-0.250506,0.85033,0.919174,1.46551
260,rec2018-05-03_11h31m05.117s.wav,0,2018-05-03#2,gain,1.41421,1.88,0.308361,0.337865,0.0320955,0.119376,0.0459229,0.0754914,1.10371,5.07597,-1.46551,-0.70885,-0.691431,-0.819333,-0.250506,1.44505,2.09918,5.07597
260,rec2018-05-03_11h31m05.117s.wav,0,2018-05-03#2,gain,2,1.88,0.436089,0.337865,0.0320955,0.119376,0.0459229,0.0754914,1.10371,10.0378,-1.46551,-0.70885,-0.691431,-0.819333,-0.250506,2.15387,3.88839,10.0378
260,rec2018-05-03_11h31m05.117s.wav,0,2018-05-03#2,noise,30,1.88,0.218673,0.357203,0.0490492,0.182734,0.131983,0.0912178,1.10371,1.59188,-0.704436,1.09378,1.62108,5.63822,0.650302,1.77191,2.39896,5.63822
260,rec2018-05-03_11h31m05.117s.wav,0,2018-05-03#2,noise,20,1.88,0.221612,0.368974,0.053616,0.219649,0.145733,0.0928646,1.10371,1.70604,-0.241154,1.57936,2.96845,6.66992,0.744629,2.14475,2.94073,6.66992
260,rec2018-05-03_11h31m05.117s.wav,0,2018-05-03#2,noise,10,1.88,0.237821,0.395952,0.0493089,0.295128,0.128342,0.0686975,1.10371,2.33573,0.82062,1.12139,5.72333,5.36499,-0.639663,2.4442,3.17476,5.72333
260,rec2018-05-03_11h31m05.117s.wav,0,2018-05-03#2,tilt,-0.5,1.88,0.217756,0.299038,0.0293665,0.0665282,0.0267302,0.0516166,1.10371,1.55625,-2.99363,-0.999013,-2.62033,-2.25946,-1.61806,1.87864,2.00675,2.99363
260,rec2018-05-03_11h31m05.117s.wav,0,2018-05-03#2,tilt,0.5,1.88,0.218442,0.404771,0.0346552,0.172494,0.0642611,0.0700101,1.10371,1.58292,1.16768,-0.436688,1.24733,0.55668,-0.564476,0.951356,1.0325,1.58292
260,rec2018-05-03_11h31m05.117s.wav,0,2018-05-03#2,tilt,0.9,1.88,0.218385,0.449302,0.0339384,0.149821,0.0561446,0.0614894,1.10371,1.58068,2.92029,-0.512896,0.419766,-0.0523442,-1.05254,1.09175,1.4038,2.92029
261,rec2018-05-03_11h31m22.631s.wav,0,2018-05-03#2,identity,0,1.832,0.246694,0.319211,0.0505517,0.0912572,0.033904,0.0980189,0.91976,2.68041,-2.1997,1.25354,-1.71774,-1.72117,1.03987,1.64746,1.7499,2.68041
261,rec2018-05-03_11h31m22.631s.wav,0,2018-05-03#2,gain,0.5,1.832,0.123347,0.319211,0.0505517,0.0912574,0.0339036,0.0980189,0.91976,-2.11122,-2.1997,1.25354,-1.71774,-1.72121,1.03987,1.56615,1.63479,2.1997
261,rec2018-05-03_11h31m22.631s.wav,0,2018-05-03#2,gain,0.707107,1.832,0.174439,0.319211,0.0505517,0.0912572,0.033904,0.0980189,0.91976,-0.126463,-2.1997,1.25354,-1.71774,-1.72117,1.03987,1.28261,1.42761,2.1997
261,rec2018-05-03_11h31m22.631s.wav,0,2018-05-03#2,gain,1.41421,1.832,0.348878,0.319211,0.0505517,0.0912572,0.033904,0.0980189,0.91976,6.64992,-2.1997,1.25354,-1.71774,-1.72117,1.03987,2.21453,2.89018,6.64992
261,rec2018-05-03_11h31m22.631s.wav,0,2018-05-03#2,gain,2,1.832,0.493388,0.319211,0.0505517,0.0912572,0.033904,0.0980189,0.91976,12.2637,-2.1997,1.25354,-1.71774,-1.72117,1.03987,3.01649,4.84986,12.2637
261,rec2018-05-03_11h31m22.631s.wav,0,2018-05-03#2,noise,30,1.832,0.246944,0.330593,0.0527241,0.120901,0.0813427,0.0978491,0.91976,2.6901,-1.75174,1.48452,-0.635781,1.83841,1.03014,1.47864,1.61246,2.6901
261,rec2018-05-03_11h31m22.631s.wav,0,2018-05-03#2,noise,20,1.832,0.248841,0.345543,0.051972,0.155954,0.1014,0.0975394,0.91976,2.76381,-1.16333,1.40455,0.643614,3.34342,1.0124,1.60727,1.86809,3.34342
261,rec2018-05-03_11h31m22.631s.wav,0,2018-05-03#2,noise,10,1.832,0.263138,0.384209,0.046953,0.246212,0.0973565,0.068279,0.91976,3.31918,0.358448,0.870902,3.93794,3.04001,-0.663635,1.87284,2.32807,3.93794
261,rec2018-05-03_11h31m22.631s.wav,0,2018-05-03#2,tilt,-0.5,1.832,0.24635,0.285091,0.0462826,0.0500174,0.0189414,0.0783766,0.91976,2.66704,-3.54257,0.799619,-3.22295,-2.8439,-0.0852417,2.01158,2.3794,3.54257
261,rec2018-05-03_11h31m22.631s.wav,0,2018-05-03#2,tilt,0.5,1.832,0.246703,0.380861,0.0525532,0.137927,0.051498,0.0832636,0.91976,2.68076,0.226686,1.46635,-0.0143415,-0.401,0.194687,0.843369,1.22083,2.68076
261,rec2018-05-03_11h31m22.631s.wav,0,2018-05-03#2,tilt,0.9,1.832,0.245212,0.424851,0.0452898,0.123336,0.0467085,0.060391,0.91976,2.62283,1.958,0.694052,-0.546888,-0.760385,-1.11546,1.23105,1.42238,2.62283
262,rec2018-05-03_11h31m40.430s.wav,0,2018-05-03#2,identity,0,1.752,0.246753,0.326051,0.0409593,0.0930216,0.0337902,0.0745534,0.613173,2.68269,-1.9305,0.233603,-1.65334,-1.72971,-0.304236,1.30675,1.56626,2.68269
262,rec2018-05-03_11h31m40.430s.wav,0,2018-05-03#2,gain,0.5,1.752,0.123376,0.326051,0.0409593,0.0930216,0.0337901,0.0745534,0.613173,-2.11008,-1.9305,0.233603,-1.65334,-1.72972,-0.304236,1.22495,1.43566,2.11008
262,rec2018-05-03_11h31m40.430s.wav,0,2018-05-03#2,gain,0.707107,1.752,0.174481,0.326051,0.0409593,0.0930216,0.0337902,0.0745534,0.613173,-0.12485,-1.9305,0.233603,-1.65334,-1.72971,-0.304236,0.941346,1.19469,1.9305
262,rec2018-05-03_11h31m40.430s.wav,0,2018-05-03#2,gain,1.41421,1.752,0.348961,0.326051,0.0409593,0.0930216,0.0337902,0.0745534,0.613173,6.65315,-1.9305,0.233603,-1.65334,-1.72971,-0.304236,1.87396,2.78362,6.65315
262,rec2018-05-03_11h31m40.430s.wav,0,2018-05-03#2,gain,2,1.752,0.493506,0.326051,0.0409593,0.0930216,0.0337902,0.0745534,0.613173,12.2682,-1.9305,0.233603,-1.65334,-1.72971,-0.304236,2.67611,4.78815,12.2682
262,rec2018-05-03_11h31m40.430s.wav,0,2018-05-03#2,noise,30,1.752,0.247266,0.343911,0.0517691,0.136142,0.111378,0.0905382,0.613173,2.70263,-1.22756,1.38298,-0.0794888,4.09215,0.611377,1.52991,2.00804,4.09215
262,rec2018-05-03_11h31m40.430s.wav,0,2018-05-03#2,noise,20,1.752,0.2499,0.356777,0.0575322,0.17323,0.122837,0.0981835,0.613173,2.80493,-0.721221,1.99575,1.27418,4.95198,1.0493,1.91579,2.39026,4.95198
262,rec2018-05-03_11h31m40.430s.wav,0,2018-05-03#2,noise,10,1.752,0.266941,0.389542,0.0540346,0.262109,0.122641,0.0705133,0.613173,3.46694,0.568323,1.62386,4.51816,4.93724,-0.535653,2.32333,2.93824,4.93724
262,rec2018-05-03_11h31m40.430s.wav,0,2018-05-03#2,tilt,-0.5,1.752,0.245647,0.289813,0.040688,0.0505813,0.0202133,0.05818,0.613173,2.63974,-3.35669,0.204766,-3.20237,-2.74846,-1.24211,2.00104,2.3301,3.35669
262,rec2018-05-03_11h31m40.430s.wav,0,2018-05-03#2,tilt,0.5,1.752,0.249094,0.390779,0.0379375,0.14808,0.0530926,0.0630572,0.613173,2.77363,0.617022,-0.08769,0.35625,-0.28135,-0.962737,0.813122,1.17049,2.77363
262,rec2018-05-03_11h31m40.430s.wav,0,2018-05-03#2,tilt,0.9,1.752,0.249716,0.436166,0.0305367,0.140573,0.0605438,0.0483061,0.613173,2.79779,2.40331,-0.874589,0.0822288,0.27775,-1.80768,1.26522,1.60784,2.79779
263,rec2018-05-03_11h32m00.868s.wav,0,2018-05-03#2,identity,0,1.832,0.192753,0.355564,0.0428608,0.134166,0.0609429,0.0991664,0.91976,0.584965,-0.768962,0.435783,-0.151606,0.3077,1.1056,0.610625,0.68758,1.1056
263,rec2018-05-03_11h32m00.868s.wav,0,2018-05-03#2,gain,0.5,1.832,0.0963764,0.355564,0.0428608,0.134176,0.0609334,0.0991664,0.91976,-3.15894,-0.768962,0.435783,-0.151262,0.306989,1.1056,0.978185,1.35991,3.15894
263,rec2018-05-03_11h32m00.868s.wav,0,2018-05-03#2,gain,0.707107,1.832,0.136297,0.355564,0.0428608,0.13417,0.0609394,0.0991664,0.91976,-1.60816,-0.768962,0.435783,-0.151476,0.307435,1.1056,0.75674,0.89068,1.60816
263,rec2018-05-03_11h32m00.868s.wav,0,2018-05-03#2,gain,1.41421,1.832,0.272594,0.355564,0.0428608,0.134163,0.0609463,0.0991664,0.91976,3.68652,-0.768962,0.435783,-0.15173,0.307955,1.1056,1.05376,1.53799,3.68652
263,rec2018-05-03_11h32m00.868s.wav,0,2018-05-03#2,gain,2,1.832,0.385506,0.355564,0.0428608,0.13416,0.060949,0.0991664,0.91976,8.07278,-0.768962,0.435783,-0.151825,0.308158,1.1056,1.68041,3.11992,8.07278
263,rec2018-05-03_11h32m00.868s.wav,0,2018-05-03#2,noise,30,1.832,0.193141,0.374604,0.0408761,0.189089,0.106658,0.0837536,0.91976,0.600038,-0.0195997,0.224761,1.85303,3.73796,0.22275,1.08256,1.635,3.73796
263,rec2018-05-03_11h32m00.868s.wav,0,2018-05-03#2,noise,20,1.832,0.195457,0.388026,0.0470599,0.23944,0.12965,0.0850569,0.91976,0.689997,0.508673,0.882261,3.69076,5.46317,0.297404,1.77886,2.56113,5.46317
263,rec2018-05-03_11h32m00.868s.wav,0,2018-05-03#2,noise,10,1.832,0.209343,0.41278,0.044941,0.322431,0.120488,0.0624623,0.91976,1.22944,1.48291,0.656964,6.71985,4.7757,-0.996813,2.39735,3.25018,6.71985
263,rec2018-05-03_11h32m00.868s.wav,0,2018-05-03#2,tilt,-0.5,1.832,0.192534,0.3111,0.0371894,0.0790752,0.0383706,0.0858285,0.91976,0.576482,-2.51891,-0.167236,-2.16238,-1.38602,0.341604,1.1532,1.42753,2.51891
263,rec2018-05-03_11h32m00.868s.wav,0,2018-05-03#2,tilt,0.5,1.832,0.192947,0.426639,0.0480429,0.170433,0.0695838,0.0689507,0.91976,0.592522,2.02835,0.986779,1.17211,0.956074,-0.625158,1.04011,1.13161,2.02835
263,rec2018-05-03_11h32m00.868s.wav,0,2018-05-03#2,tilt,0.9,1.832,0.192863,0.472104,0.046021,0.138908,0.0527781,0.0487643,0.91976,0.589233,3.81773,0.771803,0.0214527,-0.304947,-1.78144,1.17234,1.67464,3.81773
264,rec2018-05-03_11h33m06.158s.wav,0,2018-05-03#2,identity,0,1.832,0.244806,0.307799,0.0507351,0.100227,0.0514339,0.101723,0.91976,2.60706,-2.64881,1.27303,-1.39034,-0.40581,1.25204,1.49955,1.68798,2.64881
264,rec2018-05-03_11h33m06.158s.wav,0,2018-05-03#2,gain,0.5,1.832,0.122403,0.307799,0.0507351,0.100239,0.0514992,0.101723,0.91976,-2.14789,-2.64881,1.27303,-1.38992,-0.400912,1.25204,1.43319,1.59268,2.64881
264,rec2018-05-03_11h33m06.158s.wav,0,2018-05-03#2,gain,0.707107,1.832,0.173104,0.307799,0.0507351,0.100229,0.0514442,0.101723,0.91976,-0.178325,-2.64881,1.27303,-1.39027,-0.405042,1.25204,1.15247,1.37212,2.64881
264,rec2018-05-03_11h33m06.158s.wav,0,2018-05-03#2,gain,1.41421,1.832,0.346208,0.307799,0.0507351,0.100227,0.0514343,0.101723,0.91976,6.5462,-2.64881,1.27303,-1.39035,-0.405785,1.25204,2.06228,2.82845,6.5462
264,rec2018-05-03_11h33m06.158s.wav,0,2018-05-03#2,gain,2,1.832,0.489612,0.307799,0.0507351,0.100227,0.0514346,0.101723,0.91976,12.117,-2.64881,1.27303,-1.39035,-0.405759,1.25204,2.8581,4.78045,12.117
264,rec2018-05-03_11h33m06.158s.wav,0,2018-05-03#2,noise,30,1.832,0.245406,0.328724,0.0509769,0.136619,0.105932,0.0945888,0.91976,2.63038,-1.82529,1.29875,-0.062076,3.68345,0.843391,1.60901,1.96637,3.68345
264,rec2018-05-03_11h33m06.158s.wav,0,2018-05-03#2,noise,20,1.832,0.248155,0.344937,0.0515013,0.173639,0.118121,0.104662,0.91976,2.73718,-1.18718,1.35451,1.28911,4.5981,1.42038,1.92946,2.28048,4.5981
264,rec2018-05-03_11h33m06.158s.wav,0,2018-05-03#2,noise,10,1.832,0.265,0.381369,0.0493023,0.263167,0.110851,0.0725699,0.91976,3.39153,0.246668,1.1207,4.5568,4.05261,-0.417849,2.10084,2.69994,4.5568
264,rec2018-05-03_11h33m06.158s.wav,0,2018-05-03#2,tilt,-0.5,1.832,0.244797,0.273403,0.0450059,0.0545069,0.0319577,0.0770805,0.91976,2.6067,-4.00254,0.663871,-3.05909,-1.86721,-0.159486,1.89695,2.29819,4.00254
264,rec2018-05-03_11h33m06.158s.wav,0,2018-05-03#2,tilt,0.5,1.832,0.244414,0.371499,0.0566211,0.156462,0.0678244,0.104386,0.91976,2.59184,-0.141805,1.89887,0.662166,0.824052,1.4046,1.20616,1.42828,2.59184
264,rec2018-05-03_11h33m06.158s.wav,0,2018-05-03#2,tilt,0.9,1.832,0.243593,0.418609,0.0520095,0.144476,0.0600994,0.0668185,0.91976,2.55992,1.71231,1.40854,0.224691,0.24441,-0.74729,1.1167,1.36192,2.55992
265,rec2018-05-03_11h34m12.944s.wav,0,2018-05-03#2,identity,0,1.864,0.239233,0.330458,0.0388654,0.0871622,0.0338662,0.0789833,1.04239,2.39055,-1.75704,0.0109743,-1.86721,-1.72401,-0.050489,1.26324,1.5283,2.39055
265,rec2018-05-03_11h34m12.944s.wav,0,2018-05-03#2,gain,0.5,1.864,0.119616,0.330458,0.0388654,0.0871643,0.0338636,0.0789833,1.04239,-2.25615,-1.75704,0.0109743,-1.86713,-1.72421,-0.050489,1.24405,1.49884,2.25615
265,rec2018-05-03_11h34m12.944s.wav,0,2018-05-03#2,gain,0.707107,1.864,0.169163,0.330458,0.0388654,0.0871633,0.0338649,0.0789833,1.04239,-0.331423,-1.75704,0.0109743,-1.86717,-1.72411,-0.050489,0.969086,1.23896,1.86717
265,rec2018-05-03_11h34m12.944s.wav,0,2018-05-03#2,gain,1.41421,1.864,0.338326,0.330458,0.0388654,0.0871611,0.0338674,0.0789833,1.04239,6.24,-1.75704,0.0109743,-1.86725,-1.72392,-0.050489,1.81315,2.66116,6.24
265,rec2018-05-03_11h34m12.944s.wav,0,2018-05-03#2,gain,2,1.864,0.478465,0.330458,0.0388654,0.08716,0.0338687,0.0789833,1.04239,11.6839,-1.75704,0.0109743,-1.86729,-1.72382,-0.050489,2.59085,4.5849,11.6839
265,rec2018-05-03_11h34m12.944s.wav,0,2018-05-03#2,noise,30,1.864,0.239594,0.341187,0.041435,0.11767,0.0722518,0.0885816,1.04239,2.40458,-1.33479,0.284192,-0.753691,1.15627,0.499301,1.06789,1.24702,2.40458
265,rec2018-05-03_11h34m12.944s.wav,0,2018-05-03#2,noise,20,1.864,0.24197,0.357076,0.0519816,0.16185,0.111409,0.0949061,1.04239,2.49688,-0.709442,1.40557,0.85884,4.09447,0.861566,1.63845,2.00159,4.09447
265,rec2018-05-03_11h34m12.944s.wav,0,2018-05-03#2,noise,10,1.864,0.2585,0.392362,0.0521683,0.254798,0.118169,0.0680303,1.04239,3.13903,0.679314,1.42542,4.25134,4.60167,-0.677881,2.25958,2.75531,4.60167
265,rec2018-05-03_11h34m12.944s.wav,0,2018-05-03#2,tilt,-0.5,1.864,0.238095,0.294522,0.0376841,0.0478346,0.0197524,0.049157,1.04239,2.34634,-3.17136,-0.114631,-3.30263,-2.78304,-1.75895,2.07419,2.34244,3.30263
265,rec2018-05-03_11h34m12.944s.wav,0,2018-05-03#2,tilt,0.5,1.864,0.241497,0.393665,0.0357651,0.134259,0.0519059,0.0577628,1.04239,2.47851,0.730591,-0.318675,-0.148233,-0.370398,-1.266,0.907828,1.17271,2.47851
265,rec2018-05-03_11h34m12.944s.wav,0,2018-05-03#2,tilt,0.9,1.864,0.241917,0.436475,0.0296656,0.123434,0.0505582,0.0440847,1.04239,2.49484,2.41548,-0.96721,-0.543305,-0.471518,-2.04948,1.42632,1.63876,2.49484
266,rec2018-05-03_11h34m42.301s.wav,0,2018-05-03#2,identity,0,1.56,0.231348,0.324929,0.0407152,0.0895691,0.0403867,0.0696386,-0.122635,2.08424,-1.97463,0.207653,-1.77936,-1.23474,-0.585757,1.14129,1.38023,2.08424
266,rec2018-05-03_11h34m42.301s.wav,0,2018-05-03#2,gain,0.5,1.56,0.115674,0.324929,0.0407152,0.0895691,0.0403867,0.0696386,-0.122635,-2.4093,-1.97463,0.207653,-1.77936,-1.23474,-0.585757,1.18773,1.45386,2.4093
266,rec2018-05-03_11h34m42.301s.wav,0,2018-05-03#2,gain,0.707107,1.56,0.163587,0.324929,0.0407152,0.0895691,0.0403867,0.0696386,-0.122635,-0.548015,-1.97463,0.207653,-1.77936,-1.23474,-0.585757,0.921827,1.15211,1.97463
266,rec2018-05-03_11h34m42.301s.wav,0,2018-05-03#2,gain,1.41421,1.56,0.327175,0.324929,0.0407152,0.0895691,0.0403867,0.0696386,-0.122635,5.80682,-1.97463,0.207653,-1.77936,-1.23474,-0.585757,1.67308,2.47011,5.80682
266,rec2018-05-03_11h34m42.301s.wav,0,2018-05-03#2,gain,2,1.56,0.462695,0.324929,0.0407152,0.0895691,0.0403867,0.0696386,-0.122635,11.0713,-1.97463,0.207653,-1.77936,-1.23474,-0.585757,2.42516,4.33533,11.0713
266,rec2018-05-03_11h34m42.301s.wav,0,2018-05-03#2,noise,30,1.56,0.232024,0.343334,0.0537298,0.145464,0.0960324,0.0998837,-0.122635,2.11051,-1.25029,1.59145,0.260739,2.94065,1.14669,1.34614,1.62988,2.94065
266,rec2018-05-03_11h34m42.301s.wav,0,2018-05-03#2,noise,20,1.56,0.235396,0.359643,0.0639184,0.200009,0.138687,0.110035,-0.122635,2.2415,-0.608411,2.67477,2.25161,6.14125,1.72815,2.25262,2.88679,6.14125
266,rec2018-05-03_11h34m42.301s.wav,0,2018-05-03#2,noise,10,1.56,0.253955,0.392074,0.0602636,0.286139,0.13196,0.0767055,-0.122635,2.96247,0.66799,2.28617,5.39526,5.63647,-0.180965,2.46457,3.28145,5.63647
266,rec2018-05-03_11h34m42.301s.wav,0,2018-05-03#2,tilt,-0.5,1.56,0.230524,0.290594,0.0432131,0.048571,0.0218159,0.0418553,-0.122635,2.05226,-3.32596,0.473247,-3.27575,-2.62821,-2.17719,2.00789,2.32659,3.32596
266,rec2018-05-03_11h34m42.301s.wav,0,2018-05-03#2,tilt,0.5,1.56,0.233038,0.387414,0.0348509,0.142405,0.0687645,0.0845238,-0.122635,2.14993,0.484592,-0.415879,0.149087,0.894594,0.266867,0.640512,0.921084,2.14993
266,rec2018-05-03_11h34m42.301s.wav,0,2018-05-03#2,tilt,0.9,1.56,0.233529,0.432246,0.0326215,0.13351,0.0744109,0.0848154,-0.122635,2.169,2.24903,-0.652918,-0.175573,1.31827,0.283572,0.995859,1.3122,2.24903
267,rec2018-05-03_11h35m02.168s.wav,0,2018-05-03#2,identity,0,1.784,0.241151,0.32939,0.0404095,0.102072,0.0385505,0.0774826,0.735808,2.46507,-1.79906,0.175146,-1.32303,-1.37252,-0.136451,1.14387,1.39069,2.46507
267,rec2018-05-03_11h35m02.168s.wav,0,2018-05-03#2,gain,0.5,1.784,0.120575,0.32939,0.0404095,0.102086,0.0385952,0.0774826,0.735808,-2.21889,-1.79906,0.175146,-1.3225,-1.36917,-0.136451,1.10815,1.32958,2.21889
267,rec2018-05-03_11h35m02.168s.wav,0,2018-05-03#2,gain,0.707107,1.784,0.170519,0.32939,0.0404095,0.102078,0.0385724,0.0774826,0.735808,-0.278731,-1.79906,0.175146,-1.3228,-1.37088,-0.136451,0.831267,1.03745,1.79906
267,rec2018-05-03_11h35m02.168s.wav,0,2018-05-03#2,gain,1.41421,1.784,0.341039,0.32939,0.0404095,0.102065,0.0385289,0.0774826,0.735808,6.34539,-1.79906,0.175146,-1.32326,-1.37414,-0.136451,1.69846,2.61125,6.34539
267,rec2018-05-03_11h35m02.168s.wav,0,2018-05-03#2,gain,2,1.784,0.482302,0.32939,0.0404095,0.102059,0.0385076,0.0774826,0.735808,11.833,-1.79906,0.175146,-1.32348,-1.37574,-0.136451,2.48267,4.59022,11.833
267,rec2018-05-03_11h35m02.168s.wav,0,2018-05-03#2,noise,30,1.784,0.241576,0.336463,0.0454799,0.133141,0.0984759,0.094114,0.735808,2.48159,-1.52069,0.71427,-0.189032,3.124,0.816198,1.3688,1.68962,3.124
267,rec2018-05-03_11h35m02.168s.wav,0,2018-05-03#2,noise,20,1.784,0.243644,0.348052,0.0469217,0.165698,0.10795,0.0937078,0.735808,2.56191,-1.0646,0.867574,0.999271,3.8349,0.792931,1.551,1.90205,3.8349
267,rec2018-05-03_11h35m02.168s.wav,0,2018-05-03#2,noise,10,1.784,0.258282,0.383429,0.0454344,0.255513,0.109654,0.0676703,0.735808,3.13056,0.327719,0.709431,4.27744,3.96272,-0.6985,1.97745,2.54783,4.27744
267,rec2018-05-03_11h35m02.168s.wav,0,2018-05-03#2,tilt,-0.5,1.784,0.240853,0.293354,0.0369217,0.0570804,0.0267331,0.0597057,0.735808,2.4535,-3.21735,-0.195694,-2.96516,-2.25925,-1.15471,1.85449,2.14411,3.21735
267,rec2018-05-03_11h35m02.168s.wav,0,2018-05-03#2,tilt,0.5,1.784,0.241532,0.392584,0.0397287,0.150955,0.0490073,0.0557783,0.735808,2.47989,0.688057,0.102765,0.461162,-0.587896,-1.37968,0.919322,1.17334,2.47989
267,rec2018-05-03_11h35m02.168s.wav,0,2018-05-03#2,tilt,0.9,1.784,0.24132,0.435036,0.0340002,0.134269,0.0439901,0.0336739,0.735808,2.47163,2.35883,-0.506334,-0.147862,-0.964363,-2.64581,1.40438,1.70809,2.64581
268,rec2018-05-03_11h35m22.211s.wav,0,2018-05-03#2,identity,0,1.864,0.250077,0.322783,0.0423047,0.0959238,0.0336924,0.0803448,1.04239,2.8118,-2.05911,0.376657,-1.54742,-1.73705,0.0274938,1.3717,1.63826,2.8118
268,rec2018-05-03_11h35m22.211s.wav,0,2018-05-03#2,gain,0.5,1.864,0.125038,0.322783,0.0423047,0.0959443,0.0337034,0.0803448,1.04239,-2.04552,-2.05911,0.376657,-1.54667,-1.73622,0.0274938,1.26201,1.46677,2.05911
268,rec2018-05-03_11h35m22.211s.wav,0,2018-05-03#2,gain,0.707107,1.864,0.176831,0.322783,0.0423047,0.095932,0.0336961,0.0803448,1.04239,-0.0335531,-2.05911,0.376657,-1.54712,-1.73677,0.0274938,0.974728,1.24672,2.05911
268,rec2018-05-03_11h35m22.211s.wav,0,2018-05-03#2,gain,1.41421,1.864,0.353662,0.322783,0.0423047,0.0959194,0.0336923,0.0803448,1.04239,6.83574,-2.05911,0.376657,-1.54758,-1.73706,0.0274938,1.94658,2.86877,6.83574
268,rec2018-05-03_11h35m22.211s.wav,0,2018-05-03#2,gain,2,1.864,0.500153,0.322783,0.0423047,0.0959161,0.0336924,0.0803448,1.04239,12.5265,-2.05911,0.376657,-1.5477,-1.73705,0.0274938,2.75955,4.89597,12.5265
268,rec2018-05-03_11h35m22.211s.wav,0,2018-05-03#2,noise,30,1.864,0.250809,0.340741,0.0587496,0.153515,0.140414,0.110176,1.04239,2.84025,-1.35233,2.12519,0.554619,6.27086,1.73621,2.27455,2.88208,6.27086
268,rec2018-05-03_11h35m22.211s.wav,0,2018-05-03#2,noise,20,1.864,0.253762,0.350566,0.0600527,0.182196,0.144044,0.106345,1.04239,2.95499,-0.965635,2.26375,1.60143,6.54325,1.51681,2.41261,3.01318,6.54325
268,rec2018-05-03_11h35m22.211s.wav,0,2018-05-03#2,noise,10,1.864,0.271086,0.383896,0.0528633,0.262844,0.131195,0.0702339,1.04239,3.62796,0.346114,1.49932,4.545,5.5791,-0.551659,2.45594,3.13287,5.5791
268,rec2018-05-03_11h35m22.211s.wav,0,2018-05-03#2,tilt,-0.5,1.864,0.248938,0.285873,0.0398685,0.0527842,0.021663,0.0656189,1.04239,2.76757,-3.51179,0.11763,-3.12197,-2.63968,-0.816003,2.00243,2.34439,3.51179
268,rec2018-05-03_11h35m22.211s.wav,0,2018-05-03#2,tilt,0.5,1.864,0.252554,0.388972,0.039802,0.150851,0.0491756,0.0465541,1.04239,2.90803,0.5459,0.110559,0.457359,-0.575268,-1.90804,1.07822,1.41594,2.90803
268,rec2018-05-03_11h35m22.211s.wav,0,2018-05-03#2,tilt,0.9,1.864,0.253321,0.435814,0.0326751,0.143389,0.0560753,0.0319262,1.04239,2.93783,2.38946,-0.647219,0.185006,-0.0575421,-2.74592,1.42934,1.82927,2.93783
269,rec2018-05-03_11h35m39.758s.wav,0,2018-05-03#2,identity,0,1.72,0.211977,0.345706,0.0475799,0.10545,0.0738451,0.0992659,0.490539,1.33176,-1.15694,0.93755,-1.19972,1.27582,1.1113,1.07195,1.10413,1.33176
269,rec2018-05-03_11h35m39.758s.wav,0,2018-05-03#2,gain,0.5,1.72,0.105989,0.345706,0.0475799,0.105482,0.0739362,0.0992659,0.490539,-2.78554,-1.15694,0.93755,-1.19855,1.28265,1.1113,1.28044,1.44094,2.78554
269,rec2018-05-03_11h35m39.758s.wav,0,2018-05-03#2,gain,0.707107,1.72,0.14989,0.345706,0.0475799,0.105465,0.0738897,0.0992659,0.490539,-1.0801,-1.15694,0.937549,-1.19918,1.27916,1.1113,1.03639,1.06463,1.27916
269,rec2018-05-03_11h35m39.758s.wav,0,2018-05-03#2,gain,1.41421,1.72,0.299781,0.345706,0.0475799,0.105449,0.0738406,0.0992659,0.490539,4.74265,-1.15694,0.937549,-1.19976,1.27548,1.1113,1.55917,2.04423,4.74265
269,rec2018-05-03_11h35m39.758s.wav,0,2018-05-03#2,gain,2,1.72,0.423954,0.345706,0.0475799,0.105449,0.0738406,0.0992659,0.490539,9.56638,-1.15694,0.93755,-1.19976,1.27548,1.1113,2.24828,3.7469,9.56638
269,rec2018-05-03_11h35m39.758s.wav,0,2018-05-03#2,noise,30,1.72,0.212862,0.36049,0.0619737,0.165387,0.156773,0.122603,0.490539,1.36616,-0.575091,2.468,0.987932,7.49833,2.44805,2.26201,3.20095,7.49833
269,rec2018-05-03_11h35m39.758s.wav,0,2018-05-03#2,noise,20,1.72,0.216004,0.370273,0.0597005,0.194704,0.158303,0.117497,0.490539,1.48818,-0.190033,2.22629,2.05795,7.61317,2.15556,2.31739,3.25773,7.61317
269,rec2018-05-03_11h35m39.758s.wav,0,2018-05-03#2,noise,10,1.72,0.232321,0.399273,0.0512054,0.273153,0.140048,0.0771447,0.490539,2.12205,0.951317,1.32304,4.92126,6.24335,-0.155806,2.31534,3.17629,6.24335
269,rec2018-05-03_11h35m39.758s.wav,0,2018-05-03#2,tilt,-0.5,1.72,0.211622,0.309399,0.0452014,0.0600285,0.0451973,0.0685005,0.490539,1.31798,-2.58587,0.684654,-2.85756,-0.873778,-0.650948,1.35162,1.62507,2.85756
269,rec2018-05-03_11h35m39.758s.wav,0,2018-05-03#2,tilt,0.5,1.72,0.212479,0.40632,0.0491285,0.145208,0.0921842,0.0827586,0.490539,1.35127,1.22865,1.10221,0.251411,2.6519,0.165756,1.03453,1.30462,2.6519
269,rec2018-05-03_11h35m39.758s.wav,0,2018-05-03#2,tilt,0.9,1.72,0.212399,0.446179,0.0464426,0.123187,0.0759954,0.0646683,0.490539,1.34815,2.79738,0.816624,-0.552352,1.43717,-0.870454,1.18752,1.39788,2.79738
270,rec2018-05-03_11h35m58.563s.wav,0,2018-05-03#2,identity,0,2.168,0.232336,0.337405,0.0298551,0.0862806,0.0362251,0.0713236,2.20742,2.12265,-1.48362,-0.947061,-1.89939,-1.54701,-0.489237,1.52806,1.63518,2.20742
270,rec2018-05-03_11h35m58.563s.wav,0,2018-05-03#2,gain,0.5,2.168,0.116168,0.337405,0.0298551,0.0862872,0.0362402,0.0713236,2.20742,-2.3901,-1.48362,-0.947061,-1.89914,-1.54588,-0.489237,1.56607,1.68689,2.3901
270,rec2018-05-03_11h35m58.563s.wav,0,2018-05-03#2,gain,0.707107,2.168,0.164287,0.337405,0.0298551,0.0862839,0.0362326,0.0713236,2.20742,-0.520856,-1.48362,-0.947061,-1.89926,-1.54645,-0.489237,1.29913,1.43826,2.20742
270,rec2018-05-03_11h35m58.563s.wav,0,2018-05-03#2,gain,1.41421,2.168,0.328573,0.337405,0.0298551,0.0862773,0.0362177,0.0713236,2.20742,5.86114,-1.48362,-0.947061,-1.89951,-1.54756,-0.489237,2.06222,2.63401,5.86114
270,rec2018-05-03_11h35m58.563s.wav,0,2018-05-03#2,gain,2,2.168,0.464672,0.337405,0.0298551,0.086274,0.0362105,0.0713236,2.20742,11.1482,-1.48362,-0.947061,-1.89963,-1.54811,-0.489237,2.8176,4.44806,11.1482
270,rec2018-05-03_11h35m58.563s.wav,0,2018-05-03#2,noise,30,2.168,0.232784,0.348318,0.0466114,0.123845,0.107133,0.103234,2.20742,2.14003,-1.05413,0.834572,-0.528329,3.7736,1.3386,1.69667,1.98463,3.7736
270,rec2018-05-03_11h35m58.563s.wav,0,2018-05-03#2,noise,20,2.168,0.235064,0.359012,0.0501872,0.158678,0.12147,0.105914,2.20742,2.22863,-0.633228,1.21478,0.743049,4.84939,1.4921,1.9098,2.33028,4.84939
270,rec2018-05-03_11h35m58.563s.wav,0,2018-05-03#2,noise,10,2.168,0.250154,0.393329,0.0464347,0.250436,0.123843,0.0706651,2.20742,2.8148,0.717364,0.815792,4.09212,5.02745,-0.52696,2.31456,2.83535,5.02745
270,rec2018-05-03_11h35m58.563s.wav,0,2018-05-03#2,tilt,-0.5,2.168,0.231582,0.304547,0.0305051,0.0479614,0.0205015,0.043009,2.20742,2.09335,-2.77683,-0.877949,-3.298,-2.72684,-2.1111,2.29878,2.40552,3.298
270,rec2018-05-03_11h35m58.563s.wav,0,2018-05-03#2,tilt,0.5,2.168,0.233812,0.39442,0.026202,0.125993,0.05639,0.0611612,2.20742,2.17999,0.760307,-1.33549,-0.449918,-0.0339289,-1.07134,1.14834,1.38037,2.20742
270,rec2018-05-03_11h35m58.563s.wav,0,2018-05-03#2,tilt,0.9,2.168,0.234276,0.431926,0.0240394,0.110233,0.0540697,0.0523335,2.20742,2.19799,2.23642,-1.56543,-1.02514,-0.208037,-1.577,1.57392,1.72118,2.23642
271,rec2018-05-03_11h36m16.780s.wav,0,2018-05-03#2,identity,0,1.912,0.222055,0.337285,0.0549717,0.107989,0.0557175,0.112183,1.22635,1.72325,-1.48837,1.7235,-1.10706,-0.0843883,1.8512,1.31487,1.43023,1.8512
271,rec2018-05-03_11h36m16.780s.wav,0,2018-05-03#2,gain,0.5,1.912,0.111027,0.337285,0.0549717,0.108032,0.0558515,0.112183,1.22635,-2.5898,-1.48837,1.7235,-1.10547,-0.0743367,1.8512,1.437,1.60585,2.5898
271,rec2018-05-03_11h36m16.780s.wav,0,2018-05-03#2,gain,0.707107,1.912,0.157017,0.337285,0.0549717,0.108006,0.0557652,0.112183,1.22635,-0.803272,-1.48837,1.7235,-1.10643,-0.0808148,1.8512,1.18285,1.3089,1.8512
271,rec2018-05-03_11h36m16.780s.wav,0,2018-05-03#2,gain,1.41421,1.912,0.314033,0.337285,0.0549717,0.107982,0.0557045,0.112183,1.22635,5.2963,-1.48837,1.7235,-1.10729,-0.08537,1.8512,1.82548,2.37248,5.2963
271,rec2018-05-03_11h36m16.780s.wav,0,2018-05-03#2,gain,2,1.912,0.44411,0.337285,0.0549717,0.107976,0.0556922,0.112183,1.22635,10.3494,-1.48837,1.7235,-1.10752,-0.0862876,1.8512,2.54751,4.11374,10.3494
271,rec2018-05-03_11h36m16.780s.wav,0,2018-05-03#2,noise,30,1.912,0.22287,0.356672,0.0615242,0.174334,0.146784,0.117566,1.22635,1.75491,-0.725336,2.42021,1.31447,6.74884,2.15951,2.33566,2.99775,6.74884
271,rec2018-05-03_11h36m16.780s.wav,0,2018-05-03#2,noise,20,1.912,0.22593,0.365767,0.058461,0.204947,0.150481,0.108374,1.22635,1.8738,-0.367373,2.09451,2.43182,7.02625,1.63302,2.37902,3.10497,7.02625
271,rec2018-05-03_11h36m16.780s.wav,0,2018-05-03#2,noise,10,1.912,0.242346,0.394716,0.0511838,0.28682,0.131687,0.0725308,1.22635,2.5115,0.771967,1.32074,5.42012,5.61598,-0.420089,2.46953,3.19028,5.61598
271,rec2018-05-03_11h36m16.780s.wav,0,2018-05-03#2,tilt,-0.5,1.912,0.221264,0.297589,0.0514455,0.0608221,0.0323662,0.0941861,1.22635,1.69252,-3.05065,1.34857,-2.82859,-1.83657,0.820329,1.82908,1.98352,3.05065
271,rec2018-05-03_11h36m16.780s.wav,0,2018-05-03#2,tilt,0.5,1.912,0.22334,0.40474,0.0560362,0.155845,0.0765565,0.086191,1.22635,1.77319,1.16648,1.83668,0.639643,1.47927,0.362367,1.212,1.31534,1.83668
271,rec2018-05-03_11h36m16.780s.wav,0,2018-05-03#2,tilt,0.9,1.912,0.223282,0.450963,0.0514253,0.138484,0.0676868,0.0667376,1.22635,1.77094,2.98567,1.34642,0.00598809,0.813728,-0.751927,1.27157,1.5397,2.98567
272,rec2018-05-03_11h36m35.115s.wav,0,2018-05-03#2,identity,0,2.104,0.233915,0.333207,0.0402341,0.0891335,0.0384262,0.0858792,1.96215,2.18399,-1.64884,0.156504,-1.79525,-1.38185,0.344508,1.3533,1.5406,2.18399
272,rec2018-05-03_11h36m35.115s.wav,0,2018-05-03#2,gain,0.5,2.104,0.116958,0.333207,0.0402341,0.0891398,0.0384309,0.0858792,1.96215,-2.35943,-1.64884,0.156504,-1.79502,-1.3815,0.344508,1.37828,1.57704,2.35943
272,rec2018-05-03_11h36m35.115s.wav,0,2018-05-03#2,gain,0.707107,2.104,0.165403,0.333207,0.0402341,0.0891367,0.0384285,0.0858792,1.96215,-0.477487,-1.64884,0.156504,-1.79514,-1.38168,0.344508,1.10947,1.3132,1.96215
272,rec2018-05-03_11h36m35.115s.wav,0,2018-05-03#2,gain,1.41421,2.104,0.330806,0.333207,0.0402341,0.0891308,0.0384232,0.0858792,1.96215,5.94787,-1.64884,0.156504,-1.79535,-1.38208,0.344508,1.89104,2.59732,5.94787
272,rec2018-05-03_11h36m35.115s.wav,0,2018-05-03#2,gain,2,2.104,0.46783,0.333207,0.0402341,0.0891293,0.0384214,0.0858792,1.96215,11.2708,-1.64884,0.156504,-1.79541,-1.38221,0.344508,2.65149,4.45417,11.2708
272,rec2018-05-03_11h36m35.115s.wav,0,2018-05-03#2,noise,30,2.104,0.234174,0.340195,0.045732,0.119023,0.0946344,0.101647,1.96215,2.19406,-1.37384,0.74107,-0.704307,2.83575,1.24767,1.57984,1.74007,2.83575
272,rec2018-05-03_11h36m35.115s.wav,0,2018-05-03#2,noise,20,2.104,0.236088,0.352221,0.0467214,0.155629,0.118514,0.106349,1.96215,2.26839,-0.900524,0.846273,0.631749,4.62758,1.51703,1.82196,2.22447,4.62758
272,rec2018-05-03_11h36m35.115s.wav,0,2018-05-03#2,noise,10,2.104,0.249978,0.388165,0.0420939,0.245953,0.118705,0.0692233,1.96215,2.80797,0.514136,0.354246,3.9285,4.64188,-0.609547,2.11692,2.65858,4.64188
272,rec2018-05-03_11h36m35.115s.wav,0,2018-05-03#2,tilt,-0.5,2.104,0.233649,0.299134,0.0369301,0.0504981,0.0240551,0.0668922,1.96215,2.17364,-2.98987,-0.194803,-3.20541,-2.46019,-0.743071,1.96131,2.21783,3.20541
272,rec2018-05-03_11h36m35.115s.wav,0,2018-05-03#2,tilt,0.5,2.104,0.234241,0.392679,0.0402739,0.128668,0.0565476,0.0780634,1.96215,2.19666,0.691804,0.160731,-0.352278,-0.0221037,-0.103185,0.784131,1.15357,2.19666
272,rec2018-05-03_11h36m35.115s.wav,0,2018-05-03#2,tilt,0.9,2.104,0.234159,0.432668,0.0389778,0.112413,0.0509919,0.0654719,1.96215,2.19346,2.26565,0.0229182,-0.945576,-0.438977,-0.824427,1.23617,1.491,2.26565
273,rec2018-05-03_11h36m53.106s.wav,0,2018-05-03#2,identity,0,1.976,0.227728,0.333443,0.0374084,0.0989042,0.044272,0.0843772,1.47162,1.94363,-1.63954,-0.143947,-1.43864,-0.943208,0.258472,1.11986,1.29164,1.94363
273,rec2018-05-03_11h36m53.106s.wav,0,2018-05-03#2,gain,0.5,1.976,0.113864,0.333443,0.0374084,0.0989091,0.0442669,0.0843772,1.47162,-2.47961,-1.63954,-0.143947,-1.43846,-0.94359,0.258472,1.19646,1.4167,2.47961
273,rec2018-05-03_11h36m53.106s.wav,0,2018-05-03#2,gain,0.707107,1.976,0.161028,0.333443,0.0374084,0.0989058,0.04427,0.0843772,1.47162,-0.647447,-1.63954,-0.143947,-1.43858,-0.943361,0.258472,0.934709,1.09021,1.63954
273,rec2018-05-03_11h36m53.106s.wav,0,2018-05-03#2,gain,1.41421,1.976,0.322056,0.333443,0.0374084,0.0989026,0.044274,0.0843772,1.47162,5.60795,-1.63954,-0.143947,-1.43869,-0.943056,0.258472,1.64333,2.37094,5.60795
273,rec2018-05-03_11h36m53.106s.wav,0,2018-05-03#2,gain,2,1.976,0.455455,0.333443,0.0374084,0.0989011,0.0442758,0.0843772,1.47162,10.7901,-1.63954,-0.143947,-1.43875,-0.942926,0.258472,2.38362,4.21437,10.7901
273,rec2018-05-03_11h36m53.106s.wav,0,2018-05-03#2,noise,30,1.976,0.228348,0.350932,0.0517173,0.146109,0.1248,0.106585,1.47162,1.96771,-0.951254,1.37746,0.284298,5.09926,1.53052,1.81173,2.30731,5.09926
273,rec2018-05-03_11h36m53.106s.wav,0,2018-05-03#2,noise,20,1.976,0.231021,0.362275,0.0542063,0.17915,0.13041,0.105747,1.47162,2.07157,-0.504838,1.64212,1.49024,5.52017,1.48255,2.02616,2.51565,5.52017
273,rec2018-05-03_11h36m53.106s.wav,0,2018-05-03#2,noise,10,1.976,0.246873,0.393595,0.0500405,0.263796,0.12094,0.0716971,1.47162,2.68734,0.727834,1.19918,4.57975,4.80961,-0.467842,2.27759,2.82035,4.80961
273,rec2018-05-03_11h36m53.106s.wav,0,2018-05-03#2,tilt,-0.5,1.976,0.227108,0.297212,0.0356792,0.0552265,0.026772,0.059062,1.47162,1.91955,-3.06551,-0.327803,-3.03283,-2.25633,-1.19158,1.89503,2.10659,3.06551
273,rec2018-05-03_11h36m53.106s.wav,0,2018-05-03#2,tilt,0.5,1.976,0.228736,0.396719,0.0377612,0.143942,0.0595265,0.0774278,1.47162,1.9828,0.850808,-0.106436,0.205214,0.20142,-0.13959,0.708269,0.995312,1.9828
273,rec2018-05-03_11h36m53.106s.wav,0,2018-05-03#2,tilt,0.9,1.976,0.228815,0.439769,0.0354012,0.127304,0.0534825,0.0647261,1.47162,1.98585,2.5451,-0.357369,-0.402071,-0.252098,-0.867144,1.12589,1.39855,2.5451
274,rec2018-05-03_11h37m11.955s.wav,0,2018-05-03#2,identity,0,1.944,0.230972,0.332745,0.0264094,0.103654,0.0421409,0.0735901,1.34898,2.06965,-1.66704,-1.31343,-1.26527,-1.10311,-0.359412,1.30384,1.39152,2.06965
274,rec2018-05-03_11h37m11.955s.wav,0,2018-05-03#2,gain,0.5,1.944,0.115486,0.332745,0.0264094,0.103656,0.0421382,0.0735901,1.34898,-2.4166,-1.66704,-1.31343,-1.26521,-1.10332,-0.359412,1.35343,1.46926,2.4166
274,rec2018-05-03_11h37m11.955s.wav,0,2018-05-03#2,gain,0.707107,1.944,0.163322,0.332745,0.0264094,0.103655,0.0421396,0.0735901,1.34898,-0.558331,-1.66704,-1.31343,-1.26524,-1.10321,-0.359412,1.08795,1.17002,1.66704
274,rec2018-05-03_11h37m11.955s.wav,0,2018-05-03#2,gain,1.41421,1.944,0.326644,0.332745,0.0264094,0.103653,0.0421416,0.0735901,1.34898,5.78619,-1.66704,-1.31343,-1.26529,-1.10306,-0.359412,1.83477,2.47128,5.78619
274,rec2018-05-03_11h37m11.955s.wav,0,2018-05-03#2,gain,2,1.944,0.461944,0.332745,0.0264094,0.103653,0.0421416,0.0735901,1.34898,11.0422,-1.66704,-1.31343,-1.26529,-1.10306,-0.359412,2.58563,4.3293,11.0422
274,rec2018-05-03_11h37m11.955s.wav,0,2018-05-03#2,noise,30,1.944,0.231406,0.344665,0.0436727,0.144284,0.0952014,0.0967207,1.34898,2.08651,-1.19788,0.522117,0.217677,2.8783,0.965511,1.31671,1.56502,2.8783
274,rec2018-05-03_11h37m11.955s.wav,0,2018-05-03#2,noise,20,1.944,0.233793,0.356707,0.0504147,0.183391,0.123807,0.0999946,1.34898,2.17925,-0.723956,1.23897,1.64504,5.02472,1.15304,1.90199,2.32722,5.02472
274,rec2018-05-03_11h37m11.955s.wav,0,2018-05-03#2,noise,10,1.944,0.248952,0.389067,0.0470029,0.270418,0.11499,0.0658803,1.34898,2.7681,0.549636,0.876201,4.82145,4.36313,-0.801032,2.21836,2.76398,4.82145
274,rec2018-05-03_11h37m11.955s.wav,0,2018-05-03#2,tilt,-0.5,1.944,0.230642,0.296873,0.027376,0.0570689,0.0226752,0.0398728,1.34898,2.05682,-3.07883,-1.21065,-2.96558,-2.56373,-2.29074,2.21648,2.31794,3.07883
274,rec2018-05-03_11h37m11.955s.wav,0,2018-05-03#2,tilt,0.5,1.944,0.231541,0.395762,0.0248378,0.153803,0.0665995,0.0618991,1.34898,2.09177,0.813143,-1.48054,0.565133,0.732145,-1.02908,1.15154,1.25145,2.09177
274,rec2018-05-03_11h37m11.955s.wav,0,2018-05-03#2,tilt,0.9,1.944,0.231629,0.438326,0.0246363,0.135227,0.0626969,0.0517693,1.34898,2.09517,2.48832,-1.50196,-0.112874,0.439312,-1.60931,1.37085,1.579,2.48832
275,rec2018-05-03_11h37m32.414s.wav,0,2018-05-03#2,identity,0,1.848,0.24504,0.311508,0.0357445,0.0815338,0.03855,0.0741972,0.981077,2.61614,-2.50284,-0.320863,-2.07264,-1.37256,-0.324637,1.45582,1.70959,2.61614
275,rec2018-05-03_11h37m32.414s.wav,0,2018-05-03#2,gain,0.5,1.848,0.12252,0.311508,0.0357445,0.0815364,0.0385483,0.0741972,0.981077,-2.14336,-2.50284,-0.320863,-2.07254,-1.37268,-0.324637,1.38829,1.61284,2.50284
275,rec2018-05-03_11h37m32.414s.wav,0,2018-05-03#2,gain,0.707107,1.848,0.173269,0.311508,0.0357445,0.0815351,0.0385492,0.0741972,0.981077,-0.171908,-2.50284,-0.320863,-2.07259,-1.37262,-0.324637,1.10665,1.39613,2.50284
275,rec2018-05-03_11h37m32.414s.wav,0,2018-05-03#2,gain,1.41421,1.848,0.346538,0.311508,0.0357445,0.0815324,0.0385508,0.0741972,0.981077,6.55903,-2.50284,-0.320863,-2.07269,-1.3725,-0.324637,2.01909,2.84444,6.55903
275,rec2018-05-03_11h37m32.414s.wav,0,2018-05-03#2,gain,2,1.848,0.490079,0.311508,0.0357445,0.0815311,0.0385517,0.0741972,0.981077,12.1351,-2.50284,-0.320863,-2.07274,-1.37243,-0.324637,2.81567,4.79399,12.1351
275,rec2018-05-03_11h37m32.414s.wav,0,2018-05-03#2,noise,30,1.848,0.2457,0.331297,0.0538148,0.13059,0.128813,0.116314,0.981077,2.64177,-1.72404,1.60049,-0.282142,5.40038,2.08783,2.10253,2.59335,5.40038
275,rec2018-05-03_11h37m32.414s.wav,0,2018-05-03#2,noise,20,1.848,0.248727,0.345049,0.0581538,0.166838,0.141109,0.119291,0.981077,2.75937,-1.1828,2.06184,1.04089,6.32298,2.25836,2.37248,2.93722,6.32298
275,rec2018-05-03_11h37m32.414s.wav,0,2018-05-03#2,noise,10,1.848,0.266415,0.381766,0.0519899,0.256316,0.13557,0.0786246,0.981077,3.4465,0.26229,1.40646,4.30672,5.90739,-0.0710392,2.34021,3.12451,5.90739
275,rec2018-05-03_11h37m32.414s.wav,0,2018-05-03#2,tilt,-0.5,1.848,0.244578,0.280884,0.0327417,0.0440175,0.0218366,0.0477452,0.981077,2.5982,-3.70812,-0.640144,-3.44195,-2.62666,-1.83981,2.26228,2.50726,3.70812
275,rec2018-05-03_11h37m32.414s.wav,0,2018-05-03#2,tilt,0.5,1.848,0.245929,0.368562,0.0378131,0.128587,0.0566263,0.0752124,0.981077,2.65068,-0.257368,-0.10092,-0.35525,-0.0161981,-0.266486,0.66114,1.08644,2.65068
275,rec2018-05-03_11h37m32.414s.wav,0,2018-05-03#2,tilt,0.9,1.848,0.246055,0.408923,0.0339703,0.118075,0.0506841,0.065275,0.981077,2.65559,1.33109,-0.50951,-0.738913,-0.462075,-0.835701,1.07342,1.28196,2.65559
276,rec2018-05-03_11h37m50.903s.wav,0,2018-05-03#2,identity,0,1.848,0.221477,0.335179,0.0338252,0.103935,0.0444744,0.0861629,0.981077,1.70082,-1.57123,-0.524938,-1.25503,-0.928019,0.360757,1.04598,1.14431,1.70082
276,rec2018-05-03_11h37m50.903s.wav,0,2018-05-03#2,gain,0.5,1.848,0.110739,0.335179,0.0338252,0.103958,0.0445137,0.0861629,0.981077,-2.60102,-1.57123,-0.524938,-1.25419,-0.92507,0.360757,1.17404,1.36439,2.60102
276,rec2018-05-03_11h37m50.903s.wav,0,2018-05-03#2,gain,0.707107,1.848,0.156608,0.335179,0.0338252,0.10394,0.0444798,0.0861629,0.981077,-0.819138,-1.57123,-0.524938,-1.25484,-0.927619,0.360757,0.919942,0.995924,1.57123
276,rec2018-05-03_11h37m50.903s.wav,0,2018-05-03#2,gain,1.41421,1.848,0.313216,0.335179,0.0338252,0.103933,0.0444754,0.0861629,0.981077,5.26457,-1.57123,-0.524938,-1.2551,-0.927946,0.360757,1.55509,2.20354,5.26457
276,rec2018-05-03_11h37m50.903s.wav,0,2018-05-03#2,gain,2,1.848,0.442955,0.335179,0.0338252,0.103931,0.0444764,0.0861629,0.981077,10.3045,-1.57123,-0.524938,-1.25517,-0.927872,0.360757,2.27507,4.00813,10.3045
276,rec2018-05-03_11h37m50.903s.wav,0,2018-05-03#2,noise,30,1.848,0.222108,0.355056,0.0536289,0.159945,0.134247,0.108752,0.981077,1.72533,-0.788935,1.58072,0.789286,5.80811,1.65469,1.90402,2.51156,5.80811
276,rec2018-05-03_11h37m50.903s.wav,0,2018-05-03#2,noise,20,1.848,0.224956,0.367056,0.0585101,0.197874,0.150199,0.109003,0.981077,1.83594,-0.316636,2.09972,2.17367,7.00504,1.66903,2.2973,3.05715,7.00504
276,rec2018-05-03_11h37m50.903s.wav,0,2018-05-03#2,noise,10,1.848,0.241147,0.396731,0.0534596,0.277343,0.137883,0.075208,0.981077,2.46491,0.851276,1.56272,5.07419,6.08091,-0.266742,2.46883,3.22935,6.08091
276,rec2018-05-03_11h37m50.903s.wav,0,2018-05-03#2,tilt,-0.5,1.848,0.220619,0.297373,0.0304358,0.0582291,0.0275272,0.0600417,0.981077,1.66747,-3.05917,-0.885316,-2.92324,-2.19966,-1.13546,1.83591,2.01984,3.05917
276,rec2018-05-03_11h37m50.903s.wav,0,2018-05-03#2,tilt,0.5,1.848,0.223132,0.400647,0.0360271,0.150731,0.0562895,0.0721216,0.981077,1.7651,1.00537,-0.290815,0.452983,-0.0414706,-0.443527,0.711477,0.892593,1.7651
276,rec2018-05-03_11h37m50.903s.wav,0,2018-05-03#2,tilt,0.9,1.848,0.223618,0.444609,0.0359763,0.133198,0.0528224,0.0653263,0.981077,1.78399,2.73561,-0.296214,-0.186954,-0.301629,-0.832766,1.01689,1.33822,2.73561
277,rec2018-05-03_11h38m07.740s.wav,0,2018-05-03#2,identity,0,1.8,0.217957,0.336761,0.0354622,0.10495,0.0505531,0.0942547,0.797125,1.56406,-1.50899,-0.350882,-1.21795,-0.471903,0.824258,0.962168,1.06015,1.56406
277,rec2018-05-03_11h38m07.740s.wav,0,2018-05-03#2,gain,0.5,1.8,0.108978,0.336761,0.0354622,0.104979,0.0506203,0.0942547,0.797125,-2.66939,-1.50899,-0.350882,-1.21689,-0.466859,0.824258,1.1192,1.33841,2.66939
277,rec2018-05-03_11h38m07.740s.wav,0,2018-05-03#2,gain,0.707107,1.8,0.154119,0.336761,0.0354622,0.104962,0.0505788,0.0942547,0.797125,-0.915837,-1.50899,-0.350882,-1.21754,-0.469975,0.824258,0.869229,0.945441,1.50899
277,rec2018-05-03_11h38m07.740s.wav,0,2018-05-03#2,gain,1.41421,1.8,0.308238,0.336761,0.0354622,0.104944,0.0505414,0.0942547,0.797125,5.07117,-1.50899,-0.350882,-1.2182,-0.472783,0.824258,1.46334,2.10914,5.07117
277,rec2018-05-03_11h38m07.740s.wav,0,2018-05-03#2,gain,2,1.8,0.435914,0.336761,0.0354622,0.104938,0.0505286,0.0942547,0.797125,10.031,-1.50899,-0.350882,-1.2184,-0.473741,0.824258,2.17205,3.8922,10.031
277,rec2018-05-03_11h38m07.740s.wav,0,2018-05-03#2,noise,30,1.8,0.218529,0.35408,0.0532245,0.151605,0.122221,0.112286,0.797125,1.5863,-0.82734,1.53772,0.484877,4.90575,1.85706,1.71374,2.2023,4.90575
277,rec2018-05-03_11h38m07.740s.wav,0,2018-05-03#2,noise,20,1.8,0.221037,0.365964,0.0551284,0.18789,0.135357,0.114703,0.797125,1.68372,-0.359624,1.74016,1.80925,5.89135,1.99552,2.03954,2.63469,5.89135
277,rec2018-05-03_11h38m07.740s.wav,0,2018-05-03#2,noise,10,1.8,0.235825,0.396284,0.050602,0.272497,0.12602,0.0744016,0.797125,2.25816,0.833677,1.25888,4.89733,5.19081,-0.312932,2.22127,2.9042,5.19081
277,rec2018-05-03_11h38m07.740s.wav,0,2018-05-03#2,tilt,-0.5,1.8,0.217793,0.299618,0.0330897,0.0587609,0.0282902,0.0586617,0.797125,1.55768,-2.9708,-0.603135,-2.90383,-2.1424,-1.21451,1.74135,1.95479,2.9708
277,rec2018-05-03_11h38m07.740s.wav,0,2018-05-03#2,tilt,0.5,1.8,0.218111,0.400625,0.0383631,0.148464,0.0719506,0.0811891,0.797125,1.57006,1.00451,-0.0424422,0.37026,1.13367,0.0758553,0.713417,0.889574,1.57006
277,rec2018-05-03_11h38m07.740s.wav,0,2018-05-03#2,tilt,0.9,1.8,0.217956,0.443935,0.0369627,0.127122,0.0616271,0.0646438,0.797125,1.56401,2.70908,-0.191338,-0.408706,0.359035,-0.871857,0.985879,1.28248,2.70908
278,rec2018-05-03_11h38m25.235s.wav,0,2018-05-03#2,identity,0,1.912,0.215795,0.341048,0.0357108,0.103128,0.0413097,0.0817978,1.22635,1.48007,-1.34025,-0.324448,-1.28449,-1.16549,0.110722,0.990259,1.10948,1.48007
278,rec2018-05-03_11h38m25.235s.wav,0,2018-05-03#2,gain,0.5,1.912,0.107897,0.341048,0.0357108,0.103141,0.0413137,0.0817978,1.22635,-2.71139,-1.34025,-0.324448,-1.284,-1.16519,0.110722,1.16605,1.40284,2.71139
278,rec2018-05-03_11h38m25.235s.wav,0,2018-05-03#2,gain,0.707107,1.912,0.15259,0.341048,0.0357108,0.103133,0.0413126,0.0817978,1.22635,-0.975226,-1.34025,-0.324448,-1.28428,-1.16527,0.110722,0.918077,1.02651,1.34025
278,rec2018-05-03_11h38m25.235s.wav,0,2018-05-03#2,gain,1.41421,1.912,0.30518,0.341048,0.0357108,0.103122,0.0413069,0.0817978,1.22635,4.9524,-1.34025,-0.324448,-1.28469,-1.16569,0.110722,1.48636,2.10283,4.9524
278,rec2018-05-03_11h38m25.235s.wav,0,2018-05-03#2,gain,2,1.912,0.43159,0.341048,0.0357108,0.103118,0.0413045,0.0817978,1.22635,9.863,-1.34025,-0.324448,-1.28484,-1.16588,0.110722,2.18792,3.84905,9.863
278,rec2018-05-03_11h38m25.235s.wav,0,2018-05-03#2,noise,30,1.912,0.216571,0.360818,0.0570918,0.177081,0.149981,0.110114,1.22635,1.51021,-0.562146,1.94892,1.41473,6.98868,1.73269,2.19768,2.96995,6.98868
278,rec2018-05-03_11h38m25.235s.wav,0,2018-05-03#2,noise,20,1.912,0.219772,0.371296,0.0619325,0.210606,0.152437,0.10855,1.22635,1.63459,-0.149763,2.46362,2.63837,7.17297,1.64309,2.41839,3.1933,7.17297
278,rec2018-05-03_11h38m25.235s.wav,0,2018-05-03#2,noise,10,1.912,0.236601,0.398203,0.0556603,0.288575,0.1352,0.0730411,1.22635,2.28834,0.909187,1.79671,5.48414,5.87958,-0.390862,2.56788,3.28619,5.87958
278,rec2018-05-03_11h38m25.235s.wav,0,2018-05-03#2,tilt,-0.5,1.912,0.215191,0.303914,0.0360839,0.0577741,0.0237896,0.0540372,1.22635,1.45661,-2.80172,-0.284779,-2.93984,-2.48012,-1.4794,1.80983,2.01915,2.93984
278,rec2018-05-03_11h38m25.235s.wav,0,2018-05-03#2,tilt,0.5,1.912,0.216922,0.40462,0.0328707,0.148648,0.0635598,0.0748932,1.22635,1.52386,1.16175,-0.626423,0.376972,0.504057,-0.284771,0.814883,0.929318,1.52386
278,rec2018-05-03_11h38m25.235s.wav,0,2018-05-03#2,tilt,0.9,1.912,0.217239,0.447093,0.0319808,0.129082,0.0595016,0.0670048,1.22635,1.53618,2.83338,-0.721043,-0.337172,0.199551,-0.73662,1.08433,1.36841,2.83338
279,rec2018-05-03_11h38m46.135s.wav,0,2018-05-03#2,identity,0,2.072,0.223222,0.345539,0.0492215,0.106083,0.0405104,0.0900015,1.83952,1.76861,-1.1635,1.1121,-1.17663,-1.22546,0.580633,1.26664,1.32695,1.83952
279,rec2018-05-03_11h38m46.135s.wav,0,2018-05-03#2,gain,0.5,2.072,0.111611,0.345539,0.0492215,0.106083,0.0405104,0.0900015,1.83952,-2.56712,-1.1635,1.1121,-1.17663,-1.22546,0.580633,1.38071,1.5018,2.56712
279,rec2018-05-03_11h38m46.135s.wav,0,2018-05-03#2,gain,0.707107,2.072,0.157842,0.345539,0.0492215,0.106083,0.0405104,0.0900015,1.83952,-0.771202,-1.1635,1.1121,-1.17663,-1.22546,0.580633,1.12415,1.18276,1.83952
279,rec2018-05-03_11h38m46.135s.wav,0,2018-05-03#2,gain,1.41421,2.072,0.315684,0.345539,0.0492215,0.106083,0.0405104,0.0900015,1.83952,5.36044,-1.1635,1.1121,-1.17663,-1.22546,0.580633,1.77975,2.32784,5.36044
279,rec2018-05-03_11h38m46.135s.wav,0,2018-05-03#2,gain,2,2.072,0.446445,0.345539,0.0492215,0.106083,0.0405104,0.0900015,1.83952,10.4401,-1.1635,1.1121,-1.17663,-1.22546,0.580633,2.50542,4.1091,10.4401
279,rec2018-05-03_11h38m46.135s.wav,0,2018-05-03#2,noise,30,2.072,0.223737,0.357108,0.0587597,0.14962,0.12034,0.10865,1.83952,1.7886,-0.708164,2.12627,0.412445,4.7646,1.64883,1.89835,2.30514,4.7646
279,rec2018-05-03_11h38m46.135s.wav,0,2018-05-03#2,noise,20,2.072,0.226009,0.366508,0.0578023,0.178897,0.125328,0.0997057,1.83952,1.87686,-0.338225,2.02446,1.48101,5.13887,1.13649,1.97649,2.42052,5.13887
279,rec2018-05-03_11h38m46.135s.wav,0,2018-05-03#2,noise,10,2.072,0.240106,0.396249,0.0488089,0.262934,0.113059,0.0609464,1.83952,2.42448,0.832286,1.06823,4.54828,4.21826,-1.08365,2.28782,2.6926,4.54828
279,rec2018-05-03_11h38m46.135s.wav,0,2018-05-03#2,tilt,-0.5,2.072,0.222322,0.306563,0.0453581,0.0609344,0.0263555,0.0752333,1.83952,1.73363,-2.6975,0.701315,-2.8245,-2.28758,-0.265291,1.76419,1.97986,2.8245
279,rec2018-05-03_11h38m46.135s.wav,0,2018-05-03#2,tilt,0.5,2.072,0.224217,0.410502,0.0482508,0.146541,0.0529214,0.0709016,1.83952,1.80723,1.39323,1.00889,0.300052,-0.294197,-0.513413,1.02236,1.19815,1.83952
279,rec2018-05-03_11h38m46.135s.wav,0,2018-05-03#2,tilt,0.9,2.072,0.2236,0.45321,0.0416086,0.126026,0.0465952,0.0511028,1.83952,1.78327,3.07411,0.302643,-0.448716,-0.768884,-1.64749,1.40923,1.67385,3.07411
280,rec2018-05-03_11h39m04.979s.wav,0,2018-05-03#2,identity,0,1.784,0.197812,0.358798,0.0387767,0.133832,0.0541759,0.0716332,0.735808,0.781495,-0.641671,0.00153765,-0.163803,-0.200067,-0.471506,0.427984,0.514513,0.781495
280,rec2018-05-03_11h39m04.979s.wav,0,2018-05-03#2,gain,0.5,1.784,0.098906,0.358798,0.0387767,0.133854,0.0541734,0.0716332,0.735808,-3.06068,-0.641671,0.00153765,-0.162985,-0.200255,-0.471506,0.753491,1.23114,3.06068
280,rec2018-05-03_11h39m04.979s.wav,0,2018-05-03#2,gain,0.707107,1.784,0.139874,0.358798,0.0387767,0.133842,0.0541743,0.0716332,0.735808,-1.4692,-0.641671,0.00153765,-0.163441,-0.200185,-0.471506,0.526192,0.697014,1.4692
280,rec2018-05-03_11h39m04.979s.wav,0,2018-05-03#2,gain,1.41421,1.784,0.279748,0.358798,0.0387767,0.133828,0.0541782,0.0716332,0.735808,3.96445,-0.641671,0.00153765,-0.163969,-0.199894,-0.471506,0.882691,1.55652,3.96445
280,rec2018-05-03_11h39m04.979s.wav,0,2018-05-03#2,gain,2,1.784,0.395624,0.358798,0.0387767,0.133827,0.0541792,0.0716332,0.735808,8.46584,-0.641671,0.00153765,-0.163986,-0.199818,-0.471506,1.52574,3.2274,8.46584
280,rec2018-05-03_11h39m04.979s.wav,0,2018-05-03#2,noise,30,1.784,0.19863,0.378516,0.0550096,0.209279,0.141792,0.0900112,0.735808,0.813294,0.134375,1.72752,2.58994,6.37422,0.58119,1.85091,2.72243,6.37422
280,rec2018-05-03_11h39m04.979s.wav,0,2018-05-03#2,noise,20,1.784,0.201694,0.385707,0.0554557,0.241089,0.143196,0.0826562,0.735808,0.93232,0.417389,1.77496,3.75098,6.47962,0.159892,2.03585,2.94755,6.47962
280,rec2018-05-03_11h39m04.979s.wav,0,2018-05-03#2,noise,10,1.784,0.217255,0.407241,0.050512,0.31743,0.121509,0.0629384,0.735808,1.5368,1.26489,1.24931,6.53736,4.85233,-0.969541,2.44943,3.23565,6.53736
280,rec2018-05-03_11h39m04.979s.wav,0,2018-05-03#2,tilt,-0.5,1.784,0.197195,0.313199,0.0387559,0.0767536,0.0321698,0.0661372,0.735808,0.757528,-2.43631,-0.000674554,-2.24711,-1.8513,-0.786314,1.25929,1.51874,2.43631
280,rec2018-05-03_11h39m04.979s.wav,0,2018-05-03#2,tilt,0.5,1.784,0.198792,0.431707,0.0359093,0.18386,0.0767792,0.0485162,0.735808,0.819586,2.22782,-0.303343,1.66216,1.49598,-1.79565,1.29148,1.43892,2.22782
280,rec2018-05-03_11h39m04.979s.wav,0,2018-05-03#2,tilt,0.9,1.784,0.199002,0.477968,0.0331182,0.156055,0.0668955,0.039468,0.735808,0.827713,4.04851,-0.600107,0.647324,0.754357,-2.31393,1.41825,1.86392,4.04851
281,rec2018-05-03_11h39m23.236s.wav,0,2018-05-03#2,identity,0,1.896,0.193356,0.378488,0.0654419,0.133817,0.0560396,0.0930781,1.16503,0.608385,0.133272,2.83676,-0.164364,-0.0602188,0.756859,0.817841,1.21866,2.83676
281,rec2018-05-03_11h39m23.236s.wav,0,2018-05-03#2,gain,0.5,1.896,0.0966778,0.378488,0.0654419,0.133831,0.0560319,0.0930781,1.16503,-3.14723,0.133272,2.83676,-0.163857,-0.0607983,0.756859,1.18054,1.68738,3.14723
281,rec2018-05-03_11h39m23.236s.wav,0,2018-05-03#2,gain,0.707107,1.896,0.136723,0.378488,0.0654419,0.133824,0.056036,0.0930781,1.16503,-1.5916,0.133272,2.83676,-0.164115,-0.0604933,0.756859,0.958304,1.33945,2.83676
281,rec2018-05-03_11h39m23.236s.wav,0,2018-05-03#2,gain,1.41421,1.896,0.273446,0.378488,0.0654419,0.133812,0.0560427,0.0930781,1.16503,3.71964,0.133272,2.83676,-0.164533,-0.0599913,0.756859,1.2623,1.84629,3.71964
281,rec2018-05-03_11h39m23.236s.wav,0,2018-05-03#2,gain,2,1.896,0.386711,0.378488,0.0654419,0.133808,0.0560456,0.0930781,1.16503,8.11962,0.133272,2.83676,-0.164683,-0.0597744,0.756859,1.89086,3.29402,8.11962
281,rec2018-05-03_11h39m23.236s.wav,0,2018-05-03#2,noise,30,1.896,0.194021,0.384077,0.0600043,0.197652,0.130852,0.0952592,1.16503,0.634226,0.353238,2.2586,2.16555,5.55334,0.881792,1.85882,2.48689,5.55334
281,rec2018-05-03_11h39m23.236s.wav,0,2018-05-03#2,noise,20,1.896,0.196888,0.390389,0.0559916,0.235849,0.141567,0.0907525,1.16503,0.745606,0.601669,1.83194,3.55972,6.35739,0.623652,2.12643,2.90586,6.35739
281,rec2018-05-03_11h39m23.236s.wav,0,2018-05-03#2,noise,10,1.896,0.212103,0.412089,0.0491947,0.317015,0.124948,0.0633171,1.16503,1.33664,1.45572,1.10924,6.52219,5.11034,-0.947852,2.521,3.29602,6.52219
281,rec2018-05-03_11h39m23.236s.wav,0,2018-05-03#2,tilt,-0.5,1.896,0.192551,0.331012,0.0630408,0.0820687,0.036146,0.103166,1.16503,0.577116,-1.73525,2.58146,-2.05311,-1.55294,1.33471,1.57137,1.68072,2.58146
281,rec2018-05-03_11h39m23.236s.wav,0,2018-05-03#2,tilt,0.5,1.896,0.194527,0.44984,0.0605315,0.168508,0.0727712,0.0530443,1.16503,0.653887,2.94146,2.31465,1.10183,1.19524,-1.53628,1.55834,1.72368,2.94146
281,rec2018-05-03_11h39m23.236s.wav,0,2018-05-03#2,tilt,0.9,1.896,0.194715,0.493262,0.0542116,0.138358,0.0611935,0.040642,1.16503,0.661184,4.65042,1.64268,0.00138961,0.3265,-2.24668,1.5277,2.11368,4.65042
282,rec2018-05-03_11h39m41.633s.wav,0,2018-05-03#2,identity,0,1.688,0.2727,0.317765,0.0334379,0.0820043,0.0568154,0.0634092,0.367904,3.69066,-2.25659,-0.566112,-2.05546,-0.00200953,-0.942574,1.41162,1.8625,3.69066
282,rec2018-05-03_11h39m41.633s.wav,0,2018-05-03#2,gain,0.5,1.688,0.13635,0.317765,0.0334379,0.0820251,0.0568978,0.0634092,0.367904,-1.6061,-2.25659,-0.566112,-2.05471,0.00417644,-0.942574,1.11402,1.37518,2.25659
282,rec2018-05-03_11h39m41.633s.wav,0,2018-05-03#2,gain,0.707107,1.688,0.192828,0.317765,0.0334379,0.0820096,0.0568324,0.0634092,0.367904,0.587891,-2.25659,-0.566112,-2.05527,-0.000730408,-0.942574,0.968153,1.25392,2.25659
282,rec2018-05-03_11h39m41.633s.wav,0,2018-05-03#2,gain,1.41421,1.688,0.385656,0.317765,0.0334379,0.0820025,0.0568157,0.0634092,0.367904,8.07863,-2.25659,-0.566112,-2.05553,-0.00198801,-0.942574,2.03848,3.29341,8.07863
282,rec2018-05-03_11h39m41.633s.wav,0,2018-05-03#2,gain,2,1.688,0.5454,0.317765,0.0334379,0.0820006,0.056816,0.0634092,0.367904,14.2842,-2.25659,-0.566112,-2.0556,-0.00196509,-0.942574,2.92499,5.53817,14.2842
282,rec2018-05-03_11h39m41.633s.wav,0,2018-05-03#2,noise,30,1.688,0.273221,0.326029,0.0462636,0.112352,0.10721,0.0887811,0.367904,3.7109,-1.93136,0.797593,-0.947804,3.77935,0.510726,1.72081,2.19464,3.77935
282,rec2018-05-03_11h39m41.633s.wav,0,2018-05-03#2,noise,20,1.688,0.275886,0.340288,0.0511361,0.149121,0.123711,0.0956636,0.367904,3.8144,-1.37018,1.31568,0.394219,5.01753,0.90496,1.88355,2.51973,5.01753
282,rec2018-05-03_11h39m41.633s.wav,0,2018-05-03#2,noise,10,1.688,0.294439,0.38305,0.0501365,0.243902,0.143844,0.0680561,0.367904,4.53514,0.312839,1.20939,3.85365,6.52821,-0.6764,2.49765,3.38461,6.52821
282,rec2018-05-03_11h39m41.633s.wav,0,2018-05-03#2,tilt,-0.5,1.688,0.271156,0.28181,0.0313335,0.0442993,0.0373989,0.0404916,0.367904,3.63066,-3.67169,-0.789873,-3.43166,-1.45894,-2.2553,2.22943,2.57497,3.67169
282,rec2018-05-03_11h39m41.633s.wav,0,2018-05-03#2,tilt,0.5,1.688,0.277248,0.38308,0.031578,0.137233,0.06117,0.039849,0.367904,3.86734,0.314012,-0.763879,-0.0396786,0.324739,-2.29211,1.13852,1.73759,3.86734
282,rec2018-05-03_11h39m41.633s.wav,0,2018-05-03#2,tilt,0.9,1.688,0.279801,0.427508,0.0277699,0.136397,0.0508521,0.0288863,0.367904,3.96651,2.06256,-1.16878,-0.0701792,-0.449468,-2.92005,1.57221,2.07786,3.96651
283,rec2018-05-03_11h40m00.485s.wav,0,2018-05-03#2,identity,0,1.784,0.223261,0.331701,0.0339046,0.11139,0.0586498,0.07594,0.735808,1.77011,-1.70811,-0.516499,-0.982909,0.135638,-0.224811,0.867699,1.06195,1.77011
283,rec2018-05-03_11h40m00.485s.wav,0,2018-05-03#2,gain,0.5,1.784,0.111631,0.331701,0.0339046,0.111439,0.0587618,0.07594,0.735808,-2.56637,-1.70811,-0.516499,-0.981132,0.144043,-0.224811,0.982397,1.27313,2.56637
283,rec2018-05-03_11h40m00.485s.wav,0,2018-05-03#2,gain,0.707107,1.784,0.157869,0.331701,0.0339046,0.11141,0.0586904,0.07594,0.735808,-0.770139,-1.70811,-0.516499,-0.982176,0.138684,-0.224811,0.725176,0.874512,1.70811
283,rec2018-05-03_11h40m00.485s.wav,0,2018-05-03#2,gain,1.41421,1.784,0.315739,0.331701,0.0339046,0.111378,0.0586229,0.07594,0.735808,5.36257,-1.70811,-0.516499,-0.983368,0.133614,-0.224811,1.38068,2.18823,5.36257
283,rec2018-05-03_11h40m00.485s.wav,0,2018-05-03#2,gain,2,1.784,0.446522,0.331701,0.0339046,0.111373,0.0586125,0.07594,0.735808,10.4431,-1.70811,-0.516499,-0.983527,0.132838,-0.224811,2.10638,4.03235,10.4431
283,rec2018-05-03_11h40m00.485s.wav,0,2018-05-03#2,noise,30,1.784,0.224088,0.352324,0.0569753,0.17373,0.146215,0.116145,0.735808,1.80225,-0.896479,1.93653,1.29244,6.70616,2.07814,2.20683,2.91069,6.70616
283,rec2018-05-03_11h40m00.485s.wav,0,2018-05-03#2,noise,20,1.784,0.227266,0.36182,0.0605174,0.206657,0.153868,0.115916,0.735808,1.92568,-0.522737,2.31315,2.49423,7.28034,2.065,2.47671,3.23733,7.28034
283,rec2018-05-03_11h40m00.485s.wav,0,2018-05-03#2,noise,10,1.784,0.244138,0.389567,0.0537006,0.282924,0.136,0.0784794,0.735808,2.5811,0.56932,1.58835,5.2779,5.93966,-0.0793519,2.39593,3.23359,5.93966
283,rec2018-05-03_11h40m00.485s.wav,0,2018-05-03#2,tilt,-0.5,1.784,0.222804,0.295211,0.0334055,0.0612085,0.033123,0.0489986,0.735808,1.75237,-3.14428,-0.569558,-2.81449,-1.77978,-1.76802,1.7949,2.00135,3.14428
283,rec2018-05-03_11h40m00.485s.wav,0,2018-05-03#2,tilt,0.5,1.784,0.224127,0.395804,0.0332668,0.167134,0.0886816,0.062269,0.735808,1.80375,0.814791,-0.584305,1.05167,2.38908,-1.00789,1.19819,1.34323,2.38908
283,rec2018-05-03_11h40m00.485s.wav,0,2018-05-03#2,tilt,0.9,1.784,0.224362,0.439947,0.0308324,0.148624,0.0818675,0.055694,0.735808,1.81286,2.55212,-0.843156,0.376072,1.87779,-1.38451,1.3689,1.54164,2.55212
284,rec2018-05-03_11h40m20.470s.wav,0,2018-05-03#2,identity,0,1.848,0.21212,0.345471,0.0255703,0.110934,0.047382,0.077939,0.981077,1.3373,-1.16616,-1.40265,-0.999561,-0.709847,-0.110309,0.95813,1.04153,1.40265
284,rec2018-05-03_11h40m20.470s.wav,0,2018-05-03#2,gain,0.5,1.848,0.10606,0.345471,0.0255703,0.110945,0.0473775,0.077939,0.981077,-2.78277,-1.16616,-1.40265,-0.999141,-0.710188,-0.110309,1.16461,1.39122,2.78277
284,rec2018-05-03_11h40m20.470s.wav,0,2018-05-03#2,gain,0.707107,1.848,0.149991,0.345471,0.0255703,0.110939,0.0473804,0.077939,0.981077,-1.07618,-1.16616,-1.40265,-0.999391,-0.70997,-0.110309,0.92082,0.997356,1.40265
284,rec2018-05-03_11h40m20.470s.wav,0,2018-05-03#2,gain,1.41421,1.848,0.299983,0.345471,0.0255703,0.110931,0.0473816,0.077939,0.981077,4.75049,-1.16616,-1.40265,-0.99966,-0.709877,-0.110309,1.44575,2.01326,4.75049
284,rec2018-05-03_11h40m20.470s.wav,0,2018-05-03#2,gain,2,1.848,0.424239,0.345471,0.0255703,0.110929,0.0473813,0.077939,0.981077,9.57746,-1.16616,-1.40265,-0.99976,-0.709903,-0.110309,2.13533,3.73273,9.57746
284,rec2018-05-03_11h40m20.470s.wav,0,2018-05-03#2,noise,30,1.848,0.212844,0.362583,0.0536027,0.174386,0.138688,0.111835,0.981077,1.36544,-0.492701,1.57793,1.31637,6.14133,1.83126,1.95801,2.62847,6.14133
284,rec2018-05-03_11h40m20.470s.wav,0,2018-05-03#2,noise,20,1.848,0.215766,0.371955,0.0568885,0.210501,0.14748,0.110158,0.981077,1.47895,-0.123846,1.92731,2.63452,6.80104,1.73517,2.24027,3.00203,6.80104
284,rec2018-05-03_11h40m20.470s.wav,0,2018-05-03#2,noise,10,1.848,0.231461,0.399382,0.0509876,0.290808,0.132592,0.0728246,0.981077,2.08864,0.955584,1.29988,5.56566,5.68394,-0.403264,2.42544,3.19317,5.68394
284,rec2018-05-03_11h40m20.470s.wav,0,2018-05-03#2,tilt,-0.5,1.848,0.211825,0.309012,0.0256145,0.0628437,0.0281289,0.0511313,0.981077,1.32586,-2.60111,-1.39795,-2.75481,-2.15451,-1.64586,1.83731,1.94129,2.75481
284,rec2018-05-03_11h40m20.470s.wav,0,2018-05-03#2,tilt,0.5,1.848,0.212683,0.407342,0.026344,0.153123,0.0646876,0.0618221,0.981077,1.3592,1.2689,-1.32039,0.540306,0.58868,-1.03348,1.01315,1.06033,1.3592
284,rec2018-05-03_11h40m20.470s.wav,0,2018-05-03#2,tilt,0.9,1.848,0.212878,0.447403,0.0288323,0.128676,0.0557608,0.0520424,0.981077,1.36676,2.84556,-1.05582,-0.351977,-0.0811438,-1.59367,1.18229,1.44977,2.84556
285,rec2018-05-03_11h40m45.441s.wav,0,2018-05-03#2,identity,0,1.704,0.213957,0.345923,0.0344821,0.105012,0.0457168,0.0749632,0.429221,1.40869,-1.1484,-0.455087,-1.21569,-0.834793,-0.280763,0.824664,0.921814,1.40869
285,rec2018-05-03_11h40m45.441s.wav,0,2018-05-03#2,gain,0.5,1.704,0.106979,0.345923,0.0344821,0.105015,0.0457205,0.0749632,0.429221,-2.74708,-1.1484,-0.455087,-1.2156,-0.834519,-0.280763,1.01581,1.28227,2.74708
285,rec2018-05-03_11h40m45.441s.wav,0,2018-05-03#2,gain,0.707107,1.704,0.151291,0.345923,0.0344821,0.105012,0.0457169,0.0749632,0.429221,-1.0257,-1.1484,-0.455088,-1.21569,-0.834793,-0.280763,0.769951,0.846492,1.21569
285,rec2018-05-03_11h40m45.441s.wav,0,2018-05-03#2,gain,1.41421,1.704,0.302581,0.345923,0.0344821,0.105012,0.0457169,0.0749632,0.429221,4.85144,-1.1484,-0.455088,-1.21569,-0.834793,-0.280763,1.31649,1.98207,4.85144
285,rec2018-05-03_11h40m45.441s.wav,0,2018-05-03#2,gain,2,1.704,0.427915,0.345923,0.0344821,0.105012,0.0457169,0.0749632,0.429221,9.72023,-1.1484,-0.455087,-1.21569,-0.834793,-0.280763,2.01203,3.75017,9.72023
285,rec2018-05-03_11h40m45.441s.wav,0,2018-05-03#2,noise,30,1.704,0.214647,0.363071,0.0554819,0.170578,0.138463,0.109261,0.429221,1.4355,-0.473487,1.77774,1.17741,6.12442,1.68383,1.87166,2.60109,6.12442
285,rec2018-05-03_11h40m45.441s.wav,0,2018-05-03#2,noise,20,1.704,0.217635,0.372464,0.0586283,0.206945,0.146171,0.109508,0.429221,1.55155,-0.103823,2.1123,2.50474,6.70283,1.69799,2.15749,2.9556,6.70283
285,rec2018-05-03_11h40m45.441s.wav,0,2018-05-03#2,noise,10,1.704,0.23377,0.399801,0.0515513,0.289738,0.129142,0.0733956,0.429221,2.17835,0.972097,1.35982,5.52661,5.42503,-0.370553,2.3231,3.113,5.52661
285,rec2018-05-03_11h40m45.441s.wav,0,2018-05-03#2,tilt,-0.5,1.704,0.213548,0.30977,0.0347267,0.0595358,0.0271091,0.0500195,0.429221,1.39278,-2.57128,-0.429087,-2.87554,-2.23103,-1.70954,1.66264,1.89316,2.87554
285,rec2018-05-03_11h40m45.441s.wav,0,2018-05-03#2,tilt,0.5,1.704,0.214752,0.407315,0.0315478,0.147079,0.0641807,0.0646931,0.429221,1.43956,1.26783,-0.767082,0.319698,0.550651,-0.869034,0.806155,0.895468,1.43956
285,rec2018-05-03_11h40m45.441s.wav,0,2018-05-03#2,tilt,0.9,1.704,0.215029,0.447003,0.0292514,0.125208,0.0562358,0.0581744,0.429221,1.45034,2.82983,-1.01125,-0.478566,-0.0454963,-1.24242,1.06959,1.36764,2.82983
286,rec2018-05-03_11h41m04.101s.wav,0,2018-05-03#2,identity,0,1.784,0.221816,0.34527,0.0540585,0.0934495,0.0439122,0.0822738,0.735808,1.71398,-1.17407,1.62641,-1.63773,-0.970209,0.137988,1.14231,1.26182,1.71398
286,rec2018-05-03_11h41m04.101s.wav,0,2018-05-03#2,gain,0.5,1.784,0.110908,0.34527,0.0540585,0.0934521,0.0439091,0.0822738,0.735808,-2.59444,-1.17407,1.62641,-1.63763,-0.970442,0.137988,1.26811,1.46086,2.59444
286,rec2018-05-03_11h41m04.101s.wav,0,2018-05-03#2,gain,0.707107,1.784,0.156848,0.34527,0.0540585,0.0934504,0.043911,0.0822738,0.735808,-0.809832,-1.17407,1.62641,-1.63769,-0.970298,0.137988,1.01316,1.12526,1.63769
286,rec2018-05-03_11h41m04.101s.wav,0,2018-05-03#2,gain,1.41421,1.784,0.313695,0.34527,0.0540585,0.0934485,0.0439133,0.0822738,0.735808,5.28318,-1.17407,1.62641,-1.63776,-0.970121,0.137988,1.65219,2.27155,5.28318
286,rec2018-05-03_11h41m04.101s.wav,0,2018-05-03#2,gain,2,1.784,0.443632,0.34527,0.0540585,0.0934477,0.0439143,0.0822738,0.735808,10.3308,-1.17407,1.62641,-1.63779,-0.970049,0.137988,2.37327,4.05204,10.3308
286,rec2018-05-03_11h41m04.101s.wav,0,2018-05-03#2,noise,30,1.784,0.222439,0.353368,0.0560001,0.146858,0.134237,0.112064,0.735808,1.73817,-0.855381,1.83284,0.311642,5.80736,1.84436,1.87508,2.53202,5.80736
286,rec2018-05-03_11h41m04.101s.wav,0,2018-05-03#2,noise,20,1.784,0.225321,0.363787,0.0557845,0.181908,0.149368,0.113907,0.735808,1.85014,-0.445307,1.80992,1.59094,6.94272,1.94996,2.18926,2.97545,6.94272
286,rec2018-05-03_11h41m04.101s.wav,0,2018-05-03#2,noise,10,1.784,0.241609,0.394686,0.0488906,0.266117,0.135892,0.081275,0.735808,2.48286,0.770796,1.07692,4.66446,5.93156,0.0807777,2.24903,3.05677,5.93156
286,rec2018-05-03_11h41m04.101s.wav,0,2018-05-03#2,tilt,-0.5,1.784,0.221327,0.311011,0.0494438,0.0549406,0.0330145,0.0729561,0.735808,1.695,-2.52243,1.13574,-3.04326,-1.78792,-0.395729,1.61655,1.83932,3.04326
286,rec2018-05-03_11h41m04.101s.wav,0,2018-05-03#2,tilt,0.5,1.784,0.222635,0.402892,0.0523884,0.129014,0.0540216,0.0668057,0.735808,1.74577,1.09373,1.44883,-0.339673,-0.21164,-0.748025,0.903354,1.04226,1.74577
286,rec2018-05-03_11h41m04.101s.wav,0,2018-05-03#2,tilt,0.9,1.784,0.222699,0.440618,0.0456337,0.110847,0.0472213,0.054174,0.735808,1.74828,2.57853,0.730626,-1.00275,-0.721904,-1.47157,1.28421,1.43789,2.57853
287,rec2018-05-03_11h41m23.831s.wav,0,2018-05-03#2,identity,0,1.688,0.231367,0.332058,0.0312082,0.093865,0.0387505,0.0621999,0.367904,2.08502,-1.69406,-0.803192,-1.62256,-1.35751,-1.01184,1.27744,1.38858,2.08502
287,rec2018-05-03_11h41m23.831s.wav,0,2018-05-03#2,gain,0.5,1.688,0.115684,0.332058,0.0312082,0.0938763,0.038753,0.0621999,0.367904,-2.40892,-1.69406,-0.803192,-1.62215,-1.35733,-1.01184,1.32363,1.46144,2.40892
287,rec2018-05-03_11h41m23.831s.wav,0,2018-05-03#2,gain,0.707107,1.688,0.163602,0.332058,0.0312082,0.0938695,0.0387511,0.0621999,0.367904,-0.547467,-1.69406,-0.803192,-1.6224,-1.35747,-1.01184,1.05776,1.16182,1.69406
287,rec2018-05-03_11h41m23.831s.wav,0,2018-05-03#2,gain,1.41421,1.688,0.327203,0.332058,0.0312082,0.0938605,0.0387501,0.0621999,0.367904,5.80791,-1.69406,-0.803192,-1.62272,-1.35755,-1.01184,1.80931,2.47508,5.80791
287,rec2018-05-03_11h41m23.831s.wav,0,2018-05-03#2,gain,2,1.688,0.462735,0.332058,0.0312082,0.0938568,0.03875,0.0621999,0.367904,11.0729,-1.69406,-0.803192,-1.62286,-1.35755,-1.01184,2.56147,4.33852,11.0729
287,rec2018-05-03_11h41m23.831s.wav,0,2018-05-03#2,noise,30,1.688,0.231916,0.34604,0.0451074,0.139924,0.118462,0.100515,0.367904,2.10632,-1.1438,0.674664,0.0585549,4.62368,1.18286,1.45111,2.03948,4.62368
287,rec2018-05-03_11h41m23.831s.wav,0,2018-05-03#2,noise,20,1.688,0.234617,0.359254,0.0524749,0.176598,0.135622,0.10742,0.367904,2.21125,-0.623733,1.45802,1.3971,5.91129,1.57836,1.93538,2.58916,5.91129
287,rec2018-05-03_11h41m23.831s.wav,0,2018-05-03#2,noise,10,1.688,0.250719,0.391766,0.0487228,0.259636,0.123705,0.073343,0.367904,2.83676,0.655861,1.05907,4.42792,5.01709,-0.373568,2.10545,2.79417,5.01709
287,rec2018-05-03_11h41m23.831s.wav,0,2018-05-03#2,tilt,-0.5,1.688,0.230823,0.297343,0.031076,0.0515901,0.0218097,0.0430862,0.367904,2.06385,-3.06035,-0.817254,-3.16555,-2.62867,-2.10668,2.03004,2.26139,3.16555
287,rec2018-05-03_11h41m23.831s.wav,0,2018-05-03#2,tilt,0.5,1.688,0.232309,0.393855,0.0279198,0.140418,0.0597366,0.0555991,0.367904,2.12159,0.738062,-1.15283,0.0765752,0.217184,-1.38994,0.866298,1.10164,2.12159
287,rec2018-05-03_11h41m23.831s.wav,0,2018-05-03#2,tilt,0.9,1.688,0.232422,0.43607,0.0242967,0.124847,0.0541965,0.0470048,0.367904,2.12598,2.39952,-1.53807,-0.491734,-0.198522,-1.88222,1.28628,1.54006,2.39952
288,rec2018-05-03_11h41m45.507s.wav,0,2018-05-03#2,identity,0,1.688,0.264969,0.34422,0.065196,0.101891,0.0598388,0.0973276,0.367904,3.39034,-1.2154,2.81062,-1.32963,0.22485,1.00027,1.477,1.8449,3.39034
288,rec2018-05-03_11h41m45.507s.wav,0,2018-05-03#2,gain,0.5,1.688,0.132485,0.34422,0.065196,0.101894,0.0598402,0.0973276,0.367904,-1.75625,-1.2154,2.81062,-1.3295,0.224955,1.00027,1.24356,1.48397,2.81062
288,rec2018-05-03_11h41m45.507s.wav,0,2018-05-03#2,gain,0.707107,1.688,0.187362,0.34422,0.065196,0.101891,0.0598389,0.0973276,0.367904,0.375537,-1.2154,2.81062,-1.32961,0.224859,1.00027,1.04631,1.33482,2.81062
288,rec2018-05-03_11h41m45.507s.wav,0,2018-05-03#2,gain,1.41421,1.688,0.374723,0.34422,0.065196,0.101891,0.0598388,0.0973276,0.367904,7.65392,-1.2154,2.81062,-1.32963,0.22485,1.00027,2.08608,3.18285,7.65392
288,rec2018-05-03_11h41m45.507s.wav,0,2018-05-03#2,gain,2,1.688,0.529939,0.34422,0.065196,0.101891,0.0598388,0.0973276,0.367904,13.6835,-1.2154,2.81062,-1.32963,0.22485,1.00027,2.94746,5.33948,13.6835
288,rec2018-05-03_11h41m45.507s.wav,0,2018-05-03#2,noise,30,1.688,0.265875,0.359899,0.0669678,0.150417,0.119689,0.09947,0.367904,3.42552,-0.598321,2.999,0.441538,4.71571,1.12299,1.953,2.53308,4.71571
288,rec2018-05-03_11h41m45.507s.wav,0,2018-05-03#2,noise,20,1.688,0.26972,0.373132,0.0710872,0.195503,0.145538,0.0935956,0.367904,3.5749,-0.0775318,3.437,2.08712,6.65533,0.786505,2.42661,3.25142,6.65533
288,rec2018-05-03_11h41m45.507s.wav,0,2018-05-03#2,noise,10,1.688,0.292276,0.406688,0.0638032,0.284017,0.148628,0.0616443,0.367904,4.45111,1.24315,2.66252,5.31781,6.8872,-1.04367,3.13905,3.88006,6.8872
288,rec2018-05-03_11h41m45.507s.wav,0,2018-05-03#2,tilt,-0.5,1.688,0.258567,0.300558,0.0610529,0.0609462,0.0415364,0.0978419,0.367904,3.14162,-2.93381,2.37009,-2.82406,-1.14847,1.02973,1.97367,2.22275,3.14162
288,rec2018-05-03_11h41m45.507s.wav,0,2018-05-03#2,tilt,0.5,1.688,0.282226,0.417279,0.0601173,0.140791,0.0575326,0.0711114,0.367904,4.06072,1.65996,2.27061,0.0901869,0.0518033,-0.501392,1.28608,1.88218,4.06072
288,rec2018-05-03_11h41m45.507s.wav,0,2018-05-03#2,tilt,0.9,1.688,0.28804,0.469871,0.04733,0.145937,0.0703371,0.0636648,0.367904,4.28656,3.72983,0.910986,0.278025,1.01259,-0.927934,1.64483,2.24293,4.28656
289,rec2018-05-03_11h42m07.338s.wav,0,2018-05-03#2,identity,0,1.816,0.217067,0.33313,0.0422808,0.102462,0.0456382,0.0774356,0.858443,1.52948,-1.65189,0.374119,-1.30877,-0.840693,-0.139145,0.957507,1.0944,1.65189
289,rec2018-05-03_11h42m07.338s.wav,0,2018-05-03#2,gain,0.5,1.816,0.108533,0.33313,0.0422808,0.102469,0.0456311,0.0774356,0.858443,-2.68668,-1.65189,0.374119,-1.30853,-0.841225,-0.139145,1.12286,1.3765,2.68668
289,rec2018-05-03_11h42m07.338s.wav,0,2018-05-03#2,gain,0.707107,1.816,0.153489,0.33313,0.0422808,0.102465,0.0456347,0.0774356,0.858443,-0.940288,-1.65189,0.374119,-1.30865,-0.840959,-0.139145,0.873357,0.99491,1.65189
289,rec2018-05-03_11h42m07.338s.wav,0,2018-05-03#2,gain,1.41421,1.816,0.306979,0.33313,0.0422808,0.102459,0.0456415,0.0774356,0.858443,5.02227,-1.65189,0.374119,-1.30888,-0.840446,-0.139145,1.45646,2.11348,5.02227
289,rec2018-05-03_11h42m07.338s.wav,0,2018-05-03#2,gain,2,1.816,0.434134,0.33313,0.0422808,0.102458,0.0456429,0.0774356,0.858443,9.96182,-1.65189,0.374119,-1.30892,-0.840339,-0.139145,2.1621,3.87818,9.96182
289,rec2018-05-03_11h42m07.338s.wav,0,2018-05-03#2,noise,30,1.816,0.217601,0.353214,0.0526457,0.151569,0.122421,0.106507,0.858443,1.55025,-0.861448,1.47618,0.48359,4.9207,1.52609,1.6681,2.16589,4.9207
289,rec2018-05-03_11h42m07.338s.wav,0,2018-05-03#2,noise,20,1.816,0.220115,0.365907,0.0561953,0.188802,0.1341,0.108813,0.858443,1.64791,-0.36189,1.8536,1.84256,5.79703,1.65813,2.00279,2.58483,5.79703
289,rec2018-05-03_11h42m07.338s.wav,0,2018-05-03#2,noise,10,1.816,0.235261,0.396226,0.0514468,0.275867,0.125448,0.0761451,0.858443,2.23627,0.831372,1.34871,5.02032,5.14784,-0.213065,2.23657,2.92763,5.14784
289,rec2018-05-03_11h42m07.338s.wav,0,2018-05-03#2,tilt,-0.5,1.816,0.216737,0.297892,0.0408566,0.0575706,0.0256554,0.0460874,0.858443,1.51666,-3.03876,0.222692,-2.94727,-2.34011,-1.93477,1.83696,2.078,3.03876
289,rec2018-05-03_11h42m07.338s.wav,0,2018-05-03#2,tilt,0.5,1.816,0.217401,0.395513,0.0418247,0.145054,0.0649984,0.0752391,0.858443,1.54248,0.803331,0.32562,0.245785,0.612004,-0.264961,0.66466,0.79036,1.54248
289,rec2018-05-03_11h42m07.338s.wav,0,2018-05-03#2,tilt,0.9,1.816,0.217128,0.43954,0.0380017,0.12679,0.0572844,0.0684858,0.858443,1.53187,2.53609,-0.0808656,-0.420835,0.0331814,-0.651787,0.873296,1.20267,2.53609
290,rec2018-05-03_11h42m25.033s.wav,0,2018-05-03#2,identity,0,2.152,0.198551,0.362224,0.0362625,0.13119,0.0817906,0.0908196,2.14611,0.810207,-0.506838,-0.265789,-0.26024,1.87201,0.627491,0.926955,1.16837,2.14611
290,rec2018-05-03_11h42m25.033s.wav,0,2018-05-03#2,gain,0.5,2.152,0.0992755,0.362224,0.0362625,0.131239,0.0819452,0.0908196,2.14611,-3.04632,-0.506838,-0.265789,-0.258438,1.88362,0.627491,1.2478,1.61342,3.04632
290,rec2018-05-03_11h42m25.033s.wav,0,2018-05-03#2,gain,0.707107,2.152,0.140397,0.362224,0.0362625,0.131204,0.0818401,0.0908196,2.14611,-1.44889,-0.506838,-0.265789,-0.259738,1.87573,0.627491,1.01866,1.25426,2.14611
290,rec2018-05-03_11h42m25.033s.wav,0,2018-05-03#2,gain,1.41421,2.152,0.280794,0.362224,0.0362625,0.13119,0.0817906,0.0908196,2.14611,4.00506,-0.506838,-0.265789,-0.26024,1.87201,0.627491,1.38336,1.88754,4.00506
290,rec2018-05-03_11h42m25.033s.wav,0,2018-05-03#2,gain,2,2.152,0.397102,0.362224,0.0362625,0.13119,0.0817906,0.0908196,2.14611,8.52326,-0.506838,-0.265789,-0.26024,1.87201,0.627491,2.02882,3.41311,8.52326
290,rec2018-05-03_11h42m25.033s.wav,0,2018-05-03#2,noise,30,2.152,0.199072,0.372383,0.0418839,0.163389,0.127524,0.0908939,2.14611,0.830428,-0.107017,0.331915,0.914985,5.3036,0.631747,1.46654,2.22908,5.3036
290,rec2018-05-03_11h42m25.033s.wav,0,2018-05-03#2,noise,20,2.152,0.201191,0.382328,0.0426121,0.19427,0.12796,0.080267,2.14611,0.912781,0.284397,0.409342,2.0421,5.33634,0.023037,1.59344,2.34017,5.33634
290,rec2018-05-03_11h42m25.033s.wav,0,2018-05-03#2,noise,10,2.152,0.214232,0.409753,0.0397514,0.282688,0.120441,0.0549051,2.14611,1.41938,1.36378,0.105178,5.26927,4.77216,-1.42969,2.35794,2.95379,5.26927
290,rec2018-05-03_11h42m25.033s.wav,0,2018-05-03#2,tilt,-0.5,2.152,0.198432,0.320947,0.0307099,0.0791134,0.0562511,0.0768695,2.14611,0.805568,-2.13137,-0.856178,-2.16098,-0.0443497,-0.171567,1.18802,1.47511,2.16098
290,rec2018-05-03_11h42m25.033s.wav,0,2018-05-03#2,tilt,0.5,2.152,0.198625,0.427378,0.0411862,0.159712,0.0816836,0.0678263,2.14611,0.813081,2.05744,0.257735,0.780776,1.86399,-0.689567,1.22981,1.42056,2.14611
290,rec2018-05-03_11h42m25.033s.wav,0,2018-05-03#2,tilt,0.9,2.152,0.19852,0.467741,0.0411533,0.127394,0.0607826,0.0572573,2.14611,0.808998,3.64601,0.254234,-0.398789,0.295667,-1.29496,1.26354,1.71305,3.64601
291,rec2018-05-03_11h42m42.981s.wav,0,2018-05-03#2,identity,0,1.88,0.209853,0.335767,0.0454182,0.0994508,0.0600876,0.0851539,1.10371,1.24925,-1.54808,0.707704,-1.41869,0.243522,0.302964,0.939132,1.0583,1.54808
291,rec2018-05-03_11h42m42.981s.wav,0,2018-05-03#2,gain,0.5,1.88,0.104926,0.335767,0.0454182,0.0994892,0.0602477,0.0851539,1.10371,-2.8268,-1.54808,0.707704,-1.41728,0.255534,0.302964,1.16601,1.42789,2.8268
291,rec2018-05-03_11h42m42.981s.wav,0,2018-05-03#2,gain,0.707107,1.88,0.148388,0.335767,0.0454182,0.0994675,0.0601583,0.0851539,1.10371,-1.13844,-1.54808,0.707704,-1.41807,0.248825,0.302964,0.923972,1.04035,1.54808
291,rec2018-05-03_11h42m42.981s.wav,0,2018-05-03#2,gain,1.41421,1.88,0.296777,0.335767,0.0454182,0.099446,0.0600683,0.0851539,1.10371,4.62596,-1.54808,0.707704,-1.41886,0.24207,0.302964,1.42134,1.98849,4.62596
291,rec2018-05-03_11h42m42.981s.wav,0,2018-05-03#2,gain,2,1.88,0.419706,0.335767,0.0454182,0.0994457,0.0600687,0.0851539,1.10371,9.40135,-1.54808,0.707704,-1.41887,0.2421,0.302964,2.10354,3.67743,9.40135
291,rec2018-05-03_11h42m42.981s.wav,0,2018-05-03#2,noise,30,1.88,0.210309,0.355878,0.0396157,0.142235,0.113573,0.104856,1.10371,1.26695,-0.756605,0.0907447,0.142897,4.25681,1.43151,1.29275,1.83591,4.25681
291,rec2018-05-03_11h42m42.981s.wav,0,2018-05-03#2,noise,20,1.88,0.212601,0.36986,0.044848,0.184238,0.13533,0.113705,1.10371,1.35601,-0.206296,0.647075,1.67596,5.88937,1.9384,1.83097,2.52895,5.88937
291,rec2018-05-03_11h42m42.981s.wav,0,2018-05-03#2,noise,10,1.88,0.22684,0.401041,0.042866,0.270893,0.134797,0.0760873,1.10371,1.90914,1.0209,0.436345,4.83877,5.84939,-0.216377,2.19638,3.01831,5.84939
291,rec2018-05-03_11h42m42.981s.wav,0,2018-05-03#2,tilt,-0.5,1.88,0.209828,0.302811,0.0406746,0.0572454,0.0368022,0.0585192,1.10371,1.24828,-2.84514,0.203332,-2.95914,-1.50371,-1.22268,1.58371,1.82933,2.95914
291,rec2018-05-03_11h42m42.981s.wav,0,2018-05-03#2,tilt,0.5,1.88,0.209753,0.393004,0.0482163,0.132735,0.071035,0.0847372,1.10371,1.24537,0.704585,1.00522,-0.203844,1.06497,0.279093,0.800969,0.888789,1.24537
291,rec2018-05-03_11h42m42.981s.wav,0,2018-05-03#2,tilt,0.9,1.88,0.209591,0.431929,0.0435489,0.111813,0.0553385,0.0713743,1.10371,1.23909,2.23653,0.508955,-0.967469,-0.112827,-0.486337,0.950703,1.14642,2.23653
292,rec2018-05-03_11h43m01.074s.wav,0,2018-05-03#2,identity,0,1.848,0.192761,0.363724,0.0577896,0.127242,0.0606978,0.107623,0.981077,0.58528,-0.447803,2.02312,-0.40435,0.289307,1.59,0.902991,1.09374,2.02312
292,rec2018-05-03_11h43m01.074s.wav,0,2018-05-03#2,gain,0.5,1.848,0.0963805,0.363724,0.0577896,0.127259,0.0607143,0.107623,0.981077,-3.15878,-0.447803,2.02312,-0.403709,0.290543,1.59,1.27072,1.60399,3.15878
292,rec2018-05-03_11h43m01.074s.wav,0,2018-05-03#2,gain,0.707107,1.848,0.136303,0.363724,0.0577896,0.127249,0.0606987,0.107623,0.981077,-1.60794,-0.447803,2.02312,-0.404083,0.289373,1.59,1.04906,1.23153,2.02312
292,rec2018-05-03_11h43m01.074s.wav,0,2018-05-03#2,gain,1.41421,1.848,0.272605,0.363724,0.0577896,0.127235,0.0606963,0.107623,0.981077,3.68696,-0.447803,2.02312,-0.404599,0.289191,1.59,1.34611,1.75764,3.68696
292,rec2018-05-03_11h43m01.074s.wav,0,2018-05-03#2,gain,2,1.848,0.385522,0.363724,0.0577896,0.127228,0.0606947,0.107623,0.981077,8.07341,-0.447803,2.02312,-0.404843,0.289074,1.59,1.97276,3.23401,8.07341
292,rec2018-05-03_11h43m01.074s.wav,0,2018-05-03#2,noise,30,1.848,0.193168,0.374233,0.0560763,0.173002,0.113507,0.0978656,0.981077,0.601091,-0.0341874,1.84095,1.26585,4.25189,1.03109,1.42945,1.90706,4.25189
292,rec2018-05-03_11h43m01.074s.wav,0,2018-05-03#2,noise,20,1.848,0.195164,0.385246,0.0506069,0.208718,0.120468,0.0764195,0.981077,0.67862,0.399235,1.2594,2.56946,4.7742,-0.197348,1.55133,2.15813,4.7742
292,rec2018-05-03_11h43m01.074s.wav,0,2018-05-03#2,noise,10,1.848,0.207667,0.411817,0.0436306,0.297122,0.115366,0.0540852,0.981077,1.16434,1.44499,0.517639,5.79612,4.39138,-1.47665,2.25317,2.9212,5.79612
292,rec2018-05-03_11h43m01.074s.wav,0,2018-05-03#2,tilt,-0.5,1.848,0.19211,0.320383,0.0515215,0.0771713,0.0398521,0.102524,0.981077,0.559984,-2.15358,1.35665,-2.23186,-1.27485,1.2979,1.40799,1.51401,2.23186
292,rec2018-05-03_11h43m01.074s.wav,0,2018-05-03#2,tilt,0.5,1.848,0.193073,0.431326,0.0629948,0.155726,0.0703203,0.0908056,0.981077,0.597414,2.21281,2.57657,0.635286,1.01134,0.62669,1.23445,1.44784,2.57657
292,rec2018-05-03_11h43m01.074s.wav,0,2018-05-03#2,tilt,0.9,1.848,0.192269,0.474561,0.0597958,0.125713,0.0581242,0.0758553,0.981077,0.566152,3.91441,2.23643,-0.460141,0.0961972,-0.229662,1.21201,1.76801,3.91441
293,rec2018-05-03_11h43m19.240s.wav,0,2018-05-03#2,identity,0,1.592,0.205527,0.361884,0.0460837,0.125458,0.0448861,0.0545398,2.55285e-15,1.08121,-0.520192,0.778471,-0.46943,-0.897125,-1.45062,0.742436,0.859828,1.45062
293,rec2018-05-03_11h43m19.240s.wav,0,2018-05-03#2,gain,0.5,1.592,0.102764,0.361884,0.0460837,0.125473,0.0449323,0.0545398,2.55285e-15,-2.91082,-0.520192,0.778471,-0.468903,-0.893665,-1.45062,1.00324,1.33482,2.91082
293,rec2018-05-03_11h43m19.240s.wav,0,2018-05-03#2,gain,0.707107,1.592,0.14533,0.361884,0.0460837,0.125466,0.044909,0.0545398,2.55285e-15,-1.25726,-0.520192,0.778471,-0.469168,-0.895408,-1.45062,0.767303,0.893108,1.45062
293,rec2018-05-03_11h43m19.240s.wav,0,2018-05-03#2,gain,1.41421,1.592,0.29066,0.361884,0.0460837,0.125451,0.0448636,0.0545398,2.55285e-15,4.38832,-0.520192,0.778471,-0.469692,-0.898817,-1.45062,1.21516,1.82313,4.38832
293,rec2018-05-03_11h43m19.240s.wav,0,2018-05-03#2,gain,2,1.592,0.411055,0.361884,0.0460837,0.125445,0.0448428,0.0545398,2.55285e-15,9.06527,-0.520192,0.778471,-0.469935,-0.900376,-1.45062,1.88355,3.509,9.06527
293,rec2018-05-03_11h43m19.240s.wav,0,2018-05-03#2,noise,30,1.592,0.206313,0.375782,0.0617598,0.182551,0.120329,0.0782703,2.55285e-15,1.11175,0.0267862,2.44526,1.6144,4.76374,-0.0913296,1.43618,2.15552,4.76374
293,rec2018-05-03_11h43m19.240s.wav,0,2018-05-03#2,noise,20,1.592,0.209357,0.3846,0.0645278,0.222814,0.130973,0.0804651,2.55285e-15,1.23,0.373836,2.73956,3.08396,5.56243,0.0343874,1.8606,2.66218,5.56243
293,rec2018-05-03_11h43m19.240s.wav,0,2018-05-03#2,noise,10,1.592,0.225476,0.407709,0.0589825,0.304848,0.119069,0.0647994,2.55285e-15,1.85614,1.28334,2.14995,6.07811,4.6692,-0.862946,2.41424,3.14425,6.07811
293,rec2018-05-03_11h43m19.240s.wav,0,2018-05-03#2,tilt,-0.5,1.592,0.204168,0.317889,0.0464139,0.0737734,0.0317821,0.0732218,2.55285e-15,1.02841,-2.25173,0.81358,-2.35588,-1.88039,-0.380508,1.24436,1.51283,2.35588
293,rec2018-05-03_11h43m19.240s.wav,0,2018-05-03#2,tilt,0.5,1.592,0.207822,0.432601,0.0374377,0.168778,0.0589626,0.0275594,2.55285e-15,1.17037,2.26302,-0.14083,1.11168,0.159103,-2.99606,1.12015,1.54681,2.99606
293,rec2018-05-03_11h43m19.240s.wav,0,2018-05-03#2,tilt,0.9,1.592,0.208403,0.478122,0.0277779,0.144998,0.0573097,0.0233239,2.55285e-15,1.19294,4.05457,-1.16793,0.243733,0.0350769,-3.23866,1.41899,2.06246,4.05457
294,rec2018-05-03_11h43m36.628s.wav,0,2018-05-03#2,identity,0,2.056,0.197715,0.36198,0.0441588,0.124305,0.0540202,0.0890098,1.7782,0.777731,-0.516419,0.5738,-0.511523,-0.211748,0.523826,0.699036,0.840382,1.7782
294,rec2018-05-03_11h43m36.628s.wav,0,2018-05-03#2,gain,0.5,2.056,0.0988575,0.36198,0.0441588,0.124315,0.0540278,0.0890098,1.7782,-3.06256,-0.516419,0.5738,-0.511161,-0.211178,0.523826,1.02531,1.39987,3.06256
294,rec2018-05-03_11h43m36.628s.wav,0,2018-05-03#2,gain,0.707107,2.056,0.139806,0.36198,0.0441588,0.12431,0.0540241,0.0890098,1.7782,-1.47186,-0.516419,0.5738,-0.511344,-0.211459,0.523826,0.79813,0.963986,1.7782
294,rec2018-05-03_11h43m36.628s.wav,0,2018-05-03#2,gain,1.41421,2.056,0.279611,0.36198,0.0441588,0.124303,0.0540192,0.0890098,1.7782,3.95913,-0.516419,0.5738,-0.511614,-0.211822,0.523826,1.15355,1.69089,3.95913
294,rec2018-05-03_11h43m36.628s.wav,0,2018-05-03#2,gain,2,2.056,0.39543,0.36198,0.0441588,0.124302,0.0540198,0.0890098,1.7782,8.45831,-0.516419,0.5738,-0.511627,-0.21178,0.523826,1.79628,3.29246,8.45831
294,rec2018-05-03_11h43m36.628s.wav,0,2018-05-03#2,noise,30,2.056,0.198387,0.376749,0.0515697,0.18017,0.12543,0.0907369,1.7782,0.803822,0.0648161,1.36177,1.5275,5.1465,0.622756,1.61505,2.23205,5.1465
294,rec2018-05-03_11h43m36.628s.wav,0,2018-05-03#2,noise,20,2.056,0.200913,0.385635,0.0481501,0.211446,0.125498,0.0815886,1.7782,0.901947,0.414579,0.998181,2.66902,5.15162,0.0987409,1.71604,2.35482,5.15162
294,rec2018-05-03_11h43m36.628s.wav,0,2018-05-03#2,noise,10,2.056,0.214883,0.410206,0.0419371,0.295157,0.110592,0.0570513,1.7782,1.44466,1.3816,0.337578,5.7244,4.03317,-1.30676,2.28662,2.87885,5.7244
294,rec2018-05-03_11h43m36.628s.wav,0,2018-05-03#2,tilt,-0.5,2.056,0.197602,0.321318,0.0412841,0.0734763,0.0321169,0.069778,1.7782,0.773354,-2.11676,0.268147,-2.36673,-1.85527,-0.577772,1.39089,1.5897,2.36673
294,rec2018-05-03_11h43m36.628s.wav,0,2018-05-03#2,tilt,0.5,2.056,0.197654,0.426678,0.046028,0.15624,0.0701059,0.076722,1.7782,0.775348,2.02987,0.772542,0.654078,0.995251,-0.180016,1.02647,1.19111,2.02987
294,rec2018-05-03_11h43m36.628s.wav,0,2018-05-03#2,tilt,0.9,2.056,0.197352,0.467646,0.0425402,0.125983,0.0572356,0.0658537,1.7782,0.763637,3.64226,0.401701,-0.450274,0.0295235,-0.802553,1.12402,1.60447,3.64226
295,rec2018-05-03_11h43m55.823s.wav,0,2018-05-03#2,identity,0,1.992,0.217751,0.345501,0.0385038,0.114417,0.0428042,0.0670943,1.53293,1.55605,-1.16497,-0.02748,-0.872449,-1.05335,-0.731494,0.991247,1.10421,1.55605
295,rec2018-05-03_11h43m55.823s.wav,0,2018-05-03#2,gain,0.5,1.992,0.108875,0.345501,0.0385038,0.114438,0.0427971,0.0670943,1.53293,-2.6734,-1.16497,-0.02748,-0.871674,-1.05388,-0.731494,1.15083,1.37635,2.6734
295,rec2018-05-03_11h43m55.823s.wav,0,2018-05-03#2,gain,0.707107,1.992,0.153973,0.345501,0.0385038,0.114427,0.0428005,0.0670943,1.53293,-0.921502,-1.16497,-0.02748,-0.872063,-1.05362,-0.731494,0.900581,0.99733,1.53293
295,rec2018-05-03_11h43m55.823s.wav,0,2018-05-03#2,gain,1.41421,1.992,0.307946,0.345501,0.0385038,0.11441,0.0428066,0.0670943,1.53293,5.05984,-1.16497,-0.02748,-0.87269,-1.05316,-0.731494,1.4918,2.12857,5.05984
295,rec2018-05-03_11h43m55.823s.wav,0,2018-05-03#2,gain,2,1.992,0.435501,0.345501,0.0385038,0.114409,0.0428069,0.0670943,1.53293,10.015,-1.16497,-0.02748,-0.872719,-1.05314,-0.731494,2.19967,3.89895,10.015
295,rec2018-05-03_11h43m55.823s.wav,0,2018-05-03#2,noise,30,1.992,0.218415,0.360675,0.0525576,0.167465,0.11357,0.100963,1.53293,1.58185,-0.567794,1.46681,1.06376,4.2566,1.20849,1.66832,2.00131,4.2566
295,rec2018-05-03_11h43m55.823s.wav,0,2018-05-03#2,noise,20,1.992,0.221159,0.369458,0.0533132,0.202942,0.128251,0.102203,1.53293,1.68847,-0.222126,1.54715,2.35866,5.35819,1.27956,1.99816,2.49441,5.35819
295,rec2018-05-03_11h43m55.823s.wav,0,2018-05-03#2,noise,10,1.992,0.236434,0.39679,0.0473702,0.284952,0.109741,0.0695923,1.53293,2.28185,0.853592,0.915257,5.35193,3.96928,-0.588407,2.21332,2.77405,5.35193
295,rec2018-05-03_11h43m55.823s.wav,0,2018-05-03#2,tilt,-0.5,1.992,0.217267,0.308351,0.0403858,0.0650222,0.0242526,0.0395297,1.53293,1.53726,-2.62711,0.172626,-2.67529,-2.44537,-2.3104,1.90014,2.07432,2.67529
295,rec2018-05-03_11h43m55.823s.wav,0,2018-05-03#2,tilt,0.5,1.992,0.218465,0.409173,0.0321421,0.159379,0.0632114,0.0563462,1.53293,1.58381,1.34095,-0.703891,0.768636,0.477917,-1.34714,1.1079,1.18237,1.58381
295,rec2018-05-03_11h43m55.823s.wav,0,2018-05-03#2,tilt,0.9,1.992,0.218529,0.45216,0.0256002,0.136694,0.057297,0.0467528,1.53293,1.58629,3.03278,-1.39948,-0.0593463,0.0341254,-1.89666,1.36309,1.67437,3.03278
296,rec2018-05-03_11h48m01.012s.wav,0,2018-05-03#2,identity,0,1.704,0.216846,0.344341,0.0489601,0.127612,0.0539064,0.0997168,0.429221,1.52091,-1.21066,1.0843,-0.390828,-0.220285,1.13712,0.856191,0.973443,1.52091
296,rec2018-05-03_11h48m01.012s.wav,0,2018-05-03#2,gain,0.5,1.704,0.108423,0.344341,0.0489601,0.127619,0.053902,0.0997168,0.429221,-2.69097,-1.21066,1.0843,-0.390575,-0.220617,1.13712,1.02335,1.28515,2.69097
296,rec2018-05-03_11h48m01.012s.wav,0,2018-05-03#2,gain,0.707107,1.704,0.153333,0.344341,0.0489601,0.127615,0.0539051,0.0997168,0.429221,-0.946351,-1.21066,1.0843,-0.390726,-0.220388,1.13712,0.774111,0.863177,1.21066
296,rec2018-05-03_11h48m01.012s.wav,0,2018-05-03#2,gain,1.41421,1.704,0.306667,0.344341,0.0489601,0.127609,0.0539078,0.0997168,0.429221,5.01015,-1.21066,1.0843,-0.390929,-0.220182,1.13712,1.35465,2.05014,5.01015
296,rec2018-05-03_11h48m01.012s.wav,0,2018-05-03#2,gain,2,1.704,0.433692,0.344341,0.0489601,0.127607,0.0539092,0.0997168,0.429221,9.94467,-1.21066,1.0843,-0.391029,-0.220076,1.13712,2.05958,3.83995,9.94467
296,rec2018-05-03_11h48m01.012s.wav,0,2018-05-03#2,noise,30,1.704,0.217312,0.357133,0.0524382,0.172754,0.101647,0.0875565,0.429221,1.53901,-0.707192,1.45412,1.25682,3.36193,0.440582,1.3127,1.61438,3.36193
296,rec2018-05-03_11h48m01.012s.wav,0,2018-05-03#2,noise,20,1.704,0.21966,0.369566,0.0520136,0.20925,0.111444,0.0739346,0.429221,1.63022,-0.217854,1.40898,2.58888,4.09705,-0.339681,1.53027,2.017,4.09705
296,rec2018-05-03_11h48m01.012s.wav,0,2018-05-03#2,noise,10,1.704,0.234015,0.39753,0.0477195,0.299175,0.0972043,0.0572241,0.429221,2.18788,0.882695,0.952395,5.87107,3.02858,-1.29686,2.09267,2.72504,5.87107
296,rec2018-05-03_11h48m01.012s.wav,0,2018-05-03#2,tilt,-0.5,1.704,0.216311,0.301102,0.0453357,0.0721227,0.0309193,0.0840821,0.429221,1.50011,-2.91239,0.698932,-2.41613,-1.94513,0.241571,1.44907,1.73554,2.91239
296,rec2018-05-03_11h48m01.012s.wav,0,2018-05-03#2,tilt,0.5,1.704,0.21737,0.416613,0.0516229,0.179526,0.0770745,0.0805685,0.429221,1.54124,1.63377,1.36743,1.50398,1.51814,0.0403084,1.14773,1.29102,1.63377
296,rec2018-05-03_11h48m01.012s.wav,0,2018-05-03#2,tilt,0.9,1.704,0.216793,0.465678,0.0471311,0.154213,0.0668379,0.0594542,0.429221,1.51885,3.56479,0.889832,0.580066,0.750033,-1.16912,1.2717,1.61495,3.56479
297,rec2018-05-03_11h48m24.363s.wav,0,2018-05-03#2,identity,0,1.576,0.204061,0.350595,0.0556773,0.131038,0.0758115,0.104072,-0.0613173,1.02424,-0.964523,1.79852,-0.2658,1.42337,1.38662,0.989198,1.14873,1.79852
297,rec2018-05-03_11h48m24.363s.wav,0,2018-05-03#2,gain,0.5,1.576,0.10203,0.350595,0.0556773,0.131049,0.0758197,0.104072,-0.0613173,-2.93931,-0.964523,1.79852,-0.265398,1.42398,1.38662,1.26281,1.55054,2.93931
297,rec2018-05-03_11h48m24.363s.wav,0,2018-05-03#2,gain,0.707107,1.576,0.144293,0.350595,0.0556773,0.13104,0.0758095,0.104072,-0.0613173,-1.29755,-0.964523,1.79852,-0.265699,1.42322,1.38662,1.02821,1.18751,1.79852
297,rec2018-05-03_11h48m24.363s.wav,0,2018-05-03#2,gain,1.41421,1.576,0.288585,0.350595,0.0556773,0.131036,0.075813,0.104072,-0.0613173,4.30774,-0.964523,1.79852,-0.265861,1.42348,1.38662,1.45829,1.95467,4.30774
297,rec2018-05-03_11h48m24.363s.wav,0,2018-05-03#2,gain,2,1.576,0.408121,0.350595,0.0556773,0.131035,0.0758134,0.104072,-0.0613173,8.95132,-0.964523,1.79852,-0.265875,1.42351,1.38662,2.12167,3.55195,8.95132
297,rec2018-05-03_11h48m24.363s.wav,0,2018-05-03#2,noise,30,1.576,0.204591,0.365016,0.0595781,0.173668,0.125781,0.100183,-0.0613173,1.04486,-0.39694,2.21328,1.29016,5.17283,1.16384,1.62046,2.26555,5.17283
297,rec2018-05-03_11h48m24.363s.wav,0,2018-05-03#2,noise,20,1.576,0.207016,0.376491,0.057437,0.21187,0.136755,0.0926396,-0.0613173,1.13903,0.054696,1.98562,2.68451,5.99626,0.731743,1.8076,2.64424,5.99626
297,rec2018-05-03_11h48m24.363s.wav,0,2018-05-03#2,noise,10,1.576,0.221783,0.403688,0.0518872,0.299243,0.124355,0.0682151,-0.0613173,1.71267,1.12507,1.39553,5.87354,5.06584,-0.667294,2.27161,3.08815,5.87354
297,rec2018-05-03_11h48m24.363s.wav,0,2018-05-03#2,tilt,-0.5,1.576,0.203359,0.308956,0.0490364,0.0780183,0.0520023,0.0931862,-0.0613173,0.996984,-2.6033,1.09241,-2.20095,-0.363165,0.763051,1.15445,1.44056,2.6033
297,rec2018-05-03_11h48m24.363s.wav,0,2018-05-03#2,tilt,0.5,1.576,0.204969,0.418463,0.0590098,0.168785,0.0804759,0.0797592,-0.0613173,1.05954,1.70657,2.15286,1.11193,1.77336,-0.0060469,1.12452,1.36564,2.15286
297,rec2018-05-03_11h48m24.363s.wav,0,2018-05-03#2,tilt,0.9,1.576,0.204816,0.463697,0.0526017,0.13996,0.0636859,0.0644254,-0.0613173,1.05358,3.48684,1.47151,0.0598766,0.513521,-0.884369,1.07586,1.53467,3.48684
298,rec2018-05-03_11h48m41.938s.wav,0,2018-05-03#2,identity,0,1.8,0.212545,0.336545,0.0462706,0.103458,0.0467418,0.100566,0.797125,1.35382,-1.51746,0.798335,-1.27243,-0.757884,1.18576,1.09754,1.13438,1.51746
298,rec2018-05-03_11h48m41.938s.wav,0,2018-05-03#2,gain,0.5,1.8,0.106272,0.336545,0.0462706,0.10347,0.0467486,0.100566,0.797125,-2.77451,-1.51746,0.798335,-1.27197,-0.757379,1.18576,1.30036,1.45754,2.77451
298,rec2018-05-03_11h48m41.938s.wav,0,2018-05-03#2,gain,0.707107,1.8,0.150292,0.336545,0.0462706,0.103463,0.0467445,0.100566,0.797125,-1.0645,-1.51746,0.798335,-1.27225,-0.757681,1.18576,1.05616,1.08939,1.51746
298,rec2018-05-03_11h48m41.938s.wav,0,2018-05-03#2,gain,1.41421,1.8,0.300584,0.336545,0.0462706,0.103455,0.0467407,0.100566,0.797125,4.77384,-1.51746,0.798335,-1.27255,-0.75797,1.18576,1.58615,2.06899,4.77384
298,rec2018-05-03_11h48m41.938s.wav,0,2018-05-03#2,gain,2,1.8,0.42509,0.336545,0.0462706,0.103454,0.0467415,0.100566,0.797125,9.61049,-1.51746,0.798335,-1.27258,-0.757911,1.18576,2.27709,3.77088,9.61049
298,rec2018-05-03_11h48m41.938s.wav,0,2018-05-03#2,noise,30,1.8,0.213293,0.364123,0.0531639,0.173877,0.138519,0.108213,0.797125,1.3829,-0.43207,1.53128,1.2978,6.12862,1.6238,1.8848,2.5901,6.12862
298,rec2018-05-03_11h48m41.938s.wav,0,2018-05-03#2,noise,20,1.8,0.216376,0.37402,0.0577964,0.210215,0.148126,0.105476,0.797125,1.50266,-0.0425527,2.02384,2.6241,6.84953,1.46701,2.18669,2.9987,6.84953
298,rec2018-05-03_11h48m41.938s.wav,0,2018-05-03#2,noise,10,1.8,0.232673,0.40049,0.0519126,0.289085,0.133027,0.0722522,0.797125,2.13574,0.999214,1.39823,5.50276,5.71653,-0.436046,2.42652,3.19149,5.71653
298,rec2018-05-03_11h48m41.938s.wav,0,2018-05-03#2,tilt,-0.5,1.8,0.212091,0.298865,0.0441303,0.0580093,0.0265468,0.0653533,0.797125,1.33619,-3.00044,0.570765,-2.93126,-2.27323,-0.831219,1.67718,1.93465,3.00044
298,rec2018-05-03_11h48m41.938s.wav,0,2018-05-03#2,tilt,0.5,1.8,0.213298,0.401316,0.0475547,0.147689,0.0673156,0.0947679,0.797125,1.38308,1.03173,0.934875,0.341963,0.785874,0.853653,0.875472,0.921958,1.38308
298,rec2018-05-03_11h48m41.938s.wav,0,2018-05-03#2,tilt,0.9,1.8,0.213436,0.445986,0.0426097,0.130049,0.0646182,0.0635116,0.797125,1.38845,2.78979,0.409087,-0.301879,0.583473,-0.936711,1.0295,1.29959,2.78979
299,rec2018-05-03_11h48m59.604s.wav,0,2018-05-03#2,identity,0,1.976,0.20402,0.352277,0.0366486,0.106346,0.0506525,0.084479,1.47162,1.02267,-0.898322,-0.224734,-1.16702,-0.464447,0.264302,0.787587,0.903683,1.47162
299,rec2018-05-03_11h48m59.604s.wav,0,2018-05-03#2,gain,0.5,1.976,0.10201,0.352277,0.0366486,0.106357,0.0506846,0.084479,1.47162,-2.94009,-0.898322,-0.224734,-1.1666,-0.462037,0.264302,1.0611,1.379,2.94009
299,rec2018-05-03_11h48m59.604s.wav,0,2018-05-03#2,gain,0.707107,1.976,0.144264,0.352277,0.0366486,0.106348,0.0506511,0.084479,1.47162,-1.29866,-0.898322,-0.224734,-1.16696,-0.464552,0.264302,0.827021,0.952974,1.47162
299,rec2018-05-03_11h48m59.604s.wav,0,2018-05-03#2,gain,1.41421,1.976,0.288528,0.352277,0.0366486,0.106344,0.0506539,0.084479,1.47162,4.30553,-0.898322,-0.224734,-1.16708,-0.46434,0.264302,1.25656,1.82084,4.30553
299,rec2018-05-03_11h48m59.604s.wav,0,2018-05-03#2,gain,2,1.976,0.408041,0.352277,0.0366486,0.106343,0.0506553,0.084479,1.47162,8.94819,-0.898322,-0.224734,-1.16714,-0.464233,0.264302,1.91979,3.47934,8.94819
299,rec2018-05-03_11h48m59.604s.wav,0,2018-05-03#2,noise,30,1.976,0.204601,0.369791,0.0427585,0.160006,0.136559,0.100439,1.47162,1.04523,-0.209014,0.424905,0.791508,5.98161,1.1785,1.58605,2.42833,5.98161
299,rec2018-05-03_11h48m59.604s.wav,0,2018-05-03#2,noise,20,1.976,0.207092,0.379423,0.0444088,0.193357,0.148006,0.0952873,1.47162,1.14201,0.170079,0.600376,2.00879,6.84051,0.883401,1.87383,2.81495,6.84051
299,rec2018-05-03_11h48m59.604s.wav,0,2018-05-03#2,noise,10,1.976,0.221212,0.407194,0.0385976,0.270262,0.132702,0.0603302,1.47162,1.69052,1.26306,-0.0175075,4.81577,5.69218,-1.11894,2.29566,3.01102,5.69218
299,rec2018-05-03_11h48m59.604s.wav,0,2018-05-03#2,tilt,-0.5,1.976,0.203963,0.313237,0.035248,0.0617096,0.0299895,0.0617256,1.47162,1.02045,-2.4348,-0.373651,-2.7962,-2.0149,-1.03901,1.59295,1.78217,2.7962
299,rec2018-05-03_11h48m59.604s.wav,0,2018-05-03#2,tilt,0.5,1.976,0.204065,0.416414,0.0363577,0.139672,0.0680397,0.053829,1.47162,1.02439,1.62593,-0.255665,0.0493417,0.840213,-1.49133,0.965499,1.12482,1.62593
299,rec2018-05-03_11h48m59.604s.wav,0,2018-05-03#2,tilt,0.9,1.976,0.204044,0.458837,0.0337964,0.118356,0.0649286,0.0443005,1.47162,1.02358,3.29557,-0.527996,-0.728664,0.60677,-2.03712,1.38447,1.66484,3.29557
300,rec2018-05-03_11h49m17.127s.wav,0,2018-05-03#2,identity,0,1.912,0.203298,0.354706,0.0427178,0.103167,0.0465017,0.0980056,1.22635,0.994598,-0.802722,0.420584,-1.28305,-0.775905,1.03911,0.934616,0.974121,1.28305
300,rec2018-05-03_11h49m17.127s.wav,0,2018-05-03#2,gain,0.5,1.912,0.101649,0.354706,0.0427178,0.10317,0.0464986,0.0980056,1.22635,-2.95413,-0.802722,0.420584,-1.28294,-0.776132,1.03911,1.21457,1.43328,2.95413
300,rec2018-05-03_11h49m17.127s.wav,0,2018-05-03#2,gain,0.707107,1.912,0.143753,0.354706,0.0427178,0.103168,0.0465006,0.0980056,1.22635,-1.31851,-0.802722,0.420584,-1.28302,-0.775985,1.03911,0.980896,1.0276,1.31851
300,rec2018-05-03_11h49m17.127s.wav,0,2018-05-03#2,gain,1.41421,1.912,0.287506,0.354706,0.0427178,0.103167,0.0465017,0.0980056,1.22635,4.26583,-0.802722,0.420584,-1.28305,-0.775902,1.03911,1.40193,1.84586,4.26583
300,rec2018-05-03_11h49m17.127s.wav,0,2018-05-03#2,gain,2,1.912,0.406595,0.354706,0.0427178,0.103167,0.0465017,0.0980056,1.22635,8.89204,-0.802722,0.420584,-1.28305,-0.7759,1.03911,2.06282,3.47895,8.89204
300,rec2018-05-03_11h49m17.127s.wav,0,2018-05-03#2,noise,30,1.912,0.203786,0.372683,0.0430109,0.156428,0.113478,0.0938564,1.22635,1.01357,-0.0951844,0.451742,0.660943,4.24971,0.801442,1.21413,1.76811,4.24971
300,rec2018-05-03_11h49m17.127s.wav,0,2018-05-03#2,noise,20,1.912,0.206181,0.382649,0.0481639,0.1944,0.129939,0.0894955,1.22635,1.10661,0.297023,0.999652,2.04688,5.48486,0.551647,1.67329,2.34197,5.48486
300,rec2018-05-03_11h49m17.127s.wav,0,2018-05-03#2,noise,10,1.912,0.22028,0.409558,0.0433874,0.276968,0.116328,0.06059,1.22635,1.65431,1.35609,0.491783,5.06052,4.46353,-1.10406,2.19381,2.7535,5.06052
300,rec2018-05-03_11h49m17.127s.wav,0,2018-05-03#2,tilt,-0.5,1.912,0.203116,0.315455,0.038416,0.0607681,0.028755,0.074383,1.22635,0.987544,-2.3475,-0.0368133,-2.83056,-2.10753,-0.313995,1.40718,1.71313,2.83056
300,rec2018-05-03_11h49m17.127s.wav,0,2018-05-03#2,tilt,0.5,1.912,0.203567,0.41815,0.0455156,0.132398,0.0574192,0.0822596,1.22635,1.00508,1.69425,0.718064,-0.216159,0.0432945,0.137174,0.720052,0.923318,1.69425
300,rec2018-05-03_11h49m17.127s.wav,0,2018-05-03#2,tilt,0.9,1.912,0.203629,0.459146,0.0436817,0.108163,0.046235,0.0692557,1.22635,1.00747,3.30771,0.523074,-1.10069,-0.795917,-0.607691,1.22413,1.50939,3.30771
301,rec2018-05-03_11h49m34.678s.wav,0,2018-05-03#2,identity,0,1.768,0.191728,0.35012,0.0486705,0.118404,0.0476317,0.0923399,0.674491,0.54514,-0.983223,1.05352,-0.726915,-0.691108,0.714575,0.769853,0.78789,1.05352
301,rec2018-05-03_11h49m34.678s.wav,0,2018-05-03#2,gain,0.5,1.768,0.0958638,0.35012,0.0486705,0.118413,0.0476273,0.0923399,0.674491,-3.17885,-0.983223,1.05352,-0.726572,-0.691445,0.714575,1.1461,1.42194,3.17885
301,rec2018-05-03_11h49m34.678s.wav,0,2018-05-03#2,gain,0.707107,1.768,0.135572,0.35012,0.0486705,0.118406,0.0476289,0.0923399,0.674491,-1.63633,-0.983223,1.05352,-0.726853,-0.691322,0.714575,0.925758,0.980232,1.63633
301,rec2018-05-03_11h49m34.678s.wav,0,2018-05-03#2,gain,1.41421,1.768,0.271144,0.35012,0.0486705,0.118403,0.0476341,0.0923399,0.674491,3.6302,-0.983223,1.05352,-0.726966,-0.690931,0.714575,1.21056,1.56873,3.6302
301,rec2018-05-03_11h49m34.678s.wav,0,2018-05-03#2,gain,2,1.768,0.383455,0.35012,0.0486705,0.118402,0.0476353,0.0923399,0.674491,7.99313,-0.983223,1.05352,-0.726987,-0.690845,0.714575,1.83382,3.11535,7.99313
301,rec2018-05-03_11h49m34.678s.wav,0,2018-05-03#2,noise,30,1.768,0.192575,0.380145,0.0531084,0.186511,0.140004,0.0940509,0.674491,0.578073,0.198491,1.52538,1.75892,6.24011,0.812584,1.68401,2.55925,6.24011
301,rec2018-05-03_11h49m34.678s.wav,0,2018-05-03#2,noise,20,1.768,0.195487,0.389254,0.0525028,0.216732,0.142099,0.0876417,0.674491,0.691187,0.556998,1.46098,2.86195,6.39725,0.445465,1.86976,2.7436,6.39725
301,rec2018-05-03_11h49m34.678s.wav,0,2018-05-03#2,noise,10,1.768,0.210022,0.413335,0.0437267,0.29005,0.125566,0.060314,0.674491,1.25583,1.50475,0.527851,5.538,5.15674,-1.11987,2.25393,3.00215,5.538
301,rec2018-05-03_11h49m34.678s.wav,0,2018-05-03#2,tilt,-0.5,1.768,0.191691,0.307748,0.0450155,0.0693437,0.029256,0.0772714,0.674491,0.543706,-2.65084,0.66489,-2.51756,-2.06994,-0.148546,1.32428,1.64162,2.65084
301,rec2018-05-03_11h49m34.678s.wav,0,2018-05-03#2,tilt,0.5,1.768,0.19138,0.419917,0.0487206,0.154913,0.0621484,0.0593054,0.674491,0.531631,1.7638,1.05884,0.605621,0.398156,-1.17764,0.887168,0.991523,1.7638
301,rec2018-05-03_11h49m34.678s.wav,0,2018-05-03#2,tilt,0.9,1.768,0.190784,0.467168,0.0411578,0.135229,0.0703507,0.0470338,0.674491,0.508483,3.62346,0.254709,-0.112833,1.01361,-1.88056,1.15259,1.62501,3.62346
302,rec2018-05-03_11h49m54.056s.wav,0,2018-05-03#2,identity,0,1.736,0.203115,0.352607,0.0507933,0.10263,0.0465057,0.105744,0.551856,0.987491,-0.885311,1.27923,-1.30265,-0.775598,1.48235,1.03778,1.08204,1.48235
302,rec2018-05-03_11h49m54.056s.wav,0,2018-05-03#2,gain,0.5,1.736,0.101557,0.352607,0.0507933,0.10263,0.0465057,0.105744,0.551856,-2.95768,-0.885311,1.27923,-1.30265,-0.775598,1.48235,1.31924,1.51037,2.95768
302,rec2018-05-03_11h49m54.056s.wav,0,2018-05-03#2,gain,0.707107,1.736,0.143624,0.352607,0.0507933,0.10263,0.0465057,0.105744,0.551856,-1.32354,-0.885311,1.27923,-1.30265,-0.775598,1.48235,1.08579,1.13215,1.48235
302,rec2018-05-03_11h49m54.056s.wav,0,2018-05-03#2,gain,1.41421,1.736,0.287248,0.352607,0.0507933,0.10263,0.0465057,0.105744,0.551856,4.25578,-0.885311,1.27923,-1.30265,-0.775598,1.48235,1.50468,1.90234,4.25578
302,rec2018-05-03_11h49m54.056s.wav,0,2018-05-03#2,gain,2,1.736,0.406229,0.352607,0.0507933,0.10263,0.0465057,0.105744,0.551856,8.87783,-0.885311,1.27923,-1.30265,-0.775598,1.48235,2.16498,3.50584,8.87783
302,rec2018-05-03_11h49m54.056s.wav,0,2018-05-03#2,noise,30,1.736,0.203438,0.364993,0.0416951,0.13014,0.0914816,0.0890205,0.551856,1.00003,-0.397852,0.311845,-0.298562,2.59918,0.52444,0.811966,1.11356,2.59918
302,rec2018-05-03_11h49m54.056s.wav,0,2018-05-03#2,noise,20,1.736,0.205258,0.379522,0.0358963,0.164175,0.104248,0.0648811,0.551856,1.07074,0.173972,-0.30472,0.94367,3.5571,-0.858263,1.06576,1.50495,3.5571
302,rec2018-05-03_11h49m54.056s.wav,0,2018-05-03#2,noise,10,1.736,0.217647,0.410549,0.0315758,0.25576,0.0997254,0.047418,0.551856,1.55201,1.39508,-0.76411,4.28646,3.21776,-1.85855,1.94655,2.31224,4.28646
302,rec2018-05-03_11h49m54.056s.wav,0,2018-05-03#2,tilt,-0.5,1.736,0.203222,0.313028,0.0453599,0.0602373,0.0286481,0.0775533,0.551856,0.991652,-2.44302,0.701512,-2.84994,-2.11555,-0.132403,1.39799,1.70561,2.84994
302,rec2018-05-03_11h49m54.056s.wav,0,2018-05-03#2,tilt,0.5,1.736,0.202539,0.416334,0.055281,0.130655,0.054047,0.0879852,0.551856,0.965133,1.62276,1.75639,-0.279756,-0.209738,0.465141,0.835825,1.02071,1.75639
302,rec2018-05-03_11h49m54.056s.wav,0,2018-05-03#2,tilt,0.9,1.736,0.201905,0.457603,0.0509972,0.107194,0.0437056,0.0682597,0.551856,0.940499,3.24698,1.30091,-1.13605,-0.985704,-0.664737,1.26096,1.51791,3.24698
303,rec2018-05-03_11h50m12.379s.wav,0,2018-05-03#2,identity,0,1.752,0.177545,0.367596,0.0602179,0.142369,0.0576515,0.126311,0.613173,-0.00582219,-0.29542,2.28131,0.147773,0.060729,2.66043,0.86638,1.35072,2.66043
303,rec2018-05-03_11h50m12.379s.wav,0,2018-05-03#2,gain,0.5,1.752,0.0887723,0.367596,0.0602179,0.142386,0.0576572,0.126311,0.613173,-3.45434,-0.29542,2.28131,0.148401,0.0611524,2.66043,1.35918,1.87859,3.45434
303,rec2018-05-03_11h50m12.379s.wav,0,2018-05-03#2,gain,0.707107,1.752,0.125543,0.367596,0.0602179,0.142373,0.0576539,0.126311,0.613173,-2.02591,-0.29542,2.28131,0.147938,0.0609073,2.66043,1.15501,1.55267,2.66043
303,rec2018-05-03_11h50m12.379s.wav,0,2018-05-03#2,gain,1.41421,1.752,0.251086,0.367596,0.0602179,0.142365,0.0576497,0.126311,0.613173,2.85102,-0.29542,2.28131,0.147658,0.0605909,2.66043,1.2728,1.72789,2.85102
303,rec2018-05-03_11h50m12.379s.wav,0,2018-05-03#2,gain,2,1.752,0.355089,0.367596,0.0602179,0.142365,0.0576497,0.126311,0.613173,6.8912,-0.29542,2.28131,0.147658,0.0605909,2.66043,1.84997,2.93403,6.8912
303,rec2018-05-03_11h50m12.379s.wav,0,2018-05-03#2,noise,30,1.752,0.177984,0.391069,0.0439547,0.199537,0.121423,0.0750443,0.613173,0.011245,0.628443,0.552095,2.23436,4.84585,-0.276114,1.30875,2.05728,4.84585
303,rec2018-05-03_11h50m12.379s.wav,0,2018-05-03#2,noise,20,1.752,0.180148,0.401929,0.043573,0.240506,0.128778,0.0705178,0.613173,0.0953014,1.05585,0.51151,3.72969,5.39769,-0.535393,1.70552,2.53811,5.39769
303,rec2018-05-03_11h50m12.379s.wav,0,2018-05-03#2,noise,10,1.752,0.192673,0.422787,0.0406421,0.323686,0.114435,0.0534005,0.613173,0.581853,1.87676,0.199877,6.76569,4.32152,-1.51587,2.26782,3.18534,6.76569
303,rec2018-05-03_11h50m12.379s.wav,0,2018-05-03#2,tilt,-0.5,1.752,0.177375,0.319826,0.0526938,0.0878546,0.0380243,0.116101,0.613173,-0.0124027,-2.17549,1.4813,-1.84193,-1.41201,2.07559,1.37313,1.55828,2.17549
303,rec2018-05-03_11h50m12.379s.wav,0,2018-05-03#2,tilt,0.5,1.752,0.177491,0.440097,0.0673511,0.167588,0.0670465,0.0975562,0.613173,-0.00788988,2.55801,3.03975,1.06824,0.765685,1.01337,1.29516,1.64377,3.03975
303,rec2018-05-03_11h50m12.379s.wav,0,2018-05-03#2,tilt,0.9,1.752,0.177218,0.486193,0.0617818,0.134107,0.0581011,0.0618189,0.613173,-0.0184917,4.37221,2.4476,-0.153765,0.0944664,-1.03367,1.24763,1.94879,4.37221
304,rec2018-05-03_11h50m30.421s.wav,0,2018-05-03#2,identity,0,1.96,0.18737,0.375222,0.0487629,0.11985,0.0526234,0.094975,1.4103,0.375847,0.00472573,1.06333,-0.674126,-0.316555,0.865517,0.672915,0.807525,1.4103
304,rec2018-05-03_11h50m30.421s.wav,0,2018-05-03#2,gain,0.5,1.96,0.0936848,0.375222,0.0487629,0.119861,0.0526193,0.094975,1.4103,-3.2635,0.00472573,1.06333,-0.673715,-0.316867,0.865517,1.08542,1.46743,3.2635
304,rec2018-05-03_11h50m30.421s.wav,0,2018-05-03#2,gain,0.707107,1.96,0.13249,0.375222,0.0487629,0.119852,0.0526222,0.094975,1.4103,-1.75603,0.00472573,1.06333,-0.674056,-0.316647,0.865517,0.870088,1.03558,1.75603
304,rec2018-05-03_11h50m30.421s.wav,0,2018-05-03#2,gain,1.41421,1.96,0.264981,0.375222,0.0487629,0.11985,0.0526234,0.094975,1.4103,3.39078,0.00472573,1.06333,-0.674126,-0.316556,0.865517,1.10362,1.50811,3.39078
304,rec2018-05-03_11h50m30.421s.wav,0,2018-05-03#2,gain,2,1.96,0.374739,0.375222,0.0487629,0.11985,0.0526234,0.094975,1.4103,7.65454,0.00472573,1.06333,-0.674126,-0.316555,0.865517,1.71273,3.00037,7.65454
304,rec2018-05-03_11h50m30.421s.wav,0,2018-05-03#2,noise,30,1.96,0.187863,0.385268,0.0508005,0.161443,0.121183,0.0836099,1.4103,0.395007,0.40013,1.27999,0.843973,4.82787,0.214523,1.33883,2.00036,4.82787
304,rec2018-05-03_11h50m30.421s.wav,0,2018-05-03#2,noise,20,1.96,0.189884,0.393892,0.0454095,0.19215,0.124956,0.0613221,1.4103,0.473537,0.73955,0.706781,1.96473,5.11098,-1.06213,1.63829,2.21585,5.11098
304,rec2018-05-03_11h50m30.421s.wav,0,2018-05-03#2,noise,10,1.96,0.202058,0.418063,0.0384966,0.276928,0.111157,0.047409,1.4103,0.946454,1.69085,-0.0282461,5.05904,4.0755,-1.85907,2.15278,2.70988,5.05904
304,rec2018-05-03_11h50m30.421s.wav,0,2018-05-03#2,tilt,-0.5,1.96,0.187258,0.327568,0.0450949,0.0745404,0.0363519,0.0974578,1.4103,0.371499,-1.87079,0.673334,-2.32789,-1.5375,1.00773,1.31415,1.45792,2.32789
304,rec2018-05-03_11h50m30.421s.wav,0,2018-05-03#2,tilt,0.5,1.96,0.187082,0.446545,0.0515379,0.139822,0.0565226,0.0628634,1.4103,0.364655,2.81181,1.3584,0.0548239,-0.0239771,-0.973842,0.999686,1.35359,2.81181
304,rec2018-05-03_11h50m30.421s.wav,0,2018-05-03#2,tilt,0.9,1.96,0.186533,0.490165,0.0487181,0.109866,0.0422463,0.048261,1.4103,0.343365,4.52854,1.05858,-1.03852,-1.09521,-1.81027,1.61211,2.04556,4.52854
305,rec2018-05-03_11h50m48.244s.wav,0,2018-05-03#2,identity,0,2.04,0.190299,0.367911,0.0605141,0.11229,0.0598771,0.132911,1.71689,0.489648,-0.283022,2.3128,-0.950057,0.227725,3.03848,1.28837,1.63896,3.03848
305,rec2018-05-03_11h50m48.244s.wav,0,2018-05-03#2,gain,0.5,2.04,0.0951496,0.367911,0.0605141,0.112338,0.06009,0.132911,1.71689,-3.2066,-0.283022,2.3128,-0.948331,0.243702,3.03848,1.67855,2.03014,3.2066
305,rec2018-05-03_11h50m48.244s.wav,0,2018-05-03#2,gain,0.707107,2.04,0.134562,0.367911,0.0605141,0.112311,0.05997,0.132911,1.71689,-1.67556,-0.283022,2.3128,-0.949292,0.234699,3.03848,1.45868,1.74736,3.03848
305,rec2018-05-03_11h50m48.244s.wav,0,2018-05-03#2,gain,1.41421,2.04,0.269124,0.367911,0.0605141,0.112273,0.0598015,0.132911,1.71689,3.55172,-0.283022,2.3128,-0.950697,0.222053,3.03848,1.72509,2.11042,3.55172
305,rec2018-05-03_11h50m48.244s.wav,0,2018-05-03#2,gain,2,2.04,0.380598,0.367911,0.0605141,0.112257,0.0597341,0.132911,1.71689,7.88214,-0.283022,2.3128,-0.951255,0.216994,3.03848,2.34308,3.39515,7.88214
305,rec2018-05-03_11h50m48.244s.wav,0,2018-05-03#2,noise,30,2.04,0.19064,0.382924,0.0468985,0.146196,0.100324,0.0874006,1.71689,0.50289,0.307869,0.8651,0.287481,3.26268,0.431655,1.05351,1.46179,3.26268
305,rec2018-05-03_11h50m48.244s.wav,0,2018-05-03#2,noise,20,2.04,0.192456,0.39494,0.0422156,0.182894,0.117497,0.0726183,1.71689,0.573419,0.780784,0.36719,1.6269,4.55127,-0.415079,1.43308,1.98401,4.55127
305,rec2018-05-03_11h50m48.244s.wav,0,2018-05-03#2,noise,10,2.04,0.204286,0.421063,0.0354938,0.267796,0.112972,0.0453771,1.71689,1.03299,1.80888,-0.347523,4.72573,4.21172,-1.97546,2.25988,2.70927,4.72573
305,rec2018-05-03_11h50m48.244s.wav,0,2018-05-03#2,tilt,-0.5,2.04,0.18965,0.324209,0.0516022,0.0692446,0.0393913,0.112939,1.71689,0.464422,-2.003,1.36523,-2.52118,-1.30944,1.89452,1.61067,1.71961,2.52118
305,rec2018-05-03_11h50m48.244s.wav,0,2018-05-03#2,tilt,0.5,2.04,0.190494,0.433475,0.0690951,0.130292,0.0643026,0.116418,1.71689,0.497227,2.29739,3.22519,-0.292999,0.559799,2.09379,1.52618,1.8384,3.22519
305,rec2018-05-03_11h50m48.244s.wav,0,2018-05-03#2,tilt,0.9,2.04,0.189391,0.473646,0.0664708,0.102092,0.0517599,0.0747457,1.71689,0.45437,3.8784,2.94616,-1.32227,-0.381351,-0.293222,1.57038,2.03033,3.8784
306,rec2018-05-03_11h51m07.128s.wav,0,2018-05-03#2,identity,0,2.408,0.192785,0.379183,0.0438612,0.109426,0.0470464,0.0794245,3.12718,0.58622,0.160613,0.542159,-1.0546,-0.735031,-0.0252191,0.890147,1.31452,3.12718
306,rec2018-05-03_11h51m07.128s.wav,0,2018-05-03#2,gain,0.5,2.408,0.0963925,0.379183,0.0438612,0.10943,0.0470461,0.0794245,3.12718,-3.15831,0.160613,0.542159,-1.05444,-0.735049,-0.0252191,1.25757,1.76177,3.15831
306,rec2018-05-03_11h51m07.128s.wav,0,2018-05-03#2,gain,0.707107,2.408,0.13632,0.379183,0.0438612,0.109428,0.0470463,0.0794245,3.12718,-1.60728,0.160613,0.542159,-1.05453,-0.735041,-0.0252191,1.036,1.43105,3.12718
306,rec2018-05-03_11h51m07.128s.wav,0,2018-05-03#2,gain,1.41421,2.408,0.272639,0.379183,0.0438612,0.109426,0.0470466,0.0794245,3.12718,3.68829,0.160613,0.542159,-1.05461,-0.735017,-0.0252191,1.3333,1.90322,3.68829
306,rec2018-05-03_11h51m07.128s.wav,0,2018-05-03#2,gain,2,2.408,0.38557,0.379183,0.0438612,0.109426,0.0470466,0.0794245,3.12718,8.07529,0.160613,0.542159,-1.05461,-0.735017,-0.0252191,1.96001,3.31581,8.07529
306,rec2018-05-03_11h51m07.128s.wav,0,2018-05-03#2,noise,30,2.408,0.193171,0.388566,0.0485859,0.144692,0.11519,0.0811975,3.12718,0.601197,0.529918,1.04452,0.232576,4.37813,0.0763397,1.42712,2.09559,4.37813
306,rec2018-05-03_11h51m07.128s.wav,0,2018-05-03#2,noise,20,2.408,0.194928,0.396644,0.0457526,0.176895,0.11801,0.0687253,3.12718,0.669453,0.847836,0.743266,1.40796,4.58971,-0.638068,1.71764,2.23459,4.58971
306,rec2018-05-03_11h51m07.128s.wav,0,2018-05-03#2,noise,10,2.408,0.206643,0.420694,0.0387409,0.265214,0.111998,0.0492505,3.12718,1.12456,1.79438,-0.00226885,4.63152,4.13863,-1.75359,2.36745,2.82636,4.63152
306,rec2018-05-03_11h51m07.128s.wav,0,2018-05-03#2,tilt,-0.5,2.408,0.192481,0.334582,0.0397778,0.0663451,0.0319296,0.0836335,3.12718,0.574399,-1.59473,0.107978,-2.62701,-1.86932,0.215872,1.44521,1.81683,3.12718
306,rec2018-05-03_11h51m07.128s.wav,0,2018-05-03#2,tilt,0.5,2.408,0.193055,0.445113,0.0444909,0.131796,0.0548498,0.0566577,3.12718,0.59671,2.75545,0.609112,-0.238125,-0.149497,-1.3293,1.25791,1.68798,3.12718
306,rec2018-05-03_11h51m07.128s.wav,0,2018-05-03#2,tilt,0.9,2.408,0.192882,0.483865,0.0394238,0.104711,0.0450915,0.0435652,3.12718,0.590003,4.28059,0.0703413,-1.22669,-0.88172,-2.07924,1.75082,2.23802,4.28059
307,rec2018-05-03_11h51m26.000s.wav,0,2018-05-03#2,identity,0,2.088,0.185242,0.372022,0.0468571,0.10822,0.0574368,0.0950018,1.90084,0.293188,-0.121214,0.860701,-1.09861,0.0446155,0.867053,0.740889,0.95733,1.90084
307,rec2018-05-03_11h51m26.000s.wav,0,2018-05-03#2,gain,0.5,2.088,0.0926209,0.372022,0.0468571,0.108222,0.0574452,0.0950018,1.90084,-3.30483,-0.121214,0.860701,-1.09854,0.0452476,0.867053,1.1712,1.56986,3.30483
307,rec2018-05-03_11h51m26.000s.wav,0,2018-05-03#2,gain,0.707107,2.088,0.130986,0.372022,0.0468571,0.10822,0.0574368,0.0950018,1.90084,-1.81448,-0.121214,0.860701,-1.09861,0.0446155,0.867053,0.958217,1.17241,1.90084
307,rec2018-05-03_11h51m26.000s.wav,0,2018-05-03#2,gain,1.41421,2.088,0.261972,0.372022,0.0468571,0.10822,0.0574368,0.0950018,1.90084,3.27389,-0.121214,0.860701,-1.09861,0.0446161,0.867053,1.1667,1.56057,3.27389
307,rec2018-05-03_11h51m26.000s.wav,0,2018-05-03#2,gain,2,2.088,0.370484,0.372022,0.0468571,0.10822,0.0574368,0.0950018,1.90084,7.48922,-0.121214,0.860701,-1.09861,0.0446155,0.867053,1.76889,2.98611,7.48922
307,rec2018-05-03_11h51m26.000s.wav,0,2018-05-03#2,noise,30,2.088,0.185672,0.385389,0.0524955,0.148982,0.120585,0.0978491,1.90084,0.309899,0.404875,1.46021,0.38915,4.78297,1.03015,1.4683,2.07346,4.78297
307,rec2018-05-03_11h51m26.000s.wav,0,2018-05-03#2,noise,20,2.088,0.187655,0.394548,0.0502106,0.183384,0.127269,0.0842744,1.90084,0.386926,0.765346,1.21727,1.64479,5.28452,0.252582,1.63604,2.28428,5.28452
307,rec2018-05-03_11h51m26.000s.wav,0,2018-05-03#2,noise,10,2.088,0.200091,0.418838,0.042549,0.271711,0.119386,0.0581603,1.90084,0.870019,1.72133,0.402638,4.86862,4.69302,-1.24323,2.24281,2.79716,4.86862
307,rec2018-05-03_11h51m26.000s.wav,0,2018-05-03#2,tilt,-0.5,2.088,0.184941,0.329453,0.0430145,0.06503,0.0357828,0.0867402,1.90084,0.28152,-1.79659,0.452127,-2.67501,-1.5802,0.393824,1.29716,1.55528,2.67501
307,rec2018-05-03_11h51m26.000s.wav,0,2018-05-03#2,tilt,0.5,2.088,0.185394,0.436624,0.0467979,0.132328,0.0677938,0.062925,1.90084,0.299081,2.42133,0.854405,-0.218697,0.821761,-0.970308,1.06949,1.30713,2.42133
307,rec2018-05-03_11h51m26.000s.wav,0,2018-05-03#2,tilt,0.9,2.088,0.185021,0.47602,0.0414017,0.106969,0.0555895,0.046377,1.90084,0.284626,3.97183,0.280646,-1.14429,-0.0939942,-1.91818,1.37063,1.87259,3.97183
308,rec2018-05-03_11h51m43.422s.wav,0,2018-05-03#2,identity,0,1.864,0.18506,0.378568,0.0735338,0.126096,0.0559992,0.107417,1.04239,0.28611,0.136442,3.69714,-0.446172,-0.0632534,1.57821,1.03568,1.58338,3.69714
308,rec2018-05-03_11h51m43.422s.wav,0,2018-05-03#2,gain,0.5,1.864,0.0925298,0.378568,0.0735338,0.126097,0.0559978,0.107417,1.04239,-3.30837,0.136442,3.69714,-0.446138,-0.0633604,1.57821,1.46744,2.0147,3.69714
308,rec2018-05-03_11h51m43.422s.wav,0,2018-05-03#2,gain,0.707107,1.864,0.130857,0.378568,0.0735338,0.126096,0.0559992,0.107417,1.04239,-1.81949,0.136442,3.69714,-0.446172,-0.0632545,1.57821,1.25473,1.72289,3.69714
308,rec2018-05-03_11h51m43.422s.wav,0,2018-05-03#2,gain,1.41421,1.864,0.261714,0.378568,0.0735338,0.126096,0.0559992,0.107417,1.04239,3.26387,0.136442,3.69714,-0.446172,-0.0632545,1.57821,1.46107,2.00431,3.69714
308,rec2018-05-03_11h51m43.422s.wav,0,2018-05-03#2,gain,2,1.864,0.370119,0.378568,0.0735338,0.126096,0.0559992,0.107417,1.04239,7.47507,0.136442,3.69714,-0.446172,-0.0632534,1.57821,2.06267,3.23694,7.47507
308,rec2018-05-03_11h51m43.422s.wav,0,2018-05-03#2,noise,30,1.864,0.185516,0.391137,0.0576464,0.163197,0.110464,0.0687565,1.04239,0.303844,0.631118,2.00789,0.907997,4.02354,-0.636282,1.36472,1.81372,4.02354
308,rec2018-05-03_11h51m43.422s.wav,0,2018-05-03#2,noise,20,1.864,0.187755,0.402015,0.0518704,0.202763,0.118059,0.0646882,1.04239,0.390803,1.05923,1.39375,2.35209,4.59344,-0.869317,1.67158,2.12776,4.59344
308,rec2018-05-03_11h51m43.422s.wav,0,2018-05-03#2,noise,10,1.864,0.201651,0.425523,0.0479726,0.299792,0.116836,0.0530405,1.04239,0.930613,1.98442,0.979311,5.89356,4.50163,-1.53649,2.40978,3.02865,5.89356
308,rec2018-05-03_11h51m43.422s.wav,0,2018-05-03#2,tilt,-0.5,1.864,0.182261,0.331058,0.0665964,0.080483,0.0419897,0.118736,1.04239,0.177376,-1.73344,2.95951,-2.11099,-1.11446,2.22655,1.62353,1.83371,2.95951
308,rec2018-05-03_11h51m43.422s.wav,0,2018-05-03#2,tilt,0.5,1.864,0.189045,0.44877,0.0740325,0.149214,0.0625615,0.0783901,1.04239,0.440928,2.89938,3.75016,0.397636,0.429154,-0.0844705,1.29202,1.85551,3.75016
308,rec2018-05-03_11h51m43.422s.wav,0,2018-05-03#2,tilt,0.9,1.864,0.189499,0.493087,0.0641862,0.12319,0.0606349,0.0640765,1.04239,0.458555,4.64354,2.70324,-0.552228,0.284586,-0.904351,1.5127,2.11696,4.64354
309,rec2018-05-03_11h52m00.607s.wav,0,2018-05-03#2,identity,0,1.816,0.186019,0.371127,0.0313295,0.129943,0.0522728,0.0801668,0.858443,0.323385,-0.156429,-0.790293,-0.305732,-0.342863,0.0172983,0.399206,0.493075,0.858443
309,rec2018-05-03_11h52m00.607s.wav,0,2018-05-03#2,gain,0.5,1.816,0.0930096,0.371127,0.0313295,0.129971,0.0522888,0.0801668,0.858443,-3.28973,-0.156429,-0.790293,-0.304722,-0.341667,0.0172983,0.822655,1.33193,3.28973
309,rec2018-05-03_11h52m00.607s.wav,0,2018-05-03#2,gain,0.707107,1.816,0.131535,0.371127,0.0313295,0.129957,0.0522814,0.0801668,0.858443,-1.79313,-0.156429,-0.790293,-0.305252,-0.342217,0.0172983,0.609009,0.829101,1.79313
309,rec2018-05-03_11h52m00.607s.wav,0,2018-05-03#2,gain,1.41421,1.816,0.263071,0.371127,0.0313295,0.129935,0.0522657,0.0801668,0.858443,3.31659,-0.156429,-0.790293,-0.306044,-0.343395,0.0172983,0.826927,1.34151,3.31659
309,rec2018-05-03_11h52m00.607s.wav,0,2018-05-03#2,gain,2,1.816,0.372038,0.371127,0.0313295,0.129928,0.0522613,0.0801668,0.858443,7.54962,-0.156429,-0.790293,-0.306285,-0.343731,0.0172983,1.43173,2.89322,7.54962
309,rec2018-05-03_11h52m00.607s.wav,0,2018-05-03#2,noise,30,1.816,0.186503,0.388138,0.0392625,0.187988,0.121527,0.0791479,0.858443,0.342163,0.513066,0.0531975,1.81284,4.85363,-0.0410599,1.21063,1.99878,4.85363
309,rec2018-05-03_11h52m00.607s.wav,0,2018-05-03#2,noise,20,1.816,0.188781,0.397736,0.0447141,0.228173,0.133476,0.0796072,0.858443,0.430654,0.890828,0.632842,3.27956,5.75026,-0.014756,1.69391,2.56174,5.75026
309,rec2018-05-03_11h52m00.607s.wav,0,2018-05-03#2,noise,10,1.816,0.201764,0.419829,0.0413665,0.308823,0.119216,0.0589552,0.858443,0.935022,1.76034,0.276903,6.22319,4.68024,-1.1977,2.27598,3.0904,6.22319
309,rec2018-05-03_11h52m00.607s.wav,0,2018-05-03#2,tilt,-0.5,1.816,0.185824,0.326782,0.0277806,0.0783737,0.0337337,0.0705436,0.858443,0.31582,-1.90173,-1.16763,-2.18798,-1.73395,-0.53392,1.24278,1.40893,2.18798
309,rec2018-05-03_11h52m00.607s.wav,0,2018-05-03#2,tilt,0.5,1.816,0.186255,0.439321,0.0347541,0.157141,0.058482,0.0606068,0.858443,0.332548,2.52746,-0.426174,0.686936,0.123048,-1.1031,0.865387,1.14149,2.52746
309,rec2018-05-03_11h52m00.607s.wav,0,2018-05-03#2,tilt,0.9,1.816,0.186287,0.480672,0.0354866,0.124389,0.0455482,0.0520917,0.858443,0.333784,4.15493,-0.348283,-0.508467,-0.847446,-1.59084,1.2346,1.76233,4.15493
310,rec2018-05-03_11h52m17.833s.wav,0,2018-05-03#2,identity,0,1.928,0.186509,0.38689,0.0535498,0.128877,0.0547868,0.0721837,1.28766,0.342409,0.463966,1.57231,-0.34464,-0.154228,-0.439972,0.657884,0.827982,1.57231
310,rec2018-05-03_11h52m17.833s.wav,0,2018-05-03#2,gain,0.5,1.928,0.0932544,0.38689,0.0535498,0.128895,0.0548257,0.0721837,1.28766,-3.28022,0.463966,1.57231,-0.344014,-0.151305,-0.439972,1.07706,1.48517,3.28022
310,rec2018-05-03_11h52m17.833s.wav,0,2018-05-03#2,gain,0.707107,1.928,0.131882,0.38689,0.0535498,0.128886,0.0548064,0.0721837,1.28766,-1.77968,0.463966,1.57231,-0.344336,-0.152752,-0.439972,0.862954,1.05886,1.77968
310,rec2018-05-03_11h52m17.833s.wav,0,2018-05-03#2,gain,1.41421,1.928,0.263763,0.38689,0.0535498,0.12887,0.0547666,0.0721837,1.28766,3.34349,0.463966,1.57231,-0.344922,-0.155744,-0.439972,1.08687,1.50529,3.34349
310,rec2018-05-03_11h52m17.833s.wav,0,2018-05-03#2,gain,2,1.928,0.373018,0.38689,0.0535498,0.128862,0.0547467,0.0721837,1.28766,7.58767,0.463966,1.57231,-0.345203,-0.157239,-0.439972,1.69343,2.98222,7.58767
310,rec2018-05-03_11h52m17.833s.wav,0,2018-05-03#2,noise,30,1.928,0.187103,0.390581,0.0494021,0.178733,0.124884,0.0786595,1.28766,0.365495,0.609211,1.1313,1.47502,5.10554,-0.0690364,1.43475,2.1277,5.10554
310,rec2018-05-03_11h52m17.833s.wav,0,2018-05-03#2,noise,20,1.928,0.189534,0.398008,0.0457641,0.213326,0.131022,0.0743444,1.28766,0.459917,0.901508,0.744484,2.73764,5.5661,-0.316209,1.71622,2.44402,5.5661
310,rec2018-05-03_11h52m17.833s.wav,0,2018-05-03#2,noise,10,1.928,0.203103,0.420223,0.0400829,0.293663,0.120203,0.0563387,1.28766,0.987037,1.77583,0.140425,5.66988,4.75429,-1.34758,2.28039,2.98502,5.66988
310,rec2018-05-03_11h52m17.833s.wav,0,2018-05-03#2,tilt,-0.5,1.928,0.18587,0.339786,0.0490052,0.0825148,0.0421853,0.0939462,1.28766,0.317603,-1.38994,1.0891,-2.03683,-1.09979,0.806584,1.14679,1.24704,2.03683
310,rec2018-05-03_11h52m17.833s.wav,0,2018-05-03#2,tilt,0.5,1.928,0.187207,0.455895,0.0506763,0.147254,0.0530183,0.0357883,1.28766,0.369519,3.1798,1.26679,0.326102,-0.286929,-2.5247,1.32021,1.6934,3.1798
310,rec2018-05-03_11h52m17.833s.wav,0,2018-05-03#2,tilt,0.9,1.928,0.18721,0.497172,0.043758,0.115719,0.0401192,0.0289764,1.28766,0.369652,4.80432,0.531182,-0.824923,-1.25482,-2.91489,1.71249,2.26495,4.80432
311,rec2018-05-03_11h52m35.208s.wav,0,2018-05-03#2,identity,0,1.576,0.192852,0.358189,0.0386811,0.116729,0.0483689,0.0901209,-0.0613173,0.588823,-0.665627,-0.00863056,-0.788064,-0.635796,0.587472,0.476533,0.556008,0.788064
311,rec2018-05-03_11h52m35.208s.wav,0,2018-05-03#2,gain,0.5,1.576,0.0964261,0.358189,0.0386811,0.116746,0.048375,0.0901209,-0.0613173,-3.15701,-0.665627,-0.00863056,-0.787422,-0.635341,0.587472,0.84326,1.29738,3.15701
311,rec2018-05-03_11h52m35.208s.wav,0,2018-05-03#2,gain,0.707107,1.576,0.136367,0.358189,0.038681,0.116737,0.0483721,0.0901209,-0.0613173,-1.60544,-0.665627,-0.00863096,-0.787755,-0.635557,0.587472,0.621685,0.792278,1.60544
311,rec2018-05-03_11h52m35.208s.wav,0,2018-05-03#2,gain,1.41421,1.576,0.272734,0.358189,0.038681,0.116722,0.0483666,0.0901209,-0.0613173,3.69197,-0.665627,-0.00863096,-0.788306,-0.635965,0.587472,0.919899,1.48558,3.69197
311,rec2018-05-03_11h52m35.208s.wav,0,2018-05-03#2,gain,2,1.576,0.385704,0.358189,0.0386811,0.116719,0.0483657,0.0901209,-0.0613173,8.08049,-0.665627,-0.00863056,-0.7884,-0.636034,0.587472,1.54685,3.09637,8.08049
311,rec2018-05-03_11h52m35.208s.wav,0,2018-05-03#2,noise,30,1.576,0.193582,0.3773,0.0448475,0.192059,0.139052,0.0840553,-0.0613173,0.617158,0.0865235,0.647028,1.96142,6.16861,0.240034,1.39744,2.47176,6.16861
311,rec2018-05-03_11h52m35.208s.wav,0,2018-05-03#2,noise,20,1.576,0.196502,0.387572,0.0500318,0.231585,0.153274,0.0807668,-0.0613173,0.730619,0.490803,1.19826,3.40408,7.23581,0.051669,1.88179,3.07436,7.23581
311,rec2018-05-03_11h52m35.208s.wav,0,2018-05-03#2,noise,10,1.576,0.211552,0.410326,0.045247,0.305293,0.133117,0.0552975,-0.0613173,1.31526,1.38634,0.689506,6.09434,5.72331,-1.40721,2.38247,3.2952,6.09434
311,rec2018-05-03_11h52m35.208s.wav,0,2018-05-03#2,tilt,-0.5,1.576,0.192619,0.314576,0.0365857,0.0682038,0.0295097,0.0661728,-0.0613173,0.579768,-2.38212,-0.231423,-2.55917,-2.0509,-0.784278,1.23557,1.57836,2.55917
311,rec2018-05-03_11h52m35.208s.wav,0,2018-05-03#2,tilt,0.5,1.576,0.193196,0.427801,0.0387839,0.151522,0.059707,0.0679496,-0.0613173,0.602188,2.07408,0.00231004,0.481845,0.214963,-0.682503,0.588458,0.879318,2.07408
311,rec2018-05-03_11h52m35.208s.wav,0,2018-05-03#2,tilt,0.9,1.576,0.193266,0.47278,0.0364111,0.125913,0.05265,0.0556219,-0.0613173,0.604887,3.84431,-0.249988,-0.452828,-0.314561,-1.38863,0.988075,1.57857,3.84431
312,rec2018-05-03_15h21m36.500s.wav,0,2018-05-03#3,identity,0,2.2,0.160045,0.413814,0.0419919,0.0795803,0.0403453,0.0873878,1.66374,-1.13729,2.02205,0.303498,-1.70911,-1.1438,0.388466,1.19542,1.34284,2.02205
312,rec2018-05-03_15h21m36.500s.wav,0,2018-05-03#3,gain,0.5,2.2,0.0800227,0.413814,0.0419919,0.079587,0.0403736,0.0873878,1.66374,-4.41289,2.02205,0.303498,-1.70889,-1.14132,0.388466,1.66298,2.09749,4.41289
312,rec2018-05-03_15h21m36.500s.wav,0,2018-05-03#3,gain,0.707107,2.2,0.113169,0.413814,0.0419919,0.0795816,0.0403506,0.0873878,1.66374,-3.05609,2.02205,0.303498,-1.70907,-1.14333,0.388466,1.46946,1.71829,3.05609
312,rec2018-05-03_15h21m36.500s.wav,0,2018-05-03#3,gain,1.41421,2.2,0.226338,0.413814,0.0419919,0.0795803,0.0403453,0.0873878,1.66374,1.5763,2.02205,0.303498,-1.70912,-1.1438,0.388466,1.25814,1.40478,2.02205
312,rec2018-05-03_15h21m36.500s.wav,0,2018-05-03#3,gain,2,2.2,0.320091,0.413814,0.0419919,0.0795803,0.0403453,0.0873878,1.66374,5.41391,2.02205,0.303498,-1.70911,-1.1438,0.388466,1.80637,2.40949,5.41391
312,rec2018-05-03_15h21m36.500s.wav,0,2018-05-03#3,noise,30,2.2,0.160371,0.424423,0.0412008,0.118909,0.111638,0.0766516,1.66374,-1.12398,2.45605,0.216942,-0.384937,5.10161,-0.228804,1.59658,2.2784,5.10161
312,rec2018-05-03_15h21m36.500s.wav,0,2018-05-03#3,noise,20,2.2,0.162018,0.431106,0.0412496,0.154156,0.126133,0.0735728,1.66374,-1.05655,2.72945,0.222277,0.801811,6.37135,-0.405818,1.893,2.74604,6.37135
312,rec2018-05-03_15h21m36.500s.wav,0,2018-05-03#3,noise,10,2.2,0.17253,0.448096,0.0352095,0.239744,0.120889,0.053829,1.66374,-0.626257,3.42442,-0.438599,3.68349,5.91197,-1.54097,2.46992,3.06998,5.91197
312,rec2018-05-03_15h21m36.500s.wav,0,2018-05-03#3,tilt,-0.5,2.2,0.15948,0.376262,0.0379403,0.0512205,0.0298114,0.0905035,1.66374,-1.16045,0.485953,-0.13981,-2.66397,-2.06658,0.5676,1.24973,1.51469,2.66397
312,rec2018-05-03_15h21m36.500s.wav,0,2018-05-03#3,tilt,0.5,2.2,0.160886,0.46315,0.0426653,0.0863728,0.0419473,0.0747313,1.66374,-1.10287,4.04024,0.377178,-1.48042,-1.00346,-0.339212,1.42959,1.8425,4.04024
312,rec2018-05-03_15h21m36.500s.wav,0,2018-05-03#3,tilt,0.9,2.2,0.161147,0.487019,0.0409928,0.065331,0.0320477,0.0692823,1.66374,-1.09219,5.01663,0.194179,-2.18888,-1.87068,-0.652498,1.81126,2.3263,5.01663
313,rec2018-05-03_15h23m24.541s.wav,0,2018-05-03#3,identity,0,1.976,0.122909,0.452907,0.042959,0.0961857,0.0433368,0.0883468,1.03422,-2.65742,3.62124,0.409312,-1.15002,-0.881731,0.443603,1.45679,1.84039,3.62124
313,rec2018-05-03_15h23m24.541s.wav,0,2018-05-03#3,gain,0.5,1.976,0.0614544,0.452907,0.042959,0.0961876,0.0433336,0.0883468,1.03422,-5.17295,3.62124,0.409312,-1.14996,-0.882011,0.443603,1.81618,2.49018,5.17295
313,rec2018-05-03_15h23m24.541s.wav,0,2018-05-03#3,gain,0.707107,1.976,0.0869097,0.452907,0.042959,0.0961866,0.0433353,0.0883468,1.03422,-4.13098,3.62124,0.409312,-1.14999,-0.881861,0.443603,1.66732,2.19455,4.13098
313,rec2018-05-03_15h23m24.541s.wav,0,2018-05-03#3,gain,1.41421,1.976,0.173819,0.452907,0.042959,0.0961849,0.0433381,0.0883468,1.03422,-0.573475,3.62124,0.409312,-1.15005,-0.881619,0.443603,1.15907,1.55729,3.62124
313,rec2018-05-03_15h23m24.541s.wav,0,2018-05-03#3,gain,2,1.976,0.245818,0.452907,0.042959,0.0961849,0.0433381,0.0883468,1.03422,2.37366,3.62124,0.409312,-1.15005,-0.88162,0.443603,1.41624,1.78411,3.62124
313,rec2018-05-03_15h23m24.541s.wav,0,2018-05-03#3,noise,30,1.976,0.123058,0.46149,0.0321169,0.128531,0.0685571,0.033859,1.03422,-2.6513,3.97236,-0.776967,-0.0609843,1.32761,-2.68913,1.78751,2.18697,3.97236
313,rec2018-05-03_15h23m24.541s.wav,0,2018-05-03#3,noise,20,1.976,0.124271,0.468837,0.0296313,0.181715,0.113047,0.0392983,1.03422,-2.60164,4.27288,-1.04894,1.72967,5.22502,-2.3764,2.61268,3.00323,5.22502
313,rec2018-05-03_15h23m24.541s.wav,0,2018-05-03#3,noise,10,1.976,0.132837,0.478609,0.0262271,0.275327,0.12243,0.0372513,1.03422,-2.25104,4.67261,-1.4214,4.88152,6.04697,-2.49409,3.25741,3.71495,6.04697
313,rec2018-05-03_15h23m24.541s.wav,0,2018-05-03#3,tilt,-0.5,1.976,0.122348,0.407374,0.0363907,0.06834,0.0319262,0.0975432,1.03422,-2.68036,1.75865,-0.30935,-2.08757,-1.88133,0.972339,1.53197,1.70232,2.68036
313,rec2018-05-03_15h23m24.541s.wav,0,2018-05-03#3,tilt,0.5,1.976,0.123345,0.504256,0.0463871,0.0909261,0.0444329,0.0805157,1.03422,-2.63957,5.72176,0.784396,-1.32711,-0.785714,-0.00663858,1.75706,2.50055,5.72176
313,rec2018-05-03_15h23m24.541s.wav,0,2018-05-03#3,tilt,0.9,1.976,0.123399,0.525706,0.0465642,0.0659385,0.0347688,0.076877,1.03422,-2.63735,6.59922,0.803774,-2.16842,-1.6323,-0.215846,2.15588,2.91876,6.59922
314,rec2018-05-03_15h24m03.886s.wav,0,2018-05-03#3,identity,0,1.976,0.121897,0.43975,0.0318905,0.118713,0.0708121,0.0737699,1.03422,-2.69885,3.08301,-0.801747,-0.391555,1.52516,-0.394486,1.41843,1.73766,3.08301
314,rec2018-05-03_15h24m03.886s.wav,0,2018-05-03#3,gain,0.5,1.976,0.0609483,0.43975,0.0318905,0.118735,0.0708547,0.0737699,1.03422,-5.19367,3.08301,-0.801747,-0.390793,1.52889,-0.394486,1.77526,2.41535,5.19367
314,rec2018-05-03_15h24m03.886s.wav,0,2018-05-03#3,gain,0.707107,1.976,0.0861939,0.43975,0.0318905,0.11872,0.0708249,0.0737699,1.03422,-4.16028,3.08301,-0.801747,-0.391314,1.52627,-0.394486,1.62733,2.10996,4.16028
314,rec2018-05-03_15h24m03.886s.wav,0,2018-05-03#3,gain,1.41421,1.976,0.172388,0.43975,0.0318905,0.118708,0.0708074,0.0737699,1.03422,-0.632078,3.08301,-0.801747,-0.391698,1.52474,-0.394486,1.12314,1.42682,3.08301
314,rec2018-05-03_15h24m03.886s.wav,0,2018-05-03#3,gain,2,1.976,0.243793,0.43975,0.0318905,0.118708,0.0708074,0.0737699,1.03422,2.29078,3.08301,-0.801747,-0.391698,1.52474,-0.394486,1.3601,1.65179,3.08301
314,rec2018-05-03_15h24m03.886s.wav,0,2018-05-03#3,noise,30,1.976,0.122238,0.449991,0.0286484,0.160676,0.122101,0.055558,1.03422,-2.68489,3.50195,-1.15647,1.02131,6.01811,-1.44156,2.40836,2.95727,6.01811
314,rec2018-05-03_15h24m03.886s.wav,0,2018-05-03#3,noise,20,1.976,0.123687,0.455662,0.0276591,0.199272,0.130037,0.0502826,1.03422,-2.62557,3.73394,-1.26472,2.32081,6.71335,-1.74487,2.77678,3.31673,6.71335
314,rec2018-05-03_15h24m03.886s.wav,0,2018-05-03#3,noise,10,1.976,0.132344,0.467752,0.0238954,0.286878,0.118744,0.0423269,1.03422,-2.27119,4.22852,-1.67652,5.27046,5.72404,-2.20227,3.20103,3.63144,5.72404
314,rec2018-05-03_15h24m03.886s.wav,0,2018-05-03#3,tilt,-0.5,1.976,0.12185,0.395882,0.028232,0.082696,0.0527771,0.0810101,1.03422,-2.70077,1.28854,-1.20204,-1.60421,-0.0547418,0.0217817,1.12947,1.41653,2.70077
314,rec2018-05-03_15h24m03.886s.wav,0,2018-05-03#3,tilt,0.5,1.976,0.121756,0.492851,0.0361928,0.113689,0.0651018,0.0636447,1.03422,-2.70461,5.25523,-0.331004,-0.560684,1.02492,-0.976625,1.69818,2.34308,5.25523
314,rec2018-05-03_15h24m03.886s.wav,0,2018-05-03#3,tilt,0.9,1.976,0.121664,0.516494,0.0387283,0.0826259,0.0479476,0.060853,1.03422,-2.70837,6.22238,-0.0535915,-1.60657,-0.477817,-1.13713,1.89144,2.70524,6.22238
315,rec2018-05-03_15h24m37.045s.wav,0,2018-05-03#3,identity,0,1.656,0.1386,0.417195,0.0377735,0.132343,0.0568422,0.0834014,0.134898,-2.01511,2.16036,-0.158051,0.067352,0.301363,0.15927,0.713773,1.12705,2.16036
315,rec2018-05-03_15h24m37.045s.wav,0,2018-05-03#3,gain,0.5,1.656,0.0693002,0.417195,0.0377735,0.132343,0.0568422,0.0834014,0.134898,-4.8518,2.16036,-0.158051,0.067352,0.301363,0.15927,1.11901,2.01321,4.8518
315,rec2018-05-03_15h24m37.045s.wav,0,2018-05-03#3,gain,0.707107,1.656,0.0980053,0.417195,0.0377735,0.132343,0.0568422,0.0834014,0.134898,-3.6768,2.16036,-0.158051,0.0673525,0.301363,0.15927,0.951158,1.61908,3.6768
315,rec2018-05-03_15h24m37.045s.wav,0,2018-05-03#3,gain,1.41421,1.656,0.196011,0.417195,0.0377735,0.132343,0.0568422,0.0834014,0.134898,0.334882,2.16036,-0.158051,0.0673525,0.301363,0.15927,0.47374,0.840342,2.16036
315,rec2018-05-03_15h24m37.045s.wav,0,2018-05-03#3,gain,2,1.656,0.277201,0.417195,0.0377735,0.132343,0.0568422,0.0834014,0.134898,3.65827,2.16036,-0.158051,0.067352,0.301363,0.15927,0.94851,1.61307,3.65827
315,rec2018-05-03_15h24m37.045s.wav,0,2018-05-03#3,noise,30,1.656,0.138717,0.424527,0.0326014,0.162214,0.0544024,0.0581794,0.134898,-2.01032,2.46029,-0.723959,1.07309,0.0876328,-1.29085,1.11158,1.38678,2.46029
315,rec2018-05-03_15h24m37.045s.wav,0,2018-05-03#3,noise,20,1.656,0.139875,0.433799,0.0337545,0.215649,0.0925744,0.0626702,0.134898,-1.96294,2.83959,-0.597793,2.87222,3.43157,-1.03265,1.83881,2.18383,3.43157
315,rec2018-05-03_15h24m37.045s.wav,0,2018-05-03#3,noise,10,1.656,0.149053,0.451523,0.0330088,0.314562,0.107567,0.0513941,0.134898,-1.58726,3.56463,-0.679384,6.20257,4.74494,-1.68096,2.65638,3.37041,6.20257
315,rec2018-05-03_15h24m37.045s.wav,0,2018-05-03#3,tilt,-0.5,1.656,0.137826,0.373428,0.0306002,0.0883906,0.0420606,0.0879749,0.134898,-2.04679,0.370025,-0.942919,-1.41248,-0.993529,0.42222,0.903266,1.09506,2.04679
315,rec2018-05-03_15h24m37.045s.wav,0,2018-05-03#3,tilt,0.5,1.656,0.139476,0.474217,0.041994,0.135292,0.052338,0.0629331,0.134898,-1.97927,4.49294,0.303725,0.166644,-0.0932123,-1.01754,1.16975,1.90061,4.49294
315,rec2018-05-03_15h24m37.045s.wav,0,2018-05-03#3,tilt,0.9,1.656,0.139673,0.501366,0.0420495,0.100441,0.038145,0.056315,0.134898,-1.97119,5.60353,0.309797,-1.00676,-1.33654,-1.39804,1.68011,2.39505,5.60353
316,rec2018-05-03_15h25m08.571s.wav,0,2018-05-03#3,identity,0,1.656,0.144762,0.404995,0.0360303,0.131018,0.0595221,0.0806273,0.134898,-1.7629,1.6613,-0.348787,0.0227443,0.536128,-0.00022382,0.63814,0.948347,1.7629
316,rec2018-05-03_15h25m08.571s.wav,0,2018-05-03#3,gain,0.5,1.656,0.0723809,0.404995,0.0360303,0.131046,0.0595391,0.0806273,0.134898,-4.72569,1.6613,-0.348787,0.0236876,0.537616,-0.00022382,1.06174,1.90943,4.72569
316,rec2018-05-03_15h25m08.571s.wav,0,2018-05-03#3,gain,0.707107,1.656,0.102362,0.404995,0.0360303,0.131028,0.059529,0.0806273,0.134898,-3.49846,1.6613,-0.348787,0.0230935,0.536737,-0.00022382,0.886215,1.48457,3.49846
316,rec2018-05-03_15h25m08.571s.wav,0,2018-05-03#3,gain,1.41421,1.656,0.204724,0.404995,0.0360303,0.131009,0.0595156,0.0806273,0.134898,0.691563,1.6613,-0.348787,0.0224428,0.535562,-0.00022382,0.484968,0.723618,1.6613
316,rec2018-05-03_15h25m08.571s.wav,0,2018-05-03#3,gain,2,1.656,0.289524,0.404995,0.0360303,0.131004,0.059512,0.0806273,0.134898,4.16269,1.6613,-0.348787,0.0222828,0.535246,-0.00022382,0.980776,1.71192,4.16269
316,rec2018-05-03_15h25m08.571s.wav,0,2018-05-03#3,noise,30,1.656,0.145369,0.423019,0.0365336,0.186639,0.12169,0.0762995,0.134898,-1.73806,2.3986,-0.293716,1.89547,5.98217,-0.249048,1.81314,2.62732,5.98217
316,rec2018-05-03_15h25m08.571s.wav,0,2018-05-03#3,noise,20,1.656,0.147639,0.430786,0.0381664,0.234734,0.136179,0.0738391,0.134898,-1.64512,2.71635,-0.115071,3.5148,7.25138,-0.390506,2.25259,3.27774,7.25138
316,rec2018-05-03_15h25m08.571s.wav,0,2018-05-03#3,noise,10,1.656,0.159573,0.446952,0.0350591,0.319217,0.127597,0.0619193,0.134898,-1.15665,3.37764,-0.455049,6.35927,6.49958,-1.07583,2.7227,3.71895,6.49958
316,rec2018-05-03_15h25m08.571s.wav,0,2018-05-03#3,tilt,-0.5,1.656,0.14408,0.363409,0.0338775,0.0833742,0.0391861,0.0802604,0.134898,-1.7908,-0.0398291,-0.584332,-1.58138,-1.24534,-0.0213182,0.771127,1.04336,1.7908
316,rec2018-05-03_15h25m08.571s.wav,0,2018-05-03#3,tilt,0.5,1.656,0.145609,0.461996,0.036961,0.145923,0.0696769,0.0723213,0.134898,-1.72823,3.99302,-0.246959,0.524584,1.4257,-0.477768,1.21874,1.75444,3.99302
316,rec2018-05-03_15h25m08.571s.wav,0,2018-05-03#3,tilt,0.9,1.656,0.145809,0.491225,0.0375725,0.113673,0.0634249,0.0699703,0.134898,-1.72002,5.18869,-0.180053,-0.561239,0.878018,-0.612942,1.32512,2.11772,5.18869
317,rec2018-05-03_15h27m21.669s.wav,0,2018-05-03#3,identity,0,1.608,0.151988,0.407138,0.0272166,0.156674,0.0764819,0.0764826,0,-1.46709,1.74898,-1.31314,0.886569,2.02184,-0.238521,1.09659,1.302,2.02184
317,rec2018-05-03_15h27m21.669s.wav,0,2018-05-03#3,gain,0.5,1.608,0.0759942,0.407138,0.0272166,0.156707,0.0765975,0.0764826,0,-4.57779,1.74898,-1.31314,0.887675,2.03196,-0.238521,1.54258,2.09466,4.57779
317,rec2018-05-03_15h27m21.669s.wav,0,2018-05-03#3,gain,0.707107,1.608,0.107472,0.407138,0.0272166,0.15669,0.0765396,0.0764826,0,-3.2893,1.74898,-1.31314,0.887114,2.02689,-0.238521,1.35771,1.7136,3.2893
317,rec2018-05-03_15h27m21.669s.wav,0,2018-05-03#3,gain,1.41421,1.608,0.214944,0.407138,0.0272166,0.156663,0.0764507,0.0764826,0,1.10989,1.74898,-1.31314,0.886221,2.01911,-0.238521,1.04512,1.24981,2.01911
317,rec2018-05-03_15h27m21.669s.wav,0,2018-05-03#3,gain,2,1.608,0.303977,0.407138,0.0272166,0.156661,0.0764523,0.0764826,0,4.7543,1.74898,-1.31314,0.886134,2.01924,-0.238521,1.56576,2.14829,4.7543
317,rec2018-05-03_15h27m21.669s.wav,0,2018-05-03#3,noise,30,1.608,0.152614,0.422657,0.0351977,0.218102,0.13323,0.0771747,0,-1.44148,2.38382,-0.439886,2.95481,6.99306,-0.198727,2.05883,3.06191,6.99306
317,rec2018-05-03_15h27m21.669s.wav,0,2018-05-03#3,noise,20,1.608,0.155011,0.428972,0.0363989,0.255678,0.138993,0.0770964,0,-1.34336,2.64213,-0.308458,4.21999,7.49795,-0.203233,2.31644,3.44237,7.49795
317,rec2018-05-03_15h27m21.669s.wav,0,2018-05-03#3,noise,10,1.608,0.167324,0.443572,0.0325398,0.325659,0.122494,0.0594188,0,-0.839346,3.23936,-0.730701,6.5762,6.05256,-1.21959,2.66539,3.6469,6.5762
317,rec2018-05-03_15h27m21.669s.wav,0,2018-05-03#3,tilt,-0.5,1.608,0.151844,0.362354,0.0213542,0.102183,0.0646827,0.0653874,0,-1.47299,-0.0829821,-1.95458,-0.948103,0.988208,-0.876432,0.903328,1.11102,1.95458
317,rec2018-05-03_15h27m21.669s.wav,0,2018-05-03#3,tilt,0.5,1.608,0.152178,0.467287,0.0345389,0.16806,0.0785103,0.0663709,0,-1.45935,4.20946,-0.511964,1.26994,2.19953,-0.819883,1.49573,1.97246,4.20946
317,rec2018-05-03_15h27m21.669s.wav,0,2018-05-03#3,tilt,0.9,1.608,0.152224,0.497637,0.0375908,0.126233,0.0603918,0.0652627,0,-1.45744,5.45101,-0.178044,-0.138339,0.612312,-0.883598,1.24582,2.17269,5.45101
318,rec2018-05-03_15h27m45.362s.wav,0,2018-05-03#3,identity,0,1.512,0.144832,0.403099,0.0365426,0.142579,0.0611122,0.0784127,-0.269796,-1.76001,1.58378,-0.29273,0.411991,0.675428,-0.127549,0.731611,0.956681,1.76001
318,rec2018-05-03_15h27m45.362s.wav,0,2018-05-03#3,gain,0.5,1.512,0.0724162,0.403099,0.0365426,0.14259,0.0611177,0.0784127,-0.269796,-4.72425,1.58378,-0.29273,0.412361,0.675903,-0.127549,1.15519,1.91343,4.72425
318,rec2018-05-03_15h27m45.362s.wav,0,2018-05-03#3,gain,0.707107,1.512,0.102412,0.403099,0.0365426,0.142581,0.0611107,0.0784127,-0.269796,-3.49642,1.58378,-0.29273,0.412075,0.675289,-0.127549,0.979662,1.48967,3.49642
318,rec2018-05-03_15h27m45.362s.wav,0,2018-05-03#3,gain,1.41421,1.512,0.204824,0.403099,0.0365426,0.142578,0.0611128,0.0784127,-0.269796,0.695648,1.58378,-0.29273,0.411974,0.675479,-0.127549,0.579565,0.736111,1.58378
318,rec2018-05-03_15h27m45.362s.wav,0,2018-05-03#3,gain,2,1.512,0.289665,0.403099,0.0365426,0.142578,0.0611128,0.0784127,-0.269796,4.16847,1.58378,-0.29273,0.411975,0.675479,-0.127549,1.07568,1.71902,4.16847
318,rec2018-05-03_15h27m45.362s.wav,0,2018-05-03#3,noise,30,1.512,0.145145,0.41636,0.034203,0.188081,0.0941334,0.0503166,-0.269796,-1.74722,2.12621,-0.548722,1.94402,3.56814,-1.74291,1.70672,1.98192,3.56814
318,rec2018-05-03_15h27m45.362s.wav,0,2018-05-03#3,noise,20,1.512,0.146864,0.426153,0.0358504,0.236858,0.116102,0.0535132,-0.269796,-1.67687,2.52681,-0.368476,3.58631,5.49265,-1.55913,2.21143,2.79967,5.49265
318,rec2018-05-03_15h27m45.362s.wav,0,2018-05-03#3,noise,10,1.512,0.157633,0.444482,0.0342299,0.327551,0.120766,0.0511329,-0.269796,-1.23603,3.27661,-0.545781,6.6399,5.90117,-1.69598,2.79504,3.67274,6.6399
318,rec2018-05-03_15h27m45.362s.wav,0,2018-05-03#3,tilt,-0.5,1.512,0.143803,0.357335,0.0300611,0.0946798,0.0453883,0.0906597,-0.269796,-1.80215,-0.288302,-1.0019,-1.20073,-0.702021,0.576581,0.834498,0.976473,1.80215
318,rec2018-05-03_15h27m45.362s.wav,0,2018-05-03#3,tilt,0.5,1.512,0.145834,0.466292,0.0406889,0.149163,0.0580091,0.0555193,-0.269796,-1.719,4.16879,0.160932,0.633689,0.403586,-1.44379,1.25708,1.81586,4.16879
318,rec2018-05-03_15h27m45.362s.wav,0,2018-05-03#3,tilt,0.9,1.512,0.145939,0.498679,0.0405074,0.112562,0.0440949,0.0504924,-0.269796,-1.71472,5.49364,0.141077,-0.59864,-0.815325,-1.7328,1.538,2.30647,5.49364
319,rec2018-05-03_15h28m15.159s.wav,0,2018-05-03#3,identity,0,1.624,0.13437,0.445625,0.0398983,0.173324,0.0640441,0.0535899,0.0449661,-2.18828,3.32336,0.0744236,1.44716,0.932266,-1.55472,1.36645,1.74116,3.32336
319,rec2018-05-03_15h28m15.159s.wav,0,2018-05-03#3,gain,0.5,1.624,0.0671849,0.445625,0.0398983,0.173338,0.064031,0.0535899,0.0449661,-4.93838,3.32336,0.0744236,1.44765,0.931118,-1.55472,1.75923,2.41483,4.93838
319,rec2018-05-03_15h28m15.159s.wav,0,2018-05-03#3,gain,0.707107,1.624,0.0950139,0.445625,0.0398983,0.173329,0.0640386,0.0535899,0.0449661,-3.79925,3.32336,0.0744236,1.44734,0.931782,-1.55472,1.59655,2.09989,3.79925
319,rec2018-05-03_15h28m15.159s.wav,0,2018-05-03#3,gain,1.41421,1.624,0.190028,0.445625,0.0398983,0.173319,0.0640488,0.0535899,0.0449661,0.0899863,3.32336,0.0744236,1.447,0.932677,-1.55472,1.06673,1.53256,3.32336
319,rec2018-05-03_15h28m15.159s.wav,0,2018-05-03#3,gain,2,1.624,0.26874,0.445625,0.0398983,0.173316,0.0640514,0.0535899,0.0449661,3.31194,3.32336,0.0744236,1.44689,0.932899,-1.55472,1.52703,1.97853,3.32336
319,rec2018-05-03_15h28m15.159s.wav,0,2018-05-03#3,noise,30,1.624,0.13476,0.454223,0.0375513,0.221624,0.102989,0.0392125,0.0449661,-2.17233,3.67508,-0.182368,3.07341,4.34388,-2.38133,2.26762,2.73199,4.34388
319,rec2018-05-03_15h28m15.159s.wav,0,2018-05-03#3,noise,20,1.624,0.136438,0.46047,0.0366218,0.266601,0.113766,0.0442965,0.0449661,-2.10363,3.93062,-0.284064,4.58774,5.28796,-2.08903,2.61829,3.23666,5.28796
319,rec2018-05-03_15h28m15.159s.wav,0,2018-05-03#3,noise,10,1.624,0.146177,0.472237,0.0333397,0.347902,0.112678,0.0457837,0.0449661,-1.70497,4.41195,-0.64318,7.32509,5.1927,-2.00352,3.04663,3.91742,7.32509
319,rec2018-05-03_15h28m15.159s.wav,0,2018-05-03#3,tilt,-0.5,1.624,0.133294,0.39549,0.0364642,0.127927,0.0527025,0.0735972,0.0449661,-2.2323,1.27249,-0.301311,-0.0813106,-0.0612797,-0.404412,0.628297,0.990609,2.2323
319,rec2018-05-03_15h28m15.159s.wav,0,2018-05-03#3,tilt,0.5,1.624,0.134976,0.506557,0.0398462,0.158138,0.0583356,0.0411147,0.0449661,-2.16348,5.81586,0.0687298,0.935854,0.432191,-2.27197,1.67615,2.52802,5.81586
319,rec2018-05-03_15h28m15.159s.wav,0,2018-05-03#3,tilt,0.9,1.624,0.134987,0.534956,0.0391371,0.113411,0.042847,0.0348725,0.0449661,-2.16302,6.9776,-0.00885923,-0.570065,-0.924643,-2.63086,1.90286,2.96332,6.9776
320,rec2018-05-03_15h28m42.685s.wav,0,2018-05-03#3,identity,0,1.704,0.196785,0.369169,0.0550401,0.101865,0.0608848,0.0843393,0.269796,0.36657,0.19581,1.73116,-0.958814,0.655504,0.213193,0.627264,0.813888,1.73116
320,rec2018-05-03_15h28m42.685s.wav,0,2018-05-03#3,gain,0.5,1.704,0.0983923,0.369169,0.0550401,0.101874,0.0609024,0.0843393,0.269796,-3.66096,0.19581,1.73116,-0.958512,0.657048,0.213193,1.09807,1.5994,3.66096
320,rec2018-05-03_15h28m42.685s.wav,0,2018-05-03#3,gain,0.707107,1.704,0.139148,0.369169,0.0550401,0.101866,0.060885,0.0843393,0.269796,-1.9927,0.19581,1.73116,-0.958769,0.65552,0.213193,0.859565,1.10022,1.9927
320,rec2018-05-03_15h28m42.685s.wav,0,2018-05-03#3,gain,1.41421,1.704,0.278296,0.369169,0.0550401,0.101864,0.0608858,0.0843393,0.269796,3.70308,0.19581,1.73116,-0.958845,0.655588,0.213193,1.10393,1.61314,3.70308
320,rec2018-05-03_15h28m42.685s.wav,0,2018-05-03#3,gain,2,1.704,0.393569,0.369169,0.0550401,0.101863,0.0608868,0.0843393,0.269796,8.42163,0.19581,1.73116,-0.958875,0.655676,0.213193,1.77802,3.28257,8.42163
320,rec2018-05-03_15h28m42.685s.wav,0,2018-05-03#3,noise,30,1.704,0.197338,0.389036,0.0601551,0.155202,0.13017,0.0830193,0.269796,0.38923,1.00847,2.29082,0.837004,6.72503,0.1373,1.66538,2.73691,6.72503
320,rec2018-05-03_15h28m42.685s.wav,0,2018-05-03#3,noise,20,1.704,0.199876,0.400207,0.0606926,0.197525,0.139132,0.0754905,0.269796,0.493121,1.46546,2.34963,2.26201,7.51013,-0.295562,2.09224,3.15301,7.51013
320,rec2018-05-03_15h28m42.685s.wav,0,2018-05-03#3,noise,10,1.704,0.216044,0.42772,0.0555753,0.292701,0.140584,0.0564603,0.269796,1.15492,2.59094,1.78972,5.46651,7.63734,-1.38969,2.89984,3.80724,7.63734
320,rec2018-05-03_15h28m42.685s.wav,0,2018-05-03#3,tilt,-0.5,1.704,0.189649,0.327192,0.0530349,0.0635418,0.0421595,0.0852038,0.269796,0.0745008,-1.52136,1.51177,-2.24912,-0.984863,0.262897,0.982043,1.24073,2.24912
320,rec2018-05-03_15h28m42.685s.wav,0,2018-05-03#3,tilt,0.5,1.704,0.212916,0.434945,0.0489685,0.124061,0.0581037,0.0573401,0.269796,1.02687,2.88648,1.06684,-0.211486,0.411877,-1.3391,1.03035,1.34189,2.88648
320,rec2018-05-03_15h28m42.685s.wav,0,2018-05-03#3,tilt,0.9,1.704,0.217624,0.476611,0.0383874,0.110671,0.0511047,0.0516157,0.269796,1.21961,4.59089,-0.0908818,-0.6623,-0.201253,-1.66822,1.24328,1.92379,4.59089
321,rec2018-05-03_15h29m02.811s.wav,0,2018-05-03#3,identity,0,1.656,0.144934,0.393954,0.0722756,0.120312,0.0574496,0.113238,0.134898,-1.75586,1.20968,3.61698,-0.337721,0.354578,1.87473,1.32635,1.74853,3.61698
321,rec2018-05-03_15h29m02.811s.wav,0,2018-05-03#3,gain,0.5,1.656,0.0724669,0.393954,0.0722756,0.120318,0.0574458,0.113238,0.134898,-4.72217,1.20968,3.61698,-0.337497,0.354244,1.87473,1.75003,2.40882,4.72217
321,rec2018-05-03_15h29m02.811s.wav,0,2018-05-03#3,gain,0.707107,1.656,0.102484,0.393954,0.0722756,0.120315,0.0574477,0.113238,0.134898,-3.49348,1.20968,3.61698,-0.337609,0.35441,1.87473,1.57454,2.08815,3.61698
321,rec2018-05-03_15h29m02.811s.wav,0,2018-05-03#3,gain,1.41421,1.656,0.204967,0.393954,0.0722756,0.120308,0.0574516,0.113238,0.134898,0.70152,1.20968,3.61698,-0.337832,0.354747,1.87473,1.17577,1.63929,3.61698
321,rec2018-05-03_15h29m02.811s.wav,0,2018-05-03#3,gain,2,1.656,0.289868,0.393954,0.0722756,0.120306,0.0574529,0.113238,0.134898,4.17678,1.20968,3.61698,-0.33792,0.354862,1.87473,1.67226,2.26035,4.17678
321,rec2018-05-03_15h29m02.811s.wav,0,2018-05-03#3,noise,30,1.656,0.145288,0.41526,0.0572125,0.173851,0.107728,0.0784303,0.134898,-1.74137,2.08121,1.96886,1.4649,4.75904,-0.12654,1.75383,2.26995,4.75904
321,rec2018-05-03_15h29m02.811s.wav,0,2018-05-03#3,noise,20,1.656,0.14714,0.427435,0.0511983,0.220303,0.130887,0.0727246,0.134898,-1.66556,2.57928,1.31082,3.02891,6.78784,-0.454585,2.28027,3.08496,6.78784
321,rec2018-05-03_15h29m02.811s.wav,0,2018-05-03#3,noise,10,1.656,0.158382,0.446971,0.0452379,0.304544,0.125453,0.0605631,0.134898,-1.20538,3.37841,0.658655,5.86525,6.31179,-1.1538,2.6726,3.5635,6.31179
321,rec2018-05-03_15h29m02.811s.wav,0,2018-05-03#3,tilt,-0.5,1.656,0.143071,0.351191,0.0653461,0.0812743,0.0434449,0.117525,0.134898,-1.83211,-0.539635,2.85879,-1.65208,-0.872266,2.12116,1.43013,1.68303,2.85879
321,rec2018-05-03_15h29m02.811s.wav,0,2018-05-03#3,tilt,0.5,1.656,0.14655,0.454748,0.072724,0.127654,0.057791,0.0879475,0.134898,-1.6897,3.69656,3.66605,-0.090513,0.384485,0.420646,1.44041,2.08089,3.69656
321,rec2018-05-03_15h29m02.811s.wav,0,2018-05-03#3,tilt,0.9,1.656,0.146363,0.490539,0.0596614,0.0996577,0.0445192,0.076058,0.134898,-1.69737,5.16065,2.23681,-1.03312,-0.778148,-0.262932,1.61485,2.27649,5.16065
322,rec2018-05-03_15h29m32.895s.wav,0,2018-05-03#3,identity,0,1.656,0.120169,0.453605,0.0401255,0.18781,0.0702007,0.049287,0.134898,-2.76955,3.64977,0.099291,1.93491,1.47159,-1.80211,1.69459,2.07627,3.64977
322,rec2018-05-03_15h29m32.895s.wav,0,2018-05-03#3,gain,0.5,1.656,0.0600847,0.453605,0.0401255,0.187926,0.0705174,0.049287,0.134898,-5.22902,3.64977,0.099291,1.93881,1.49934,-1.80211,2.05046,2.67117,5.22902
322,rec2018-05-03_15h29m32.895s.wav,0,2018-05-03#3,gain,0.707107,1.656,0.0849726,0.453605,0.0401255,0.187866,0.0703509,0.049287,0.134898,-4.21027,3.64977,0.099291,1.93679,1.48475,-1.80211,1.90256,2.39877,4.21027
322,rec2018-05-03_15h29m32.895s.wav,0,2018-05-03#3,gain,1.41421,1.656,0.169945,0.453605,0.0401255,0.187772,0.0701154,0.049287,0.134898,-0.732058,3.64977,0.099291,1.93363,1.46412,-1.80211,1.40227,1.81324,3.64977
322,rec2018-05-03_15h29m32.895s.wav,0,2018-05-03#3,gain,2,1.656,0.240339,0.453605,0.0401255,0.187759,0.0700899,0.049287,0.134898,2.14939,3.64977,0.099291,1.93318,1.46189,-1.80211,1.60436,1.96726,3.64977
322,rec2018-05-03_15h29m32.895s.wav,0,2018-05-03#3,noise,30,1.656,0.120707,0.466935,0.0335123,0.238059,0.125393,0.045788,0.134898,-2.74756,4.19509,-0.624293,3.62674,6.30651,-2.00328,2.80548,3.43291,6.30651
322,rec2018-05-03_15h29m32.895s.wav,0,2018-05-03#3,noise,20,1.656,0.122488,0.470698,0.0315295,0.268269,0.124714,0.0456704,0.134898,-2.67464,4.349,-0.841239,4.64391,6.24707,-2.01004,2.98583,3.61397,6.24707
322,rec2018-05-03_15h29m32.895s.wav,0,2018-05-03#3,noise,10,1.656,0.131564,0.479436,0.0287153,0.339858,0.106016,0.0418467,0.134898,-2.30315,4.70646,-1.14916,7.05425,4.60905,-2.22988,3.16955,3.86878,7.05425
322,rec2018-05-03_15h29m32.895s.wav,0,2018-05-03#3,tilt,-0.5,1.656,0.119488,0.399505,0.0367185,0.141864,0.0522858,0.0702228,0.134898,-2.79744,1.43676,-0.273484,0.387925,-0.0977834,-0.59842,0.818101,1.22481,2.79744
322,rec2018-05-03_15h29m32.895s.wav,0,2018-05-03#3,tilt,0.5,1.656,0.120467,0.517687,0.0388524,0.167143,0.0738695,0.0390301,0.134898,-2.75738,6.27119,-0.0400053,1.23907,1.79298,-2.39182,2.08962,2.8641,6.27119
322,rec2018-05-03_15h29m32.895s.wav,0,2018-05-03#3,tilt,0.9,1.656,0.120451,0.547022,0.036066,0.120572,0.0620642,0.0344585,0.134898,-2.75803,7.47119,-0.344885,-0.328966,0.758818,-2.65466,2.06449,3.19137,7.47119
323,rec2018-05-03_15h29m50.911s.wav,0,2018-05-03#3,identity,0,1.544,0.145214,0.401559,0.0566514,0.156972,0.0816328,0.0885108,-0.179864,-1.74438,1.52074,1.90747,0.896613,2.47307,0.453032,1.31074,1.519,2.47307
323,rec2018-05-03_15h29m50.911s.wav,0,2018-05-03#3,gain,0.5,1.544,0.0726071,0.401559,0.0566514,0.157023,0.0817701,0.0885108,-0.179864,-4.71644,1.52074,1.90747,0.89832,2.48509,0.453032,1.73728,2.24932,4.71644
323,rec2018-05-03_15h29m50.911s.wav,0,2018-05-03#3,gain,0.707107,1.544,0.102682,0.401559,0.0566514,0.156992,0.0816881,0.0885108,-0.179864,-3.48537,1.52074,1.90747,0.897284,2.47791,0.453032,1.56024,1.90044,3.48537
323,rec2018-05-03_15h29m50.911s.wav,0,2018-05-03#3,gain,1.41421,1.544,0.205364,0.401559,0.0566514,0.156971,0.0816334,0.0885108,-0.179864,0.717748,1.52074,1.90747,0.89656,2.47312,0.453032,1.16408,1.39509,2.47312
323,rec2018-05-03_15h29m50.911s.wav,0,2018-05-03#3,gain,2,1.544,0.290428,0.401559,0.0566514,0.15697,0.0816343,0.0885108,-0.179864,4.19973,1.52074,1.90747,0.896538,2.4732,0.453032,1.66151,2.09581,4.19973
323,rec2018-05-03_15h29m50.911s.wav,0,2018-05-03#3,noise,30,1.544,0.145751,0.425842,0.0379805,0.217223,0.125565,0.0545928,-0.179864,-1.72242,2.51409,-0.135403,2.92522,6.32159,-1.49706,2.18509,2.93011,6.32159
323,rec2018-05-03_15h29m50.911s.wav,0,2018-05-03#3,noise,20,1.544,0.148092,0.434462,0.0410384,0.267348,0.136261,0.0597089,-0.179864,-1.6266,2.86671,0.199169,4.61289,7.25863,-1.20291,2.56382,3.51221,7.25863
323,rec2018-05-03_15h29m50.911s.wav,0,2018-05-03#3,noise,10,1.544,0.160548,0.448222,0.0384529,0.34508,0.12127,0.0548837,-0.179864,-1.1167,3.4296,-0.0837141,7.23007,5.94537,-1.48033,2.78081,3.83333,7.23007
323,rec2018-05-03_15h29m50.911s.wav,0,2018-05-03#3,tilt,-0.5,1.544,0.144299,0.354781,0.0520541,0.10017,0.0543279,0.0915998,-0.179864,-1.78186,-0.392782,1.40446,-1.01587,0.0811096,0.630627,0.783796,0.983465,1.78186
323,rec2018-05-03_15h29m50.911s.wav,0,2018-05-03#3,tilt,0.5,1.544,0.146323,0.466171,0.0552325,0.174167,0.0868345,0.0650529,-0.179864,-1.69901,4.16383,1.75222,1.47556,2.92874,-0.895659,1.8707,2.23235,4.16383
323,rec2018-05-03_15h29m50.911s.wav,0,2018-05-03#3,tilt,0.9,1.544,0.146534,0.501972,0.0436975,0.13735,0.0657131,0.0528487,-0.179864,-1.69036,5.62833,0.490117,0.235958,1.07847,-1.59733,1.55721,2.34759,5.62833
324,rec2018-05-03_15h30m09.333s.wav,0,2018-05-03#3,identity,0,1.88,0.148177,0.414543,0.0360822,0.129889,0.0616602,0.0932581,0.764423,-1.62312,2.05191,-0.343106,-0.0152513,0.723434,0.725971,0.892459,1.10825,2.05191
324,rec2018-05-03_15h30m09.333s.wav,0,2018-05-03#3,gain,0.5,1.88,0.0740883,0.414543,0.0360822,0.129923,0.0617203,0.0932581,0.764423,-4.65581,2.05191,-0.343106,-0.0141039,0.728695,0.725971,1.32629,1.98736,4.65581
324,rec2018-05-03_15h30m09.333s.wav,0,2018-05-03#3,gain,0.707107,1.88,0.104777,0.414543,0.0360822,0.129903,0.0616865,0.0932581,0.764423,-3.39963,2.05191,-0.343106,-0.0147701,0.725737,0.725971,1.14651,1.58221,3.39963
324,rec2018-05-03_15h30m09.333s.wav,0,2018-05-03#3,gain,1.41421,1.88,0.209553,0.414543,0.0360822,0.129886,0.0616541,0.0932581,0.764423,0.889236,2.05191,-0.343106,-0.0153461,0.722895,0.725971,0.787555,0.982197,2.05191
324,rec2018-05-03_15h30m09.333s.wav,0,2018-05-03#3,gain,2,1.88,0.296353,0.414543,0.0360822,0.129886,0.0616541,0.0932581,0.764423,4.44225,2.05191,-0.343106,-0.0153471,0.722894,0.725971,1.29513,1.91594,4.44225
324,rec2018-05-03_15h30m09.333s.wav,0,2018-05-03#3,noise,30,1.88,0.148558,0.428607,0.0314742,0.178885,0.115234,0.0598696,0.764423,-1.60749,2.62723,-0.847291,1.63441,5.41661,-1.19367,2.01302,2.51352,5.41661
324,rec2018-05-03_15h30m09.333s.wav,0,2018-05-03#3,noise,20,1.88,0.150377,0.435411,0.0330625,0.2246,0.134035,0.0599598,0.764423,-1.53303,2.90555,-0.673508,3.1736,7.06358,-1.18848,2.47174,3.23394,7.06358
324,rec2018-05-03_15h30m09.333s.wav,0,2018-05-03#3,noise,10,1.88,0.16115,0.448788,0.0300372,0.306402,0.129603,0.0498924,0.764423,-1.0921,3.45276,-1.00452,5.92781,6.6753,-1.7673,2.95489,3.73266,6.6753
324,rec2018-05-03_15h30m09.333s.wav,0,2018-05-03#3,tilt,-0.5,1.88,0.147766,0.369169,0.0292162,0.083972,0.0427184,0.0870992,0.764423,-1.63991,0.195782,-1.09435,-1.56125,-0.935906,0.371869,0.937643,1.06646,1.63991
324,rec2018-05-03_15h30m09.333s.wav,0,2018-05-03#3,tilt,0.5,1.88,0.148684,0.472851,0.0412435,0.139799,0.0636855,0.0869147,0.764423,-1.60235,4.43707,0.22161,0.318405,0.90085,0.361265,1.22942,1.84901,4.43707
324,rec2018-05-03_15h30m09.333s.wav,0,2018-05-03#3,tilt,0.9,1.88,0.148808,0.500931,0.042257,0.1065,0.0520985,0.0840217,0.764423,-1.59726,5.58573,0.332501,-0.802747,-0.114189,0.19493,1.34168,2.2406,5.58573
325,rec2018-05-03_15h30m28.140s.wav,0,2018-05-03#3,identity,0,1.56,0.151447,0.391196,0.0335893,0.136251,0.0566212,0.0828192,-0.134898,-1.48926,1.09685,-0.615865,0.198936,0.282003,0.125798,0.563373,0.751512,1.48926
325,rec2018-05-03_15h30m28.140s.wav,0,2018-05-03#3,gain,0.5,1.56,0.0757234,0.391196,0.0335893,0.136264,0.0566212,0.0828192,-0.134898,-4.58888,1.09685,-0.615865,0.199398,0.282001,0.125798,1.00624,1.8045,4.58888
325,rec2018-05-03_15h30m28.140s.wav,0,2018-05-03#3,gain,0.707107,1.56,0.107089,0.391196,0.0335893,0.136252,0.0566185,0.0828192,-0.134898,-3.30497,1.09685,-0.615865,0.19899,0.281767,0.125798,0.822735,1.34474,3.30497
325,rec2018-05-03_15h30m28.140s.wav,0,2018-05-03#3,gain,1.41421,1.56,0.214178,0.391196,0.0335893,0.13625,0.0566223,0.0828192,-0.134898,1.07854,1.09685,-0.615865,0.198917,0.282099,0.125798,0.50471,0.643517,1.09685
325,rec2018-05-03_15h30m28.140s.wav,0,2018-05-03#3,gain,2,1.56,0.302894,0.391196,0.0335893,0.13625,0.0566234,0.0828192,-0.134898,4.70997,1.09685,-0.615865,0.1989,0.282194,0.125798,1.0235,1.84853,4.70997
325,rec2018-05-03_15h30m28.140s.wav,0,2018-05-03#3,noise,30,1.56,0.152154,0.418492,0.0400554,0.224232,0.147848,0.0746343,-0.134898,-1.46031,2.21344,0.0916163,3.1612,8.2736,-0.344787,2.23998,3.49741,8.2736
325,rec2018-05-03_15h30m28.140s.wav,0,2018-05-03#3,noise,20,1.56,0.154697,0.425424,0.042795,0.257344,0.148255,0.075134,-0.134898,-1.35621,2.49699,0.391373,4.27605,8.30926,-0.316055,2.46869,3.69699,8.30926
325,rec2018-05-03_15h30m28.140s.wav,0,2018-05-03#3,noise,10,1.56,0.167237,0.441446,0.0389631,0.326505,0.121224,0.0639928,-0.134898,-0.842933,3.15241,-0.0278926,6.60468,5.94132,-0.956609,2.52296,3.5957,6.60468
325,rec2018-05-03_15h30m28.140s.wav,0,2018-05-03#3,tilt,-0.5,1.56,0.151292,0.350022,0.029807,0.0851572,0.0362884,0.0626342,-0.134898,-1.49559,-0.587456,-1.02971,-1.52135,-1.49919,-1.03472,1.04327,1.15221,1.52135
325,rec2018-05-03_15h30m28.140s.wav,0,2018-05-03#3,tilt,0.5,1.56,0.151624,0.450405,0.0355022,0.15421,0.0628063,0.0682938,-0.134898,-1.48199,3.51888,-0.40657,0.803608,0.823835,-0.709326,1.12559,1.53948,3.51888
325,rec2018-05-03_15h30m28.140s.wav,0,2018-05-03#3,tilt,0.9,1.56,0.151657,0.482565,0.0347109,0.119496,0.0500962,0.0583396,-0.134898,-1.48067,4.83447,-0.493151,-0.365197,-0.289598,-1.28164,1.26852,1.98874,4.83447
326,rec2018-05-03_15h30m45.469s.wav,0,2018-05-03#3,identity,0,1.64,0.146764,0.402263,0.0393997,0.14411,0.0566557,0.0705234,0.0899321,-1.68094,1.54957,0.019873,0.463562,0.28503,-0.581141,0.667151,0.915664,1.68094
326,rec2018-05-03_15h30m45.469s.wav,0,2018-05-03#3,gain,0.5,1.64,0.073382,0.402263,0.0393997,0.144145,0.0566805,0.0705234,0.0899321,-4.68472,1.54957,0.019873,0.464724,0.2872,-0.581141,1.09674,1.88954,4.68472
326,rec2018-05-03_15h30m45.469s.wav,0,2018-05-03#3,gain,0.707107,1.64,0.103778,0.402263,0.0393997,0.144126,0.0566694,0.0705234,0.0899321,-3.44051,1.54957,0.019873,0.4641,0.286227,-0.581141,0.918766,1.45807,3.44051
326,rec2018-05-03_15h30m45.469s.wav,0,2018-05-03#3,gain,1.41421,1.64,0.207556,0.402263,0.0393997,0.1441,0.0566468,0.0705234,0.0899321,0.807461,1.54957,0.019873,0.463211,0.284247,-0.581141,0.542205,0.726512,1.54957
326,rec2018-05-03_15h30m45.469s.wav,0,2018-05-03#3,gain,2,1.64,0.293528,0.402263,0.0393997,0.14409,0.0566381,0.0705234,0.0899321,4.3266,1.54957,0.019873,0.462864,0.283488,-0.581141,1.04478,1.76317,4.3266
326,rec2018-05-03_15h30m45.469s.wav,0,2018-05-03#3,noise,30,1.64,0.147405,0.4246,0.0376091,0.215357,0.146373,0.0618189,0.0899321,-1.65471,2.4633,-0.176048,2.86239,8.14445,-1.08159,2.3532,3.47522,8.14445
326,rec2018-05-03_15h30m45.469s.wav,0,2018-05-03#3,noise,20,1.64,0.149676,0.43169,0.0371015,0.247366,0.145165,0.0578569,0.0899321,-1.56175,2.75331,-0.231585,3.9401,8.03858,-1.30939,2.56066,3.62411,8.03858
326,rec2018-05-03_15h30m45.469s.wav,0,2018-05-03#3,noise,10,1.64,0.161323,0.446933,0.0340542,0.320218,0.126421,0.0513064,0.0899321,-1.08502,3.37685,-0.564997,6.39298,6.39662,-1.68601,2.79891,3.73281,6.39662
326,rec2018-05-03_15h30m45.469s.wav,0,2018-05-03#3,tilt,-0.5,1.64,0.14649,0.355706,0.035002,0.0908718,0.038368,0.0791095,0.0899321,-1.69218,-0.354941,-0.461301,-1.32894,-1.31701,-0.0874885,0.761684,0.979692,1.69218
326,rec2018-05-03_15h30m45.469s.wav,0,2018-05-03#3,tilt,0.5,1.64,0.147064,0.465581,0.0395891,0.161644,0.0605171,0.0548946,0.0899321,-1.66865,4.13969,0.0405927,1.05392,0.623292,-1.4797,1.2994,1.83692,4.13969
326,rec2018-05-03_15h30m45.469s.wav,0,2018-05-03#3,tilt,0.9,1.64,0.147118,0.498103,0.0363248,0.125073,0.0490671,0.0501969,0.0899321,-1.66646,5.47005,-0.316564,-0.177404,-0.379748,-1.7498,1.40714,2.26918,5.47005
327,rec2018-05-03_15h31m15.084s.wav,0,2018-05-03#3,identity,0,1.528,0.127937,0.408688,0.0474263,0.165379,0.07861,0.0834858,-0.22483,-2.45158,1.81239,0.898103,1.17967,2.20826,0.164125,1.27699,1.53284,2.45158
327,rec2018-05-03_15h31m15.084s.wav,0,2018-05-03#3,gain,0.5,1.528,0.0639687,0.408688,0.0474263,0.165412,0.0786496,0.0834858,-0.22483,-5.07004,1.81239,0.898103,1.18077,2.21173,0.164125,1.65171,2.27282,5.07004
327,rec2018-05-03_15h31m15.084s.wav,0,2018-05-03#3,gain,0.707107,1.528,0.0904654,0.408688,0.0474263,0.165394,0.0786299,0.0834858,-0.22483,-3.98544,1.81239,0.898103,1.18018,2.21001,0.164125,1.49644,1.93942,3.98544
327,rec2018-05-03_15h31m15.084s.wav,0,2018-05-03#3,gain,1.41421,1.528,0.180931,0.408688,0.0474263,0.165364,0.0785904,0.0834858,-0.22483,-0.282384,1.81239,0.898103,1.17915,2.20655,0.164125,0.966791,1.2252,2.20655
327,rec2018-05-03_15h31m15.084s.wav,0,2018-05-03#3,gain,2,1.528,0.255875,0.408688,0.0474263,0.165349,0.0785711,0.0834858,-0.22483,2.78532,1.81239,0.898103,1.17865,2.20486,0.164125,1.32404,1.61145,2.78532
327,rec2018-05-03_15h31m15.084s.wav,0,2018-05-03#3,noise,30,1.528,0.128503,0.431271,0.0340964,0.235223,0.139126,0.0580593,-0.22483,-2.42844,2.73618,-0.560389,3.53126,7.50958,-1.29775,2.61263,3.47021,7.50958
327,rec2018-05-03_15h31m15.084s.wav,0,2018-05-03#3,noise,20,1.528,0.130665,0.438915,0.0330168,0.275553,0.139556,0.0588318,-0.22483,-2.33993,3.04889,-0.678506,4.88916,7.54724,-1.25334,2.85456,3.73626,7.54724
327,rec2018-05-03_15h31m15.084s.wav,0,2018-05-03#3,noise,10,1.528,0.141665,0.45337,0.0300488,0.356207,0.118064,0.0538228,-0.22483,-1.88966,3.64016,-1.00325,7.60471,5.66448,-1.54133,3.0812,3.96723,7.60471
327,rec2018-05-03_15h31m15.084s.wav,0,2018-05-03#3,tilt,-0.5,1.528,0.127744,0.361026,0.0410778,0.110698,0.0545333,0.08382,-0.22483,-2.45948,-0.13731,0.203485,-0.661396,0.0991021,0.183339,0.566992,0.974,2.45948
327,rec2018-05-03_15h31m15.084s.wav,0,2018-05-03#3,tilt,0.5,1.528,0.127907,0.473412,0.0516848,0.169351,0.0832525,0.0831656,-0.22483,-2.45282,4.46004,1.36404,1.31341,2.61495,0.145712,1.79654,2.28047,4.46004
327,rec2018-05-03_15h31m15.084s.wav,0,2018-05-03#3,tilt,0.9,1.528,0.127786,0.507633,0.0477971,0.126226,0.064177,0.0763743,-0.22483,-2.45777,5.8599,0.938669,-0.138594,0.94391,-0.244749,1.54406,2.45766,5.8599
328,rec2018-05-03_15h31m38.884s.wav,0,2018-05-03#3,identity,0,1.64,0.136672,0.40502,0.0381032,0.15781,0.0706972,0.0704108,0.0899321,-2.09406,1.66236,-0.121979,0.924813,1.51509,-0.587611,0.999405,1.23448,2.09406
328,rec2018-05-03_15h31m38.884s.wav,0,2018-05-03#3,gain,0.5,1.64,0.0683358,0.40502,0.0381032,0.157815,0.0706948,0.0704108,0.0899321,-4.89127,1.66236,-0.121979,0.924985,1.51487,-0.587611,1.399,2.07732,4.89127
328,rec2018-05-03_15h31m38.884s.wav,0,2018-05-03#3,gain,0.707107,1.64,0.0966415,0.40502,0.0381032,0.15781,0.0706971,0.0704108,0.0899321,-3.73263,1.66236,-0.121979,0.924818,1.51508,-0.587611,1.23349,1.69937,3.73263
328,rec2018-05-03_15h31m38.884s.wav,0,2018-05-03#3,gain,1.41421,1.64,0.193283,0.40502,0.0381032,0.15781,0.0706972,0.0704108,0.0899321,0.223233,1.66236,-0.121979,0.924813,1.51509,-0.587611,0.732145,0.951111,1.66236
328,rec2018-05-03_15h31m38.884s.wav,0,2018-05-03#3,gain,2,1.64,0.273343,0.40502,0.0381032,0.15781,0.0706972,0.0704108,0.0899321,3.50037,1.66236,-0.121979,0.924813,1.51509,-0.587611,1.20031,1.62723,3.50037
328,rec2018-05-03_15h31m38.884s.wav,0,2018-05-03#3,noise,30,1.64,0.137007,0.421494,0.0325107,0.2103,0.10661,0.0494996,0.0899321,-2.08032,2.33626,-0.73388,2.69213,4.66115,-1.78988,2.05479,2.46432,4.66115
328,rec2018-05-03_15h31m38.884s.wav,0,2018-05-03#3,noise,20,1.64,0.138664,0.430005,0.0345935,0.261617,0.106672,0.0503149,0.0899321,-2.01252,2.68438,-0.505995,4.41992,4.66652,-1.74301,2.30318,2.82515,4.66652
328,rec2018-05-03_15h31m38.884s.wav,0,2018-05-03#3,noise,10,1.64,0.149265,0.446696,0.0352057,0.359612,0.0995016,0.0533769,0.0899321,-1.57856,3.36716,-0.439006,7.71936,4.0384,-1.56696,2.68562,3.63285,7.71936
328,rec2018-05-03_15h31m38.884s.wav,0,2018-05-03#3,tilt,-0.5,1.64,0.136206,0.358262,0.0339403,0.101745,0.0472955,0.0816229,0.0899321,-2.11311,-0.250389,-0.577466,-0.962836,-0.534943,0.0570177,0.6551,0.932429,2.11311
328,rec2018-05-03_15h31m38.884s.wav,0,2018-05-03#3,tilt,0.5,1.64,0.137163,0.468897,0.0393439,0.171186,0.0752708,0.0577415,0.0899321,-2.07395,4.27532,0.0137639,1.3752,1.91574,-1.31602,1.57999,2.06609,4.27532
328,rec2018-05-03_15h31m38.884s.wav,0,2018-05-03#3,tilt,0.9,1.64,0.137252,0.501867,0.0377295,0.131689,0.0597425,0.0542467,0.0899321,-2.07031,5.62405,-0.162866,0.0453379,0.555432,-1.51696,1.43784,2.34711,5.62405
329,rec2018-05-03_15h31m59.455s.wav,0,2018-05-03#3,identity,0,1.784,0.14661,0.392997,0.0314513,0.133063,0.0792071,0.0816042,0.494627,-1.68726,1.17053,-0.849803,0.0916253,2.26057,0.0559429,0.944337,1.21335,2.26057
329,rec2018-05-03_15h31m59.455s.wav,0,2018-05-03#3,gain,0.5,1.784,0.0733048,0.392997,0.0314513,0.133129,0.0793343,0.0816042,0.494627,-4.68788,1.17053,-0.849803,0.0938479,2.27171,0.0559429,1.37491,2.05238,4.68788
329,rec2018-05-03_15h31m59.455s.wav,0,2018-05-03#3,gain,0.707107,1.784,0.103669,0.392997,0.0314513,0.133091,0.0792599,0.0816042,0.494627,-3.44498,1.17053,-0.849803,0.0925555,2.2652,0.0559429,1.19623,1.66251,3.44498
329,rec2018-05-03_15h31m59.455s.wav,0,2018-05-03#3,gain,1.41421,1.784,0.207337,0.392997,0.0314513,0.133043,0.0791639,0.0816042,0.494627,0.798524,1.17053,-0.849803,0.0909214,2.25679,0.0559429,0.816734,1.07432,2.25679
329,rec2018-05-03_15h31m59.455s.wav,0,2018-05-03#3,gain,2,1.784,0.293219,0.392997,0.0314513,0.133031,0.0791324,0.0816042,0.494627,4.31396,1.17053,-0.849803,0.0905396,2.25403,0.0559429,1.31849,1.9287,4.31396
329,rec2018-05-03_15h31m59.455s.wav,0,2018-05-03#3,noise,30,1.784,0.14724,0.410107,0.0418658,0.192025,0.150695,0.0868728,0.494627,-1.66146,1.87041,0.289697,2.07682,8.52307,0.358857,2.18213,3.45733,8.52307
329,rec2018-05-03_15h31m59.455s.wav,0,2018-05-03#3,noise,20,1.784,0.149447,0.418087,0.0422777,0.228556,0.156241,0.0841912,0.494627,-1.57111,2.19689,0.33477,3.30679,9.00887,0.204677,2.44539,3.77564,9.00887
329,rec2018-05-03_15h31m59.455s.wav,0,2018-05-03#3,noise,10,1.784,0.161099,0.438075,0.0378561,0.30874,0.144173,0.0635216,0.494627,-1.09415,3.01453,-0.149021,6.00653,7.95169,-0.983701,2.81346,3.979,7.95169
329,rec2018-05-03_15h31m59.455s.wav,0,2018-05-03#3,tilt,-0.5,1.784,0.146183,0.350664,0.0277684,0.0836742,0.0532207,0.0825377,0.494627,-1.70475,-0.561204,-1.25277,-1.57128,-0.0158881,0.109613,0.815732,1.03623,1.70475
329,rec2018-05-03_15h31m59.455s.wav,0,2018-05-03#3,tilt,0.5,1.784,0.146986,0.453199,0.0356521,0.149638,0.0820994,0.0523409,0.494627,-1.67186,3.63319,-0.390163,0.649684,2.51394,-1.62653,1.56857,1.91906,3.63319
329,rec2018-05-03_15h31m59.455s.wav,0,2018-05-03#3,tilt,0.9,1.784,0.14694,0.485093,0.0369615,0.115535,0.0629275,0.0488818,0.494627,-1.67375,4.93785,-0.2469,-0.498536,0.834448,-1.8254,1.50164,2.13027,4.93785
330,rec2018-05-03_15h32m17.555s.wav,0,2018-05-03#3,identity,0,1.624,0.148585,0.398906,0.0351119,0.161889,0.0775562,0.0725781,0.0449661,-1.60639,1.41224,-0.449275,1.06217,2.11595,-0.463005,1.022,1.23048,2.11595
330,rec2018-05-03_15h32m17.555s.wav,0,2018-05-03#3,gain,0.5,1.624,0.0742927,0.398906,0.0351119,0.16193,0.0776181,0.0725781,0.0449661,-4.64744,1.41224,-0.449275,1.06353,2.12137,-0.463005,1.4574,2.05783,4.64744
330,rec2018-05-03_15h32m17.555s.wav,0,2018-05-03#3,gain,0.707107,1.624,0.105066,0.398906,0.0351119,0.161904,0.0775749,0.0725781,0.0449661,-3.3878,1.41224,-0.449276,1.06266,2.11759,-0.463005,1.27679,1.66919,3.3878
330,rec2018-05-03_15h32m17.555s.wav,0,2018-05-03#3,gain,1.41421,1.624,0.210131,0.398906,0.0351119,0.161875,0.0775379,0.0725781,0.0449661,0.912898,1.41224,-0.449276,1.06169,2.11434,-0.463005,0.922631,1.124,2.11434
330,rec2018-05-03_15h32m17.555s.wav,0,2018-05-03#3,gain,2,1.624,0.297171,0.398906,0.0351119,0.161863,0.077519,0.0725781,0.0449661,4.47571,1.41224,-0.449275,1.06128,2.11269,-0.463005,1.43131,2.00123,4.47571
330,rec2018-05-03_15h32m17.555s.wav,0,2018-05-03#3,noise,30,1.624,0.149293,0.421423,0.0348875,0.229587,0.134991,0.0619267,0.0449661,-1.57744,2.33332,-0.473831,3.34149,7.14733,-1.0754,2.28483,3.19745,7.14733
330,rec2018-05-03_15h32m17.555s.wav,0,2018-05-03#3,noise,20,1.624,0.151855,0.429163,0.0372836,0.267657,0.140113,0.0637141,0.0449661,-1.47253,2.64996,-0.211658,4.62329,7.59604,-0.972633,2.51015,3.57088,7.59604
330,rec2018-05-03_15h32m17.555s.wav,0,2018-05-03#3,noise,10,1.624,0.164359,0.444561,0.0341793,0.341758,0.120247,0.0577332,0.0449661,-0.960741,3.27984,-0.551311,7.11822,5.85572,-1.3165,2.73247,3.75458,7.11822
330,rec2018-05-03_15h32m17.555s.wav,0,2018-05-03#3,tilt,-0.5,1.624,0.148434,0.354024,0.031456,0.103267,0.0503882,0.0698127,0.0449661,-1.61259,-0.423733,-0.849279,-0.91161,-0.264014,-0.621999,0.675455,0.827293,1.61259
330,rec2018-05-03_15h32m17.555s.wav,0,2018-05-03#3,tilt,0.5,1.624,0.148679,0.462159,0.0376711,0.177164,0.084419,0.0679454,0.0449661,-1.60257,3.99971,-0.169256,1.57648,2.71715,-0.729357,1.5485,2.03529,3.99971
330,rec2018-05-03_15h32m17.555s.wav,0,2018-05-03#3,tilt,0.9,1.624,0.148655,0.495934,0.0368529,0.136581,0.0655608,0.06488,0.0449661,-1.60353,5.38135,-0.258786,0.210044,1.06513,-0.905599,1.35277,2.19082,5.38135
331,rec2018-05-03_15h32m35.669s.wav,0,2018-05-03#3,identity,0,1.688,0.132005,0.415735,0.0356866,0.128142,0.0568207,0.0858516,0.22483,-2.28506,2.10066,-0.386398,-0.074078,0.299481,0.300144,0.810093,1.19639,2.28506
331,rec2018-05-03_15h32m35.669s.wav,0,2018-05-03#3,gain,0.5,1.688,0.0660027,0.415735,0.0356866,0.128146,0.0568195,0.0858516,0.22483,-4.98677,2.10066,-0.386398,-0.0739555,0.29938,0.300144,1.19602,2.05863,4.98677
331,rec2018-05-03_15h32m35.669s.wav,0,2018-05-03#3,gain,0.707107,1.688,0.093342,0.415735,0.0356866,0.128142,0.0568207,0.0858516,0.22483,-3.86769,2.10066,-0.386398,-0.0740785,0.29948,0.300144,1.03618,1.68,3.86769
331,rec2018-05-03_15h32m35.669s.wav,0,2018-05-03#3,gain,1.41421,1.688,0.186684,0.415735,0.0356866,0.128142,0.0568207,0.0858516,0.22483,-0.0468863,2.10066,-0.386398,-0.074078,0.29948,0.300144,0.490353,0.828085,2.10066
331,rec2018-05-03_15h32m35.669s.wav,0,2018-05-03#3,gain,2,1.688,0.264011,0.415735,0.0356866,0.128142,0.0568207,0.0858516,0.22483,3.11837,2.10066,-0.386398,-0.074078,0.299481,0.300144,0.929137,1.44034,3.11837
331,rec2018-05-03_15h32m35.669s.wav,0,2018-05-03#3,noise,30,1.688,0.132357,0.432004,0.0296662,0.183417,0.111965,0.0562626,0.22483,-2.27068,2.76616,-1.04512,1.787,5.13025,-1.40105,2.0893,2.54744,5.13025
331,rec2018-05-03_15h32m35.669s.wav,0,2018-05-03#3,noise,20,1.688,0.134072,0.440638,0.0298533,0.23396,0.12691,0.0512718,0.22483,-2.20049,3.11934,-1.02465,3.48875,6.43943,-1.68799,2.59793,3.21069,6.43943
331,rec2018-05-03_15h32m35.669s.wav,0,2018-05-03#3,noise,10,1.688,0.144232,0.455206,0.0274284,0.325185,0.122004,0.0486476,0.22483,-1.7846,3.7153,-1.28996,6.56023,6.00962,-1.83887,3.06049,3.80294,6.56023
331,rec2018-05-03_15h32m35.669s.wav,0,2018-05-03#3,tilt,-0.5,1.688,0.131812,0.3738,0.0287399,0.084067,0.0385305,0.0831384,0.22483,-2.29296,0.385243,-1.14647,-1.55805,-1.30277,0.14415,1.00778,1.2488,2.29296
331,rec2018-05-03_15h32m35.669s.wav,0,2018-05-03#3,tilt,0.5,1.688,0.132195,0.470486,0.0410472,0.133363,0.0577218,0.0765216,0.22483,-2.2773,4.34033,0.200135,0.101702,0.37842,-0.236276,1.10843,1.86412,4.34033
331,rec2018-05-03_15h32m35.669s.wav,0,2018-05-03#3,tilt,0.9,1.688,0.132228,0.496757,0.0424823,0.0993863,0.0430906,0.0731379,0.22483,-2.27593,5.41502,0.357151,-1.04226,-0.903297,-0.430818,1.52133,2.29186,5.41502
332,rec2018-05-03_15h33m11.807s.wav,0,2018-05-03#3,identity,0,1.464,0.178029,0.361719,0.0575871,0.115597,0.0783236,0.0883375,-0.404694,-0.401171,-0.108951,2.00985,-0.496464,2.18318,0.443069,0.86391,1.17017,2.18318
332,rec2018-05-03_15h33m11.807s.wav,0,2018-05-03#3,gain,0.5,1.464,0.0890144,0.361719,0.0575871,0.11565,0.078455,0.0883375,-0.404694,-4.04483,-0.108951,2.00985,-0.494658,2.19468,0.443069,1.38582,1.92106,4.04483
332,rec2018-05-03_15h33m11.807s.wav,0,2018-05-03#3,gain,0.707107,1.464,0.125885,0.361719,0.0575871,0.115608,0.0783448,0.0883375,-0.404694,-2.53558,-0.108951,2.00985,-0.496079,2.18503,0.443069,1.16904,1.50528,2.53558
332,rec2018-05-03_15h33m11.807s.wav,0,2018-05-03#3,gain,1.41421,1.464,0.251771,0.361719,0.0575871,0.115593,0.0783224,0.0883375,-0.404694,2.61734,-0.108951,2.00985,-0.496603,2.18306,0.443069,1.18051,1.52476,2.61734
332,rec2018-05-03_15h33m11.807s.wav,0,2018-05-03#3,gain,2,1.464,0.356058,0.361719,0.0575871,0.115589,0.0783211,0.0883375,-0.404694,6.88615,-0.108951,2.00985,-0.496742,2.18295,0.443069,1.79034,2.84962,6.88615
332,rec2018-05-03_15h33m11.807s.wav,0,2018-05-03#3,noise,30,1.464,0.178826,0.388473,0.058361,0.185042,0.148774,0.088297,-0.404694,-0.368534,0.985446,2.09453,1.84169,8.35474,0.440738,2.07005,3.36039,8.35474
332,rec2018-05-03_15h33m11.807s.wav,0,2018-05-03#3,noise,20,1.464,0.182024,0.39969,0.0627694,0.229902,0.158996,0.086163,-0.404694,-0.237628,1.44429,2.57687,3.35211,9.25018,0.318045,2.51197,3.88863,9.25018
332,rec2018-05-03_15h33m11.807s.wav,0,2018-05-03#3,noise,10,1.464,0.198961,0.42416,0.0580679,0.316215,0.154847,0.0679533,-0.404694,0.455651,2.4453,2.06246,6.2582,8.88677,-0.728908,3.03457,4.29743,8.88677
332,rec2018-05-03_15h33m11.807s.wav,0,2018-05-03#3,tilt,-0.5,1.464,0.174652,0.318955,0.0526224,0.0691606,0.0524917,0.0950358,-0.404694,-0.539379,-1.85829,1.46663,-2.05994,-0.0797487,0.828182,1.03384,1.25326,2.05994
332,rec2018-05-03_15h33m11.807s.wav,0,2018-05-03#3,tilt,0.5,1.464,0.185684,0.428968,0.0578724,0.156139,0.0821719,0.079681,-0.404694,-0.0878344,2.64196,2.04106,0.868546,2.52029,-0.0546308,1.23129,1.62246,2.64196
332,rec2018-05-03_15h33m11.807s.wav,0,2018-05-03#3,tilt,0.9,1.464,0.188876,0.470077,0.05001,0.139946,0.0692286,0.0689449,-0.404694,0.0428301,4.32361,1.1808,0.323343,1.38643,-0.671894,1.19051,1.80205,4.32361
333,rec2018-05-03_15h33m29.486s.wav,0,2018-05-03#3,identity,0,1.48,0.165652,0.375092,0.0337412,0.0985461,0.0442974,0.0782076,-0.359728,-0.907779,0.438071,-0.599247,-1.07055,-0.797585,-0.139345,0.616044,0.687242,1.07055
333,rec2018-05-03_15h33m29.486s.wav,0,2018-05-03#3,gain,0.5,1.48,0.0828262,0.375092,0.0337412,0.0985682,0.0443029,0.0782076,-0.359728,-4.29813,0.438071,-0.599247,-1.06981,-0.797097,-0.139345,1.1002,1.73014,4.29813
333,rec2018-05-03_15h33m29.486s.wav,0,2018-05-03#3,gain,0.707107,1.48,0.117134,0.375092,0.0337412,0.0985553,0.044299,0.0782076,-0.359728,-2.8938,0.438071,-0.599247,-1.07024,-0.797446,-0.139345,0.899698,1.24529,2.8938
333,rec2018-05-03_15h33m29.486s.wav,0,2018-05-03#3,gain,1.41421,1.48,0.234268,0.375092,0.0337412,0.0985399,0.0442964,0.0782076,-0.359728,1.90088,0.438071,-0.599247,-1.07076,-0.797674,-0.139345,0.757958,0.933196,1.90088
333,rec2018-05-03_15h33m29.486s.wav,0,2018-05-03#3,gain,2,1.48,0.331305,0.375092,0.0337412,0.098536,0.0442958,0.0782076,-0.359728,5.87293,0.438071,-0.599247,-1.07089,-0.797723,-0.139345,1.32542,2.29827,5.87293
333,rec2018-05-03_15h33m29.486s.wav,0,2018-05-03#3,noise,30,1.48,0.166356,0.399191,0.045462,0.180043,0.149937,0.101302,-0.359728,-0.878965,1.42388,0.683183,1.6734,8.45666,1.18844,2.09489,3.36205,8.45666
333,rec2018-05-03_15h33m29.486s.wav,0,2018-05-03#3,noise,20,1.48,0.169133,0.407473,0.0478426,0.215404,0.166112,0.0974869,-0.359728,-0.765312,1.7627,0.943649,2.86397,9.87358,0.969105,2.50543,3.98823,9.87358
333,rec2018-05-03_15h33m29.486s.wav,0,2018-05-03#3,noise,10,1.48,0.182989,0.428528,0.0411683,0.287914,0.145185,0.0658999,-0.359728,-0.198151,2.62396,0.213387,5.30535,8.04038,-0.846963,2.51256,3.79118,8.04038
333,rec2018-05-03_15h33m29.486s.wav,0,2018-05-03#3,tilt,-0.5,1.48,0.165387,0.339216,0.0322099,0.0596907,0.0276561,0.0531351,-0.359728,-0.918637,-1.02948,-0.766795,-2.37878,-2.25539,-1.58087,1.3271,1.5055,2.37878
333,rec2018-05-03_15h33m29.486s.wav,0,2018-05-03#3,tilt,0.5,1.48,0.166069,0.430164,0.0320017,0.117506,0.0510297,0.062067,-0.359728,-0.890717,2.69089,-0.789574,-0.432198,-0.207817,-1.06733,0.919751,1.20453,2.69089
333,rec2018-05-03_15h33m29.486s.wav,0,2018-05-03#3,tilt,0.9,1.48,0.166197,0.461992,0.0275903,0.0927892,0.0400228,0.0549136,-0.359728,-0.885477,3.99288,-1.27225,-1.26438,-1.17204,-1.47861,1.48934,1.83746,3.99288
334,rec2018-05-03_15h33m51.966s.wav,0,2018-05-03#3,identity,0,1.688,0.133158,0.40625,0.0606224,0.149641,0.0658622,0.0988451,0.22483,-2.23788,1.71267,2.34195,0.649777,1.09153,1.04719,1.32941,1.52066,2.34195
334,rec2018-05-03_15h33m51.966s.wav,0,2018-05-03#3,gain,0.5,1.688,0.066579,0.40625,0.0606224,0.149677,0.0659089,0.0988451,0.22483,-4.96318,1.71267,2.34195,0.650991,1.09562,1.04719,1.71949,2.26219,4.96318
334,rec2018-05-03_15h33m51.966s.wav,0,2018-05-03#3,gain,0.707107,1.688,0.094157,0.40625,0.0606224,0.149654,0.0658806,0.0988451,0.22483,-3.83433,1.71267,2.34195,0.650225,1.09315,1.04719,1.55776,1.92298,3.83433
334,rec2018-05-03_15h33m51.966s.wav,0,2018-05-03#3,gain,1.41421,1.688,0.188314,0.40625,0.0606224,0.149639,0.0658613,0.0988451,0.22483,0.0198366,1.71267,2.34195,0.649707,1.09145,1.04719,1.01252,1.26372,2.34195
334,rec2018-05-03_15h33m51.966s.wav,0,2018-05-03#3,gain,2,1.688,0.266316,0.40625,0.0606224,0.149639,0.0658613,0.0988451,0.22483,3.21273,1.71267,2.34195,0.649706,1.09146,1.04719,1.46865,1.75256,3.21273
334,rec2018-05-03_15h33m51.966s.wav,0,2018-05-03#3,noise,30,1.688,0.133593,0.432194,0.0342833,0.215927,0.137786,0.060137,0.22483,-2.22008,2.77393,-0.539935,2.88159,7.39215,-1.17829,2.45869,3.32311,7.39215
334,rec2018-05-03_15h33m51.966s.wav,0,2018-05-03#3,noise,20,1.688,0.135369,0.440856,0.0293946,0.252023,0.139625,0.0579248,0.22483,-2.14738,3.12828,-1.07484,4.0969,7.55327,-1.30548,2.79014,3.6084,7.55327
334,rec2018-05-03_15h33m51.966s.wav,0,2018-05-03#3,noise,10,1.688,0.145122,0.456302,0.0267043,0.32725,0.121506,0.0533463,0.22483,-1.74817,3.7601,-1.36919,6.62974,5.96605,-1.56872,3.03811,3.8009,6.62974
334,rec2018-05-03_15h33m51.966s.wav,0,2018-05-03#3,tilt,-0.5,1.688,0.133173,0.359951,0.0535599,0.0997546,0.0459338,0.105158,0.22483,-2.23726,-0.181285,1.5692,-1.02986,-0.654234,1.41015,1.04383,1.25518,2.23726
334,rec2018-05-03_15h33m51.966s.wav,0,2018-05-03#3,tilt,0.5,1.688,0.132912,0.468756,0.0636805,0.154226,0.0662633,0.073728,0.22483,-2.24797,4.26958,2.67655,0.804157,1.12667,-0.396892,1.67809,2.15707,4.26958
334,rec2018-05-03_15h33m51.966s.wav,0,2018-05-03#3,tilt,0.9,1.688,0.132722,0.501573,0.0553831,0.1177,0.0520021,0.0573931,0.22483,-2.25573,5.612,1.7687,-0.425639,-0.122641,-1.33605,1.67794,2.44198,5.612
335,rec2018-05-03_15h34m13.707s.wav,0,2018-05-03#3,identity,0,1.672,0.167609,0.36548,0.0419124,0.11464,0.0723864,0.0888351,0.179864,-0.827669,0.0448738,0.294805,-0.528666,1.66306,0.471676,0.572945,0.762895,1.66306
335,rec2018-05-03_15h34m13.707s.wav,0,2018-05-03#3,gain,0.5,1.672,0.0838047,0.36548,0.0419124,0.114651,0.0723936,0.0888351,0.179864,-4.25808,0.0448738,0.294805,-0.528324,1.66369,0.471676,1.06304,1.75345,4.25808
335,rec2018-05-03_15h34m13.707s.wav,0,2018-05-03#3,gain,0.707107,1.672,0.118518,0.36548,0.0419124,0.114641,0.0723865,0.0888351,0.179864,-2.83716,0.0448738,0.294805,-0.528653,1.66308,0.471676,0.860015,1.27831,2.83716
335,rec2018-05-03_15h34m13.707s.wav,0,2018-05-03#3,gain,1.41421,1.672,0.237036,0.36548,0.0419124,0.11464,0.0723864,0.0888351,0.179864,2.01418,0.0448738,0.294805,-0.528666,1.66306,0.471676,0.742446,1.03136,2.01418
335,rec2018-05-03_15h34m13.707s.wav,0,2018-05-03#3,gain,2,1.672,0.335219,0.36548,0.0419124,0.11464,0.0723864,0.0888351,0.179864,6.03315,0.0448738,0.294805,-0.528666,1.66306,0.471676,1.31659,2.38411,6.03315
335,rec2018-05-03_15h34m13.707s.wav,0,2018-05-03#3,noise,30,1.672,0.168243,0.38869,0.0427986,0.176149,0.146081,0.0971669,0.179864,-0.801722,0.994328,0.391769,1.54229,8.1188,0.950703,1.85421,3.18512,8.1188
335,rec2018-05-03_15h34m13.707s.wav,0,2018-05-03#3,noise,20,1.672,0.170755,0.400311,0.0446974,0.214906,0.153149,0.0955946,0.179864,-0.698921,1.46972,0.599525,2.84721,8.73805,0.860307,2.19909,3.55046,8.73805
335,rec2018-05-03_15h34m13.707s.wav,0,2018-05-03#3,noise,10,1.672,0.184089,0.424357,0.0407011,0.295106,0.136,0.0675508,0.179864,-0.153098,2.45335,0.162269,5.54748,7.23577,-0.752046,2.35484,3.58165,7.23577
335,rec2018-05-03_15h34m13.707s.wav,0,2018-05-03#3,tilt,-0.5,1.672,0.167521,0.328826,0.0375542,0.0692347,0.0456775,0.057625,0.179864,-0.831301,-1.45449,-0.18205,-2.05745,-0.67668,-1.32272,0.957794,1.15342,2.05745
335,rec2018-05-03_15h34m13.707s.wav,0,2018-05-03#3,tilt,0.5,1.672,0.167622,0.423102,0.0444429,0.139191,0.084645,0.0812069,0.179864,-0.827148,2.40199,0.571679,0.297951,2.73694,0.0331004,1.00695,1.43396,2.73694
335,rec2018-05-03_15h34m13.707s.wav,0,2018-05-03#3,tilt,0.9,1.672,0.1675,0.457746,0.0391044,0.113148,0.0718752,0.0750918,0.179864,-0.832159,3.81917,-0.0124408,-0.578898,1.61828,-0.318485,1.05133,1.61981,3.81917
336,rec2018-05-03_15h34m32.131s.wav,0,2018-05-03#3,identity,0,1.448,0.177695,0.359628,0.0465638,0.125046,0.0877105,0.0950932,-0.449661,-0.414854,-0.194498,0.803736,-0.178306,3.00548,0.831481,0.839717,1.24293,3.00548
336,rec2018-05-03_15h34m32.131s.wav,0,2018-05-03#3,gain,0.5,1.448,0.0888473,0.359628,0.0465638,0.125146,0.0879782,0.0950932,-0.449661,-4.05167,-0.194498,0.803736,-0.174957,3.02893,0.831481,1.36213,1.97117,4.05167
336,rec2018-05-03_15h34m32.131s.wav,0,2018-05-03#3,gain,0.707107,1.448,0.125649,0.359628,0.0465638,0.125092,0.0878339,0.0950932,-0.449661,-2.54525,-0.194499,0.803736,-0.176752,3.01629,0.831481,1.14538,1.56684,3.01629
336,rec2018-05-03_15h34m32.131s.wav,0,2018-05-03#3,gain,1.41421,1.448,0.251298,0.359628,0.0465638,0.125007,0.0876058,0.0950932,-0.449661,2.59799,-0.194499,0.803736,-0.179618,2.99631,0.831481,1.15047,1.57376,2.99631
336,rec2018-05-03_15h34m32.131s.wav,0,2018-05-03#3,gain,2,1.448,0.355389,0.359628,0.0465638,0.124989,0.0875605,0.0950932,-0.449661,6.85878,-0.194498,0.803736,-0.18024,2.99235,0.831481,1.75868,2.86872,6.85878
336,rec2018-05-03_15h34m32.131s.wav,0,2018-05-03#3,noise,30,1.448,0.178514,0.381279,0.0540231,0.17861,0.158199,0.109342,-0.449661,-0.381293,0.691165,1.61989,1.62514,9.18036,1.65068,2.22831,3.6468,9.18036
336,rec2018-05-03_15h34m32.131s.wav,0,2018-05-03#3,noise,20,1.448,0.181244,0.392924,0.0514803,0.211816,0.155616,0.104365,-0.449661,-0.269563,1.16752,1.34167,2.74316,8.95416,1.36454,2.32718,3.64499,8.95416
336,rec2018-05-03_15h34m32.131s.wav,0,2018-05-03#3,noise,10,1.448,0.195631,0.418825,0.0470839,0.296768,0.140575,0.0755737,-0.449661,0.319343,2.22706,0.860645,5.60345,7.63652,-0.290777,2.48392,3.6995,7.63652
336,rec2018-05-03_15h34m32.131s.wav,0,2018-05-03#3,tilt,-0.5,1.448,0.176895,0.320525,0.0420221,0.0745693,0.0551754,0.0743509,-0.449661,-0.447585,-1.79406,0.306805,-1.87783,0.155347,-0.361078,0.770338,1.0279,1.87783
336,rec2018-05-03_15h34m32.131s.wav,0,2018-05-03#3,tilt,0.5,1.448,0.17883,0.421964,0.049107,0.154868,0.0972773,0.0762273,-0.449661,-0.368376,2.35546,1.082,0.825766,3.84356,-0.253198,1.31114,1.79586,3.84356
336,rec2018-05-03_15h34m32.131s.wav,0,2018-05-03#3,tilt,0.9,1.448,0.178817,0.461745,0.0419014,0.12716,0.0744924,0.0602607,-0.449661,-0.368909,3.98275,0.293596,-0.107143,1.84755,-1.17118,1.1744,1.73549,3.98275
337,rec2018-05-03_15h35m02.114s.wav,0,2018-05-03#3,identity,0,1.416,0.171982,0.370426,0.0669409,0.134809,0.0915555,0.100943,-0.539593,-0.648676,0.247207,3.03329,0.150389,3.34231,1.1678,1.30418,1.79409,3.34231
337,rec2018-05-03_15h35m02.114s.wav,0,2018-05-03#3,gain,0.5,1.416,0.0859911,0.370426,0.0669409,0.134861,0.0916458,0.100943,-0.539593,-4.16858,0.247207,3.03329,0.152161,3.35023,1.1678,1.80841,2.37671,4.16858
337,rec2018-05-03_15h35m02.114s.wav,0,2018-05-03#3,gain,0.707107,1.416,0.12161,0.370426,0.0669409,0.134824,0.091578,0.100943,-0.539593,-2.71059,0.247207,3.03329,0.150895,3.34429,1.1678,1.59909,2.05187,3.34429
337,rec2018-05-03_15h35m02.114s.wav,0,2018-05-03#3,gain,1.41421,1.416,0.24322,0.370426,0.0669409,0.134809,0.0915555,0.100943,-0.539593,2.26731,0.247207,3.03329,0.150388,3.34231,1.1678,1.53541,1.97308,3.34231
337,rec2018-05-03_15h35m02.114s.wav,0,2018-05-03#3,gain,2,1.416,0.343965,0.370426,0.0669409,0.134809,0.0915555,0.100943,-0.539593,6.39114,0.247207,3.03329,0.150388,3.34231,1.1678,2.12453,2.99898,6.39114
337,rec2018-05-03_15h35m02.114s.wav,0,2018-05-03#3,noise,30,1.416,0.172804,0.390558,0.0560934,0.197083,0.153623,0.103617,-0.539593,-0.615051,1.07073,1.84641,2.24712,8.77952,1.32156,2.34571,3.56774,8.77952
337,rec2018-05-03_15h35m02.114s.wav,0,2018-05-03#3,noise,20,1.416,0.175815,0.399821,0.0558268,0.239649,0.160019,0.103638,-0.539593,-0.491796,1.44967,1.81724,3.68028,9.3398,1.32275,2.66302,3.93633,9.3398
337,rec2018-05-03_15h35m02.114s.wav,0,2018-05-03#3,noise,10,1.416,0.191,0.421165,0.0507854,0.319573,0.142349,0.0806011,-0.539593,0.129782,2.32279,1.26564,6.37125,7.79191,-0.00173209,2.63181,3.93903,7.79191
337,rec2018-05-03_15h35m02.114s.wav,0,2018-05-03#3,tilt,-0.5,1.416,0.17103,0.327307,0.0561025,0.0827421,0.0600177,0.0934203,-0.539593,-0.687644,-1.51666,1.84741,-1.60266,0.579545,0.735297,1.07269,1.19057,1.84741
337,rec2018-05-03_15h35m02.114s.wav,0,2018-05-03#3,tilt,0.5,1.416,0.173548,0.435082,0.0697479,0.167266,0.100752,0.08506,-0.539593,-0.584592,2.89207,3.34042,1.24321,4.1479,0.25463,1.85749,2.35951,4.1479
337,rec2018-05-03_15h35m02.114s.wav,0,2018-05-03#3,tilt,0.9,1.416,0.173926,0.474169,0.0629251,0.136855,0.0778156,0.0757814,-0.539593,-0.569107,4.49099,2.5939,0.219293,2.13867,-0.278834,1.5472,2.14517,4.49099
338,rec2018-05-03_15h35m21.837s.wav,0,2018-05-03#3,identity,0,1.544,0.168452,0.369671,0.043053,0.107956,0.0786182,0.0950602,-0.179864,-0.793171,0.21634,0.419597,-0.75373,2.20898,0.829584,0.771609,1.00144,2.20898
338,rec2018-05-03_15h35m21.837s.wav,0,2018-05-03#3,gain,0.5,1.544,0.0842261,0.369671,0.043053,0.107981,0.07871,0.0950602,-0.179864,-4.24083,0.21634,0.419597,-0.752873,2.21702,0.829584,1.26516,1.86739,4.24083
338,rec2018-05-03_15h35m21.837s.wav,0,2018-05-03#3,gain,0.707107,1.544,0.119114,0.369671,0.043053,0.107967,0.0786604,0.0950602,-0.179864,-2.81276,0.21634,0.419597,-0.753353,2.21268,0.829584,1.0606,1.43021,2.81276
338,rec2018-05-03_15h35m21.837s.wav,0,2018-05-03#3,gain,1.41421,1.544,0.238227,0.369671,0.043053,0.107949,0.0785935,0.0950602,-0.179864,2.06296,0.21634,0.419597,-0.753952,2.20682,0.829584,0.952731,1.23275,2.20682
338,rec2018-05-03_15h35m21.837s.wav,0,2018-05-03#3,gain,2,1.544,0.336904,0.369671,0.043053,0.107949,0.0785935,0.0950602,-0.179864,6.10215,0.21634,0.419597,-0.753952,2.20682,0.829584,1.52976,2.49623,6.10215
338,rec2018-05-03_15h35m21.837s.wav,0,2018-05-03#3,noise,30,1.544,0.169313,0.38756,0.0525488,0.162607,0.16252,0.117886,-0.179864,-0.75793,0.948115,1.45858,1.08633,9.55891,2.14193,2.30452,3.79424,9.55891
338,rec2018-05-03_15h35m21.837s.wav,0,2018-05-03#3,noise,20,1.544,0.172069,0.397223,0.0496888,0.194778,0.162294,0.113788,-0.179864,-0.645124,1.34337,1.14566,2.16952,9.53918,1.90633,2.41843,3.8341,9.53918
338,rec2018-05-03_15h35m21.837s.wav,0,2018-05-03#3,noise,10,1.544,0.186015,0.422234,0.0427337,0.269976,0.144658,0.0782541,-0.179864,-0.0742672,2.3665,0.384668,4.70137,7.99416,-0.136669,2.2625,3.62165,7.99416
338,rec2018-05-03_15h35m21.837s.wav,0,2018-05-03#3,tilt,-0.5,1.544,0.168383,0.333447,0.0362148,0.0665451,0.0514565,0.0713686,-0.179864,-0.796011,-1.26548,-0.328601,-2.148,-0.170432,-0.532543,0.77442,1.02134,2.148
338,rec2018-05-03_15h35m21.837s.wav,0,2018-05-03#3,tilt,0.5,1.544,0.168455,0.425387,0.0481711,0.125729,0.086988,0.0840389,-0.179864,-0.793068,2.49548,0.979591,-0.155334,2.94219,0.195923,1.10592,1.53843,2.94219
338,rec2018-05-03_15h35m21.837s.wav,0,2018-05-03#3,tilt,0.9,1.544,0.168338,0.457911,0.045316,0.0985626,0.0690267,0.0769951,-0.179864,-0.797828,3.82592,0.667202,-1.07,1.36875,-0.209056,1.1598,1.63942,3.82592
339,rec2018-05-03_15h35m44.100s.wav,0,2018-05-03#3,identity,0,1.72,0.160208,0.381746,0.037667,0.11648,0.0584156,0.0971776,0.314762,-1.13065,0.710295,-0.169709,-0.466738,0.439195,0.951322,0.597524,0.678919,1.13065
339,rec2018-05-03_15h35m44.100s.wav,0,2018-05-03#3,gain,0.5,1.72,0.0801038,0.381746,0.037667,0.116482,0.0584124,0.0971776,0.314762,-4.40957,0.710295,-0.169709,-0.466662,0.438913,0.951322,1.06589,1.74815,4.40957
339,rec2018-05-03_15h35m44.100s.wav,0,2018-05-03#3,gain,0.707107,1.72,0.113284,0.381746,0.037667,0.116481,0.0584144,0.0971776,0.314762,-3.0514,0.710295,-0.16971,-0.466712,0.439092,0.951322,0.871899,1.26824,3.0514
339,rec2018-05-03_15h35m44.100s.wav,0,2018-05-03#3,gain,1.41421,1.72,0.226568,0.381746,0.037667,0.116479,0.0584163,0.0971776,0.314762,1.58569,0.710295,-0.16971,-0.466752,0.439259,0.951322,0.662542,0.798449,1.58569
339,rec2018-05-03_15h35m44.100s.wav,0,2018-05-03#3,gain,2,1.72,0.320415,0.381746,0.037667,0.116479,0.058417,0.0971776,0.314762,5.42719,0.710295,-0.169709,-0.466766,0.439322,0.951322,1.21134,2.11804,5.42719
339,rec2018-05-03_15h35m44.100s.wav,0,2018-05-03#3,noise,30,1.72,0.160782,0.402397,0.0325574,0.175008,0.124868,0.0790179,0.314762,-1.10714,1.55503,-0.728771,1.50385,6.26051,-0.0927566,1.65183,2.55617,6.26051
339,rec2018-05-03_15h35m44.100s.wav,0,2018-05-03#3,noise,20,1.72,0.163108,0.412666,0.0376711,0.220469,0.13822,0.0757905,0.314762,-1.01194,1.97513,-0.169263,3.03449,7.43023,-0.278309,2.03059,3.15203,7.43023
339,rec2018-05-03_15h35m44.100s.wav,0,2018-05-03#3,noise,10,1.72,0.175725,0.432672,0.0364739,0.302624,0.130386,0.0634201,0.314762,-0.495473,2.7935,-0.300254,5.80062,6.74394,-0.98954,2.49116,3.55258,6.74394
339,rec2018-05-03_15h35m44.100s.wav,0,2018-05-03#3,tilt,-0.5,1.72,0.160099,0.342776,0.0333842,0.0708271,0.0357573,0.0696362,0.314762,-1.13509,-0.88384,-0.638307,-2.00383,-1.54571,-0.632149,1.02196,1.1576,2.00383
339,rec2018-05-03_15h35m44.100s.wav,0,2018-05-03#3,tilt,0.5,1.72,0.160332,0.438561,0.0421583,0.136485,0.0687439,0.0878513,0.314762,-1.12557,3.03439,0.32171,0.20683,1.34398,0.415112,0.96605,1.34687,3.03439
339,rec2018-05-03_15h35m44.100s.wav,0,2018-05-03#3,tilt,0.9,1.72,0.160345,0.469621,0.0396809,0.105752,0.0523811,0.0778353,0.314762,-1.12502,4.30494,0.0506445,-0.827937,-0.0894365,-0.160748,0.981927,1.71627,4.30494
340,rec2018-05-03_15h36m09.330s.wav,0,2018-05-03#3,identity,0,1.512,0.156903,0.345345,0.0640274,0.0879411,0.0563599,0.116597,-0.269796,-1.26594,-0.77878,2.71451,-1.42761,0.259113,2.06782,1.2548,1.51335,2.71451
340,rec2018-05-03_15h36m09.330s.wav,0,2018-05-03#3,gain,0.5,1.512,0.0784513,0.345345,0.0640274,0.0879426,0.0563579,0.116597,-0.269796,-4.47721,-0.77878,2.71451,-1.42756,0.258943,2.06782,1.71352,2.21921,4.47721
340,rec2018-05-03_15h36m09.330s.wav,0,2018-05-03#3,gain,0.707107,1.512,0.110947,0.345345,0.0640274,0.0879417,0.0563591,0.116597,-0.269796,-3.14706,-0.77878,2.71451,-1.42759,0.259045,2.06782,1.52352,1.86444,3.14706
340,rec2018-05-03_15h36m09.330s.wav,0,2018-05-03#3,gain,1.41421,1.512,0.221894,0.345345,0.0640274,0.0879406,0.0563605,0.116597,-0.269796,1.39437,-0.77878,2.71451,-1.42763,0.259169,2.06782,1.27315,1.52939,2.71451
340,rec2018-05-03_15h36m09.330s.wav,0,2018-05-03#3,gain,2,1.512,0.313805,0.345345,0.0640274,0.0879401,0.0563612,0.116597,-0.269796,5.15662,-0.77878,2.71451,-1.42765,0.259228,2.06782,1.81063,2.42074,5.15662
340,rec2018-05-03_15h36m09.330s.wav,0,2018-05-03#3,noise,30,1.512,0.157526,0.384908,0.0468914,0.163808,0.141774,0.104268,-0.269796,-1.24044,0.839637,0.839572,1.12676,7.74151,1.35896,1.91667,3.07219,7.74151
340,rec2018-05-03_15h36m09.330s.wav,0,2018-05-03#3,noise,20,1.512,0.16024,0.397285,0.053643,0.212521,0.1644,0.0995438,-0.269796,-1.12931,1.34591,1.5783,2.76691,9.72362,1.08736,2.55731,3.94675,9.72362
340,rec2018-05-03_15h36m09.330s.wav,0,2018-05-03#3,noise,10,1.512,0.174367,0.421472,0.0492319,0.296175,0.148876,0.0739402,-0.269796,-0.551057,2.33533,1.09566,5.58349,8.3637,-0.384691,2.65482,3.93347,8.3637
340,rec2018-05-03_15h36m09.330s.wav,0,2018-05-03#3,tilt,-0.5,1.512,0.156146,0.30865,0.0604621,0.0512017,0.0365623,0.0912724,-0.269796,-1.2969,-2.27985,2.32442,-2.6646,-1.47519,0.611804,1.56037,1.77305,2.6646
340,rec2018-05-03_15h36m09.330s.wav,0,2018-05-03#3,tilt,0.5,1.512,0.158203,0.40654,0.0635543,0.118758,0.0705892,0.0982023,-0.269796,-1.21271,1.72454,2.66274,-0.390032,1.50562,1.01024,1.25367,1.46616,2.66274
340,rec2018-05-03_15h36m09.330s.wav,0,2018-05-03#3,tilt,0.9,1.512,0.158519,0.449351,0.0492299,0.105724,0.0637741,0.0714331,-0.269796,-1.19979,3.47576,1.09544,-0.828872,0.908609,-0.52884,1.18673,1.53927,3.47576
341,rec2018-05-03_15h36m33.401s.wav,0,2018-05-03#3,identity,0,1.384,0.150435,0.375442,0.0576027,0.136868,0.0966177,0.0960211,-0.629525,-1.53067,0.452397,2.01155,0.219706,3.78577,0.88483,1.35921,1.77898,3.78577
341,rec2018-05-03_15h36m33.401s.wav,0,2018-05-03#3,gain,0.5,1.384,0.0752176,0.375442,0.0576027,0.136978,0.096824,0.0960211,-0.629525,-4.60958,0.452397,2.01155,0.223408,3.80384,0.88483,1.80216,2.42598,4.60958
341,rec2018-05-03_15h36m33.401s.wav,0,2018-05-03#3,gain,0.707107,1.384,0.106374,0.375442,0.0576027,0.136915,0.0967108,0.0960211,-0.629525,-3.33425,0.452397,2.01155,0.221303,3.79393,0.88483,1.61826,2.10409,3.79393
341,rec2018-05-03_15h36m33.401s.wav,0,2018-05-03#3,gain,1.41421,1.384,0.212748,0.375442,0.0576027,0.136821,0.0965262,0.0960211,-0.629525,1.01999,0.452397,2.01155,0.218133,3.77775,0.88483,1.28488,1.72335,3.77775
341,rec2018-05-03_15h36m33.401s.wav,0,2018-05-03#3,gain,2,1.384,0.300871,0.375442,0.0576027,0.136783,0.0964489,0.0960211,-0.629525,4.62716,0.452397,2.01155,0.21687,3.77098,0.88483,1.79904,2.42334,4.62716
341,rec2018-05-03_15h36m33.401s.wav,0,2018-05-03#3,noise,30,1.384,0.151304,0.393158,0.0579604,0.19971,0.164371,0.092295,-0.629525,-1.49512,1.1771,2.05069,2.33556,9.72108,0.6706,2.58281,3.9393,9.72108
341,rec2018-05-03_15h36m33.401s.wav,0,2018-05-03#3,noise,20,1.384,0.154257,0.402843,0.0570606,0.240065,0.158588,0.0881396,-0.629525,-1.37422,1.5733,1.95224,3.6943,9.21445,0.43169,2.69568,3.91538,9.21445
341,rec2018-05-03_15h36m33.401s.wav,0,2018-05-03#3,noise,10,1.384,0.169116,0.425054,0.0527728,0.328183,0.145571,0.0705866,-0.629525,-0.765982,2.48187,1.48309,6.66115,8.07417,-0.577504,2.95333,4.12724,8.07417
341,rec2018-05-03_15h36m33.401s.wav,0,2018-05-03#3,tilt,-0.5,1.384,0.1479,0.331368,0.0484492,0.0860581,0.0690913,0.0909294,-0.629525,-1.63446,-1.35053,1.01002,-1.49101,1.37441,0.592086,1.15458,1.2174,1.63446
341,rec2018-05-03_15h36m33.401s.wav,0,2018-05-03#3,tilt,0.5,1.384,0.155665,0.440798,0.0614176,0.165181,0.0932752,0.082185,-0.629525,-1.31659,3.12589,2.42896,1.17299,3.49297,0.0893361,1.75089,2.11746,3.49297
341,rec2018-05-03_15h36m33.401s.wav,0,2018-05-03#3,tilt,0.9,1.384,0.157518,0.478546,0.0562605,0.136444,0.0716459,0.0784192,-0.629525,-1.24076,4.67004,1.86469,0.205449,1.59819,-0.127175,1.47655,2.06449,4.67004
342,rec2018-05-03_15h39m20.550s.wav,0,2018-05-03#3,identity,0,1.752,0.139496,0.421096,0.0337083,0.143662,0.07989,0.0679081,0.404694,-1.97846,2.31994,-0.602847,0.448478,2.32039,-0.731505,1.25804,1.50921,2.32039
342,rec2018-05-03_15h39m20.550s.wav,0,2018-05-03#3,gain,0.5,1.752,0.0697479,0.421096,0.0337083,0.143708,0.0799847,0.0679081,0.404694,-4.83347,2.31994,-0.602847,0.450018,2.32869,-0.731505,1.66731,2.24983,4.83347
342,rec2018-05-03_15h39m20.550s.wav,0,2018-05-03#3,gain,0.707107,1.752,0.0986384,0.421096,0.0337083,0.143679,0.0799216,0.0679081,0.404694,-3.65089,2.31994,-0.602847,0.449044,2.32316,-0.731505,1.49744,1.90383,3.65089
342,rec2018-05-03_15h39m20.550s.wav,0,2018-05-03#3,gain,1.41421,1.752,0.197277,0.421096,0.0337083,0.143651,0.0798659,0.0679081,0.404694,0.386719,2.31994,-0.602847,0.448104,2.31829,-0.731505,1.0303,1.31851,2.31994
342,rec2018-05-03_15h39m20.550s.wav,0,2018-05-03#3,gain,2,1.752,0.278992,0.421096,0.0337083,0.143643,0.0798487,0.0679081,0.404694,3.73158,2.31994,-0.602847,0.447842,2.31677,-0.731505,1.50788,1.92492,3.73158
342,rec2018-05-03_15h39m20.550s.wav,0,2018-05-03#3,noise,30,1.752,0.140255,0.43431,0.0341742,0.201276,0.157127,0.0697663,0.404694,-1.94737,2.86051,-0.551869,2.38828,9.08653,-0.62467,2.55199,3.80042,9.08653
342,rec2018-05-03_15h39m20.550s.wav,0,2018-05-03#3,noise,20,1.752,0.142605,0.440286,0.0304191,0.229677,0.152555,0.0620694,0.404694,-1.85118,3.10497,-0.962738,3.34453,8.68595,-1.0672,2.77447,3.81592,8.68595
342,rec2018-05-03_15h39m20.550s.wav,0,2018-05-03#3,noise,10,1.752,0.154047,0.454124,0.0259321,0.300262,0.135202,0.0500964,0.404694,-1.38284,3.671,-1.45368,5.72108,7.16586,-1.75557,3.07925,3.8698,7.16586
342,rec2018-05-03_15h39m20.550s.wav,0,2018-05-03#3,tilt,-0.5,1.752,0.139489,0.376825,0.0303825,0.0952086,0.0536334,0.0759696,0.404694,-1.97872,0.508975,-0.966742,-1.18292,0.0202706,-0.268014,0.761476,0.981565,1.97872
342,rec2018-05-03_15h39m20.550s.wav,0,2018-05-03#3,tilt,0.5,1.752,0.139319,0.478468,0.0362172,0.147551,0.0853223,0.0522572,0.404694,-1.9857,4.66687,-0.32834,0.579402,2.79627,-1.63134,1.77037,2.29317,4.66687
342,rec2018-05-03_15h39m20.550s.wav,0,2018-05-03#3,tilt,0.9,1.752,0.139192,0.506479,0.0355339,0.109811,0.0662832,0.0459334,0.404694,-1.99089,5.81268,-0.403101,-0.69127,1.12841,-1.99492,1.77514,2.50166,5.81268
343,rec2018-05-03_15h39m43.079s.wav,0,2018-05-03#3,identity,0,1.432,0.138624,0.421929,0.0411049,0.15121,0.0627157,0.0663875,-0.494627,-2.01415,2.35404,0.20645,0.702618,0.815895,-0.818929,1.0581,1.2937,2.35404
343,rec2018-05-03_15h39m43.079s.wav,0,2018-05-03#3,gain,0.5,1.432,0.069312,0.421929,0.0411049,0.151291,0.062856,0.0663875,-0.494627,-4.85132,2.35404,0.20645,0.705331,0.82818,-0.818929,1.46555,2.11181,4.85132
343,rec2018-05-03_15h39m43.079s.wav,0,2018-05-03#3,gain,0.707107,1.432,0.0980219,0.421929,0.0411049,0.15125,0.062786,0.0663875,-0.494627,-3.67612,2.35404,0.20645,0.703952,0.822051,-0.818929,1.2966,1.73965,3.67612
343,rec2018-05-03_15h39m43.079s.wav,0,2018-05-03#3,gain,1.41421,1.432,0.196044,0.421929,0.0411049,0.151172,0.0626478,0.0663875,-0.494627,0.336245,2.35404,0.20645,0.701326,0.809943,-0.818929,0.817366,1.05291,2.35404
343,rec2018-05-03_15h39m43.079s.wav,0,2018-05-03#3,gain,2,1.432,0.277248,0.421929,0.0411049,0.15114,0.0625869,0.0663875,-0.494627,3.6602,2.35404,0.20645,0.700253,0.804611,-0.818929,1.2913,1.73346,3.6602
343,rec2018-05-03_15h39m43.079s.wav,0,2018-05-03#3,noise,30,1.432,0.139014,0.439342,0.0299921,0.211513,0.139116,0.0602242,-0.494627,-1.99816,3.06633,-1.00946,2.73296,7.50869,-1.17328,2.56907,3.37818,7.50869
343,rec2018-05-03_15h39m43.079s.wav,0,2018-05-03#3,noise,20,1.432,0.14084,0.446529,0.0290615,0.247134,0.139073,0.0535861,-0.494627,-1.92344,3.36033,-1.11128,3.9323,7.50489,-1.55493,2.84026,3.59911,7.50489
343,rec2018-05-03_15h39m43.079s.wav,0,2018-05-03#3,noise,10,1.432,0.151118,0.459401,0.0256172,0.323355,0.12318,0.0481627,-0.494627,-1.50274,3.88687,-1.48813,6.49859,6.11264,-1.86675,3.12148,3.83417,6.49859
343,rec2018-05-03_15h39m43.079s.wav,0,2018-05-03#3,tilt,-0.5,1.432,0.138602,0.375532,0.0360129,0.1004,0.0437744,0.0752674,-0.494627,-2.01503,0.456079,-0.350694,-1.00814,-0.843395,-0.308386,0.782336,0.960561,2.01503
343,rec2018-05-03_15h39m43.079s.wav,0,2018-05-03#3,tilt,0.5,1.432,0.138501,0.481489,0.0410816,0.155666,0.0610501,0.0516953,-0.494627,-2.01917,4.79044,0.203901,0.852639,0.669984,-1.66364,1.52777,2.11306,4.79044
343,rec2018-05-03_15h39m43.079s.wav,0,2018-05-03#3,tilt,0.9,1.432,0.138412,0.51046,0.0369549,0.117027,0.0483878,0.0475405,-0.494627,-2.02283,5.97555,-0.247619,-0.4483,-0.439259,-1.90252,1.64724,2.51051,5.97555
344,rec2018-05-03_15h40m01.822s.wav,0,2018-05-03#3,identity,0,1.64,0.131162,0.439214,0.0323346,0.193039,0.0750082,0.0497053,0.0899321,-2.31959,3.06112,-0.753147,2.11094,1.89273,-1.77806,1.71507,1.94665,3.06112
344,rec2018-05-03_15h40m01.822s.wav,0,2018-05-03#3,gain,0.5,1.64,0.065581,0.439214,0.0323346,0.193169,0.0753075,0.0497053,0.0899321,-5.00404,3.06112,-0.753147,2.11533,1.91896,-1.77806,2.10294,2.57196,5.00404
344,rec2018-05-03_15h40m01.822s.wav,0,2018-05-03#3,gain,0.707107,1.64,0.0927456,0.439214,0.0323346,0.193085,0.075097,0.0497053,0.0899321,-3.8921,3.06112,-0.753147,2.11252,1.90052,-1.77806,1.94106,2.27817,3.8921
344,rec2018-05-03_15h40m01.822s.wav,0,2018-05-03#3,gain,1.41421,1.64,0.185491,0.439214,0.0323346,0.193004,0.0749593,0.0497053,0.0899321,-0.095712,3.06112,-0.753147,2.10979,1.88846,-1.77806,1.3966,1.73756,3.06112
344,rec2018-05-03_15h40m01.822s.wav,0,2018-05-03#3,gain,2,1.64,0.262324,0.439214,0.0323346,0.192977,0.0749211,0.0497053,0.0899321,3.04932,3.06112,-0.753147,2.10888,1.88511,-1.77806,1.81794,2.08418,3.06112
344,rec2018-05-03_15h40m01.822s.wav,0,2018-05-03#3,noise,30,1.64,0.131784,0.452125,0.0319159,0.243317,0.141586,0.0569948,0.0899321,-2.29411,3.58923,-0.798965,3.80378,7.72511,-1.35895,2.80858,3.67977,7.72511
344,rec2018-05-03_15h40m01.822s.wav,0,2018-05-03#3,noise,20,1.64,0.133745,0.456388,0.0298498,0.272843,0.132745,0.0525726,0.0899321,-2.21384,3.76363,-1.02502,4.79789,6.95059,-1.6132,2.92201,3.66562,6.95059
344,rec2018-05-03_15h40m01.822s.wav,0,2018-05-03#3,noise,10,1.64,0.143881,0.466595,0.0265323,0.349602,0.113948,0.0480589,0.0899321,-1.79895,4.18115,-1.38801,7.38233,5.30397,-1.87272,3.14529,3.94228,7.38233
344,rec2018-05-03_15h40m01.822s.wav,0,2018-05-03#3,tilt,-0.5,1.64,0.130812,0.387445,0.0286708,0.13354,0.0531512,0.0627293,0.0899321,-2.33391,0.943423,-1.15403,0.107683,-0.0219692,-1.02925,0.811457,1.11794,2.33391
344,rec2018-05-03_15h40m01.822s.wav,0,2018-05-03#3,tilt,0.5,1.64,0.131432,0.50237,0.0330173,0.186904,0.0774276,0.0429221,0.0899321,-2.30855,5.6446,-0.678454,1.90441,2.10469,-2.16805,2.12838,2.68371,5.6446
344,rec2018-05-03_15h40m01.822s.wav,0,2018-05-03#3,tilt,0.9,1.64,0.131462,0.531206,0.031458,0.136408,0.0595132,0.0394655,0.0899321,-2.30731,6.82419,-0.849063,0.20425,0.535352,-2.36679,1.88241,2.89216,6.82419
345,rec2018-05-03_15h40m28.424s.wav,0,2018-05-03#3,identity,0,1.704,0.118827,0.442273,0.0472179,0.174794,0.0631196,0.0722289,0.269796,-2.82452,3.18623,0.875302,1.49667,0.851275,-0.483084,1.4267,1.77952,3.18623
345,rec2018-05-03_15h40m28.424s.wav,0,2018-05-03#3,gain,0.5,1.704,0.0594133,0.442273,0.0472179,0.174864,0.063176,0.0722289,0.269796,-5.2565,3.18623,0.875302,1.49902,0.856216,-0.483084,1.77516,2.44468,5.2565
345,rec2018-05-03_15h40m28.424s.wav,0,2018-05-03#3,gain,0.707107,1.704,0.0840231,0.442273,0.0472179,0.174825,0.0631409,0.0722289,0.269796,-4.24914,3.18623,0.875302,1.49771,0.853143,-0.483084,1.63063,2.14644,4.24914
345,rec2018-05-03_15h40m28.424s.wav,0,2018-05-03#3,gain,1.41421,1.704,0.168046,0.442273,0.0472179,0.174775,0.0631119,0.0722289,0.269796,-0.809792,3.18623,0.875302,1.49602,0.850602,-0.483084,1.13869,1.45611,3.18623
345,rec2018-05-03_15h40m28.424s.wav,0,2018-05-03#3,gain,2,1.704,0.237653,0.442273,0.0472179,0.174771,0.0631174,0.0722289,0.269796,2.03946,3.18623,0.875302,1.4959,0.851082,-0.483084,1.31441,1.6189,3.18623
345,rec2018-05-03_15h40m28.424s.wav,0,2018-05-03#3,noise,30,1.704,0.119311,0.459189,0.0310969,0.229038,0.122234,0.0518767,0.269796,-2.80467,3.87822,-0.888579,3.32303,6.02984,-1.65321,2.69248,3.24926,6.02984
345,rec2018-05-03_15h40m28.424s.wav,0,2018-05-03#3,noise,20,1.704,0.121005,0.465077,0.0259891,0.260774,0.117972,0.0433529,0.269796,-2.73536,4.11907,-1.44744,4.39155,5.65642,-2.14328,2.96613,3.43285,5.65642
345,rec2018-05-03_15h40m28.424s.wav,0,2018-05-03#3,noise,10,1.704,0.129918,0.476139,0.0227566,0.337313,0.100137,0.0394676,0.269796,-2.37052,4.57157,-1.80113,6.96856,4.0941,-2.36667,3.20605,3.79396,6.96856
345,rec2018-05-03_15h40m28.424s.wav,0,2018-05-03#3,tilt,-0.5,1.704,0.118563,0.389818,0.0414518,0.128709,0.0495237,0.0779037,0.269796,-2.8353,1.04047,0.244401,-0.0549773,-0.339749,-0.156815,0.705931,1.15864,2.8353
345,rec2018-05-03_15h40m28.424s.wav,0,2018-05-03#3,tilt,0.5,1.704,0.118755,0.506244,0.0481427,0.163054,0.0771432,0.0636379,0.269796,-2.82746,5.8031,0.97649,1.10137,2.07977,-0.977017,2.005,2.65087,5.8031
345,rec2018-05-03_15h40m28.424s.wav,0,2018-05-03#3,tilt,0.9,1.704,0.11866,0.536288,0.0455996,0.119823,0.0682249,0.0574082,0.269796,-2.83135,7.03209,0.698232,-0.354188,1.29851,-1.33518,1.97419,2.967,7.03209
346,rec2018-05-03_15h40m49.846s.wav,0,2018-05-03#3,identity,0,1.592,0.128894,0.436713,0.0468584,0.161777,0.0727182,0.0699014,-0.0449661,-2.41241,2.95881,0.835965,1.05839,1.69213,-0.6169,1.37422,1.67499,2.95881
346,rec2018-05-03_15h40m49.846s.wav,0,2018-05-03#3,gain,0.5,1.592,0.0644472,0.436713,0.0468584,0.16179,0.0727061,0.0699014,-0.0449661,-5.05045,2.95881,0.835965,1.05884,1.69107,-0.6169,1.751,2.37017,5.05045
346,rec2018-05-03_15h40m49.846s.wav,0,2018-05-03#3,gain,0.707107,1.592,0.0911421,0.436713,0.0468584,0.161782,0.0727133,0.0699014,-0.0449661,-3.95774,2.95881,0.835965,1.05855,1.6917,-0.6169,1.59495,2.05225,3.95774
346,rec2018-05-03_15h40m49.846s.wav,0,2018-05-03#3,gain,1.41421,1.592,0.182284,0.436713,0.0468584,0.161773,0.0727225,0.0699014,-0.0449661,-0.226983,2.95881,0.835965,1.05826,1.69251,-0.6169,1.06206,1.40773,2.95881
346,rec2018-05-03_15h40m49.846s.wav,0,2018-05-03#3,gain,2,1.592,0.257789,0.436713,0.0468584,0.161772,0.0727243,0.0699014,-0.0449661,2.86367,2.95881,0.835965,1.05822,1.69267,-0.6169,1.43874,1.77368,2.95881
346,rec2018-05-03_15h40m49.846s.wav,0,2018-05-03#3,noise,30,1.592,0.129223,0.451345,0.0362789,0.20592,0.121653,0.0543129,-0.0449661,-2.39894,3.55735,-0.321592,2.54466,5.97894,-1.51315,2.33709,3.00066,5.97894
346,rec2018-05-03_15h40m49.846s.wav,0,2018-05-03#3,noise,20,1.592,0.130616,0.455967,0.0351655,0.240001,0.118888,0.0509977,-0.0449661,-2.34194,3.74643,-0.443407,3.69214,5.73672,-1.70375,2.52991,3.14333,5.73672
346,rec2018-05-03_15h40m49.846s.wav,0,2018-05-03#3,noise,10,1.592,0.139013,0.466832,0.0310189,0.319581,0.107584,0.0458812,-0.0449661,-1.99822,4.19087,-0.89711,6.37155,4.74641,-1.99792,2.89243,3.57531,6.37155
346,rec2018-05-03_15h40m49.846s.wav,0,2018-05-03#3,tilt,-0.5,1.592,0.128146,0.386589,0.0414202,0.117178,0.0573561,0.0836435,-0.0449661,-2.44306,0.908395,0.240946,-0.443212,0.346385,0.173191,0.657165,1.0142,2.44306
346,rec2018-05-03_15h40m49.846s.wav,0,2018-05-03#3,tilt,0.5,1.592,0.129082,0.498718,0.0489553,0.155896,0.0752967,0.0580624,-0.0449661,-2.40473,5.49523,1.0654,0.860378,1.91802,-1.29758,1.86947,2.48482,5.49523
346,rec2018-05-03_15h40m49.846s.wav,0,2018-05-03#3,tilt,0.9,1.592,0.128967,0.527518,0.0487315,0.115398,0.0602389,0.0541775,-0.0449661,-2.40944,6.67331,1.04091,-0.503168,0.598924,-1.52093,1.82738,2.78643,6.67331
347,rec2018-05-03_15h41m19.370s.wav,0,2018-05-03#3,identity,0,1.768,0.134392,0.422674,0.0269772,0.160686,0.0743625,0.0582396,0.449661,-2.18736,2.38452,-1.33933,1.02167,1.83618,-1.28739,1.50087,1.62741,2.38452
347,rec2018-05-03_15h41m19.370s.wav,0,2018-05-03#3,gain,0.5,1.768,0.0671961,0.422674,0.0269772,0.160773,0.0745127,0.0582396,0.449661,-4.93793,2.38452,-1.33933,1.02459,1.84933,-1.28739,1.8961,2.33581,4.93793
347,rec2018-05-03_15h41m19.370s.wav,0,2018-05-03#3,gain,0.707107,1.768,0.0950297,0.422674,0.0269772,0.160723,0.074428,0.0582396,0.449661,-3.7986,2.38452,-1.33933,1.02291,1.84192,-1.28739,1.73205,2.0074,3.7986
347,rec2018-05-03_15h41m19.370s.wav,0,2018-05-03#3,gain,1.41421,1.768,0.190059,0.422674,0.0269772,0.160662,0.074317,0.0582396,0.449661,0.0912813,2.38452,-1.33933,1.02084,1.83219,-1.28739,1.20074,1.40136,2.38452
347,rec2018-05-03_15h41m19.370s.wav,0,2018-05-03#3,gain,2,1.768,0.268785,0.422674,0.0269772,0.16064,0.074279,0.0582396,0.449661,3.31377,2.38452,-1.33933,1.02011,1.82886,-1.28739,1.66052,1.87866,3.31377
347,rec2018-05-03_15h41m19.370s.wav,0,2018-05-03#3,noise,30,1.768,0.135038,0.435802,0.0327874,0.219147,0.135574,0.065321,0.449661,-2.16094,2.92152,-0.703609,2.98999,7.19843,-0.880245,2.47206,3.28274,7.19843
347,rec2018-05-03_15h41m19.370s.wav,0,2018-05-03#3,noise,20,1.768,0.137134,0.440772,0.0323123,0.249234,0.133306,0.0633681,0.449661,-2.07513,3.12482,-0.755591,4.003,6.99974,-0.992527,2.62864,3.39851,6.99974
347,rec2018-05-03_15h41m19.370s.wav,0,2018-05-03#3,noise,10,1.768,0.147697,0.454406,0.0286546,0.322573,0.115961,0.0546302,0.449661,-1.64277,3.68256,-1.15579,6.47229,5.48029,-1.49491,2.91118,3.62446,6.47229
347,rec2018-05-03_15h41m19.370s.wav,0,2018-05-03#3,tilt,-0.5,1.768,0.134041,0.377036,0.0221273,0.109453,0.0535678,0.0677337,0.449661,-2.20175,0.517621,-1.86999,-0.703322,0.0145221,-0.74153,0.928342,1.1868,2.20175
347,rec2018-05-03_15h41m19.370s.wav,0,2018-05-03#3,tilt,0.5,1.768,0.134382,0.481903,0.0327969,0.161295,0.0777103,0.0502915,0.449661,-2.1878,4.80736,-0.70257,1.04217,2.12945,-1.74435,1.86619,2.30702,4.80736
347,rec2018-05-03_15h41m19.370s.wav,0,2018-05-03#3,tilt,0.9,1.768,0.134246,0.509777,0.035767,0.119263,0.0608864,0.0490659,0.449661,-2.19335,5.9476,-0.377592,-0.373017,0.655643,-1.81482,1.68738,2.51828,5.9476
348,rec2018-05-03_15h41m44.230s.wav,0,2018-05-03#3,identity,0,1.736,0.120179,0.4216,0.0434084,0.139088,0.0703737,0.0909657,0.359728,-2.76914,2.34057,0.458486,0.294465,1.48675,0.594174,1.18619,1.51828,2.76914
348,rec2018-05-03_15h41m44.230s.wav,0,2018-05-03#3,gain,0.5,1.736,0.0600897,0.4216,0.0434084,0.139092,0.0703754,0.0909657,0.359728,-5.22882,2.34057,0.458486,0.294609,1.4869,0.594174,1.53761,2.26177,5.22882
348,rec2018-05-03_15h41m44.230s.wav,0,2018-05-03#3,gain,0.707107,1.736,0.0849797,0.4216,0.0434084,0.139088,0.0703735,0.0909657,0.359728,-4.20998,2.34057,0.458486,0.29447,1.48673,0.594174,1.39202,1.93435,4.20998
348,rec2018-05-03_15h41m44.230s.wav,0,2018-05-03#3,gain,1.41421,1.736,0.169959,0.4216,0.0434084,0.139088,0.0703737,0.0909657,0.359728,-0.731479,2.34057,0.458486,0.294465,1.48675,0.594174,0.895093,1.13409,2.34057
348,rec2018-05-03_15h41m44.230s.wav,0,2018-05-03#3,gain,2,1.736,0.240359,0.4216,0.0434084,0.139088,0.0703737,0.0909657,0.359728,2.15021,2.34057,0.458486,0.294466,1.48675,0.594174,1.09777,1.36756,2.34057
348,rec2018-05-03_15h41m44.230s.wav,0,2018-05-03#3,noise,30,1.736,0.120741,0.444249,0.0361497,0.20191,0.137578,0.0727543,0.359728,-2.74614,3.26706,-0.335729,2.40964,7.37398,-0.452877,2.42074,3.3561,7.37398
348,rec2018-05-03_15h41m44.230s.wav,0,2018-05-03#3,noise,20,1.736,0.122648,0.4505,0.0348154,0.236831,0.140039,0.0677097,0.359728,-2.66809,3.52277,-0.481712,3.5854,7.58956,-0.74291,2.70717,3.60354,7.58956
348,rec2018-05-03_15h41m44.230s.wav,0,2018-05-03#3,noise,10,1.736,0.132142,0.464242,0.0299909,0.312011,0.122989,0.0571666,0.359728,-2.27946,4.08491,-1.00959,6.11665,6.09598,-1.34907,3.0422,3.76877,6.11665
348,rec2018-05-03_15h41m44.230s.wav,0,2018-05-03#3,tilt,-0.5,1.736,0.120175,0.378047,0.0360479,0.0947006,0.0504159,0.0951168,0.359728,-2.7693,0.558982,-0.346865,-1.20003,-0.261592,0.832837,0.904191,1.22085,2.7693
348,rec2018-05-03_15h41m44.230s.wav,0,2018-05-03#3,tilt,0.5,1.736,0.119858,0.47743,0.0482543,0.138751,0.0696246,0.0738976,0.359728,-2.78232,4.6244,0.988702,0.283119,1.42112,-0.38714,1.5495,2.15416,4.6244
348,rec2018-05-03_15h41m44.230s.wav,0,2018-05-03#3,tilt,0.9,1.736,0.119673,0.503382,0.0477457,0.102359,0.0524382,0.0640628,0.359728,-2.78987,5.68599,0.933056,-0.942172,-0.0844343,-0.952583,1.67826,2.47606,5.68599
349,rec2018-05-03_15h42m04.570s.wav,0,2018-05-03#3,identity,0,1.608,0.14495,0.404559,0.0338728,0.169969,0.0658312,0.0792708,-6.24029e-16,-1.7552,1.64347,-0.584847,1.33421,1.08881,-0.0782136,0.926393,1.13989,1.7552
349,rec2018-05-03_15h42m04.570s.wav,0,2018-05-03#3,gain,0.5,1.608,0.072475,0.404559,0.0338728,0.169987,0.0658094,0.0792708,-6.24029e-16,-4.72184,1.64347,-0.584847,1.33483,1.08691,-0.0782136,1.35002,2.01097,4.72184
349,rec2018-05-03_15h42m04.570s.wav,0,2018-05-03#3,gain,0.707107,1.608,0.102495,0.404559,0.0338728,0.169976,0.0658224,0.0792708,-6.24029e-16,-3.49302,1.64347,-0.584847,1.33446,1.08805,-0.0782136,1.17458,1.61311,3.49302
349,rec2018-05-03_15h42m04.570s.wav,0,2018-05-03#3,gain,1.41421,1.608,0.20499,0.404559,0.0338728,0.169965,0.0658363,0.0792708,-6.24029e-16,0.702455,1.64347,-0.584847,1.33406,1.08926,-0.0782136,0.776043,0.964276,1.64347
349,rec2018-05-03_15h42m04.570s.wav,0,2018-05-03#3,gain,2,1.608,0.2899,0.404559,0.0338728,0.169961,0.0658398,0.0792708,-6.24029e-16,4.1781,1.64347,-0.584847,1.33393,1.08957,-0.0782136,1.27259,1.83117,4.1781
349,rec2018-05-03_15h42m04.570s.wav,0,2018-05-03#3,noise,30,1.608,0.145555,0.428354,0.0353229,0.245546,0.132008,0.0604428,-6.24029e-16,-1.73044,2.61687,-0.426188,3.87884,6.88606,-1.16072,2.38559,3.24774,6.88606
349,rec2018-05-03_15h42m04.570s.wav,0,2018-05-03#3,noise,20,1.608,0.147754,0.434279,0.0362191,0.281827,0.131144,0.0593241,-6.24029e-16,-1.64042,2.85923,-0.328126,5.10039,6.81033,-1.22504,2.56622,3.48198,6.81033
349,rec2018-05-03_15h42m04.570s.wav,0,2018-05-03#3,noise,10,1.608,0.158989,0.44913,0.0322418,0.358106,0.112741,0.0558994,-6.24029e-16,-1.18051,3.46673,-0.763304,7.66864,5.19824,-1.42193,2.81419,3.81437,7.66864
349,rec2018-05-03_15h42m04.570s.wav,0,2018-05-03#3,tilt,-0.5,1.608,0.144733,0.358476,0.0270811,0.11292,0.0481433,0.0831827,-6.24029e-16,-1.76409,-0.241623,-1.32796,-0.586586,-0.460678,0.146694,0.646805,0.887348,1.76409
349,rec2018-05-03_15h42m04.570s.wav,0,2018-05-03#3,tilt,0.5,1.608,0.145057,0.468001,0.039989,0.175217,0.0607076,0.0645801,-6.24029e-16,-1.7508,4.23868,0.0843512,1.51091,0.639984,-0.922846,1.3068,1.87399,4.23868
349,rec2018-05-03_15h42m04.570s.wav,0,2018-05-03#3,tilt,0.9,1.608,0.145034,0.500316,0.0417851,0.130743,0.0452728,0.0603114,-6.24029e-16,-1.75176,5.56058,0.280868,0.0135083,-0.712131,-1.16827,1.3553,2.26589,5.56058
350,rec2018-05-03_15h42m24.025s.wav,0,2018-05-03#3,identity,0,1.736,0.13434,0.408581,0.0568936,0.140873,0.0570482,0.0796944,0.359728,-2.18952,1.80801,1.93396,0.354582,0.31941,-0.0538593,1.00272,1.31818,2.18952
350,rec2018-05-03_15h42m24.025s.wav,0,2018-05-03#3,gain,0.5,1.736,0.0671698,0.408581,0.0568936,0.140902,0.0570818,0.0796944,0.359728,-4.939,1.80801,1.93396,0.355548,0.322357,-0.0538593,1.39607,2.13024,4.939
350,rec2018-05-03_15h42m24.025s.wav,0,2018-05-03#3,gain,0.707107,1.736,0.0949924,0.408581,0.0568936,0.140884,0.0570593,0.0796944,0.359728,-3.80013,1.80801,1.93396,0.354944,0.32038,-0.0538593,1.233,1.76518,3.80013
350,rec2018-05-03_15h42m24.025s.wav,0,2018-05-03#3,gain,1.41421,1.736,0.189985,0.408581,0.0568936,0.140863,0.057037,0.0796944,0.359728,0.0882297,1.80801,1.93396,0.354228,0.318434,-0.0538593,0.70235,1.02651,1.93396
350,rec2018-05-03_15h42m24.025s.wav,0,2018-05-03#3,gain,2,1.736,0.268679,0.408581,0.0568936,0.140853,0.0570258,0.0796944,0.359728,3.30945,1.80801,1.93396,0.353897,0.317448,-0.0538593,1.16234,1.61775,3.30945
350,rec2018-05-03_15h42m24.025s.wav,0,2018-05-03#3,noise,30,1.736,0.134779,0.426037,0.0517535,0.191876,0.127959,0.0728008,0.359728,-2.17151,2.52207,1.37156,2.0718,6.53135,-0.450201,2.21117,2.93356,6.53135
350,rec2018-05-03_15h42m24.025s.wav,0,2018-05-03#3,noise,20,1.736,0.136445,0.433686,0.045377,0.225224,0.125092,0.0596049,0.359728,-2.10333,2.83496,0.673882,3.19461,6.28019,-1.20889,2.37937,3.02731,6.28019
350,rec2018-05-03_15h42m24.025s.wav,0,2018-05-03#3,noise,10,1.736,0.146194,0.45011,0.0396853,0.309922,0.109332,0.0537244,0.359728,-1.70429,3.50681,0.0511239,6.04631,4.89956,-1.54698,2.58783,3.34432,6.04631
350,rec2018-05-03_15h42m24.025s.wav,0,2018-05-03#3,tilt,-0.5,1.736,0.13319,0.362218,0.049547,0.0954711,0.0424937,0.0957935,0.359728,-2.23658,-0.0885535,1.13014,-1.17408,-0.955586,0.871742,0.973774,1.16302,2.23658
350,rec2018-05-03_15h42m24.025s.wav,0,2018-05-03#3,tilt,0.5,1.736,0.135213,0.471251,0.0582242,0.145686,0.0598689,0.0644433,0.359728,-2.15378,4.37162,2.07955,0.51662,0.566509,-0.930707,1.56836,2.05836,4.37162
350,rec2018-05-03_15h42m24.025s.wav,0,2018-05-03#3,tilt,0.9,1.736,0.135163,0.503553,0.0514513,0.110696,0.0478821,0.0562119,0.359728,-2.15581,5.69299,1.3385,-0.661458,-0.483558,-1.40396,1.728,2.43842,5.69299
351,rec2018-05-03_15h42m44.455s.wav,0,2018-05-03#3,identity,0,1.864,0.109652,0.421352,0.0282451,0.119361,0.0443986,0.0586694,0.719457,-3.20008,2.33042,-1.2006,-0.369728,-0.788719,-1.26268,1.41024,1.68961,3.20008
351,rec2018-05-03_15h42m44.455s.wav,0,2018-05-03#3,gain,0.5,1.864,0.0548258,0.421352,0.0282451,0.119396,0.044467,0.0586694,0.719457,-5.44429,2.33042,-1.2006,-0.368544,-0.782727,-1.26268,1.72982,2.37165,5.44429
351,rec2018-05-03_15h42m44.455s.wav,0,2018-05-03#3,gain,0.707107,1.864,0.0775354,0.421352,0.0282451,0.119375,0.0444301,0.0586694,0.719457,-4.51471,2.33042,-1.2006,-0.36924,-0.785954,-1.26268,1.59758,2.07436,4.51471
351,rec2018-05-03_15h42m44.455s.wav,0,2018-05-03#3,gain,1.41421,1.864,0.155071,0.421352,0.0282451,0.119348,0.0443694,0.0586694,0.719457,-1.34092,2.33042,-1.2006,-0.370165,-0.791276,-1.26268,1.14507,1.28427,2.33042
351,rec2018-05-03_15h42m44.455s.wav,0,2018-05-03#3,gain,2,1.864,0.219303,0.421352,0.0282451,0.119343,0.0443599,0.0586694,0.719457,1.28833,2.33042,-1.2006,-0.370347,-0.792106,-1.26268,1.1377,1.27664,2.33042
351,rec2018-05-03_15h42m44.455s.wav,0,2018-05-03#3,noise,30,1.864,0.11003,0.432927,0.0279199,0.167801,0.114408,0.0449519,0.719457,-3.18459,2.80394,-1.23619,1.2612,5.34421,-2.05135,2.37156,2.78795,5.34421
351,rec2018-05-03_15h42m44.455s.wav,0,2018-05-03#3,noise,20,1.864,0.111463,0.440378,0.0269823,0.209427,0.129353,0.0493256,0.719457,-3.12593,3.10873,-1.33878,2.66273,6.65342,-1.79989,2.77271,3.30245,6.65342
351,rec2018-05-03_15h42m44.455s.wav,0,2018-05-03#3,noise,10,1.864,0.119452,0.456517,0.0236184,0.293157,0.115601,0.0476308,0.719457,-2.79891,3.76892,-1.70683,5.48185,5.44877,-1.89733,3.11744,3.56189,5.48185
351,rec2018-05-03_15h42m44.455s.wav,0,2018-05-03#3,tilt,-0.5,1.864,0.109742,0.375252,0.0225285,0.079751,0.0326597,0.0728468,0.719457,-3.19637,0.444623,-1.82608,-1.70337,-1.81707,-0.447557,1.45065,1.7184,3.19637
351,rec2018-05-03_15h42m44.455s.wav,0,2018-05-03#3,tilt,0.5,1.864,0.109387,0.480768,0.0323029,0.120879,0.0420007,0.0491936,0.719457,-3.21092,4.76095,-0.756618,-0.318628,-0.998781,-1.80747,1.79612,2.34316,4.76095
351,rec2018-05-03_15h42m44.455s.wav,0,2018-05-03#3,tilt,0.9,1.864,0.109266,0.508192,0.032675,0.0892971,0.0309278,0.0468764,0.719457,-3.21587,5.88278,-0.715909,-1.38196,-1.96878,-1.94071,2.26078,2.81657,5.88278
352,rec2018-05-03_15h44m07.780s.wav,0,2018-05-03#3,identity,0,1.672,0.148661,0.414057,0.0223406,0.134642,0.0770951,0.0640818,0.179864,-1.60329,2.03202,-1.84664,0.144767,2.07556,-0.951495,1.26195,1.4821,2.07556
352,rec2018-05-03_15h44m07.780s.wav,0,2018-05-03#3,gain,0.5,1.672,0.0743306,0.414057,0.0223406,0.134735,0.0773982,0.0640818,0.179864,-4.64589,2.03202,-1.84664,0.147899,2.1021,-0.951495,1.70084,2.2201,4.64589
352,rec2018-05-03_15h44m07.780s.wav,0,2018-05-03#3,gain,0.707107,1.672,0.105119,0.414057,0.0223406,0.134685,0.0772414,0.0640818,0.179864,-3.3856,2.03202,-1.84664,0.146222,2.08838,-0.951495,1.5186,1.86402,3.3856
352,rec2018-05-03_15h44m07.780s.wav,0,2018-05-03#3,gain,1.41421,1.672,0.210239,0.414057,0.0223406,0.134602,0.0769537,0.0640818,0.179864,0.917289,2.03202,-1.84664,0.143428,2.06317,-0.951495,1.16199,1.39364,2.06317
352,rec2018-05-03_15h44m07.780s.wav,0,2018-05-03#3,gain,2,1.672,0.297322,0.414057,0.0223406,0.134587,0.0768998,0.0640818,0.179864,4.48192,2.03202,-1.84664,0.142927,2.05844,-0.951495,1.67047,2.16538,4.48192
352,rec2018-05-03_15h44m07.780s.wav,0,2018-05-03#3,noise,30,1.672,0.149009,0.424994,0.0311663,0.167266,0.126752,0.0674872,0.179864,-1.58903,2.47943,-0.880976,1.24319,6.42555,-0.755702,1.93625,2.74864,6.42555
352,rec2018-05-03_15h44m07.780s.wav,0,2018-05-03#3,noise,20,1.672,0.150433,0.430892,0.0306363,0.195742,0.12768,0.0576187,0.179864,-1.53078,2.72067,-0.938966,2.20195,6.50684,-1.32309,2.20031,2.91786,6.50684
352,rec2018-05-03_15h44m07.780s.wav,0,2018-05-03#3,noise,10,1.672,0.15944,0.448217,0.026784,0.276013,0.109881,0.0474928,0.179864,-1.16208,3.42938,-1.36047,4.90464,4.94767,-1.90526,2.55562,3.09745,4.94767
352,rec2018-05-03_15h44m07.780s.wav,0,2018-05-03#3,tilt,-0.5,1.672,0.148667,0.371538,0.0197999,0.0874381,0.0486589,0.070114,0.179864,-1.60307,0.292708,-2.12463,-1.44455,-0.415509,-0.604675,0.952143,1.18484,2.12463
352,rec2018-05-03_15h44m07.780s.wav,0,2018-05-03#3,tilt,0.5,1.672,0.148542,0.470393,0.0272007,0.14233,0.0898283,0.0549201,0.179864,-1.60814,4.33654,-1.31487,0.403625,3.191,-1.47824,1.78747,2.2578,4.33654
352,rec2018-05-03_15h44m07.780s.wav,0,2018-05-03#3,tilt,0.9,1.672,0.14847,0.497414,0.0303349,0.106803,0.0712341,0.0532877,0.179864,-1.6111,5.44187,-0.971948,-0.792561,1.56212,-1.57209,1.73308,2.3521,5.44187
353,rec2018-05-03_15h44m27.242s.wav,0,2018-05-03#3,identity,0,1.368,0.142084,0.390863,0.0476862,0.166473,0.0684815,0.0967655,-0.674491,-1.87253,1.08322,0.926535,1.2165,1.32099,0.927625,1.14598,1.19991,1.87253
353,rec2018-05-03_15h44m27.242s.wav,0,2018-05-03#3,gain,0.5,1.368,0.0710418,0.390863,0.0476862,0.166515,0.0685024,0.0967655,-0.674491,-4.78051,1.08322,0.926535,1.21792,1.32281,0.927625,1.56187,2.05056,4.78051
353,rec2018-05-03_15h44m27.242s.wav,0,2018-05-03#3,gain,0.707107,1.368,0.100468,0.390863,0.0476862,0.166486,0.0684862,0.0967655,-0.674491,-3.57598,1.08322,0.926535,1.21692,1.3214,0.927625,1.38945,1.66313,3.57598
353,rec2018-05-03_15h44m27.242s.wav,0,2018-05-03#3,gain,1.41421,1.368,0.200937,0.390863,0.0476862,0.166467,0.0684814,0.0967655,-0.674491,0.536523,1.08322,0.926535,1.2163,1.32098,0.927625,0.955095,0.989911,1.32098
353,rec2018-05-03_15h44m27.242s.wav,0,2018-05-03#3,gain,2,1.368,0.284167,0.390863,0.0476862,0.166461,0.0684809,0.0967655,-0.674491,3.94343,1.08322,0.926535,1.2161,1.32094,0.927625,1.44176,1.77771,3.94343
353,rec2018-05-03_15h44m27.242s.wav,0,2018-05-03#3,noise,30,1.368,0.142946,0.418583,0.0444296,0.246596,0.152276,0.0956498,-0.674491,-1.83724,2.21717,0.570217,3.91418,8.6615,0.863483,2.6769,3.78265,8.6615
353,rec2018-05-03_15h44m27.242s.wav,0,2018-05-03#3,noise,20,1.368,0.145545,0.42479,0.0411229,0.273847,0.149186,0.0815292,-0.674491,-1.73086,2.47105,0.208419,4.83171,8.39086,0.0516306,2.62272,3.84253,8.39086
353,rec2018-05-03_15h44m27.242s.wav,0,2018-05-03#3,noise,10,1.368,0.157687,0.441651,0.0342642,0.344828,0.124172,0.0628097,-0.674491,-1.23383,3.16078,-0.54203,7.22159,6.19954,-1.02463,2.86527,3.85259,7.22159
353,rec2018-05-03_15h44m27.242s.wav,0,2018-05-03#3,tilt,-0.5,1.368,0.141992,0.344747,0.0430404,0.106138,0.0473786,0.0932201,-0.674491,-1.87627,-0.803226,0.418226,-0.814946,-0.52766,0.723786,0.834086,0.945806,1.87627
353,rec2018-05-03_15h44m27.242s.wav,0,2018-05-03#3,tilt,0.5,1.368,0.142042,0.456737,0.0499852,0.186615,0.0778473,0.0736373,-0.674491,-1.87422,3.77791,1.17808,1.89468,2.14145,-0.402111,1.70614,1.99877,3.77791
353,rec2018-05-03_15h44m27.242s.wav,0,2018-05-03#3,tilt,0.9,1.368,0.14196,0.493099,0.0464355,0.148194,0.072686,0.066982,-0.674491,-1.87759,5.26538,0.789694,0.601072,1.68931,-0.78475,1.6689,2.27279,5.26538
354,rec2018-05-03_15h44m47.231s.wav,0,2018-05-03#3,identity,0,1.976,0.124715,0.414549,0.0382331,0.12684,0.074295,0.088825,1.03422,-2.58348,2.05212,-0.10777,-0.117905,1.83026,0.471092,1.17098,1.49057,2.58348
354,rec2018-05-03_15h44m47.231s.wav,0,2018-05-03#3,gain,0.5,1.976,0.0623575,0.414549,0.0382331,0.126862,0.0743264,0.088825,1.03422,-5.13599,2.05212,-0.10777,-0.117162,1.83301,0.471092,1.53591,2.24456,5.13599
354,rec2018-05-03_15h44m47.231s.wav,0,2018-05-03#3,gain,0.707107,1.976,0.0881868,0.414549,0.0382331,0.126848,0.074302,0.088825,1.03422,-4.07871,2.05212,-0.10777,-0.117658,1.83087,0.471092,1.38463,1.90923,4.07871
354,rec2018-05-03_15h44m47.231s.wav,0,2018-05-03#3,gain,1.41421,1.976,0.176374,0.414549,0.0382331,0.126839,0.0742958,0.088825,1.03422,-0.468921,2.05212,-0.10777,-0.117943,1.83033,0.471092,0.868915,1.14007,2.05212
354,rec2018-05-03_15h44m47.231s.wav,0,2018-05-03#3,gain,2,1.976,0.24943,0.414549,0.0382331,0.126839,0.0742959,0.088825,1.03422,2.52152,2.05212,-0.10777,-0.117943,1.83034,0.471092,1.16214,1.47534,2.52152
354,rec2018-05-03_15h44m47.231s.wav,0,2018-05-03#3,noise,30,1.976,0.125121,0.429889,0.0313437,0.171489,0.122481,0.0812512,1.03422,-2.56686,2.67964,-0.861567,1.38538,6.0514,0.0356483,2.08782,2.78058,6.0514
354,rec2018-05-03_15h44m47.231s.wav,0,2018-05-03#3,noise,20,1.976,0.126761,0.436742,0.0312044,0.209322,0.134035,0.0742618,1.03422,-2.49972,2.96,-0.876814,2.6592,7.06358,-0.366201,2.49425,3.25024,7.06358
354,rec2018-05-03_15h44m47.231s.wav,0,2018-05-03#3,noise,10,1.976,0.135897,0.452894,0.0258137,0.289119,0.117686,0.0526971,1.03422,-2.12576,3.62071,-1.46664,5.34589,5.63141,-1.60604,2.97581,3.45832,5.63141
354,rec2018-05-03_15h44m47.231s.wav,0,2018-05-03#3,tilt,-0.5,1.976,0.124743,0.372842,0.0325681,0.0844521,0.0494164,0.093179,1.03422,-2.58234,0.346026,-0.727602,-1.54508,-0.349146,0.721426,1.04369,1.2771,2.58234
354,rec2018-05-03_15h44m47.231s.wav,0,2018-05-03#3,tilt,0.5,1.976,0.124432,0.469331,0.0442722,0.130146,0.0811827,0.0719346,1.03422,-2.59506,4.2931,0.553003,-0.00661231,2.43363,-0.500004,1.6308,2.16178,4.2931
354,rec2018-05-03_15h44m47.231s.wav,0,2018-05-03#3,tilt,0.9,1.976,0.124268,0.495292,0.0455412,0.0968752,0.0623762,0.0634608,1.03422,-2.60178,5.35509,0.69184,-1.12681,0.786151,-0.987197,1.79758,2.38617,5.35509
355,rec2018-05-03_15h45m14.147s.wav,0,2018-05-03#3,identity,0,1.88,0.13414,0.414805,0.0278606,0.12207,0.0556609,0.0769999,0.764423,-2.19769,2.06261,-1.24267,-0.278517,0.197883,-0.208778,0.993225,1.27465,2.19769
355,rec2018-05-03_15h45m14.147s.wav,0,2018-05-03#3,gain,0.5,1.88,0.0670699,0.414805,0.0278606,0.122112,0.0556889,0.0769999,0.764423,-4.94309,2.06261,-1.24267,-0.277095,0.200335,-0.208778,1.38557,2.10366,4.94309
355,rec2018-05-03_15h45m14.147s.wav,0,2018-05-03#3,gain,0.707107,1.88,0.0948512,0.414805,0.0278606,0.122088,0.0556692,0.0769999,0.764423,-3.80591,2.06261,-1.24267,-0.277919,0.198605,-0.208778,1.22299,1.73321,3.80591
355,rec2018-05-03_15h45m14.147s.wav,0,2018-05-03#3,gain,1.41421,1.88,0.189702,0.414805,0.0278606,0.122056,0.055659,0.0769999,0.764423,0.0766704,2.06261,-1.24267,-0.278998,0.197714,-0.208778,0.690266,0.967274,2.06261
355,rec2018-05-03_15h45m14.147s.wav,0,2018-05-03#3,gain,2,1.88,0.26828,0.414805,0.0278606,0.122046,0.0556569,0.0769999,0.764423,3.2931,2.06261,-1.24267,-0.279322,0.19753,-0.208778,1.14978,1.57608,3.2931
355,rec2018-05-03_15h45m14.147s.wav,0,2018-05-03#3,noise,30,1.88,0.134516,0.427537,0.033754,0.171545,0.124656,0.0798709,0.764423,-2.1823,2.58342,-0.597853,1.38726,6.24199,-0.0437144,1.97157,2.75855,6.24199
355,rec2018-05-03_15h45m14.147s.wav,0,2018-05-03#3,noise,20,1.88,0.136062,0.432787,0.0337384,0.206407,0.133543,0.0739271,0.764423,-2.119,2.79818,-0.599556,2.56105,7.02048,-0.385449,2.32116,3.14549,7.02048
355,rec2018-05-03_15h45m14.147s.wav,0,2018-05-03#3,noise,10,1.88,0.145024,0.448136,0.0288646,0.282387,0.116693,0.0535853,0.764423,-1.75215,3.42607,-1.13282,5.11925,5.54437,-1.55498,2.7563,3.29589,5.54437
355,rec2018-05-03_15h45m14.147s.wav,0,2018-05-03#3,tilt,-0.5,1.88,0.134012,0.37384,0.0223685,0.0795464,0.0377211,0.0807287,0.764423,-2.20291,0.386856,-1.8436,-1.71026,-1.37368,0.00560279,1.1839,1.40396,2.20291
355,rec2018-05-03_15h45m14.147s.wav,0,2018-05-03#3,tilt,0.5,1.88,0.134164,0.468432,0.033097,0.128154,0.0568922,0.0538017,0.764423,-2.1967,4.2563,-0.669736,-0.0736776,0.305743,-1.54254,1.4013,1.94396,4.2563
355,rec2018-05-03_15h45m14.147s.wav,0,2018-05-03#3,tilt,0.9,1.88,0.134114,0.493134,0.0347201,0.0958108,0.0432226,0.0468754,0.764423,-2.19875,5.26678,-0.492138,-1.16265,-0.891733,-1.94076,1.81675,2.36985,5.26678
356,rec2018-05-03_15h46m16.542s.wav,0,2018-05-03#3,identity,0,1.512,0.120858,0.424823,0.039435,0.194556,0.0910627,0.0644152,-0.269796,-2.74137,2.47242,0.023733,2.16204,3.29914,-0.932322,1.70012,2.07465,3.29914
356,rec2018-05-03_15h46m16.542s.wav,0,2018-05-03#3,gain,0.5,1.512,0.060429,0.424823,0.039435,0.194693,0.0913322,0.0644152,-0.269796,-5.21493,2.47242,0.023733,2.16666,3.32275,-0.932322,2.05752,2.67224,5.21493
356,rec2018-05-03_15h46m16.542s.wav,0,2018-05-03#3,gain,0.707107,1.512,0.0854595,0.424823,0.039435,0.19461,0.0911692,0.0644152,-0.269796,-4.19035,2.47242,0.023733,2.16386,3.30847,-0.932322,1.90871,2.3977,4.19035
356,rec2018-05-03_15h46m16.542s.wav,0,2018-05-03#3,gain,1.41421,1.512,0.170919,0.424823,0.039435,0.194527,0.0910038,0.0644152,-0.269796,-0.692201,2.47242,0.023733,2.16105,3.29398,-0.932322,1.4065,1.81482,3.29398
356,rec2018-05-03_15h46m16.542s.wav,0,2018-05-03#3,gain,2,1.512,0.241716,0.424823,0.039435,0.19451,0.0909749,0.0644152,-0.269796,2.20576,2.47242,0.023733,2.1605,3.29145,-0.932322,1.62228,1.97926,3.29145
356,rec2018-05-03_15h46m16.542s.wav,0,2018-05-03#3,noise,30,1.512,0.121563,0.446102,0.0375769,0.252849,0.15304,0.0628244,-0.269796,-2.7125,3.34286,-0.17957,4.12472,8.72842,-1.02378,2.91166,4.01576,8.72842
356,rec2018-05-03_15h46m16.542s.wav,0,2018-05-03#3,noise,20,1.512,0.123759,0.451573,0.0347887,0.288952,0.145368,0.0603455,-0.269796,-2.6226,3.56666,-0.484642,5.34028,8.05637,-1.16631,3.07238,4.04776,8.05637
356,rec2018-05-03_15h46m16.542s.wav,0,2018-05-03#3,noise,10,1.512,0.134206,0.462907,0.0306273,0.364966,0.120332,0.0549824,-0.269796,-2.19499,4.03031,-0.93996,7.89961,5.86317,-1.47466,3.23893,4.15714,7.89961
356,rec2018-05-03_15h46m16.542s.wav,0,2018-05-03#3,tilt,-0.5,1.512,0.120756,0.373896,0.0348093,0.13073,0.0623712,0.0709655,-0.269796,-2.74554,0.38914,-0.482383,0.0130558,0.785712,-0.555724,0.748764,1.12892,2.74554
356,rec2018-05-03_15h46m16.542s.wav,0,2018-05-03#3,tilt,0.5,1.512,0.120796,0.489949,0.0405748,0.197602,0.0961555,0.0614824,-0.269796,-2.7439,5.13649,0.148447,2.2646,3.74528,-1.10094,2.20135,2.78709,5.13649
356,rec2018-05-03_15h46m16.542s.wav,0,2018-05-03#3,tilt,0.9,1.512,0.120724,0.52158,0.0379048,0.147196,0.0764576,0.0588988,-0.269796,-2.74686,6.43042,-0.143693,0.567464,2.0197,-1.24949,1.9182,2.80182,6.43042
357,rec2018-05-03_15h46m45.482s.wav,0,2018-05-03#3,identity,0,1.704,0.138896,0.409267,0.0350575,0.154453,0.0614627,0.0734652,0.269796,-2.00302,1.83608,-0.455231,0.811805,0.706127,-0.412005,0.927723,1.13331,2.00302
357,rec2018-05-03_15h46m45.482s.wav,0,2018-05-03#3,gain,0.5,1.704,0.0694479,0.409267,0.0350575,0.154468,0.0614644,0.0734652,0.269796,-4.84575,1.83608,-0.455231,0.812306,0.706278,-0.412005,1.33392,2.0164,4.84575
357,rec2018-05-03_15h46m45.482s.wav,0,2018-05-03#3,gain,0.707107,1.704,0.0982141,0.409267,0.0350575,0.15446,0.061464,0.0734652,0.269796,-3.66825,1.83608,-0.455231,0.812039,0.706238,-0.412005,1.16566,1.62284,3.66825
357,rec2018-05-03_15h46m45.482s.wav,0,2018-05-03#3,gain,1.41421,1.704,0.196428,0.409267,0.0350575,0.154448,0.06146,0.0734652,0.269796,0.351981,1.83608,-0.455231,0.811638,0.705896,-0.412005,0.691804,0.853722,1.83608
357,rec2018-05-03_15h46m45.482s.wav,0,2018-05-03#3,gain,2,1.704,0.277791,0.409267,0.0350575,0.154447,0.0614594,0.0734652,0.269796,3.68245,1.83608,-0.455231,0.811581,0.705842,-0.412005,1.16757,1.62737,3.68245
357,rec2018-05-03_15h46m45.482s.wav,0,2018-05-03#3,noise,30,1.704,0.139523,0.428155,0.0343741,0.221769,0.137144,0.0577341,0.269796,-1.97732,2.60873,-0.529997,3.07826,7.33593,-1.31645,2.44521,3.29705,7.33593
357,rec2018-05-03_15h46m45.482s.wav,0,2018-05-03#3,noise,20,1.704,0.141846,0.435321,0.0335332,0.259424,0.140876,0.0584033,0.269796,-1.88225,2.90186,-0.622009,4.3461,7.66287,-1.27797,2.70898,3.6187,7.66287
357,rec2018-05-03_15h46m45.482s.wav,0,2018-05-03#3,noise,10,1.704,0.153342,0.450875,0.0290204,0.333714,0.120947,0.054428,0.269796,-1.41168,3.53813,-1.11578,6.84737,5.91704,-1.50653,2.94376,3.77958,6.84737
357,rec2018-05-03_15h46m45.482s.wav,0,2018-05-03#3,tilt,-0.5,1.704,0.138861,0.362134,0.0288696,0.10345,0.0422379,0.0833308,0.269796,-2.00442,-0.0920036,-1.13228,-0.905433,-0.977996,0.15521,0.79102,1.01287,2.00442
357,rec2018-05-03_15h46m45.482s.wav,0,2018-05-03#3,tilt,0.5,1.704,0.138737,0.472845,0.0401245,0.156387,0.0622874,0.0677367,0.269796,-2.00952,4.43685,0.0991834,0.876923,0.778376,-0.741358,1.316,1.91725,4.43685
357,rec2018-05-03_15h46m45.482s.wav,0,2018-05-03#3,tilt,0.9,1.704,0.138626,0.504952,0.040066,0.116029,0.0467268,0.0660331,0.269796,-2.01406,5.75025,0.0927763,-0.481918,-0.584765,-0.839307,1.43327,2.34465,5.75025
358,rec2018-05-03_15h47m08.625s.wav,0,2018-05-03#3,identity,0,1.624,0.13148,0.390846,0.0597359,0.143537,0.0553512,0.100592,0.0449661,-2.30656,1.08253,2.24495,0.444253,0.17075,1.1476,1.06309,1.36682,2.30656
358,rec2018-05-03_15h47m08.625s.wav,0,2018-05-03#3,gain,0.5,1.624,0.0657401,0.390846,0.0597359,0.143605,0.0554963,0.100592,0.0449661,-4.99752,1.08253,2.24495,0.446537,0.183464,1.1476,1.44965,2.16264,4.99752
358,rec2018-05-03_15h47m08.625s.wav,0,2018-05-03#3,gain,0.707107,1.624,0.0929706,0.390846,0.0597359,0.143567,0.0554184,0.100592,0.0449661,-3.88289,1.08253,2.24495,0.445255,0.176633,1.1476,1.28926,1.80622,3.88289
358,rec2018-05-03_15h47m08.625s.wav,0,2018-05-03#3,gain,1.41421,1.624,0.185941,0.390846,0.0597359,0.143515,0.055293,0.100592,0.0449661,-0.0772907,1.08253,2.24495,0.443528,0.165656,1.1476,0.74379,1.05294,2.24495
358,rec2018-05-03_15h47m08.625s.wav,0,2018-05-03#3,gain,2,1.624,0.262961,0.390846,0.0597359,0.143497,0.055244,0.100592,0.0449661,3.07537,1.08253,2.24495,0.442921,0.161358,1.1476,1.17139,1.56802,3.07537
358,rec2018-05-03_15h47m08.625s.wav,0,2018-05-03#3,noise,30,1.624,0.132109,0.425343,0.0379526,0.227592,0.148872,0.0644461,0.0449661,-2.28083,2.49367,-0.138455,3.27433,8.3633,-0.930551,2.50373,3.64444,8.3633
358,rec2018-05-03_15h47m08.625s.wav,0,2018-05-03#3,noise,20,1.624,0.134257,0.432009,0.0358629,0.258272,0.142487,0.0620904,0.0449661,-2.1929,2.76636,-0.367099,4.30729,7.804,-1.06599,2.6498,3.64868,7.804
358,rec2018-05-03_15h47m08.625s.wav,0,2018-05-03#3,noise,10,1.624,0.14488,0.447422,0.0317583,0.332399,0.120764,0.0563227,0.0449661,-1.75807,3.39688,-0.816204,6.8031,5.90106,-1.3976,2.87398,3.74844,6.8031
358,rec2018-05-03_15h47m08.625s.wav,0,2018-05-03#3,tilt,-0.5,1.624,0.131445,0.344588,0.0549283,0.0927143,0.0392133,0.106976,0.0449661,-2.30801,-0.809732,1.71893,-1.2669,-1.24295,1.51465,1.27231,1.43345,2.30801
358,rec2018-05-03_15h47m08.625s.wav,0,2018-05-03#3,tilt,0.5,1.624,0.131316,0.456875,0.0574343,0.159876,0.0588278,0.0579569,0.0449661,-2.31329,3.78356,1.99313,0.994389,0.475306,-1.30364,1.55832,1.94772,3.78356
358,rec2018-05-03_15h47m08.625s.wav,0,2018-05-03#3,tilt,0.9,1.624,0.131177,0.49383,0.0456794,0.130086,0.0585998,0.0409339,0.0449661,-2.31896,5.29527,0.706965,-0.00863621,0.455336,-2.28236,1.5875,2.37053,5.29527
359,rec2018-05-03_15h47m37.180s.wav,0,2018-05-03#3,identity,0,1.56,0.141607,0.419057,0.0541745,0.173658,0.0736237,0.0804706,-0.134898,-1.89205,2.23653,1.63646,1.45841,1.77146,-0.0092349,1.30558,1.53731,2.23653
359,rec2018-05-03_15h47m37.180s.wav,0,2018-05-03#3,gain,0.5,1.56,0.0708033,0.419057,0.0541745,0.173704,0.073701,0.0804706,-0.134898,-4.79027,2.23653,1.63646,1.45997,1.77823,-0.0092349,1.7208,2.26585,4.79027
359,rec2018-05-03_15h47m37.180s.wav,0,2018-05-03#3,gain,0.707107,1.56,0.100131,0.419057,0.0541745,0.173674,0.0736561,0.0804706,-0.134898,-3.58979,2.23653,1.63646,1.45894,1.77429,-0.0092349,1.54859,1.92211,3.58979
359,rec2018-05-03_15h47m37.180s.wav,0,2018-05-03#3,gain,1.41421,1.56,0.200262,0.419057,0.0541745,0.173643,0.0735926,0.0804706,-0.134898,0.508909,2.23653,1.63646,1.45792,1.76873,-0.0092349,1.10753,1.3738,2.23653
359,rec2018-05-03_15h47m37.180s.wav,0,2018-05-03#3,gain,2,1.56,0.283213,0.419057,0.0541745,0.173642,0.0735921,0.0804706,-0.134898,3.90438,2.23653,1.63646,1.45786,1.76869,-0.0092349,1.59258,2.00699,3.90438
359,rec2018-05-03_15h47m37.180s.wav,0,2018-05-03#3,noise,30,1.56,0.142217,0.438449,0.0432597,0.23667,0.141949,0.0702499,-0.134898,-1.86706,3.02983,0.442214,3.57998,7.7569,-0.596866,2.48682,3.50961,7.7569
359,rec2018-05-03_15h47m37.180s.wav,0,2018-05-03#3,noise,20,1.56,0.144339,0.443834,0.0393734,0.268174,0.13861,0.0658153,-0.134898,-1.7802,3.25009,0.0170003,4.64071,7.46441,-0.851826,2.59131,3.61998,7.46441
359,rec2018-05-03_15h47m37.180s.wav,0,2018-05-03#3,noise,10,1.56,0.155458,0.455996,0.0342613,0.339267,0.126097,0.0532475,-0.134898,-1.32506,3.74759,-0.542347,7.03435,6.36822,-1.5744,2.96098,3.93932,7.03435
359,rec2018-05-03_15h47m37.180s.wav,0,2018-05-03#3,tilt,-0.5,1.56,0.140426,0.368318,0.0468044,0.119539,0.0567944,0.0914498,-0.134898,-1.94038,0.160963,0.83006,-0.363742,0.297177,0.622004,0.621318,0.85404,1.94038
359,rec2018-05-03_15h47m37.180s.wav,0,2018-05-03#3,tilt,0.5,1.56,0.142625,0.484815,0.0561579,0.17553,0.0718054,0.0659699,-0.134898,-1.85036,4.92649,1.85347,1.52145,1.61216,-0.842937,1.82025,2.29198,4.92649
359,rec2018-05-03_15h47m37.180s.wav,0,2018-05-03#3,tilt,0.9,1.56,0.142739,0.518142,0.0517128,0.13251,0.0591838,0.0603663,-0.134898,-1.8457,6.28981,1.36711,0.0730008,0.506492,-1.16511,1.62602,2.57668,6.28981
360,rec2018-05-03_15h47m57.575s.wav,0,2018-05-03#3,identity,0,1.48,0.12541,0.422909,0.0553979,0.168597,0.0864709,0.088127,-0.359728,-2.55502,2.39412,1.77031,1.28801,2.89689,0.430962,1.67072,1.91833,2.89689
360,rec2018-05-03_15h47m57.575s.wav,0,2018-05-03#3,gain,0.5,1.48,0.0627052,0.422909,0.0553979,0.168694,0.0866182,0.088127,-0.359728,-5.12175,2.39412,1.77031,1.29129,2.90979,0.430962,2.03971,2.55084,5.12175
360,rec2018-05-03_15h47m57.575s.wav,0,2018-05-03#3,gain,0.707107,1.48,0.0886785,0.422909,0.0553979,0.168637,0.0865287,0.088127,-0.359728,-4.05858,2.39412,1.77031,1.28935,2.90196,0.430962,1.88643,2.25948,4.05858
360,rec2018-05-03_15h47m57.575s.wav,0,2018-05-03#3,gain,1.41421,1.48,0.177357,0.422909,0.0553979,0.168568,0.0864243,0.088127,-0.359728,-0.428667,2.39412,1.77031,1.28702,2.89281,0.430962,1.36623,1.66431,2.89281
360,rec2018-05-03_15h47m57.575s.wav,0,2018-05-03#3,gain,2,1.48,0.250821,0.422909,0.0553979,0.168546,0.0863815,0.088127,-0.359728,2.57845,2.39412,1.77031,1.28628,2.88906,0.430962,1.6727,1.92096,2.88906
360,rec2018-05-03_15h47m57.575s.wav,0,2018-05-03#3,noise,30,1.48,0.126029,0.44415,0.0471963,0.228525,0.157439,0.0828798,-0.359728,-2.52968,3.26302,0.872933,3.30573,9.11382,0.129281,2.79631,3.99901,9.11382
360,rec2018-05-03_15h47m57.575s.wav,0,2018-05-03#3,noise,20,1.48,0.128037,0.451548,0.0394341,0.259493,0.152274,0.0622722,-0.359728,-2.44749,3.56564,0.023643,4.34843,8.6614,-1.05553,2.92312,4.03337,8.6614
360,rec2018-05-03_15h47m57.575s.wav,0,2018-05-03#3,noise,10,1.48,0.138194,0.46635,0.0306926,0.335748,0.127211,0.05229,-0.359728,-2.03173,4.17115,-0.93281,6.91588,6.46582,-1.62945,3.21523,4.05,6.91588
360,rec2018-05-03_15h47m57.575s.wav,0,2018-05-03#3,tilt,-0.5,1.48,0.125269,0.371179,0.0473283,0.117893,0.0632165,0.0927216,-0.359728,-2.56079,0.277999,0.887376,-0.419157,0.859765,0.695127,0.865707,1.13073,2.56079
360,rec2018-05-03_15h47m57.575s.wav,0,2018-05-03#3,tilt,0.5,1.48,0.125114,0.489139,0.0578809,0.165941,0.086287,0.0744501,-0.359728,-2.56714,5.10338,2.04199,1.19859,2.88078,-0.355375,2.07243,2.58556,5.10338
360,rec2018-05-03_15h47m57.575s.wav,0,2018-05-03#3,tilt,0.9,1.48,0.124898,0.522256,0.0534648,0.124431,0.069043,0.0682664,-0.359728,-2.57599,6.4581,1.5588,-0.199029,1.37018,-0.710904,1.89039,2.76003,6.4581
361,rec2018-05-03_15h48m19.468s.wav,0,2018-05-03#3,identity,0,1.304,0.150804,0.390365,0.0365704,0.148483,0.0528064,0.0675509,-0.854355,-1.51558,1.06284,-0.28969,0.610805,-0.0521748,-0.752043,0.733927,0.860384,1.51558
361,rec2018-05-03_15h48m19.468s.wav,0,2018-05-03#3,gain,0.5,1.304,0.075402,0.390365,0.0365704,0.14853,0.052812,0.0675509,-0.854355,-4.60203,1.06284,-0.28969,0.612374,-0.0516882,-0.752043,1.175,1.85416,4.60203
361,rec2018-05-03_15h48m19.468s.wav,0,2018-05-03#3,gain,0.707107,1.304,0.106635,0.390365,0.0365704,0.148505,0.0528078,0.0675509,-0.854355,-3.32358,1.06284,-0.28969,0.611514,-0.052055,-0.752043,0.992297,1.41077,3.32358
361,rec2018-05-03_15h48m19.468s.wav,0,2018-05-03#3,gain,1.41421,1.304,0.213269,0.390365,0.0365704,0.148468,0.052801,0.0675509,-0.854355,1.04133,1.06284,-0.28969,0.610272,-0.0526519,-0.752043,0.666169,0.752958,1.06284
361,rec2018-05-03_15h48m19.468s.wav,0,2018-05-03#3,gain,2,1.304,0.301608,0.390365,0.0365704,0.148462,0.0527956,0.0675509,-0.854355,4.65734,1.06284,-0.28969,0.61009,-0.053127,-0.752043,1.18278,1.87369,4.65734
361,rec2018-05-03_15h48m19.468s.wav,0,2018-05-03#3,noise,30,1.304,0.15193,0.414155,0.0487558,0.245225,0.167011,0.0711028,-0.854355,-1.46949,2.03603,1.04357,3.86802,9.95231,-0.547825,2.82451,4.18217,9.95231
361,rec2018-05-03_15h48m19.468s.wav,0,2018-05-03#3,noise,20,1.304,0.155246,0.420389,0.0471716,0.273727,0.159936,0.0656731,-0.854355,-1.33375,2.29105,0.870231,4.82766,9.33254,-0.860005,2.90994,4.13447,9.33254
361,rec2018-05-03_15h48m19.468s.wav,0,2018-05-03#3,noise,10,1.304,0.170114,0.43634,0.0425848,0.343524,0.139736,0.0600167,-0.854355,-0.725138,2.94354,0.368367,7.17769,7.56299,-1.18521,2.9739,4.14347,7.56299
361,rec2018-05-03_15h48m19.468s.wav,0,2018-05-03#3,tilt,-0.5,1.304,0.149747,0.343769,0.033802,0.0910431,0.0345559,0.0672527,-0.854355,-1.55885,-0.843225,-0.592594,-1.32317,-1.65095,-0.769184,1.08462,1.15203,1.65095
361,rec2018-05-03_15h48m19.468s.wav,0,2018-05-03#3,tilt,0.5,1.304,0.152334,0.457693,0.0368831,0.177182,0.0614787,0.0578818,-0.854355,-1.45293,3.81703,-0.255483,1.57706,0.707533,-1.30795,1.42462,1.77982,3.81703
361,rec2018-05-03_15h48m19.468s.wav,0,2018-05-03#3,tilt,0.9,1.304,0.152692,0.494194,0.0353114,0.140676,0.0515624,0.0509468,-0.854355,-1.43831,5.31015,-0.427443,0.347932,-0.161154,-1.70668,1.46372,2.21162,5.31015
362,rec2018-05-03_15h48m42.154s.wav,0,2018-05-03#3,identity,0,1.672,0.150054,0.395619,0.0530688,0.144558,0.0680104,0.102179,0.179864,-1.54627,1.27779,1.51547,0.478645,1.27972,1.23886,1.0738,1.18045,1.54627
362,rec2018-05-03_15h48m42.154s.wav,0,2018-05-03#3,gain,0.5,1.672,0.075027,0.395619,0.0530688,0.144565,0.0680088,0.102179,0.179864,-4.61738,1.27779,1.51547,0.478866,1.27958,1.23886,1.51254,2.02426,4.61738
362,rec2018-05-03_15h48m42.154s.wav,0,2018-05-03#3,gain,0.707107,1.672,0.106104,0.395619,0.0530688,0.144561,0.0680096,0.102179,0.179864,-3.34529,1.27779,1.51547,0.478755,1.27965,1.23886,1.33081,1.62807,3.34529
362,rec2018-05-03_15h48m42.154s.wav,0,2018-05-03#3,gain,1.41421,1.672,0.212208,0.395619,0.0530688,0.144555,0.0680112,0.102179,0.179864,0.997919,1.27779,1.51547,0.478535,1.27979,1.23886,0.995462,1.09278,1.51547
362,rec2018-05-03_15h48m42.154s.wav,0,2018-05-03#3,gain,2,1.672,0.300108,0.395619,0.0530688,0.144552,0.0680121,0.102179,0.179864,4.59595,1.27779,1.51547,0.478427,1.27987,1.23886,1.50946,2.01729,4.59595
362,rec2018-05-03_15h48m42.154s.wav,0,2018-05-03#3,noise,30,1.672,0.150577,0.418652,0.044893,0.205834,0.123631,0.0715536,0.179864,-1.52487,2.21999,0.620923,2.54176,6.15215,-0.521906,1.96592,2.73217,6.15215
362,rec2018-05-03_15h48m42.154s.wav,0,2018-05-03#3,noise,20,1.672,0.152711,0.427999,0.0415842,0.24594,0.125559,0.0607944,0.179864,-1.43753,2.60235,0.258892,3.8921,6.32104,-1.1405,2.26175,3.05527,6.32104
362,rec2018-05-03_15h48m42.154s.wav,0,2018-05-03#3,noise,10,1.672,0.164433,0.444928,0.0374678,0.329499,0.11418,0.0580555,0.179864,-0.957687,3.29485,-0.191499,6.70548,5.32424,-1.29797,2.56451,3.52213,6.70548
362,rec2018-05-03_15h48m42.154s.wav,0,2018-05-03#3,tilt,-0.5,1.672,0.149606,0.349863,0.0445279,0.0945989,0.0480686,0.106373,0.179864,-1.56463,-0.593943,0.580971,-1.20345,-0.46722,1.48001,0.867156,1.00198,1.56463
362,rec2018-05-03_15h48m42.154s.wav,0,2018-05-03#3,tilt,0.5,1.672,0.150325,0.45897,0.0594168,0.153767,0.0669033,0.0899308,0.179864,-1.53518,3.86927,2.21004,0.788711,1.18273,0.53467,1.4715,1.87279,3.86927
362,rec2018-05-03_15h48m42.154s.wav,0,2018-05-03#3,tilt,0.9,1.672,0.150247,0.49261,0.0587083,0.117353,0.0513526,0.077722,0.179864,-1.53836,5.24534,2.13252,-0.437339,-0.17953,-0.16726,1.41146,2.22684,5.24534
363,rec2018-05-03_15h49m02.235s.wav,0,2018-05-03#3,identity,0,1.704,0.139282,0.417999,0.0326846,0.136753,0.0652124,0.0809658,0.269796,-1.98722,2.19329,-0.71486,0.215863,1.03461,0.0192372,0.919268,1.22245,2.19329
363,rec2018-05-03_15h49m02.235s.wav,0,2018-05-03#3,gain,0.5,1.704,0.0696409,0.417999,0.0326846,0.136765,0.0652158,0.0809658,0.269796,-4.83785,2.19329,-0.71486,0.216254,1.03491,0.0192372,1.3266,2.06734,4.83785
363,rec2018-05-03_15h49m02.235s.wav,0,2018-05-03#3,gain,0.707107,1.704,0.0984871,0.417999,0.0326846,0.136757,0.0652136,0.0809658,0.269796,-3.65708,2.19329,-0.71486,0.215995,1.03471,0.0192372,1.15785,1.68549,3.65708
363,rec2018-05-03_15h49m02.235s.wav,0,2018-05-03#3,gain,1.41421,1.704,0.196974,0.417999,0.0326846,0.13675,0.0652113,0.0809658,0.269796,0.374328,2.19329,-0.71486,0.215732,1.03452,0.0192372,0.688822,0.974795,2.19329
363,rec2018-05-03_15h49m02.235s.wav,0,2018-05-03#3,gain,2,1.704,0.278563,0.417999,0.0326846,0.136746,0.0652103,0.0809658,0.269796,3.71405,2.19329,-0.71486,0.215602,1.03443,0.0192372,1.16589,1.70317,3.71405
363,rec2018-05-03_15h49m02.235s.wav,0,2018-05-03#3,noise,30,1.704,0.139653,0.428905,0.0343646,0.171585,0.12253,0.0848467,0.269796,-1.97204,2.63939,-0.531036,1.38862,6.05572,0.242369,1.87128,2.66911,6.05572
363,rec2018-05-03_15h49m02.235s.wav,0,2018-05-03#3,noise,20,1.704,0.141075,0.434936,0.0327319,0.20176,0.115891,0.0581782,0.269796,-1.91381,2.88609,-0.709679,2.40458,5.47413,-1.29092,2.13557,2.67216,5.47413
363,rec2018-05-03_15h49m02.235s.wav,0,2018-05-03#3,noise,10,1.704,0.149949,0.450975,0.0293582,0.291884,0.103425,0.0424084,0.269796,-1.55059,3.54219,-1.07881,5.439,4.38214,-2.19759,2.63716,3.15783,5.439
363,rec2018-05-03_15h49m02.235s.wav,0,2018-05-03#3,tilt,-0.5,1.704,0.138965,0.371966,0.027651,0.0921449,0.0468957,0.0857488,0.269796,-2.0002,0.310223,-1.26561,-1.28607,-0.569968,0.294234,0.856587,1.0581,2.0002
363,rec2018-05-03_15h49m02.235s.wav,0,2018-05-03#3,tilt,0.5,1.704,0.139415,0.478133,0.0391159,0.138624,0.0646467,0.0734434,0.269796,-1.98177,4.65317,-0.0111789,0.27885,0.985053,-0.413255,1.22758,1.95927,4.65317
363,rec2018-05-03_15h49m02.235s.wav,0,2018-05-03#3,tilt,0.9,1.704,0.139347,0.507336,0.0422917,0.103322,0.0514468,0.071155,0.269796,-1.98454,5.84776,0.336305,-0.909758,-0.171279,-0.544824,1.43775,2.3747,5.84776
