recording_file,event_id,n_envelope_frames,n_partial_frames,peak_index,peak_position,relative_peak_position,peak_rms,time_to_peak_s,mean_rms,peak_rms_full_frames,time_to_peak_full_frames_s,mean_rms_full_frames,near_peak_span_s,near_peak_span_frac,crest_factor,rms_before_event,rms_after_event,spectral_centroid_std_all_frames,spectral_centroid_std_interior,spectral_centroid_interior_frame_fraction,spectral_flatness_std_all_frames,spectral_flatness_std_interior,spectral_flatness_interior_frame_fraction,spectral_rolloff_std_all_frames,spectral_rolloff_std_interior,spectral_rolloff_interior_frame_fraction,zcr_std_all_frames,zcr_std_interior,zcr_interior_frame_fraction,reproduction_error,louder_outside_event
rec2018-01-22_17h41m33.475s.wav,0,193,3,68,interior,0.3541666666666667,0.25603294372558594,0.5440000295639038,0.1772032380104065,0.25603294372558594,0.5440000295639038,0.1778695285320282,0.3920000195503235,0.25388601422309875,1.444854770151266,0.00012611599231604487,0.09480327367782593,0.03874003514647484,0.038214780390262604,0.979381443298969,0.06494175642728806,0.06196369603276253,0.979381443298969,0.07275300472974777,0.07294191420078278,0.979381443298969,0.07880760729312897,0.033206600695848465,0.8350515463917526,6.938893903907228e-17,False
rec2018-01-22_17h41m49.809s.wav,0,193,3,157,interior,0.8177083333333334,0.27490442991256714,1.25600004196167,0.1774943321943283,0.27490442991256714,1.25600004196167,0.18028922379016876,1.055999994277954,0.6839377880096436,1.5488068070342107,0.02335929311811924,0.0003954794374294579,0.039246752858161926,0.03500950708985329,0.979381443298969,0.048104178160429,0.04810549318790436,0.979381443298969,0.06918291747570038,0.06982924789190292,0.979381443298969,0.0860765352845192,0.0457485131919384,0.8350515463917526,8.326672684688674e-17,False
rec2018-01-22_17h42m07.718s.wav,0,195,3,27,interior,0.13917525773195877,0.2565329074859619,0.2160000056028366,0.1669168323278427,0.2565329074859619,0.2160000056028366,0.169514000415802,0.008000001311302185,0.005128206219524145,1.5368905814250269,0.03984157741069794,0.000386227504350245,0.041311200708150864,0.03682398423552513,0.9795918367346939,0.05492357909679413,0.05515730381011963,0.9795918367346939,0.07171718031167984,0.07219354808330536,0.9795918367346939,0.07828397303819656,0.044393472373485565,0.8367346938775511,6.938893903907228e-17,False
rec2018-01-22_17h42m23.769s.wav,0,216,4,34,interior,0.15813953488372093,0.26456040143966675,0.2720000147819519,0.16885042190551758,0.26456040143966675,0.2720000147819519,0.17201700806617737,0.0559999942779541,0.03255577012896538,1.5668329309103233,0.02205161191523075,0.002142795594409108,0.04699074104428291,0.045809436589479446,0.9814814814814815,0.05882794037461281,0.05801990628242493,0.9814814814814815,0.06934874504804611,0.0684436559677124,0.9814814814814815,0.08403381705284119,0.061081502586603165,0.8518518518518519,8.326672684688674e-17,False
rec2018-01-22_17h44m03.761s.wav,0,205,3,106,interior,0.5196078431372549,0.3303876221179962,0.8479999899864197,0.18736642599105835,0.3303876221179962,0.8479999899864197,0.19012877345085144,0.008000016212463379,0.004878058563917875,1.7633235003039618,0.00023342238273471594,0.0018936936976388097,0.03694210946559906,0.03716481477022171,0.9805825242718447,0.04785476624965668,0.04795905947685242,0.9805825242718447,0.09574545919895172,0.0962209552526474,0.9805825242718447,0.060813359916210175,0.026058735325932503,0.8446601941747572,7.632783294297951e-17,False
rec2018-01-22_17h44m21.408s.wav,0,193,3,18,interior,0.09375,0.25700631737709045,0.14399999380111694,0.18538779020309448,0.25700631737709045,0.14399999380111694,0.18830570578575134,1.1200000047683716,0.7253885865211487,1.3863173895947356,0.032005228102207184,0.0003921584866475314,0.039017628878355026,0.03839747980237007,0.979381443298969,0.04418111592531204,0.03905041888356209,0.979381443298969,0.04286370053887367,0.041876424103975296,0.979381443298969,0.07054945081472397,0.0359053835272789,0.8350515463917526,8.326672684688674e-17,False
rec2018-01-22_17h44m39.521s.wav,0,231,3,48,interior,0.20869565217391303,0.28347933292388916,0.3840000033378601,0.18272557854652405,0.28347933292388916,0.3840000033378601,0.18511416018009186,0.41600000858306885,0.22510822117328644,1.5513938178705071,0.00150198582559824,0.001771553186699748,0.033624857664108276,0.032224904745817184,0.9827586206896551,0.06117059662938118,0.054952945560216904,0.9827586206896551,0.08379106223583221,0.08174649626016617,0.9827586206896551,0.06896136701107025,0.039730317890644073,0.8620689655172413,8.326672684688674e-17,False
rec2018-01-22_17h44m56.745s.wav,0,249,3,96,interior,0.3870967741935484,0.29751476645469666,0.7680000066757202,0.19364038109779358,0.29751476645469666,0.7680000066757202,0.19599837064743042,0.12000000476837158,0.0602409653365612,1.5364293582155455,7.997228385647759e-05,0.00034254303318448365,0.04905065521597862,0.04897402599453926,0.984,0.0605192668735981,0.05519784986972809,0.984,0.0683312863111496,0.06827910244464874,0.984,0.043358881026506424,0.01941371150314808,0.872,8.326672684688674e-17,False
rec2018-01-22_17h45m12.839s.wav,0,161,3,158,partial_tail,0.9875,0.3259517252445221,1.2640000581741333,0.18862277269363403,0.3219529092311859,1.25600004196167,0.18618027865886688,0.039999961853027344,0.03105587139725685,1.7280613607241437,0.0005651194369420409,0.3616081178188324,0.042334750294685364,0.04134073108434677,0.9753086419753086,0.06434697657823563,0.06448198109865189,0.9753086419753086,0.09071652591228485,0.09090457111597061,0.9753086419753086,0.08794627338647842,0.048890456557273865,0.8024691358024691,6.245004513516506e-17,True
rec2018-01-23_10h42m07.256s.wav,0,201,3,144,interior,0.72,0.2739526331424713,1.1519999504089355,0.17880965769290924,0.2739526331424713,1.1519999504089355,0.18001078069210052,0.3999999761581421,0.24875620007514954,1.5320908091718526,0.00043809684575535357,0.2434498518705368,0.03910711407661438,0.03869596868753433,0.9801980198019802,0.05661381408572197,0.05556250736117363,0.9801980198019802,0.07009249180555344,0.06993667781352997,0.9801980198019802,0.06268265843391418,0.033102381974458694,0.8415841584158416,8.326672684688674e-17,False
rec2018-01-23_10h42m23.823s.wav,0,196,4,166,interior,0.8512820512820513,0.2446260005235672,1.3279999494552612,0.16079793870449066,0.2446260005235672,1.3279999494552612,0.16375000774860382,0.19999992847442627,0.12819480895996094,1.521325475279463,0.00020216996199451387,0.014143609441816807,0.04511041194200516,0.041579026728868484,0.9795918367346939,0.054640594869852066,0.05314144492149353,0.9795918367346939,0.09382670372724533,0.08575960993766785,0.9795918367346939,0.09375327080488205,0.04792001098394394,0.8367346938775511,6.938893903907228e-17,False
rec2018-01-23_10h42m45.728s.wav,0,263,3,105,interior,0.40076335877862596,0.2905588746070862,0.8399999737739563,0.17881539463996887,0.2905588746070862,0.8399999737739563,0.18087653815746307,0.8799999952316284,0.4182509183883667,1.6249097299038724,0.00019377197895664722,0.00017501937691122293,0.04012418910861015,0.03956722840666771,0.9848484848484849,0.05950057879090309,0.052584320306777954,0.9848484848484849,0.08904781192541122,0.08939524739980698,0.9848484848484849,0.06973255425691605,0.04308869689702988,0.8787878787878788,9.020562075079397e-17,False
rec2018-01-23_10h43m05.349s.wav,0,245,3,106,interior,0.4344262295081967,0.23002660274505615,0.8479999899864197,0.1555854082107544,0.23002660274505615,0.8479999899864197,0.15733879804611206,1.3840000629425049,0.7061224579811096,1.4784587153151565,0.003304119687527418,0.09962861239910126,0.0391235426068306,0.038419872522354126,0.983739837398374,0.061890773475170135,0.06082874909043312,0.983739837398374,0.08364549279212952,0.08386877924203873,0.983739837398374,0.09163638204336166,0.056004319339990616,0.8699186991869918,6.938893903907228e-17,False
rec2018-01-23_10h43m22.564s.wav,0,246,4,207,interior,0.8448979591836735,0.2595759332180023,1.656000018119812,0.18327011168003082,0.2595759332180023,1.656000018119812,0.18615199625492096,1.4559999704360962,0.7428097724914551,1.416357150865892,0.0012000618735328317,0.0052337502129375935,0.04932267218828201,0.048335012048482895,0.983739837398374,0.03884361311793327,0.03673958405852318,0.983739837398374,0.03803260996937752,0.02632225677371025,0.983739837398374,0.05392281338572502,0.03025049902498722,0.8699186991869918,7.632783294297951e-17,False
rec2018-01-23_10h43m40.126s.wav,0,229,3,115,interior,0.5043859649122807,0.27439865469932556,0.9200000166893005,0.1700514703989029,0.27439865469932556,0.9200000166893005,0.17228582501411438,0.8079999685287476,0.4410480260848999,1.6136211821964692,0.00493200495839119,0.0013541772495955229,0.03864539414644241,0.03790632262825966,0.9826086956521739,0.04992139711976051,0.04936622828245163,0.9826086956521739,0.08711373805999756,0.08467487245798111,0.9826086956521739,0.0810287743806839,0.04854863882064819,0.8608695652173913,1.1102230246251565e-16,False
rec2018-01-23_10h43m56.234s.wav,0,210,4,179,interior,0.8564593301435407,0.2537996172904968,1.4320000410079956,0.1583334356546402,0.2537996172904968,1.4320000410079956,0.1613335907459259,0.016000032424926758,0.009568681940436363,1.6029439154221932,0.0018317727372050285,0.0009675410110503435,0.03683193400502205,0.03663802519440651,0.9809523809523809,0.06569229066371918,0.06307000666856766,0.9809523809523809,0.09308735281229019,0.09397757798433304,0.9809523809523809,0.08897620439529419,0.054356660693883896,0.8476190476190476,9.71445146547012e-17,False
rec2018-01-23_10h44m12.634s.wav,0,297,3,45,interior,0.15202702702702703,0.2131074219942093,0.36000001430511475,0.1479821503162384,0.2131074219942093,0.36000001430511475,0.1494828313589096,1.815999984741211,0.7643097639083862,1.4400886967705087,0.005328407045453787,0.00017186258628498763,0.04221426695585251,0.04161348566412926,0.9865771812080537,0.06390576809644699,0.06349717080593109,0.9865771812080537,0.08900562673807144,0.08814378827810287,0.9865771812080537,0.10443917661905289,0.06314527988433838,0.8926174496644296,9.71445146547012e-17,False
rec2018-01-23_10h44m30.273s.wav,0,217,3,76,interior,0.35185185185185186,0.25234511494636536,0.6079999804496765,0.15492215752601624,0.25234511494636536,0.6079999804496765,0.15709125995635986,0.07199996709823608,0.041474636644124985,1.6288510241279643,0.02617320977151394,0.0004981065867468715,0.04323187097907066,0.04273184388875961,0.981651376146789,0.06246618926525116,0.06026148423552513,0.981651376146789,0.07891607284545898,0.07948558777570724,0.981651376146789,0.07344967126846313,0.03735105320811272,0.8532110091743119,8.326672684688674e-17,False
rec2018-01-23_10h45m25.926s.wav,0,191,3,130,interior,0.6842105263157895,0.2579691410064697,1.0399999618530273,0.16835659742355347,0.2579691410064697,1.0399999618530273,0.1710110455751419,0.2640000581741333,0.17277491092681885,1.5322781818728968,0.0040976060554385185,0.0031484912615269423,0.03854015842080116,0.03875669091939926,0.9791666666666666,0.05883020907640457,0.05881704017519951,0.9791666666666666,0.08512415736913681,0.08367258310317993,0.9791666666666666,0.1038207933306694,0.05141175910830498,0.8333333333333334,2.220446049250313e-16,False
rec2018-01-23_10h45m44.127s.wav,0,221,3,127,interior,0.5772727272727273,0.26716047525405884,1.0160000324249268,0.177190899848938,0.26716047525405884,1.0160000324249268,0.17960982024669647,0.5360000133514404,0.3031674325466156,1.5077550567316005,0.006586282979696989,0.0007375251152552664,0.03429936245083809,0.03299109265208244,0.9819819819819819,0.0456882044672966,0.04522228240966797,0.9819819819819819,0.07792849838733673,0.0766446515917778,0.9819819819819819,0.06176460161805153,0.027501650154590607,0.8558558558558559,9.020562075079397e-17,False
rec2018-01-23_10h45m44.127s.wav,1,26,4,25,last,1.0,0.32952880859375,0.20000000298023224,0.24270811676979065,0.2742738127708435,0.04800000041723251,0.2416945993900299,0.0,0.0,1.3577164743373993,0.2943490743637085,0.1755027025938034,0.018728116527199745,0.019704366102814674,0.8461538461538461,0.0499316081404686,0.039916642010211945,0.8461538461538461,0.07547511905431747,0.07728516310453415,0.8461538461538461,0.032457053661346436,,0.0,6.938893903907228e-17,False
rec2018-01-23_10h46m04.850s.wav,0,215,3,49,interior,0.22897196261682243,0.2349851429462433,0.3919999897480011,0.15259727835655212,0.2349851429462433,0.3919999897480011,0.15474769473075867,0.11200001835823059,0.065116286277771,1.5399038926316058,0.0030115246772766113,0.0002554921666160226,0.03742977976799011,0.03635682910680771,0.9814814814814815,0.054703135043382645,0.05389773100614548,0.9814814814814815,0.06570899486541748,0.06275059282779694,0.9814814814814815,0.09142129868268967,0.04952096939086914,0.8518518518518519,8.326672684688674e-17,False
rec2018-01-23_10h47m11.936s.wav,0,199,3,59,interior,0.29797979797979796,0.2999245524406433,0.47200000286102295,0.19366995990276337,0.2999245524406433,0.47200000286102295,0.19659318029880524,0.008000016212463379,0.0050251358188688755,1.5486374479099785,0.0010242195567116141,0.001952345366589725,0.03568437322974205,0.033876657485961914,0.98,0.04420856386423111,0.042276494204998016,0.98,0.050256166607141495,0.050564151257276535,0.98,0.07513484358787537,0.04025527089834213,0.84,9.71445146547012e-17,False
rec2018-01-23_10h49m01.624s.wav,0,396,4,333,interior,0.8430379746835444,0.2533213198184967,2.6640000343322754,0.18554307520389557,0.2533213198184967,2.6640000343322754,0.18741703033447266,0.5600001811981201,0.17720822989940643,1.36529654658423,0.002980308374390006,0.020560167729854584,0.045871004462242126,0.04532448947429657,0.98989898989899,0.05909080058336258,0.05900542810559273,0.98989898989899,0.0953921377658844,0.09553948044776917,0.98989898989899,0.03601912781596184,0.02917749620974064,0.9191919191919192,7.632783294297951e-17,False
rec2018-01-23_10h49m24.634s.wav,0,316,4,208,interior,0.6603174603174603,0.25417259335517883,1.6640000343322754,0.1890803724527359,0.25417259335517883,1.6640000343322754,0.1914745420217514,1.0800000429153442,0.42855021357536316,1.3442568895865377,0.00012964359484612942,0.001851552282460034,0.028608346357941628,0.027878781780600548,0.9873417721518988,0.08537296205759048,0.08188199251890182,0.9873417721518988,0.11150842905044556,0.11055158078670502,0.9873417721518988,0.047807369381189346,0.02306303009390831,0.8987341772151899,8.326672684688674e-17,False
rec2018-01-23_10h50m00.411s.wav,0,337,3,262,interior,0.7797619047619048,0.25074049830436707,2.0959999561309814,0.1838201880455017,0.25074049830436707,2.0959999561309814,0.18546897172927856,0.9760000705718994,0.36201781034469604,1.364053105213342,0.0076499939896166325,0.00021741264208685607,0.03676591068506241,0.036261796951293945,0.9881656804733728,0.05873170495033264,0.05739682540297508,0.9881656804733728,0.10253291577100754,0.10269340872764587,0.9881656804733728,0.0424639955163002,0.021521523594856262,0.9053254437869822,4.440892098500626e-16,False
rec2018-01-23_10h50m22.155s.wav,0,345,3,273,interior,0.7936046511627907,0.23724262416362762,2.184000015258789,0.17776568233966827,0.23724262416362762,2.184000015258789,0.17931944131851196,1.0880000591278076,0.39420291781425476,1.3345805615636934,0.0057502384297549725,0.0005004055565223098,0.03963971883058548,0.037804391235113144,0.9884393063583815,0.05178254842758179,0.05040784925222397,0.9884393063583815,0.09161214530467987,0.09137993305921555,0.9884393063583815,0.030222773551940918,0.01545959897339344,0.9075144508670521,9.020562075079397e-17,False
rec2018-01-23_10h50m40.883s.wav,0,331,3,249,interior,0.7545454545454545,0.23355735838413239,1.9919999837875366,0.18027061223983765,0.23355735838413239,1.9919999837875366,0.18187600374221802,1.2799999713897705,0.4833836853504181,1.2955930835437581,0.00041149251046590507,0.003401720430701971,0.022036297246813774,0.02145928144454956,0.9879518072289156,0.05738100782036781,0.05552959442138672,0.9879518072289156,0.08272365480661392,0.08137522637844086,0.9879518072289156,0.04587685689330101,0.015833651646971703,0.9036144578313253,2.220446049250313e-16,False
rec2018-01-23_10h52m21.295s.wav,0,333,3,196,interior,0.5903614457831325,0.2577584683895111,1.5679999589920044,0.18208862841129303,0.2577584683895111,1.5679999589920044,0.18370795249938965,0.6560000777244568,0.24624627828598022,1.4155659836554906,0.00011539064871612936,0.009738324210047722,0.022784274071455002,0.022014519199728966,0.9880239520958084,0.05345847085118294,0.043002814054489136,0.9880239520958084,0.07986477017402649,0.07772897928953171,0.9880239520958084,0.03597245365381241,0.008502169512212276,0.9041916167664671,8.326672684688674e-17,False
rec2018-01-23_10h52m39.068s.wav,0,387,3,326,interior,0.844559585492228,0.24459542334079742,2.6080000400543213,0.18417388200759888,0.24459542334079742,2.6080000400543213,0.18560566008090973,2.0240001678466797,0.6537468433380127,1.3280679142697638,0.008379234932363033,0.0005227701039984822,0.02683515101671219,0.024419229477643967,0.9896907216494846,0.05433464050292969,0.05402284488081932,0.9896907216494846,0.10118797421455383,0.10018683224916458,0.9896907216494846,0.03610466048121452,0.017643287777900696,0.9175257731958762,9.020562075079397e-17,False
rec2018-01-23_10h52m57.816s.wav,0,379,3,331,interior,0.8756613756613757,0.2341592013835907,2.6480000019073486,0.18010923266410828,0.2341592013835907,2.6480000019073486,0.18148034811019897,2.1999998092651367,0.7255935668945312,1.30009549160804,0.0008362000226043165,0.0063903070986270905,0.02532474882900715,0.024974770843982697,0.9894736842105263,0.06587453931570053,0.06567977368831635,0.9894736842105263,0.10014980286359787,0.09961941838264465,0.9894736842105263,0.04069818928837776,0.021429166197776794,0.9157894736842105,8.326672684688674e-17,False
rec2018-01-23_10h52m57.816s.wav,1,52,3,25,interior,0.49019607843137253,0.2781144380569458,0.20000000298023224,0.18707244098186493,0.2781144380569458,0.20000000298023224,0.19277159869670868,0.024000003933906555,0.05769231542944908,1.4866670718425414,0.01614287681877613,,0.016428334638476372,0.016495054587721825,0.9245283018867925,0.02677072398364544,0.027569863945245743,0.9245283018867925,0.03487071022391319,0.03493201360106468,0.9245283018867925,0.061624083667993546,0.005258744116872549,0.39622641509433965,9.020562075079397e-17,False
rec2018-01-23_10h53m20.922s.wav,0,324,4,238,interior,0.7368421052631579,0.22669821977615356,1.9040000438690186,0.16716700792312622,0.22669821977615356,1.9040000438690186,0.1692512482404709,1.7519999742507935,0.6779857277870178,1.3561181873902026,0.0005668388330377638,0.00021845595620106906,0.037690192461013794,0.03464815765619278,0.9876543209876543,0.06427306681871414,0.06431201100349426,0.9876543209876543,0.1039406880736351,0.1037631556391716,0.9876543209876543,0.04444437846541405,0.026360666379332542,0.9012345679012346,2.220446049250313e-16,False
rec2018-01-23_10h54m18.511s.wav,0,301,3,240,interior,0.8,0.25701865553855896,1.9199999570846558,0.18283873796463013,0.25701865553855896,1.9199999570846558,0.1846344918012619,0.7760000228881836,0.32225915789604187,1.4057122598837826,0.02644636295735836,0.003657763125374913,0.019893581047654152,0.018677758052945137,0.9867549668874173,0.03127969801425934,0.030817978084087372,0.9867549668874173,0.07165278494358063,0.07067554444074631,0.9867549668874173,0.03696320950984955,0.007213015109300613,0.8940397350993378,2.220446049250313e-16,False
rec2018-01-23_10h54m39.487s.wav,0,412,4,59,interior,0.1435523114355231,0.2358514964580536,0.47200000286102295,0.15290436148643494,0.2358514964580536,0.47200000286102295,0.15439476072788239,1.4160000085830688,0.4306405484676361,1.5424772332539212,0.018833817914128304,0.0008837592322379351,0.029668258503079414,0.02706214226782322,0.9902912621359223,0.041697219014167786,0.03739655390381813,0.9902912621359223,0.10141422599554062,0.09988854825496674,0.9902912621359223,0.02669610269367695,0.011661982163786888,0.9223300970873787,8.326672684688674e-17,False
rec2018-01-23_10h56m48.215s.wav,0,288,4,51,interior,0.17770034843205576,0.3375234305858612,0.40799999237060547,0.2178744226694107,0.3375234305858612,0.40799999237060547,0.2208355814218521,0.784000039100647,0.34144484996795654,1.549165002713506,0.016556642949581146,0.009465732611715794,0.045854732394218445,0.04599623754620552,0.9861111111111112,0.04620366543531418,0.045842189341783524,0.9861111111111112,0.06605798751115799,0.06543263047933578,0.9861111111111112,0.053189899772405624,0.04177846387028694,0.8888888888888888,8.326672684688674e-17,False
rec2018-01-23_10h57m38.405s.wav,0,277,3,70,interior,0.2536231884057971,0.31857290863990784,0.5600000023841858,0.2224208116531372,0.31857290863990784,0.5600000023841858,0.22484908998012543,0.008000016212463379,0.003610115498304367,1.432298112178094,0.0001526236446807161,0.0007372463587671518,0.06489208340644836,0.06414651870727539,0.9856115107913669,0.0435851588845253,0.03977839648723602,0.9856115107913669,0.05520522594451904,0.05527576804161072,0.9856115107913669,0.04138908162713051,0.030483638867735863,0.8848920863309353,6.938893903907228e-17,False
rec2018-01-23_10h57m54.607s.wav,0,279,3,131,interior,0.4712230215827338,0.24423371255397797,1.0479999780654907,0.17111799120903015,0.24423371255397797,1.0479999780654907,0.1729753464460373,0.1600000262260437,0.07168459892272949,1.4272824898676661,0.020321575924754143,0.00019257610256318003,0.03485711291432381,0.03361115604639053,0.9857142857142858,0.060558903962373734,0.0591408908367157,0.9857142857142858,0.07261781394481659,0.06902536004781723,0.9857142857142858,0.06828969717025757,0.031635090708732605,0.8857142857142857,8.326672684688674e-17,False
rec2018-01-23_10h59m20.895s.wav,0,234,4,79,interior,0.33905579399141633,0.24457131326198578,0.6320000290870667,0.17583484947681427,0.24457131326198578,0.6320000290870667,0.17883165180683136,1.1440000534057617,0.6136927604675293,1.3909149067417101,0.003298774128779769,0.002308401744812727,0.03876222297549248,0.03600768372416496,0.9829059829059829,0.055684421211481094,0.05471589043736458,0.9829059829059829,0.06711860001087189,0.06616904586553574,0.9829059829059829,0.06500077992677689,0.028830084949731827,0.8632478632478633,9.71445146547012e-17,False
rec2018-01-23_10h59m40.619s.wav,0,233,3,77,interior,0.33189655172413796,0.2966679334640503,0.6159999966621399,0.17447783052921295,0.2966679334640503,0.6159999966621399,0.17674604058265686,0.008000016212463379,0.004291854333132505,1.7003187887207192,0.0018005623714998364,0.00042561235022731125,0.04545718431472778,0.043549858033657074,0.9829059829059829,0.053864579647779465,0.05137757584452629,0.9829059829059829,0.0877847969532013,0.08648212999105453,0.9829059829059829,0.06977958232164383,0.041723962873220444,0.8632478632478633,8.326672684688674e-17,False
rec2018-01-23_10h59m57.587s.wav,0,257,3,187,interior,0.73046875,0.27075326442718506,1.496000051498413,0.18462347984313965,0.27075326442718506,1.496000051498413,0.18679741024971008,1.2160000801086426,0.5914397239685059,1.4665158768387598,0.00011348323459969833,0.0002489290782250464,0.04577213525772095,0.04462174326181412,0.9844961240310077,0.05933500453829765,0.05754882097244263,0.9844961240310077,0.07409798353910446,0.0745808407664299,0.9844961240310077,0.04579121619462967,0.017413999885320663,0.875968992248062,6.938893903907228e-17,False
rec2018-01-23_11h00m14.641s.wav,0,221,3,120,interior,0.5454545454545454,0.23783905804157257,0.9599999785423279,0.15871798992156982,0.23783905804157257,0.9599999785423279,0.16089025139808655,1.1759999990463257,0.6651583909988403,1.4985009459803533,0.0015560108004137874,0.0016043693758547306,0.04510580003261566,0.04473939538002014,0.9819819819819819,0.05919775739312172,0.059290263801813126,0.9819819819819819,0.09395202249288559,0.09326470643281937,0.9819819819819819,0.08300098776817322,0.040627941489219666,0.8558558558558559,1.1102230246251565e-16,False
rec2018-01-23_11h01m08.679s.wav,0,249,3,162,interior,0.6532258064516129,0.2774381935596466,1.2960000038146973,0.17516882717609406,0.2774381935596466,1.2960000038146973,0.17725065350532532,0.008000016212463379,0.004016072489321232,1.5838331399041852,0.00014119534171186388,0.015334284864366055,0.04045110195875168,0.040016572922468185,0.984,0.054026469588279724,0.05081777274608612,0.984,0.05277824401855469,0.0489988848567009,0.984,0.058103837072849274,0.02523617073893547,0.872,9.020562075079397e-17,False
rec2018-01-23_11h01m26.075s.wav,0,228,4,123,interior,0.5418502202643172,0.26701435446739197,0.984000027179718,0.17179124057292938,0.26701435446739197,0.984000027179718,0.174570694565773,0.08799999952316284,0.04845481365919113,1.5542955134201861,0.01304047740995884,0.017116548493504524,0.03115271031856537,0.031048856675624847,0.9824561403508771,0.06063428521156311,0.059648547321558,0.9824561403508771,0.09246055781841278,0.08981400728225708,0.9824561403508771,0.07249957323074341,0.032214026898145676,0.8596491228070176,8.326672684688674e-17,False
rec2018-01-23_11h01m41.256s.wav,0,234,4,106,interior,0.45493562231759654,0.24665743112564087,0.8479999899864197,0.17000003159046173,0.24665743112564087,0.8479999899864197,0.17289000749588013,0.6480000019073486,0.34761616587638855,1.4509257958248531,0.000569502473808825,0.0023867820855230093,0.04701939597725868,0.042799998074769974,0.9829059829059829,0.057127002626657486,0.05571337416768074,0.9829059829059829,0.08547770231962204,0.08378245681524277,0.9829059829059829,0.07816939800977707,0.035463374108076096,0.8632478632478633,8.326672684688674e-17,False
rec2018-01-23_11h01m57.075s.wav,0,204,4,100,interior,0.49261083743842365,0.2481895536184311,0.800000011920929,0.15830585360527039,0.2481895536184311,0.800000011920929,0.16142818331718445,0.4399999976158142,0.27091512084007263,1.56778506900498,0.03893383592367172,0.0010312602389603853,0.038478583097457886,0.03379207104444504,0.9803921568627451,0.055063582956790924,0.055026695132255554,0.9803921568627451,0.04187976196408272,0.04201408848166466,0.9803921568627451,0.09336364269256592,0.05584811046719551,0.8431372549019608,8.326672684688674e-17,False
rec2018-01-23_11h02m14.505s.wav,0,208,4,61,interior,0.2946859903381642,0.24846211075782776,0.4880000054836273,0.16647206246852875,0.24846211075782776,0.4880000054836273,0.16972056031227112,0.9440000057220459,0.5700052976608276,1.4925153630796104,0.0028366411570459604,0.00045259256148710847,0.02993067167699337,0.02966475859284401,0.9807692307692307,0.0550694614648819,0.05494965240359306,0.9807692307692307,0.06923160701990128,0.06935909390449524,0.9807692307692307,0.07839052379131317,0.03545116260647774,0.8461538461538461,6.938893903907228e-17,False
rec2018-01-23_11h02m29.845s.wav,0,228,4,174,interior,0.7665198237885462,0.24345320463180542,1.3919999599456787,0.1646631509065628,0.24345320463180542,1.3919999599456787,0.16756319999694824,0.6159999966621399,0.3391836881637573,1.4784923238226602,0.009438896551728249,0.0013062831712886691,0.033561307936906815,0.03355540335178375,0.9824561403508771,0.05684558302164078,0.05584453418850899,0.9824561403508771,0.08841486275196075,0.08609870821237564,0.9824561403508771,0.06676558405160904,0.02178821712732315,0.8596491228070176,7.632783294297951e-17,False
rec2018-01-23_11h02m48.266s.wav,0,212,4,133,interior,0.6303317535545023,0.2367098033428192,1.0640000104904175,0.16804495453834534,0.2367098033428192,1.0640000104904175,0.17126600444316864,0.7519999742507935,0.4454646110534668,1.4086099995867807,0.0187755785882473,0.00041039034840650856,0.037580035626888275,0.03697708994150162,0.9811320754716981,0.054738666862249374,0.05460398644208908,0.9811320754716981,0.07095044106245041,0.07125699520111084,0.9811320754716981,0.0725998803973198,0.023430632427334785,0.8490566037735849,2.220446049250313e-16,False
rec2018-01-23_11h03m04.371s.wav,0,237,3,108,interior,0.4576271186440678,0.21399377286434174,0.8640000224113464,0.155763179063797,0.21399377286434174,0.8640000224113464,0.1577196717262268,1.055999994277954,0.5569620132446289,1.3738405581507478,0.015727953985333443,0.0004152109904680401,0.035091765224933624,0.033478349447250366,0.9831932773109243,0.05089626833796501,0.049978308379650116,0.9831932773109243,0.06339924782514572,0.06020186096429825,0.9831932773109243,0.08775369077920914,0.04263857752084732,0.865546218487395,4.163336342344337e-17,False
rec2018-01-23_11h03m19.651s.wav,0,202,4,122,interior,0.6069651741293532,0.3036039471626282,0.9760000109672546,0.19603411853313446,0.3036039471626282,0.9760000109672546,0.19997699558734894,0.527999997138977,0.32833269238471985,1.5487301365415727,0.06690777838230133,0.0003479905135463923,0.03151019290089607,0.031124603003263474,0.9801980198019802,0.05709896609187126,0.05160399153828621,0.9801980198019802,0.07675350457429886,0.07680816203355789,0.9801980198019802,0.0571150928735733,0.025891702622175217,0.8415841584158416,6.938893903907228e-17,False
rec2018-01-23_11h03m36.803s.wav,0,190,4,90,interior,0.47619047619047616,0.25438567996025085,0.7200000286102295,0.1667197346687317,0.25438567996025085,0.7200000286102295,0.17023496329784393,0.43199998140335083,0.28569066524505615,1.5258282438231408,0.0005230066599324346,0.0022958400659263134,0.03991096839308739,0.037463318556547165,0.9789473684210527,0.04786447063088417,0.0464249812066555,0.9789473684210527,0.07160986959934235,0.06618201732635498,0.9789473684210527,0.07492251694202423,0.022965291514992714,0.8315789473684211,9.020562075079397e-17,False
rec2018-01-23_11h03m51.751s.wav,0,200,4,105,interior,0.5276381909547738,0.26937952637672424,0.8399999737739563,0.1538333296775818,0.26937952637672424,0.8399999737739563,0.15697060525417328,0.09600001573562622,0.06029678136110306,1.7511128891334207,0.0010639450047165155,0.00015104225894901901,0.04841345548629761,0.0477268360555172,0.98,0.07739383727312088,0.07301116734743118,0.98,0.09463417530059814,0.0925062969326973,0.98,0.07524964958429337,0.0445513091981411,0.84,8.326672684688674e-17,False
rec2018-01-23_11h04m10.613s.wav,0,206,4,174,interior,0.848780487804878,0.24401584267616272,1.3919999599456787,0.1626567542552948,0.24401584267616272,1.3919999599456787,0.1658276617527008,0.4480000138282776,0.27314990758895874,1.500188810439266,0.00040940518374554813,0.0022575603798031807,0.039869774132966995,0.03630729764699936,0.9805825242718447,0.07038217037916183,0.06947677582502365,0.9805825242718447,0.0848580151796341,0.08365679532289505,0.9805825242718447,0.07646104693412781,0.03903055191040039,0.8446601941747572,9.71445146547012e-17,False
rec2018-01-23_11h04m27.250s.wav,0,256,4,82,interior,0.3215686274509804,0.2507106065750122,0.656000018119812,0.15993836522102356,0.2507106065750122,0.656000018119812,0.16247069835662842,0.47999995946884155,0.23527969419956207,1.5675451367065545,0.0015310795279219747,0.0002570820215623826,0.03868250176310539,0.038532331585884094,0.984375,0.061686109751462936,0.06000833958387375,0.984375,0.09204202890396118,0.09263863414525986,0.984375,0.06439425051212311,0.03631291911005974,0.875,9.020562075079397e-17,False
rec2018-01-23_11h04m44.325s.wav,0,197,3,135,interior,0.6887755102040817,0.24340569972991943,1.0800000429153442,0.14696292579174042,0.24340569972991943,1.0800000429153442,0.14921894669532776,0.5999999642372131,0.380710631608963,1.6562387991298366,0.00772293983027339,0.0008536530658602715,0.041108764708042145,0.04140602424740791,0.9797979797979798,0.06998737901449203,0.07044301927089691,0.9797979797979798,0.0813899114727974,0.08217842876911163,0.9797979797979798,0.10179737210273743,0.06647168099880219,0.8383838383838383,4.163336342344337e-17,False
rec2018-01-23_11h05m01.603s.wav,0,190,4,94,interior,0.4973544973544973,0.2710281014442444,0.7519999742507935,0.17087692022323608,0.2710281014442444,0.7519999742507935,0.17454789578914642,0.07200002670288086,0.04761512950062752,1.5861012773999517,0.002892558230087161,0.00014468216977547854,0.03857380896806717,0.03801622614264488,0.9789473684210527,0.061181001365184784,0.0597422830760479,0.9789473684210527,0.08690497279167175,0.08333919197320938,0.9789473684210527,0.0634356364607811,0.023593302816152573,0.8315789473684211,8.326672684688674e-17,False
rec2018-01-23_11h11m07.436s.wav,0,219,3,80,interior,0.3669724770642202,0.28732138872146606,0.6399999856948853,0.19165104627609253,0.28732138872146606,0.6399999856948853,0.19429609179496765,0.3920000195503235,0.22374430298805237,1.4991902956144096,0.00024935253895819187,0.0008533866493962705,0.030291199684143066,0.029323285445570946,0.9818181818181818,0.04931991547346115,0.04822375252842903,0.9818181818181818,0.06600486487150192,0.06617867201566696,0.9818181818181818,0.06305328011512756,0.02444477379322052,0.8545454545454545,6.938893903907228e-17,False
rec2018-01-23_11h11m22.731s.wav,0,199,3,154,interior,0.7777777777777778,0.2339850813150406,1.2319999933242798,0.16136161983013153,0.2339850813150406,1.2319999933242798,0.16206486523151398,0.8799999952316284,0.552763819694519,1.4500665124789969,0.0011931087356060743,0.0251608993858099,0.02943628840148449,0.028875885531306267,0.98,0.05997449904680252,0.05883167311549187,0.98,0.050747450441122055,0.0508735291659832,0.98,0.08284295350313187,0.04993756115436554,0.84,9.020562075079397e-17,False
rec2018-01-23_11h11m37.608s.wav,0,208,4,174,interior,0.8405797101449275,0.2873675227165222,1.3919999599456787,0.1711936891078949,0.2873675227165222,1.3919999599456787,0.1745399385690689,0.008000016212463379,0.004830562975257635,1.6786104920924316,0.0007674891967326403,0.00041626545134931803,0.04460648447275162,0.04409167915582657,0.9807692307692307,0.049913741648197174,0.05014576390385628,0.9807692307692307,0.06797608733177185,0.06855735927820206,0.9807692307692307,0.06564986705780029,0.04312935844063759,0.8461538461538461,9.71445146547012e-17,False
rec2018-01-23_11h11m52.435s.wav,0,213,3,181,interior,0.8537735849056604,0.33889129757881165,1.4479999542236328,0.20061689615249634,0.33889129757881165,1.4479999542236328,0.2034788727760315,0.031999945640563965,0.018779311329126358,1.6892460409775645,0.00824032723903656,0.00023362490173894912,0.05563502013683319,0.054109126329422,0.9813084112149533,0.05553225427865982,0.053440649062395096,0.9813084112149533,0.08170367032289505,0.0823197290301323,0.9813084112149533,0.04741407558321953,0.04145840182900429,0.8504672897196262,9.020562075079397e-17,False
rec2018-01-23_11h11m52.435s.wav,1,46,4,19,interior,0.4222222222222222,0.08808355778455734,0.15199999511241913,0.03623177856206894,0.08808355778455734,0.15199999511241913,0.03553635999560356,0.008000001311302185,0.022214511409401894,2.431113273494447,0.011130200698971748,0.05037909001111984,0.09756619483232498,0.10016342997550964,0.9130434782608695,0.03634967654943466,0.02987564541399479,0.9130434782608695,0.06543462723493576,0.06802672147750854,0.9130434782608695,0.11257093399763107,0.03259812295436859,0.30434782608695654,8.326672684688674e-17,False
rec2018-01-23_11h51m22.121s.wav,0,213,3,150,interior,0.7075471698113207,0.29386329650878906,1.2000000476837158,0.1916377693414688,0.29386329650878906,1.2000000476837158,0.1943114995956421,0.5359999537467957,0.31455397605895996,1.5334310011987784,0.00028828109498135746,0.004597005899995565,0.03848223015666008,0.038526177406311035,0.9813084112149533,0.04380335658788681,0.04395793005824089,0.9813084112149533,0.060956571251153946,0.06112183630466461,0.9813084112149533,0.04724336788058281,0.01975821517407894,0.8504672897196262,8.326672684688674e-17,False
rec2018-01-23_11h51m22.121s.wav,1,29,3,6,interior,0.21428571428571427,0.34374991059303284,0.04800000041723251,0.13544504344463348,0.34374991059303284,0.04800000041723251,0.14444564282894135,0.01600000262260437,0.06896553188562393,2.5379290511546047,0.26691779494285583,0.04840639606118202,0.041907407343387604,0.04219575226306915,0.8666666666666667,0.06489212065935135,0.06413920968770981,0.8666666666666667,0.0656234547495842,0.06701529771089554,0.8666666666666667,0.04544909670948982,,0.0,8.326672684688674e-17,False
rec2018-01-23_11h51m37.745s.wav,0,161,3,64,interior,0.4,0.30282190442085266,0.5120000243186951,0.19358636438846588,0.30282190442085266,0.5120000243186951,0.1972389817237854,0.5119999647140503,0.39751550555229187,1.5642729041245178,0.00019730690110009164,0.00103980943094939,0.043366577476263046,0.0424409881234169,0.9753086419753086,0.06967710703611374,0.0677817240357399,0.9753086419753086,0.07262495160102844,0.07303658127784729,0.9753086419753086,0.060294028371572495,0.032981082797050476,0.8024691358024691,9.71445146547012e-17,False
rec2018-01-23_11h51m52.565s.wav,0,168,4,134,interior,0.8023952095808383,0.2469887137413025,1.0720000267028809,0.1588982492685318,0.2469887137413025,1.0720000267028809,0.1627662181854248,0.800000011920929,0.5987463593482971,1.5543828511533897,0.0015282445820048451,0.00024078717979136854,0.04144740104675293,0.04108615219593048,0.9761904761904762,0.07476625591516495,0.07533518224954605,0.9761904761904762,0.09158115833997726,0.09217031300067902,0.9761904761904762,0.08308064937591553,0.04570503905415535,0.8095238095238095,6.938893903907228e-17,False
rec2018-01-23_11h52m38.758s.wav,0,196,4,44,interior,0.22564102564102564,0.2647319436073303,0.35199999809265137,0.1825793981552124,0.2647319436073303,0.35199999809265137,0.1862371414899826,0.07199999690055847,0.046150147914886475,1.4499551772116113,0.00022286616149358451,0.004266660660505295,0.03431747108697891,0.033967070281505585,0.9795918367346939,0.05929629132151604,0.05942671000957489,0.9795918367346939,0.0694926306605339,0.06725054234266281,0.9795918367346939,0.084005206823349,0.04304519668221474,0.8367346938775511,5.551115123125783e-17,False
rec2018-01-23_11h52m53.640s.wav,0,183,3,145,interior,0.7967032967032966,0.291642963886261,1.159999966621399,0.17608126997947693,0.291642963886261,1.159999966621399,0.17900696396827698,0.7760000228881836,0.5300546884536743,1.6562974808181092,0.00014080831897445023,0.0005979043780826032,0.04249587282538414,0.042015545070171356,0.9782608695652174,0.08799855411052704,0.08336609601974487,0.9782608695652174,0.10424087941646576,0.10428866744041443,0.9782608695652174,0.07416437566280365,0.04199995473027229,0.8260869565217391,5.551115123125783e-17,False
rec2018-01-23_11h53m23.410s.wav,0,197,3,135,interior,0.6887755102040817,0.3065709173679352,1.0800000429153442,0.1916872262954712,0.3065709173679352,1.0800000429153442,0.1944873332977295,0.7359999418258667,0.46700504422187805,1.5993288822249405,0.00047299169818870723,0.0308726504445076,0.0339430570602417,0.03363858163356781,0.9797979797979798,0.06329505890607834,0.06268119812011719,0.9797979797979798,0.09501637518405914,0.0948418453335762,0.9797979797979798,0.060692790895700455,0.027064546942710876,0.8383838383838383,5.551115123125783e-17,False
rec2018-01-23_11h53m38.425s.wav,0,181,3,120,interior,0.6666666666666666,0.30875587463378906,0.9599999785423279,0.19018162786960602,0.30875587463378906,0.9599999785423279,0.19328942894935608,0.7280000448226929,0.502762496471405,1.6234789768729971,0.0020334930159151554,0.0020969361066818237,0.03167708218097687,0.02989208698272705,0.978021978021978,0.049343787133693695,0.04887675493955612,0.978021978021978,0.09615477174520493,0.09250479191541672,0.978021978021978,0.057430002838373184,0.035684555768966675,0.8241758241758241,1.1102230246251565e-16,False
rec2018-01-23_11h53m56.835s.wav,0,200,4,57,interior,0.2864321608040201,0.3124697208404541,0.4560000002384186,0.20706318318843842,0.3124697208404541,0.4560000002384186,0.21040669083595276,0.015999972820281982,0.010049444623291492,1.5090549465574967,0.00010571598977549002,0.05129199102520943,0.042414698749780655,0.04087289422750473,0.98,0.05864403024315834,0.04999970272183418,0.98,0.09730574488639832,0.09714388102293015,0.98,0.043949712067842484,0.01991860382258892,0.84,8.326672684688674e-17,False
rec2018-01-23_11h56m03.777s.wav,0,197,3,113,interior,0.576530612244898,0.31500503420829773,0.9039999842643738,0.19261807203292847,0.31500503420829773,0.9039999842643738,0.19550198316574097,0.008000016212463379,0.0050761522725224495,1.6353867053266267,0.006664451211690903,0.007337992545217276,0.053286854177713394,0.05347898602485657,0.9797979797979798,0.04685081169009209,0.04657772183418274,0.9797979797979798,0.06614422053098679,0.0665242001414299,0.9797979797979798,0.03924139589071274,0.014615713618695736,0.8383838383838383,9.71445146547012e-17,False
rec2018-01-23_11h56m18.749s.wav,0,180,4,146,interior,0.8156424581005587,0.3573930263519287,1.1679999828338623,0.23226523399353027,0.3573930263519287,1.1679999828338623,0.2374582290649414,0.06399989128112793,0.04468876123428345,1.5387280317720036,0.018893403932452202,0.002532938262447715,0.04547635838389397,0.044652946293354034,0.9777777777777777,0.03861492499709129,0.03805141896009445,0.9777777777777777,0.05963270366191864,0.057917263358831406,0.9777777777777777,0.03742299601435661,0.02448800392448902,0.8222222222222222,9.020562075079397e-17,False
rec2018-01-23_11h56m33.584s.wav,0,181,3,83,interior,0.46111111111111114,0.3015621602535248,0.6639999747276306,0.19219985604286194,0.3015621602535248,0.6639999747276306,0.19532623887062073,0.5200000405311584,0.3591160476207733,1.5690030495458553,0.0003235304029658437,0.0007904274389147758,0.03605196997523308,0.03610461205244064,0.978021978021978,0.04996814206242561,0.049043938517570496,0.978021978021978,0.07129447162151337,0.07203266769647598,0.978021978021978,0.04256425425410271,0.014805995859205723,0.8241758241758241,7.632783294297951e-17,False
rec2018-01-23_11h57m24.977s.wav,0,186,4,98,interior,0.5297297297297298,0.2802119255065918,0.7839999794960022,0.17898277938365936,0.2802119255065918,0.7839999794960022,0.1828240603208542,0.41600000858306885,0.28105735778808594,1.5655803674047448,0.007978428155183792,0.0026626340113580227,0.04108279570937157,0.03745601326227188,0.978494623655914,0.039513785392045975,0.03950833901762962,0.978494623655914,0.04277418553829193,0.04239822179079056,0.978494623655914,0.05152187868952751,0.024555692449212074,0.8279569892473119,7.632783294297951e-17,False
rec2018-01-23_11h57m41.504s.wav,0,162,4,75,interior,0.4658385093167702,0.2894602417945862,0.6000000238418579,0.20014840364456177,0.2894602417945862,0.6000000238418579,0.20509615540504456,0.17600002884864807,0.13663272559642792,1.4462280813822075,0.024607880041003227,0.003560270881280303,0.061221759766340256,0.05754988640546799,0.9753086419753086,0.03473321720957756,0.03475333750247955,0.9753086419753086,0.04471263661980629,0.04298749566078186,0.9753086419753086,0.047640927135944366,0.02923467569053173,0.8024691358024691,9.020562075079397e-17,False
rec2018-01-23_11h57m58.590s.wav,0,200,4,168,interior,0.8442211055276382,0.2519872486591339,1.343999981880188,0.1691504418849945,0.2519872486591339,1.343999981880188,0.17259648442268372,1.1200000047683716,0.7034623026847839,1.4897226743898204,0.038216374814510345,0.01795192062854767,0.04669875651597977,0.045492593199014664,0.98,0.045030057430267334,0.04534727334976196,0.98,0.04049830138683319,0.04072987660765648,0.98,0.05504833534359932,0.030084660276770592,0.84,9.020562075079397e-17,False
rec2018-01-23_11h58m15.852s.wav,0,195,3,146,interior,0.7525773195876289,0.29635709524154663,1.1679999828338623,0.18343709409236908,0.29635709524154663,1.1679999828338623,0.1862972527742386,0.023999929428100586,0.015384570695459843,1.6155788811848333,0.020737340673804283,0.0028086251113563776,0.037006180733442307,0.03697291016578674,0.9795918367346939,0.04465297609567642,0.043816130608320236,0.9795918367346939,0.06406542658805847,0.06452208757400513,0.9795918367346939,0.04638224467635155,0.024527085945010185,0.8367346938775511,8.326672684688674e-17,False
rec2018-01-23_11h58m34.582s.wav,0,211,3,79,interior,0.3761904761904762,0.29494616389274597,0.6320000290870667,0.18663375079631805,0.29494616389274597,0.6320000290870667,0.18926140666007996,0.04799997806549072,0.028436006978154182,1.580347405730672,0.008569765836000443,0.004910927265882492,0.042419180274009705,0.03651917725801468,0.9811320754716981,0.04130202531814575,0.041165824979543686,0.9811320754716981,0.04493243992328644,0.04467548802495003,0.9811320754716981,0.03601914271712303,0.01564415544271469,0.8490566037735849,5.551115123125783e-17,False
rec2018-01-23_11h58m49.449s.wav,0,182,4,91,interior,0.5027624309392266,0.28715577721595764,0.7279999852180481,0.19298149645328522,0.28715577721595764,0.7279999852180481,0.1973036378622055,0.5679999589920044,0.3922313153743744,1.4879964270847545,0.0017527651507407427,0.000585372734349221,0.035967305302619934,0.03079044260084629,0.978021978021978,0.04324599355459213,0.04322631284594536,0.978021978021978,0.07264268398284912,0.07185081392526627,0.978021978021978,0.04706094413995743,0.016243554651737213,0.8241758241758241,5.551115123125783e-17,False
rec2018-01-23_11h59m04.620s.wav,0,199,3,156,interior,0.7878787878787878,0.24955619871616364,1.2480000257492065,0.16540983319282532,0.24955619871616364,1.2480000257492065,0.16791367530822754,0.48799991607666016,0.306532621383667,1.5087144089266162,9.66933585004881e-05,0.0017750848783180118,0.04126206785440445,0.040346838533878326,0.98,0.08354715257883072,0.07724034786224365,0.98,0.11456415802240372,0.11465057730674744,0.98,0.07068502902984619,0.03591378778219223,0.84,2.220446049250313e-16,False
rec2018-01-23_11h59m04.620s.wav,1,31,3,11,interior,0.36666666666666664,0.03807457163929939,0.08799999952316284,0.035017091780900955,0.03807457163929939,0.08799999952316284,0.03501109406352043,0.17599999904632568,0.7096773982048035,1.0873139287959388,0.042948994785547256,0.03254362940788269,0.015972882509231567,0.015400596894323826,0.875,0.024297522380948067,0.007682190742343664,0.875,0.03391006961464882,0.03389234468340874,0.875,0.04750777408480644,,0.0,9.020562075079397e-17,False
rec2018-01-23_12h02m44.138s.wav,0,188,4,126,interior,0.6737967914438503,0.2880535125732422,1.0080000162124634,0.17577166855335236,0.2880535125732422,1.0080000162124634,0.17958520352840424,0.24800002574920654,0.1657615751028061,1.638793754101553,0.00015269513824023306,0.0003314398927614093,0.04081553965806961,0.04042419418692589,0.9787234042553191,0.058954622596502304,0.054980553686618805,0.9787234042553191,0.06487671285867691,0.06479717791080475,0.9787234042553191,0.06087993085384369,0.029271921142935753,0.8297872340425532,9.020562075079397e-17,False
rec2018-01-23_12h03m01.599s.wav,0,165,3,98,interior,0.5975609756097561,0.26700741052627563,0.7839999794960022,0.1837848424911499,0.26700741052627563,0.7839999794960022,0.18709604442119598,0.25599992275238037,0.19393932819366455,1.4528260704586304,0.03769215568900108,0.008910787291824818,0.03665643185377121,0.035874366760253906,0.9759036144578314,0.038851842284202576,0.03746481612324715,0.9759036144578314,0.03278495371341705,0.032955922186374664,0.9759036144578314,0.0530482642352581,0.01234869472682476,0.8072289156626506,7.632783294297951e-17,False
rec2018-01-23_12h03m19.922s.wav,0,188,4,84,interior,0.44919786096256686,0.28485772013664246,0.671999990940094,0.19315007328987122,0.28485772013664246,0.671999990940094,0.19708459079265594,0.19199997186660767,0.1283315122127533,1.4747999588337737,0.03752642497420311,0.008602812886238098,0.037343308329582214,0.033465199172496796,0.9787234042553191,0.03956029191613197,0.038110289722681046,0.9787234042553191,0.052063412964344025,0.052529338747262955,0.9787234042553191,0.04636414349079132,0.015948554500937462,0.8297872340425532,7.632783294297951e-17,False
rec2018-01-23_12h03m36.988s.wav,0,175,3,61,interior,0.3505747126436782,0.2755170464515686,0.4880000054836273,0.18662770092487335,0.2755170464515686,0.4880000054836273,0.18987704813480377,0.6240000128746033,0.4457142949104309,1.4762923461318183,0.04388308897614479,0.0002625221386551857,0.06316061317920685,0.06049221009016037,0.9772727272727273,0.062168195843696594,0.06037961691617966,0.9772727272727273,0.06197863072156906,0.06231531500816345,0.9772727272727273,0.03625175356864929,0.01214906107634306,0.8181818181818182,9.71445146547012e-17,False
rec2018-01-23_12h03m52.821s.wav,0,188,4,103,interior,0.5508021390374331,0.3060090243816376,0.8240000009536743,0.18185187876224518,0.3060090243816376,0.8240000009536743,0.18557897210121155,0.19200003147125244,0.12833154201507568,1.682737766936775,0.004302807152271271,0.007055413909256458,0.048540495336055756,0.046247467398643494,0.9787234042553191,0.04285956174135208,0.04313410073518753,0.9787234042553191,0.06544966250658035,0.0654648095369339,0.9787234042553191,0.04970141872763634,0.034803424030542374,0.8297872340425532,8.326672684688674e-17,False
rec2018-01-23_12h04m16.860s.wav,0,184,4,75,interior,0.4098360655737705,0.31045079231262207,0.6000000238418579,0.20087751746177673,0.31045079231262207,0.6000000238418579,0.205313041806221,0.7760000228881836,0.530009388923645,1.5454730635631988,0.0001311362866545096,0.010884014889597893,0.030423758551478386,0.029950981959700584,0.9782608695652174,0.04875795170664787,0.04435153678059578,0.9782608695652174,0.08487005531787872,0.08530573546886444,0.9782608695652174,0.040003951638936996,0.011639755219221115,0.8260869565217391,9.71445146547012e-17,False
rec2018-01-23_12h04m31.917s.wav,0,200,4,143,interior,0.7185929648241206,0.2907383441925049,1.1440000534057617,0.17421554028987885,0.2907383441925049,1.1440000534057617,0.17774926126003265,0.024000048637390137,0.015074223279953003,1.6688427663154657,9.071443491848186e-05,0.0007829079404473305,0.04013008251786232,0.039512939751148224,0.98,0.06699242442846298,0.06014777719974518,0.98,0.10603885352611542,0.10403739660978317,0.98,0.06988582015037537,0.028729131445288658,0.84,2.220446049250313e-16,False
rec2018-01-23_12h04m50.656s.wav,0,186,4,120,interior,0.6486486486486487,0.27575379610061646,0.9599999785423279,0.18384774029254913,0.27575379610061646,0.9599999785423279,0.1877681165933609,0.04799997806549072,0.03242968022823334,1.4999031027622156,0.04253796860575676,0.0012693817261606455,0.027156716212630272,0.026789460331201553,0.978494623655914,0.04690580442547798,0.04665384069085121,0.978494623655914,0.06341276317834854,0.0625484511256218,0.978494623655914,0.060250040143728256,0.02221153862774372,0.8279569892473119,1.1102230246251565e-16,False
rec2018-01-23_12h05m05.795s.wav,0,180,4,141,interior,0.7877094972067039,0.3352140784263611,1.128000020980835,0.1854393035173416,0.3352140784263611,1.128000020980835,0.1892194151878357,0.024000048637390137,0.016758348792791367,1.8076754607472578,0.0007809189264662564,0.008798823691904545,0.04361370950937271,0.04209630936384201,0.9777777777777777,0.056943248957395554,0.05625539273023605,0.9777777777777777,0.10145946592092514,0.09794025123119354,0.9777777777777777,0.05865637585520744,0.02946496196091175,0.8222222222222222,5.551115123125783e-17,False
rec2018-01-23_12h37m08.326s.wav,0,178,4,136,interior,0.768361581920904,0.29248180985450745,1.0880000591278076,0.20281095802783966,0.29248180985450745,1.0880000591278076,0.20715531706809998,0.343999981880188,0.24291639029979706,1.4421400731924887,0.011797466315329075,0.04239712655544281,0.053365111351013184,0.04945869743824005,0.9775280898876404,0.04153285175561905,0.041399408131837845,0.9775280898876404,0.04968997836112976,0.049561988562345505,0.9775280898876404,0.055316012352705,0.032318174839019775,0.8202247191011236,8.326672684688674e-17,False
rec2018-01-23_12h37m25.023s.wav,0,202,4,101,interior,0.5024875621890548,0.2699476480484009,0.8080000281333923,0.1749548465013504,0.2699476480484009,0.8080000281333923,0.17835859954357147,0.3119999170303345,0.19401471316814423,1.542956102369632,0.0004682725411839783,0.0012673495803028345,0.03964976221323013,0.03990523889660835,0.9801980198019802,0.07004977017641068,0.06513815373182297,0.9801980198019802,0.08369331061840057,0.08387284725904465,0.9801980198019802,0.07548988610506058,0.03463566303253174,0.8415841584158416,8.326672684688674e-17,False
rec2018-01-23_12h37m39.981s.wav,0,183,3,131,interior,0.7197802197802198,0.3161102831363678,1.0479999780654907,0.18490657210350037,0.3161102831363678,1.0479999780654907,0.18795008957386017,0.096000075340271,0.06557381898164749,1.709567591569579,0.00012624573719222099,0.0027728192508220673,0.041950128972530365,0.04137673228979111,0.9782608695652174,0.05178896337747574,0.05156591162085533,0.9782608695652174,0.09435760229825974,0.09469108283519745,0.9782608695652174,0.08057989925146103,0.05438898876309395,0.8260869565217391,6.245004513516506e-17,False
rec2018-01-23_12h37m54.913s.wav,0,183,3,133,interior,0.7307692307692307,0.30156147480010986,1.0640000104904175,0.16714011132717133,0.30156147480010986,1.0640000104904175,0.16960355639457703,0.008000016212463379,0.005464491900056601,1.804243591831844,0.0002776617475319654,0.0033098841086030006,0.03756844252347946,0.035099953413009644,0.9782608695652174,0.07052422314882278,0.06591802090406418,0.9782608695652174,0.0862874984741211,0.08371695876121521,0.9782608695652174,0.0720355361700058,0.042383965104818344,0.8260869565217391,2.220446049250313e-16,False
rec2018-01-23_12h38m10.740s.wav,0,188,4,68,interior,0.36363636363636365,0.29961347579956055,0.5440000295639038,0.16424912214279175,0.29961347579956055,0.5440000295639038,0.16781587898731232,0.1040000319480896,0.06951293349266052,1.8241405000575184,0.0018788545858114958,0.0005592338275164366,0.048548825085163116,0.047454770654439926,0.9787234042553191,0.06900136172771454,0.06768956780433655,0.9787234042553191,0.08750453591346741,0.08793691545724869,0.9787234042553191,0.06713684648275375,0.043044161051511765,0.8297872340425532,5.551115123125783e-17,False
rec2018-01-23_12h39m14.259s.wav,0,183,3,85,interior,0.46703296703296704,0.287723571062088,0.6800000071525574,0.17341893911361694,0.287723571062088,0.6800000071525574,0.17628838121891022,0.016000032424926758,0.010928983800113201,1.6591242717358765,0.00014017389912623912,0.00039742025546729565,0.04267304018139839,0.042209282517433167,0.9782608695652174,0.06892038881778717,0.05987684428691864,0.9782608695652174,0.08244512975215912,0.08268532902002335,0.9782608695652174,0.058738186955451965,0.030223187059164047,0.8260869565217391,9.020562075079397e-17,False
rec2018-01-23_12h39m29.011s.wav,0,216,4,176,interior,0.8186046511627907,0.28722596168518066,1.4079999923706055,0.1622404307126999,0.28722596168518066,1.4079999923706055,0.1652856022119522,0.0,0.0,1.7703722828116057,0.00011375539907021448,0.0007945452234707773,0.03721880912780762,0.037303242832422256,0.9814814814814815,0.0757451206445694,0.07113109529018402,0.9814814814814815,0.09884515404701233,0.0995740294456482,0.9814814814814815,0.08125156909227371,0.04850513115525246,0.8518518518518519,2.220446049250313e-16,False
rec2018-01-23_12h39m44.218s.wav,0,203,3,169,interior,0.8366336633663366,0.3011140525341034,1.3519999980926514,0.17285887897014618,0.3011140525341034,1.3519999980926514,0.1753297746181488,0.5120000243186951,0.31527096033096313,1.7419646264517756,0.00012153268471593037,0.006262808572500944,0.039802778512239456,0.03801214322447777,0.9803921568627451,0.06985050439834595,0.0646868348121643,0.9803921568627451,0.09448589384555817,0.09513745456933975,0.9803921568627451,0.0718846395611763,0.053005896508693695,0.8431372549019608,8.326672684688674e-17,False
rec2018-01-23_12h39m59.067s.wav,0,233,3,69,interior,0.2974137931034483,0.2748033106327057,0.5519999861717224,0.18378782272338867,0.2748033106327057,0.5519999861717224,0.1861654818058014,1.0,0.536480724811554,1.4952204480179332,0.0025671664625406265,0.0009438716806471348,0.03462791070342064,0.032608143985271454,0.9829059829059829,0.04782796651124954,0.04790160432457924,0.9829059829059829,0.09691150486469269,0.0973900780081749,0.9829059829059829,0.046062275767326355,0.02060111053287983,0.8632478632478633,8.326672684688674e-17,False
rec2018-01-23_12h40m15.223s.wav,0,201,3,71,interior,0.355,0.281709223985672,0.5680000185966492,0.1656235307455063,0.281709223985672,0.5680000185966492,0.16813042759895325,0.1600000262260437,0.09950250387191772,1.7009009693105783,0.00011372341396054253,0.00014377411571331322,0.042553119361400604,0.041867271065711975,0.9801980198019802,0.08634205162525177,0.0780935063958168,0.9801980198019802,0.098740354180336,0.09902917593717575,0.9801980198019802,0.07799391448497772,0.0429406464099884,0.8415841584158416,6.938893903907228e-17,False
rec2018-01-23_12h40m30.209s.wav,0,198,4,82,interior,0.41624365482233505,0.29986491799354553,0.656000018119812,0.1866322159767151,0.29986491799354553,0.656000018119812,0.19047428667545319,0.2800000309944153,0.17765089869499207,1.6067157346026357,0.0008409699075855315,0.00023461163800675422,0.03308911249041557,0.03226473927497864,0.9797979797979798,0.04979605972766876,0.045822154730558395,0.9797979797979798,0.08756981790065765,0.08312004059553146,0.9797979797979798,0.05734974518418312,0.023244520649313927,0.8383838383838383,7.632783294297951e-17,False
rec2018-01-23_12h40m47.865s.wav,0,214,4,82,interior,0.38497652582159625,0.31227925419807434,0.656000018119812,0.1886010617017746,0.31227925419807434,0.656000018119812,0.19198423624038696,0.5039999485015869,0.2957529127597809,1.6557661520053681,0.00013408539234660566,0.002913336269557476,0.04021574184298515,0.03892337158322334,0.9813084112149533,0.05083533003926277,0.050012245774269104,0.9813084112149533,0.09317510575056076,0.09394267201423645,0.9813084112149533,0.04920418933033943,0.030899884179234505,0.8504672897196262,6.938893903907228e-17,False
rec2018-01-23_12h41m04.075s.wav,0,286,4,65,interior,0.22807017543859648,0.265622615814209,0.5199999809265137,0.1788325309753418,0.265622615814209,0.5199999809265137,0.1813512146472931,1.5999999046325684,0.701715886592865,1.4853148605878321,9.574813884682953e-05,0.0005271188565529883,0.03684013709425926,0.03605544567108154,0.986013986013986,0.06969963014125824,0.05802176892757416,0.986013986013986,0.08483146131038666,0.08486777544021606,0.986013986013986,0.06046398729085922,0.02583264373242855,0.8881118881118881,6.245004513516506e-17,False
rec2018-01-23_12h41m19.889s.wav,0,266,4,201,interior,0.7584905660377359,0.23364590108394623,1.6080000400543213,0.14496351778507233,0.23364590108394623,1.6080000400543213,0.147173210978508,0.14400005340576172,0.06792054325342178,1.611756562298366,0.00013689130719285458,0.00019677146337926388,0.04511549323797226,0.04537290334701538,0.9849624060150376,0.07390125840902328,0.07187000662088394,0.9849624060150376,0.08004108816385269,0.08064723759889603,0.9849624060150376,0.08641929924488068,0.054784636944532394,0.8796992481203008,9.71445146547012e-17,False
rec2018-01-23_12h41m54.714s.wav,0,211,3,151,interior,0.719047619047619,0.2778591513633728,1.2079999446868896,0.17624926567077637,0.2778591513633728,1.2079999446868896,0.1787649691104889,0.6159999370574951,0.36492887139320374,1.5765123917304593,0.00015287371934391558,0.005935106426477432,0.03771724924445152,0.03687257692217827,0.9811320754716981,0.05590816214680672,0.055590856820344925,0.9811320754716981,0.07242479920387268,0.07294483482837677,0.9811320754716981,0.07556459307670593,0.0354841910302639,0.8490566037735849,8.326672684688674e-17,False
rec2018-01-23_12h42m11.121s.wav,0,200,4,144,interior,0.7236180904522613,0.28324830532073975,1.1519999504089355,0.18688419461250305,0.28324830532073975,1.1519999504089355,0.19062773883342743,0.8159999847412109,0.5125225186347961,1.5156354228245137,0.0006678499048575759,0.0014354657614603639,0.05626106634736061,0.055565427988767624,0.98,0.04495620355010033,0.045108262449502945,0.98,0.057624466717243195,0.058149706572294235,0.98,0.042620204389095306,0.025405781343579292,0.84,9.71445146547012e-17,False
rec2018-01-23_12h50m45.316s.wav,0,159,3,130,interior,0.8227848101265823,0.22987844049930573,1.0399999618530273,0.171197772026062,0.22987844049930573,1.0399999618530273,0.17413358390331268,0.5999999642372131,0.4716981053352356,1.3427653746820405,0.007300837431102991,0.030772827565670013,0.02194862999022007,0.019959399476647377,0.975,0.047266885638237,0.040552668273448944,0.975,0.05758984759449959,0.05532890558242798,0.975,0.04345206543803215,0.007492531556636095,0.8,2.220446049250313e-16,False
rec2018-01-23_12h51m39.774s.wav,0,69,3,25,interior,0.36764705882352944,0.23821912705898285,0.20000000298023224,0.15682776272296906,0.23821912705898285,0.20000000298023224,0.15910695493221283,0.008000001311302185,0.014492756687104702,1.51898568801105,0.11093910038471222,0.1157381609082222,0.021732104942202568,0.021023405715823174,0.9428571428571428,0.02049848437309265,0.02036760188639164,0.9428571428571428,0.03260457143187523,0.032754410058259964,0.9428571428571428,0.05696158856153488,0.0028305398300290108,0.5428571428571428,8.326672684688674e-17,False
rec2018-01-23_12h51m39.774s.wav,1,35,3,1,interior,0.029411764705882353,0.342098206281662,0.00800000037997961,0.07871545851230621,0.342098206281662,0.00800000037997961,0.08471214026212692,0.00800000037997961,0.02857143059372902,4.346010462839127,0.10148066282272339,0.0155732287093997,0.03933322802186012,0.040429022163152695,0.8888888888888888,0.05519930273294449,0.03937587887048721,0.8888888888888888,0.04821177199482918,0.050176095217466354,0.8888888888888888,0.05147315561771393,0.002740471623837948,0.1111111111111111,9.020562075079397e-17,False
rec2018-01-23_12h52m08.363s.wav,0,97,3,6,interior,0.0625,0.22127878665924072,0.04800000041723251,0.1692865639925003,0.22127878665924072,0.04800000041723251,0.17224803566932678,0.4560000002384186,0.5876288414001465,1.3071255121525402,0.22100074589252472,0.05262555181980133,0.01929681934416294,0.016337942332029343,0.9591836734693877,0.02032632566988468,0.01650015078485012,0.9591836734693877,0.06317845731973648,0.06369848549365997,0.9591836734693877,0.044833917170763016,0.005791313014924526,0.673469387755102,8.326672684688674e-17,False
rec2018-01-23_12h52m08.363s.wav,1,61,3,60,last,1.0,0.2313223034143448,0.47999998927116394,0.15112145245075226,0.21445749700069427,0.3440000116825104,0.14820438623428345,0.0,0.0,1.5307046065463705,0.0009152392158284783,0.22813820838928223,0.026188651099801064,0.02601417899131775,0.9354838709677419,0.04360870644450188,0.03554469347000122,0.9354838709677419,0.08421185612678528,0.08415581285953522,0.9354838709677419,0.061654817312955856,0.013557162135839462,0.4838709677419355,8.326672684688674e-17,False
rec2018-01-23_12h52m08.363s.wav,2,46,4,43,partial_tail,0.9555555555555556,0.26595669984817505,0.3440000116825104,0.2068280577659607,0.254001259803772,0.3199999928474426,0.20755279064178467,0.03200000524520874,0.08885804563760757,1.2858830795052103,0.22317618131637573,0.2369145005941391,0.010238339193165302,0.01017612311989069,0.9130434782608695,0.014901974238455296,0.014073804020881653,0.9130434782608695,0.041487522423267365,0.04239806905388832,0.9130434782608695,0.054545361548662186,0.0011614694958552718,0.30434782608695654,9.540979117872439e-17,False
rec2018-01-23_12h52m08.363s.wav,3,55,3,32,interior,0.5925925925925926,0.16247490048408508,0.25600001215934753,0.08099877089262009,0.16247490048408508,0.25600001215934753,0.0826057717204094,0.09600000083446503,0.2181818187236786,2.005893406697217,0.007796358782798052,0.059360526502132416,0.050101518630981445,0.05064260959625244,0.9285714285714286,0.04047180339694023,0.04146398976445198,0.9285714285714286,0.120171457529068,0.12249705940485,0.9285714285714286,0.06098032370209694,0.022712651640176773,0.42857142857142855,8.326672684688674e-17,False
rec2018-01-23_12h52m08.363s.wav,4,145,3,63,interior,0.4375,0.11562728136777878,0.5040000081062317,0.0747804120182991,0.11562728136777878,0.5040000081062317,0.07610344141721725,0.14399999380111694,0.12413793057203293,1.5462241815341198,0.04468293488025665,0.011521385982632637,0.0188568364828825,0.018624121323227882,0.9726027397260274,0.011440565809607506,0.008106233552098274,0.9726027397260274,0.02414185367524624,0.022874955087900162,0.9726027397260274,0.04365964233875275,0.009523434564471245,0.7808219178082192,8.326672684688674e-17,False
rec2018-01-23_12h52m40.101s.wav,0,118,4,72,interior,0.6153846153846154,0.6237009167671204,0.5759999752044678,0.24086803197860718,0.6237009167671204,0.5759999752044678,0.24788585305213928,0.03200000524520874,0.034183476120233536,2.5893885196957753,0.18741410970687866,0.022451821714639664,0.051503829658031464,0.04992605000734329,0.9661016949152542,0.06993790715932846,0.07013264298439026,0.9661016949152542,0.06421010196208954,0.06312332302331924,0.9661016949152542,0.07246820628643036,0.07815496623516083,0.7288135593220338,8.326672684688674e-17,False
rec2018-01-23_12h52m40.101s.wav,1,239,3,34,interior,0.14285714285714285,0.21646131575107574,0.2720000147819519,0.11549211293458939,0.21646131575107574,0.2720000147819519,0.11567599326372147,0.0559999942779541,0.029288701713085175,1.8742519315900967,0.0020885763224214315,0.0880012959241867,0.04012002423405647,0.03814985975623131,0.9833333333333333,0.01790686510503292,0.01734677515923977,0.9833333333333333,0.0807666927576065,0.07636121660470963,0.9833333333333333,0.03514883294701576,0.01272119116038084,0.8666666666666667,8.326672684688674e-17,False
rec2018-01-23_12h53m35.233s.wav,0,104,4,54,interior,0.5242718446601942,0.2698827087879181,0.4320000112056732,0.21536779403686523,0.2698827087879181,0.4320000112056732,0.21475350856781006,0.35200002789497375,0.4271197021007538,1.2531247301614714,0.04797392338514328,0.2467023879289627,0.020019832998514175,0.020265864208340645,0.9615384615384616,0.029834331944584846,0.029713962227106094,0.9615384615384616,0.061429351568222046,0.060619108378887177,0.9615384615384616,0.055745381861925125,0.014664627611637115,0.6923076923076923,7.632783294297951e-17,False
rec2018-01-23_12h54m08.620s.wav,0,164,4,138,interior,0.8466257668711656,0.25425636768341064,1.1039999723434448,0.1544036567211151,0.25425636768341064,1.1039999723434448,0.15537221729755402,0.14399999380111694,0.11041886359453201,1.646699133186011,0.016331559047102928,0.21300707757472992,0.04599153622984886,0.044421855360269547,0.975609756097561,0.0632912740111351,0.06046486273407936,0.975609756097561,0.08263583481311798,0.08178155869245529,0.975609756097561,0.04552372545003891,0.015741094946861267,0.8048780487804879,8.326672684688674e-17,False
rec2018-01-23_12h54m08.620s.wav,1,25,3,0,first,0.0,0.0919627994298935,0.0,0.03286776319146156,0.0919627994298935,0.0,0.034982774406671524,0.0,0.0,2.7979634298260896,0.23346692323684692,0.014093346893787384,0.036300335079431534,0.02876497618854046,0.8461538461538461,0.047964729368686676,0.028464555740356445,0.8461538461538461,0.046305250376462936,0.025835586711764336,0.8461538461538461,0.03121291473507881,,0.0,7.632783294297951e-17,True
rec2018-01-23_12h54m28.485s.wav,0,43,3,5,interior,0.11904761904761904,0.20599365234375,0.03999999910593033,0.15573924779891968,0.20599365234375,0.03999999910593033,0.15981177985668182,0.07199999690055847,0.20930230617523193,1.3226829797567503,0.15820151567459106,0.09343314170837402,0.024676796048879623,0.024603402242064476,0.9090909090909091,0.03889218345284462,0.03741735219955444,0.9090909090909091,0.04305962845683098,0.04266538843512535,0.9090909090909091,0.06582850962877274,0.007216157857328653,0.2727272727272727,8.326672684688674e-17,False
rec2018-01-23_12h54m28.485s.wav,1,26,4,24,partial_tail,0.96,0.2534331679344177,0.19200000166893005,0.14153209328651428,0.23673281073570251,0.1679999977350235,0.1311122328042984,0.0,0.0,1.7906409920849082,0.02346792444586754,0.26904720067977905,0.04896579682826996,0.048149269074201584,0.8461538461538461,0.04381364583969116,0.04074277728796005,0.8461538461538461,0.06482937932014465,0.05561242625117302,0.8461538461538461,0.037213679403066635,,0.0,8.326672684688674e-17,True
rec2018-01-23_12h55m02.432s.wav,0,132,4,100,interior,0.7633587786259542,0.24484989047050476,0.800000011920929,0.18146978318691254,0.24484989047050476,0.800000011920929,0.1866922229528427,0.1679999828338623,0.16028620302677155,1.3492598391342716,0.013472582213580608,0.06671728938817978,0.029148170724511147,0.026867683976888657,0.9696969696969697,0.05609802529215813,0.052719596773386,0.9696969696969697,0.07137192785739899,0.0685613676905632,0.9696969696969697,0.062883161008358,0.01989707164466381,0.7575757575757576,8.326672684688674e-17,False
rec2018-01-23_12h55m27.681s.wav,0,155,3,117,interior,0.7597402597402597,0.22457566857337952,0.9359999895095825,0.15124793350696564,0.22457566857337952,0.9359999895095825,0.1536625623703003,0.29600000381469727,0.23870967328548431,1.4848180954686354,0.0010369523661211133,0.06472387909889221,0.03410173952579498,0.03344229608774185,0.9743589743589743,0.06739834696054459,0.0677553117275238,0.9743589743589743,0.07692129909992218,0.07717321068048477,0.9743589743589743,0.053247787058353424,0.02224467508494854,0.7948717948717948,1.1102230246251565e-16,False
rec2018-01-23_12h55m53.736s.wav,0,124,4,55,interior,0.44715447154471544,0.28321966528892517,0.4399999976158142,0.19388140738010406,0.28321966528892517,0.4399999976158142,0.19513601064682007,0.03200000524520874,0.032516200095415115,1.4607881648686079,0.0008653878467157483,0.12129148840904236,0.03508581593632698,0.03532060235738754,0.967741935483871,0.056122612208127975,0.05418631434440613,0.967741935483871,0.07459259033203125,0.07153164595365524,0.967741935483871,0.06351514160633087,0.01659923605620861,0.7419354838709677,8.326672684688674e-17,False
rec2018-01-23_12h55m53.736s.wav,1,29,3,24,interior,0.8571428571428571,0.1395925134420395,0.19200000166893005,0.04707253724336624,0.1395925134420395,0.19200000166893005,0.03933611139655113,0.008000001311302185,0.034482765942811966,2.965476722028867,7.605515565956011e-05,0.1287958323955536,0.06715423613786697,0.0690644234418869,0.8666666666666667,0.16341322660446167,0.17303836345672607,0.8666666666666667,0.13557182252407074,0.13930386304855347,0.8666666666666667,0.04499935731291771,,0.0,8.326672684688674e-17,False
rec2018-01-23_12h56m34.401s.wav,0,135,3,97,interior,0.7238805970149254,0.32612136006355286,0.7760000228881836,0.19191572070121765,0.32612136006355286,0.7760000228881836,0.19420121610164642,0.0559999942779541,0.051851846277713776,1.699294663678293,0.0009610633715055883,0.007404332514852285,0.03709246590733528,0.037449344992637634,0.9705882352941176,0.06220821291208267,0.06268992274999619,0.9705882352941176,0.06660155206918716,0.06736026704311371,0.9705882352941176,0.06118829548358917,0.033756908029317856,0.7647058823529411,8.326672684688674e-17,False
rec2018-01-23_12h57m02.652s.wav,0,128,4,97,interior,0.7637795275590551,0.2586069405078888,0.7760000228881836,0.19120889902114868,0.2586069405078888,0.7760000228881836,0.19632714986801147,0.21599996089935303,0.21257224678993225,1.3524838113276598,0.04743611067533493,0.02617841400206089,0.027780229225754738,0.02580987848341465,0.96875,0.0528053380548954,0.05069292336702347,0.96875,0.056871894747018814,0.056151971220970154,0.96875,0.05824558064341545,0.018550686538219452,0.75,8.326672684688674e-17,False
rec2018-01-23_12h57m37.371s.wav,0,149,3,48,interior,0.32432432432432434,0.3077162504196167,0.3840000033378601,0.21539296209812164,0.3077162504196167,0.3840000033378601,0.2187446504831314,0.4480000138282776,0.3758389353752136,1.428627228216665,0.0008079912513494492,0.05042203143239021,0.042178649455308914,0.03218037635087967,0.9733333333333334,0.05003274977207184,0.04874332994222641,0.9733333333333334,0.07135310024023056,0.06886930018663406,0.9733333333333334,0.049032263457775116,0.011537964455783367,0.7866666666666666,5.551115123125783e-17,False
rec2018-02-01_17h36m45.706s.wav,0,185,3,127,interior,0.6902173913043478,0.25956499576568604,1.0160000324249268,0.17061278223991394,0.25956499576568604,1.0160000324249268,0.1732170581817627,0.8240000009536743,0.5567567348480225,1.521368987469464,0.0006528929807245731,0.015708792954683304,0.0674273818731308,0.06260282546281815,0.978494623655914,0.05151139199733734,0.05116384103894234,0.978494623655914,0.0921545997262001,0.09248335659503937,0.978494623655914,0.04485861212015152,0.021298106759786606,0.8279569892473119,5.551115123125783e-17,False
rec2018-02-01_17h40m59.475s.wav,0,184,4,155,interior,0.8469945355191257,0.2706754207611084,1.2400000095367432,0.17919127643108368,0.2706754207611084,1.2400000095367432,0.1831417977809906,0.6239999532699585,0.42619308829307556,1.5105390516329582,0.00027364969719201326,0.05337628349661827,0.028486715629696846,0.02740134671330452,0.9782608695652174,0.06461980938911438,0.06230076029896736,0.9782608695652174,0.09199786931276321,0.0905616506934166,0.9782608695652174,0.06997500360012054,0.03374054282903671,0.8260869565217391,8.326672684688674e-17,False
rec2018-02-02_00h11m42.617s.wav,0,194,4,41,interior,0.21243523316062177,0.2841530740261078,0.328000009059906,0.18046212196350098,0.2841530740261078,0.328000009059906,0.18393437564373016,0.46399998664855957,0.3004938066005707,1.5745856855411389,0.00026944969431497157,0.09313834458589554,0.03870420902967453,0.03375350311398506,0.979381443298969,0.05847582221031189,0.058006174862384796,0.979381443298969,0.10661610215902328,0.10430491715669632,0.979381443298969,0.07227521389722824,0.032968971878290176,0.8350515463917526,9.020562075079397e-17,False
rec2018-02-02_00h27m33.111s.wav,0,227,3,122,interior,0.5398230088495575,0.26481860876083374,0.9760000109672546,0.18160802125930786,0.26481860876083374,0.9760000109672546,0.18390274047851562,0.016000032424926758,0.008810590952634811,1.4581878428305441,0.001376595813781023,0.021264206618070602,0.050182078033685684,0.04873617738485336,0.9824561403508771,0.05083753168582916,0.05004525184631348,0.9824561403508771,0.08885090798139572,0.08458887040615082,0.9824561403508771,0.05329304561018944,0.02630671299993992,0.8596491228070176,8.326672684688674e-17,False
rec2018-02-02_00h33m01.131s.wav,0,31,3,5,interior,0.16666666666666666,0.2540467381477356,0.03999999910593033,0.2240678071975708,0.2540467381477356,0.03999999910593033,0.22472535073757172,0.07999999821186066,0.32258063554763794,1.133794012290802,0.2135988175868988,0.21312202513217926,0.01763385720551014,0.017263824120163918,0.875,0.041208505630493164,0.04212011769413948,0.875,0.028302418068051338,0.025686318054795265,0.875,0.04341946914792061,,0.0,6.245004513516506e-17,False
rec2018-02-02_00h33m01.131s.wav,1,103,3,93,interior,0.9117647058823529,0.2837049663066864,0.7440000176429749,0.22218574583530426,0.2837049663066864,0.7440000176429749,0.22316701710224152,0.36000001430511475,0.4368932247161865,1.2768819405587946,0.2141551375389099,0.18950867652893066,0.05470336601138115,0.05568769574165344,0.9615384615384616,0.15122775733470917,0.1540662795305252,0.9615384615384616,0.09711012989282608,0.09750688076019287,0.9615384615384616,0.04733702912926674,0.035592835396528244,0.6923076923076923,8.326672684688674e-17,False
rec2018-02-02_00h39m43.100s.wav,0,125,3,53,interior,0.4274193548387097,0.29674357175827026,0.42399999499320984,0.21296077966690063,0.29674357175827026,0.42399999499320984,0.21177546679973602,0.01600000262260437,0.01600000262260437,1.3934188831503023,0.0031003926414996386,0.23231974244117737,0.02779490314424038,0.026495862752199173,0.9682539682539683,0.04976903274655342,0.04907162860035896,0.9682539682539683,0.08950643986463547,0.08561444282531738,0.9682539682539683,0.05712420120835304,0.01131223700940609,0.746031746031746,7.979727989493313e-17,False
rec2018-02-02_00h39m43.100s.wav,1,40,4,6,interior,0.15384615384615385,0.24952705204486847,0.04800000041723251,0.11407415568828583,0.24952705204486847,0.04800000041723251,0.12664912641048431,0.08799999952316284,0.2819383144378662,2.187410904242986,0.242126002907753,0.000987437553703785,0.017149804159998894,0.017268989235162735,0.9,0.051693420857191086,0.052156202495098114,0.9,0.09114859998226166,0.09076967090368271,0.9,0.05334745720028877,0.009886941872537136,0.2,9.367506770274758e-17,False
rec2018-02-02_01h32m24.455s.wav,0,74,4,63,interior,0.863013698630137,0.27901512384414673,0.5040000081062317,0.19356168806552887,0.27901512384414673,0.5040000081062317,0.19447475671768188,0.008000016212463379,0.013695727102458477,1.4414790790091077,0.013761911541223526,0.2118557095527649,0.021201761439442635,0.019805803894996643,0.9459459459459459,0.058858808130025864,0.04876112565398216,0.9459459459459459,0.06125176325440407,0.053921498358249664,0.9459459459459459,0.057261183857917786,0.010240056551992893,0.5675675675675675,8.326672684688674e-17,False
rec2018-02-02_01h32m24.455s.wav,1,59,3,14,interior,0.2413793103448276,0.2321072816848755,0.1120000034570694,0.15267284214496613,0.2321072816848755,0.1120000034570694,0.160110741853714,0.23199999332427979,0.49152541160583496,1.5202918765636437,0.17182645201683044,0.007238334976136684,0.06927268952131271,0.06659907847642899,0.9333333333333333,0.06193127855658531,0.06245372071862221,0.9333333333333333,0.07121943682432175,0.0704716220498085,0.9333333333333333,0.0529857873916626,0.021049752831459045,0.4666666666666667,4.163336342344337e-17,False
rec2018-02-02_01h34m08.386s.wav,0,145,3,123,interior,0.8541666666666666,0.2678537666797638,0.984000027179718,0.1764698177576065,0.2678537666797638,0.984000027179718,0.17991426587104797,0.48000001907348633,0.41379314661026,1.5178446381560808,0.016578523442149162,0.025499602779746056,0.03945179656147957,0.0369558185338974,0.9726027397260274,0.05295124277472496,0.05340825021266937,0.9726027397260274,0.06000486761331558,0.06017087399959564,0.9726027397260274,0.07864014059305191,0.03748844563961029,0.7808219178082192,8.326672684688674e-17,False
rec2018-02-02_01h35m12.866s.wav,0,186,4,47,interior,0.25405405405405407,0.27520036697387695,0.37599998712539673,0.18359100818634033,0.27520036697387695,0.37599998712539673,0.1874113827943802,0.008000016212463379,0.00540495989844203,1.4989860870231475,0.00013356888666749,0.00543533731251955,0.03522859886288643,0.031048256903886795,0.978494623655914,0.06463003903627396,0.05734403058886528,0.978494623655914,0.09904847294092178,0.09844343364238739,0.978494623655914,0.056969258934259415,0.023154333233833313,0.8279569892473119,8.326672684688674e-17,False
rec2018-02-02_01h36m19.632s.wav,0,195,3,167,interior,0.8608247422680413,0.25391069054603577,1.3359999656677246,0.17567238211631775,0.25391069054603577,1.3359999656677246,0.17657478153705597,0.6319999694824219,0.40512821078300476,1.4453648745874816,0.00014726164226885885,0.2362082451581955,0.03918936103582382,0.03888775035738945,0.9795918367346939,0.06974794715642929,0.06556931883096695,0.9795918367346939,0.09303770959377289,0.0934668555855751,0.9795918367346939,0.07321111857891083,0.02661745250225067,0.8367346938775511,9.71445146547012e-17,False
rec2018-02-02_01h40m26.773s.wav,0,101,3,48,interior,0.48,0.2589654326438904,0.3840000033378601,0.1779363453388214,0.2589654326438904,0.3840000033378601,0.17606016993522644,0.02400001883506775,0.029702993109822273,1.4553824411239629,0.00022691837511956692,0.24515189230442047,0.01990753784775734,0.01985774002969265,0.9607843137254902,0.05802071467041969,0.05874570831656456,0.9607843137254902,0.07406869530677795,0.07418719679117203,0.9607843137254902,0.04804966598749161,0.010535255074501038,0.6862745098039216,9.020562075079397e-17,False
rec2018-02-02_01h58m20.818s.wav,0,86,4,19,interior,0.2235294117647059,0.2859634459018707,0.15199999511241913,0.24089139699935913,0.2859634459018707,0.15199999511241913,0.24381661415100098,0.2720000147819519,0.3999265134334564,1.187105265957802,0.2672935426235199,0.16580858826637268,0.01320614106953144,0.01344357430934906,0.9534883720930233,0.03364965692162514,0.03395012021064758,0.9534883720930233,0.057420630007982254,0.056610386818647385,0.9534883720930233,0.04917192459106445,0.0073210312984883785,0.627906976744186,5.551115123125783e-17,False
rec2018-02-02_01h58m59.251s.wav,0,173,3,86,interior,0.5,0.2665577828884125,0.6880000233650208,0.18517033755779266,0.2665577828884125,0.6880000233650208,0.1884322613477707,0.8239999413490295,0.5953757166862488,1.4395274448598894,0.031351037323474884,0.000260735338088125,0.040852151811122894,0.04023021087050438,0.9770114942528736,0.05967147648334503,0.057441893965005875,0.9770114942528736,0.07548104971647263,0.075642891228199,0.9770114942528736,0.055293891578912735,0.034665822982788086,0.8160919540229885,9.71445146547012e-17,False
rec2018-02-02_02h09m32.913s.wav,0,137,3,90,interior,0.6617647058823529,0.2761027216911316,0.7200000286102295,0.20750658214092255,0.2761027216911316,0.7200000286102295,0.21214431524276733,0.656000018119812,0.598540186882019,1.3305733188917537,0.22792275249958038,0.000346397835528478,0.02558821439743042,0.024438118562102318,0.9710144927536232,0.05024512857198715,0.04060988873243332,0.9710144927536232,0.07281825691461563,0.07133869081735611,0.9710144927536232,0.045426785945892334,0.013344761915504932,0.7681159420289855,5.551115123125783e-17,False
rec2018-02-02_10h27m54.823s.wav,0,72,4,71,last,1.0,0.278564453125,0.5680000185966492,0.15227238833904266,0.2760913670063019,0.31200000643730164,0.1467885971069336,0.2640000283718109,0.4646865129470825,1.8293825700347017,0.0018029166385531425,0.23001506924629211,0.031691472977399826,0.032164327800273895,0.9444444444444444,0.0631609633564949,0.061479005962610245,0.9444444444444444,0.11468501389026642,0.11465757340192795,0.9444444444444444,0.06292521953582764,0.019234033301472664,0.5555555555555556,5.551115123125783e-17,False
rec2018-02-02_10h27m54.823s.wav,1,81,3,62,interior,0.775,0.26927435398101807,0.4959999918937683,0.2441583126783371,0.26927435398101807,0.4959999918937683,0.2440117597579956,0.5920000076293945,0.9135802388191223,1.1028678525304594,0.2439332902431488,0.2291422039270401,0.015380282886326313,0.015667343512177467,0.9512195121951219,0.025790521875023842,0.025189528241753578,0.9512195121951219,0.04894285276532173,0.04925156012177467,0.9512195121951219,0.05457090213894844,0.0027627572417259216,0.6097560975609756,5.551115123125783e-17,False
rec2018-02-02_10h27m54.823s.wav,2,75,3,20,interior,0.2702702702702703,0.24993211030960083,0.1599999964237213,0.1515534371137619,0.24993211030960083,0.1599999964237213,0.1578519642353058,0.17599999904632568,0.2933333218097687,1.6491352163923017,0.23215815424919128,0.00038658996345475316,0.024208825081586838,0.02473600208759308,0.9473684210526315,0.045835938304662704,0.043080102652311325,0.9473684210526315,0.0646405816078186,0.06596080213785172,0.9473684210526315,0.0675748661160469,0.022198883816599846,0.5789473684210527,3.8163916471489756e-17,False
rec2018-02-02_10h27m54.823s.wav,3,43,3,27,interior,0.6428571428571429,0.2952216565608978,0.2160000056028366,0.1935267150402069,0.2952216565608978,0.2160000056028366,0.2048770636320114,0.008000001311302185,0.023255817592144012,1.525482704026485,0.25796809792518616,0.028879841789603233,0.05425950512290001,0.052789948880672455,0.9090909090909091,0.04443969205021858,0.04566168412566185,0.9090909090909091,0.1034819632768631,0.10219436138868332,0.9090909090909091,0.06533251702785492,0.009423603303730488,0.2727272727272727,8.326672684688674e-17,False
rec2018-02-02_10h29m51.284s.wav,0,248,4,134,interior,0.5425101214574899,0.2782740890979767,1.0720000267028809,0.1864069402217865,0.2782740890979767,1.0720000267028809,0.1894468367099762,0.8160000443458557,0.41292935609817505,1.492831161580609,9.940196468960494e-05,0.0006264820112846792,0.03348543494939804,0.03311863914132118,0.9838709677419355,0.0790119618177414,0.07201321423053741,0.9838709677419355,0.10208515077829361,0.10208678990602493,0.9838709677419355,0.045701753348112106,0.01670691929757595,0.8709677419354839,4.163336342344337e-17,False
rec2018-02-02_10h46m42.260s.wav,0,199,3,56,interior,0.2828282828282828,0.3079480528831482,0.4480000138282776,0.2095269411802292,0.3079480528831482,0.4480000138282776,0.212698295712471,0.14399999380111694,0.09045225381851196,1.4697301031959413,0.0018309365259483457,0.07100999355316162,0.04282718151807785,0.03914596512913704,0.98,0.046300940215587616,0.04084474593400955,0.98,0.10001152753829956,0.09880363941192627,0.98,0.04762914776802063,0.017685260623693466,0.84,5.551115123125783e-17,False
rec2018-02-02_10h48m38.792s.wav,0,238,4,47,interior,0.19831223628691982,0.2984742820262909,0.37599998712539673,0.20965659618377686,0.2984742820262909,0.37599998712539673,0.21318592131137848,1.0159999132156372,0.5358296036720276,1.4236341114908682,0.00779454130679369,0.0009091452811844647,0.040934231132268906,0.03930867835879326,0.9831932773109243,0.05001474916934967,0.04665543511509895,0.9831932773109243,0.0808044895529747,0.0788293182849884,0.9831932773109243,0.03813904896378517,0.011509334668517113,0.865546218487395,6.938893903907228e-17,False
rec2018-02-02_10h57m01.870s.wav,0,242,4,130,interior,0.5394190871369294,0.31043457984924316,1.0399999618530273,0.19767631590366364,0.31043457984924316,1.0399999618530273,0.20091283321380615,0.016000032424926758,0.008298234082758427,1.5704186838474448,0.00016707547183614224,0.03188544511795044,0.046630579978227615,0.043030690401792526,0.9834710743801653,0.04869433119893074,0.04393991082906723,0.9834710743801653,0.1052606999874115,0.09848855435848236,0.9834710743801653,0.04671550914645195,0.02435287833213806,0.8677685950413223,2.220446049250313e-16,False
rec2018-02-02_10h58m28.930s.wav,0,260,4,162,interior,0.6254826254826255,0.27009955048561096,1.2960000038146973,0.1767810583114624,0.27009955048561096,1.2960000038146973,0.1795145869255066,0.784000039100647,0.37835559248924255,1.5278760805342335,0.0003919775481335819,0.009965584613382816,0.0401938371360302,0.037904009222984314,0.9846153846153847,0.05143212899565697,0.05140529200434685,0.9846153846153847,0.09676702320575714,0.09737684577703476,0.9846153846153847,0.04510859400033951,0.019459320232272148,0.8769230769230769,6.938893903907228e-17,False
rec2018-02-02_10h59m19.989s.wav,0,205,3,166,interior,0.8137254901960784,0.29470399022102356,1.3279999494552612,0.19547301530838013,0.29470399022102356,1.3279999494552612,0.19722485542297363,0.18400001525878906,0.11219513416290283,1.5076453890891062,0.00011946460290346295,0.011942258104681969,0.03493594005703926,0.03193409740924835,0.9805825242718447,0.06961532682180405,0.06078488007187843,0.9805825242718447,0.07802747935056686,0.07746507227420807,0.9805825242718447,0.05160877853631973,0.020053144544363022,0.8446601941747572,6.938893903907228e-17,False
rec2018-02-02_11h00m10.171s.wav,0,191,3,66,interior,0.3473684210526316,0.25321903824806213,0.527999997138977,0.16940630972385406,0.25321903824806213,0.527999997138977,0.17209649085998535,0.6239999532699585,0.40837693214416504,1.494743841955058,0.037615977227687836,0.0014395832549780607,0.027935344725847244,0.025942180305719376,0.9791666666666666,0.050691477954387665,0.046039070934057236,0.9791666666666666,0.05541412904858589,0.054664574563503265,0.9791666666666666,0.04995065927505493,0.02150879241526127,0.8333333333333334,9.020562075079397e-17,False
rec2018-02-02_11h00m59.338s.wav,0,205,3,155,interior,0.7598039215686274,0.2455785721540451,1.2400000095367432,0.15516319870948792,0.2455785721540451,1.2400000095367432,0.15746133029460907,0.7680000066757202,0.4682926833629608,1.5827114560446895,0.0016091603320091963,0.0003016988921444863,0.04096394404768944,0.04068872332572937,0.9805825242718447,0.05353638529777527,0.0528595931828022,0.9805825242718447,0.09771386533975601,0.09533539414405823,0.9805825242718447,0.0517524778842926,0.02315245382487774,0.8446601941747572,6.938893903907228e-17,False
rec2018-02-02_11h01m45.212s.wav,0,194,4,142,interior,0.7357512953367875,0.25879862904548645,1.1360000371932983,0.19053807854652405,0.25879862904548645,1.1360000371932983,0.19452986121177673,0.7999999523162842,0.5180927515029907,1.3582514897792206,0.035998884588479996,0.002490696497261524,0.018651533871889114,0.018314676359295845,0.979381443298969,0.04319613799452782,0.04320339113473892,0.979381443298969,0.05676323175430298,0.05360360071063042,0.979381443298969,0.04352686181664467,0.009919408708810806,0.8350515463917526,7.632783294297951e-17,False
rec2018-02-05_10h37m14.374s.wav,0,154,4,144,interior,0.9411764705882353,0.2548789978027344,1.1519999504089355,0.171697735786438,0.2548789978027344,1.1519999504089355,0.17533348500728607,0.9199999570846558,0.7515571713447571,1.4844633601910706,0.014033883810043335,0.08178409934043884,0.06721467524766922,0.0659886971116066,0.974025974025974,0.06852749735116959,0.06934674829244614,0.974025974025974,0.1013009175658226,0.10192780941724777,0.974025974025974,0.08483535051345825,0.06024596840143204,0.7922077922077922,8.326672684688674e-17,False
rec2018-02-05_10h38m19.385s.wav,0,111,3,77,interior,0.7,0.3730272650718689,0.6159999966621399,0.2285912036895752,0.3730272650718689,0.6159999966621399,0.2309243083000183,0.016000032424926758,0.018018053844571114,1.6318531030548165,0.15219628810882568,0.031385939568281174,0.03008265607059002,0.02924850769340992,0.9642857142857143,0.04646528139710426,0.044715479016304016,0.9642857142857143,0.0626501813530922,0.06133589893579483,0.9642857142857143,0.055378369987010956,0.021008113399147987,0.7142857142857143,6.245004513516506e-17,False
rec2018-02-05_10h39m00.035s.wav,0,109,3,55,interior,0.5092592592592593,0.23978620767593384,0.4399999976158142,0.1633976697921753,0.23978620767593384,0.4399999976158142,0.16753101348876953,0.2879999876022339,0.3302752375602722,1.4675007788110856,0.004130958113819361,0.017852960154414177,0.0483572892844677,0.0426773801445961,0.9636363636363636,0.07225608080625534,0.0694095566868782,0.9636363636363636,0.05894668400287628,0.04742477461695671,0.9636363636363636,0.06867958605289459,0.021720094606280327,0.7090909090909091,9.71445146547012e-17,False
rec2018-02-05_10h41m21.507s.wav,0,169,3,86,interior,0.5119047619047619,0.3659839928150177,0.6880000233650208,0.17831121385097504,0.3659839928150177,0.6880000233650208,0.1811702847480774,0.02399998903274536,0.01775147207081318,2.0525012696110725,0.00013246120943222195,0.031224148347973824,0.04545486345887184,0.04242248460650444,0.9764705882352941,0.09485708922147751,0.08844558149576187,0.9764705882352941,0.10478534549474716,0.10259292274713516,0.9764705882352941,0.05475231260061264,0.029705310240387917,0.8117647058823529,5.551115123125783e-17,False
rec2018-02-05_10h42m50.893s.wav,0,150,4,120,interior,0.8053691275167785,0.2540351450443268,0.9599999785423279,0.19233283400535583,0.2540351450443268,0.9599999785423279,0.1967872530221939,0.09600001573562622,0.08052848279476166,1.320810075711008,0.02069900557398796,0.031551580876111984,0.021072130650281906,0.020729806274175644,0.9733333333333334,0.04888533055782318,0.04732714965939522,0.9733333333333334,0.0483337827026844,0.04379327967762947,0.9733333333333334,0.047500673681497574,0.010636275634169579,0.7866666666666666,1.1102230246251565e-16,False
rec2018-02-05_10h43m40.571s.wav,0,153,3,79,interior,0.5197368421052632,0.42886611819267273,0.6320000290870667,0.2106347233057022,0.42886611819267273,0.6320000290870667,0.21468468010425568,0.04799997806549072,0.03921566903591156,2.0360656185364223,0.00011513815843500197,0.003066245000809431,0.06301767379045486,0.06165926530957222,0.974025974025974,0.10704420506954193,0.10156111419200897,0.974025974025974,0.0973280742764473,0.09560804814100266,0.974025974025974,0.0572868175804615,0.05382808670401573,0.7922077922077922,6.938893903907228e-17,False
rec2018-02-05_10h44m37.655s.wav,0,171,3,45,interior,0.2647058823529412,0.6976654529571533,0.36000001430511475,0.23663429915905,0.6976654529571533,0.36000001430511475,0.2402449995279312,0.01600000262260437,0.01169590838253498,2.948285415244172,0.012396079488098621,0.09061948210000992,0.049579475075006485,0.04768311232328415,0.9767441860465116,0.06112929433584213,0.06112700700759888,0.9767441860465116,0.07176246494054794,0.07140743732452393,0.9767441860465116,0.07658224552869797,0.08100511878728867,0.813953488372093,8.326672684688674e-17,False
rec2018-02-05_10h45m35.939s.wav,0,115,3,81,interior,0.7105263157894737,0.5495776534080505,0.6480000019073486,0.19907735288143158,0.5495776534080505,0.6480000019073486,0.20135879516601562,0.008000016212463379,0.00869566947221756,2.7606236744335924,0.0021390581969171762,0.13025768101215363,0.06186317652463913,0.06106540933251381,0.9655172413793104,0.08636494725942612,0.08516539633274078,0.9655172413793104,0.0844927653670311,0.07804495841264725,0.9655172413793104,0.10489217936992645,0.1015077531337738,0.7241379310344828,8.326672684688674e-17,False
rec2018-02-05_10h52m39.045s.wav,0,254,4,138,interior,0.5454545454545454,0.2560621500015259,1.1039999723434448,0.19700169563293457,0.2560621500015259,1.1039999723434448,0.20012179017066956,0.8640000820159912,0.4268511235713959,1.2997966803221648,0.014194002375006676,0.0009658400085754693,0.018759077414870262,0.01502047386020422,0.984251968503937,0.03917646035552025,0.037330009043216705,0.984251968503937,0.07268504053354263,0.07066992670297623,0.984251968503937,0.0409545861184597,0.006601907312870026,0.8740157480314961,8.326672684688674e-17,False
rec2018-02-05_10h53m45.411s.wav,0,288,4,211,interior,0.735191637630662,0.25197839736938477,1.687999963760376,0.1902969628572464,0.25197839736938477,1.687999963760376,0.19264629483222961,1.247999906539917,0.5435243844985962,1.3241325220645241,0.007790687028318644,0.07693962752819061,0.02740933746099472,0.023600321263074875,0.9861111111111112,0.05628981441259384,0.056163787841796875,0.9861111111111112,0.07877794653177261,0.07718437165021896,0.9861111111111112,0.04750280827283859,0.019207604229450226,0.8888888888888888,9.020562075079397e-17,False
rec2018-02-05_10h53m45.411s.wav,1,25,3,21,interior,0.875,0.2261403650045395,0.1679999977350235,0.2073732614517212,0.2261403650045395,0.1679999977350235,0.20780311524868011,0.1599999964237213,0.7999999523162842,1.0904991483542226,0.15844228863716125,0.18524712324142456,0.020723074674606323,0.022426702082157135,0.8461538461538461,0.030734872445464134,0.023386117070913315,0.8461538461538461,0.04707201570272446,0.0495329424738884,0.8461538461538461,0.03634379431605339,,0.0,9.020562075079397e-17,False
rec2018-02-05_10h54m35.447s.wav,0,290,4,60,interior,0.20761245674740483,0.2262909859418869,0.47999998927116394,0.1715054214000702,0.2262909859418869,0.47999998927116394,0.17207445204257965,0.9440000057220459,0.40828242897987366,1.31943925792304,0.00013931481225881726,0.0692097544670105,0.029772013425827026,0.029670657590031624,0.9862068965517241,0.06444437801837921,0.06238191947340965,0.9862068965517241,0.0808749869465828,0.08104759454727173,0.9862068965517241,0.061589304357767105,0.028186338022351265,0.8896551724137931,5.551115123125783e-17,False
rec2018-02-05_10h55m27.871s.wav,0,254,4,184,interior,0.7272727272727273,0.23177076876163483,1.472000002861023,0.15635788440704346,0.23177076876163483,1.472000002861023,0.15885424613952637,1.0160000324249268,0.5019452571868896,1.482309444391499,8.252452244050801e-05,0.0014974740333855152,0.02983776107430458,0.029142558574676514,0.984251968503937,0.0843445435166359,0.07891484349966049,0.984251968503937,0.09454689919948578,0.09455475211143494,0.984251968503937,0.05600930005311966,0.022760672494769096,0.8740157480314961,8.326672684688674e-17,False
rec2018-02-05_10h56m11.262s.wav,0,373,3,60,interior,0.16129032258064516,0.2108512669801712,0.47999998927116394,0.13914887607097626,0.2108512669801712,0.47999998927116394,0.14027290046215057,0.8160000443458557,0.27345845103263855,1.5152926342906385,0.0013721262803301215,0.0005289583350531757,0.04361671581864357,0.042558442801237106,0.9893048128342246,0.055481698364019394,0.052650198340415955,0.9893048128342246,0.09164008498191833,0.09089919179677963,0.9893048128342246,0.04302776977419853,0.019609523937106133,0.9144385026737968,9.71445146547012e-17,False
rec2018-02-05_10h58m35.817s.wav,0,332,4,234,interior,0.7069486404833837,0.20163950324058533,1.871999979019165,0.146748349070549,0.20163950324058533,1.871999979019165,0.14851996302604675,1.312000036239624,0.4954449236392975,1.3740495516146998,0.0006795302615500987,0.0018146615475416183,0.027034584432840347,0.02670132741332054,0.9879518072289156,0.0574314147233963,0.0575946606695652,0.9879518072289156,0.08992892503738403,0.08901962637901306,0.9879518072289156,0.05537417531013489,0.030027849599719048,0.9036144578313253,9.020562075079397e-17,False
rec2018-02-05_11h01m02.037s.wav,0,165,3,90,interior,0.5487804878048781,0.28649693727493286,0.7200000286102295,0.20349477231502533,0.28649693727493286,0.7200000286102295,0.20725180208683014,0.7120000123977661,0.5393939018249512,1.4078835245527286,0.020135847851634026,0.0019730431959033012,0.06158329173922539,0.05649248883128166,0.9759036144578314,0.03315743803977966,0.031577713787555695,0.9759036144578314,0.0879955142736435,0.08547250181436539,0.9759036144578314,0.03908570855855942,0.01658736728131771,0.8072289156626506,9.020562075079397e-17,False
rec2018-02-05_11h02m06.737s.wav,0,170,4,85,interior,0.5029585798816568,0.2743016481399536,0.6800000071525574,0.20576636493206024,0.2743016481399536,0.6800000071525574,0.20830467343330383,0.7279999852180481,0.5384117364883423,1.3330733049131829,0.0028777739498764277,0.15700438618659973,0.04126835986971855,0.04005463793873787,0.9764705882352941,0.05082380771636963,0.048708025366067886,0.9764705882352941,0.08071710169315338,0.08017755299806595,0.9764705882352941,0.03560737147927284,0.015018160454928875,0.8117647058823529,8.326672684688674e-17,False
rec2018-02-05_11h03m04.776s.wav,0,189,3,147,interior,0.7819148936170213,0.27853378653526306,1.1759999990463257,0.2221214920282364,0.27853378653526306,1.1759999990463257,0.22461847960948944,0.9679999351501465,0.6402116417884827,1.2539704464971606,0.0020323791541159153,0.021297026425600052,0.03650648146867752,0.035708408802747726,0.9789473684210527,0.058127082884311676,0.055833593010902405,0.9789473684210527,0.0875665619969368,0.08725619316101074,0.9789473684210527,0.03614294156432152,0.005889659281820059,0.8315789473684211,7.632783294297951e-17,False
rec2018-02-05_11h03m43.815s.wav,0,174,4,30,interior,0.17341040462427745,0.2723656892776489,0.23999999463558197,0.18208523094654083,0.2723656892776489,0.23999999463558197,0.18633189797401428,0.41599997878074646,0.3005508780479431,1.495814283573685,9.287436841987073e-05,0.001425888272933662,0.05367626994848251,0.053499698638916016,0.9770114942528736,0.07644690573215485,0.07201339304447174,0.9770114942528736,0.08380981534719467,0.08399298042058945,0.9770114942528736,0.06074684113264084,0.04487823694944382,0.8160919540229885,8.326672684688674e-17,False
rec2018-02-05_11h04m48.418s.wav,0,140,4,85,interior,0.6115107913669064,0.2788839638233185,0.6800000071525574,0.17603445053100586,0.2788839638233185,0.6800000071525574,0.17695178091526031,0.24799996614456177,0.22299647331237793,1.5842578710137036,0.0012256165500730276,0.18687330186367035,0.05194060131907463,0.052581217139959335,0.9714285714285714,0.07397759705781937,0.0695638582110405,0.9714285714285714,0.09046514332294464,0.09135065972805023,0.9714285714285714,0.05046195164322853,0.017363250255584717,0.7714285714285715,6.938893903907228e-17,False
rec2018-02-05_11h05m32.273s.wav,0,192,4,66,interior,0.34554973821989526,0.2687358260154724,0.527999997138977,0.20690308511257172,0.2687358260154724,0.527999997138977,0.211084246635437,0.6160000562667847,0.4031084179878235,1.2988488106364329,0.0019163358956575394,0.005896568298339844,0.03095669485628605,0.03097166307270527,0.9791666666666666,0.03453071042895317,0.03400814160704613,0.9791666666666666,0.08257485181093216,0.08298321813344955,0.9791666666666666,0.04005429521203041,0.011397586204111576,0.8333333333333334,6.938893903907228e-17,False
rec2018-02-05_11h06m12.128s.wav,0,47,3,13,interior,0.2826086956521739,0.11266414821147919,0.10400000214576721,0.08672270178794861,0.11266414821147919,0.10400000214576721,0.08869699388742447,0.0559999942779541,0.1489361673593521,1.299130975957849,0.03163711726665497,0.07115716487169266,0.014600344933569431,0.014179328456521034,0.9166666666666666,0.03728405013680458,0.03179861977696419,0.9166666666666666,0.010302875190973282,0.01006137952208519,0.9166666666666666,0.08087410032749176,0.005275835283100605,0.3333333333333333,8.326672684688674e-17,False
rec2018-02-05_11h06m12.128s.wav,1,179,3,59,interior,0.33146067415730335,0.26756522059440613,0.47200000286102295,0.19180020689964294,0.26756522059440613,0.47200000286102295,0.19466105103492737,0.3839999735355377,0.26815640926361084,1.395020500339743,0.0004918038612231612,0.03232881799340248,0.027853723615407944,0.02748810686171055,0.9777777777777777,0.05860944092273712,0.05506209284067154,0.9777777777777777,0.06620167195796967,0.0658431202173233,0.9777777777777777,0.0400419682264328,0.004930422175675631,0.8222222222222222,6.938893903907228e-17,False
rec2018-02-05_11h06m59.857s.wav,0,162,4,61,interior,0.37888198757763975,0.28727900981903076,0.4880000054836273,0.2096530795097351,0.28727900981903076,0.4880000054836273,0.21276894211769104,0.02400001883506775,0.018631746992468834,1.3702589558465854,0.00014775489398743957,0.09085242450237274,0.026382718235254288,0.024372387677431107,0.9753086419753086,0.07004848122596741,0.05022529885172844,0.9753086419753086,0.08041077852249146,0.07750552892684937,0.9753086419753086,0.04313846677541733,0.00706270057708025,0.8024691358024691,8.673617379884035e-17,False
rec2018-02-05_11h20m08.624s.wav,0,58,4,26,interior,0.45614035087719296,0.17095094919204712,0.20800000429153442,0.10376878082752228,0.17095094919204712,0.20800000429153442,0.10531336814165115,0.008000001311302185,0.01753905415534973,1.6474217758825815,0.0767579972743988,0.06475814431905746,0.040595050901174545,0.03900789096951485,0.9310344827586207,0.03958945721387863,0.03312111273407936,0.9310344827586207,0.03532614931464195,0.03511335700750351,0.9310344827586207,0.05796929821372032,0.007670448627322912,0.4482758620689655,8.326672684688674e-17,False
rec2018-02-05_11h20m08.624s.wav,1,123,3,8,interior,0.06557377049180328,0.30932825803756714,0.06400000303983688,0.2164851576089859,0.30932825803756714,0.06400000303983688,0.2217596024274826,0.5600000023841858,0.5691056847572327,1.4288658929508407,0.05528503656387329,0.006270176265388727,0.03371336683630943,0.033912625163793564,0.967741935483871,0.058398809283971786,0.05693722888827324,0.967741935483871,0.05907732620835304,0.05806178227066994,0.967741935483871,0.04999490827322006,0.010389294475317001,0.7419354838709677,8.326672684688674e-17,False
rec2018-02-05_11h20m47.521s.wav,0,187,3,154,interior,0.8279569892473119,0.3230136036872864,1.2319999933242798,0.20785212516784668,0.3230136036872864,1.2319999933242798,0.21118342876434326,0.5519999861717224,0.3689839243888855,1.5540548523448747,0.004215211141854525,0.0013790553202852607,0.035936225205659866,0.0356481708586216,0.9787234042553191,0.05776682496070862,0.05725547671318054,0.9787234042553191,0.05512998253107071,0.05279524251818657,0.9787234042553191,0.06102880835533142,0.03319936618208885,0.8297872340425532,8.326672684688674e-17,False
rec2018-02-05_11h22m34.731s.wav,0,199,3,54,interior,0.2727272727272727,0.31028589606285095,0.4320000112056732,0.2234562486410141,0.31028589606285095,0.4320000112056732,0.22582297027111053,0.968000054359436,0.6080402135848999,1.3885756068577435,0.0017268974334001541,0.043631069362163544,0.03812072053551674,0.03807764872908592,0.98,0.04047121852636337,0.040428780019283295,0.98,0.07238523662090302,0.0730280950665474,0.98,0.045111075043678284,0.009770520962774754,0.84,8.326672684688674e-17,False
rec2018-02-05_11h23m35.644s.wav,0,223,3,79,interior,0.35585585585585583,0.29407215118408203,0.6320000290870667,0.21994416415691376,0.29407215118408203,0.6320000290870667,0.22287115454673767,1.055999994277954,0.591928243637085,1.3370309337886477,0.003140192711725831,0.14520710706710815,0.05783778056502342,0.05096491426229477,0.9821428571428571,0.04889087751507759,0.04901370406150818,0.9821428571428571,0.08551476150751114,0.08377894014120102,0.9821428571428571,0.04496050626039505,0.016603803262114525,0.8571428571428571,9.020562075079397e-17,False
rec2018-02-05_11h30m48.760s.wav,0,250,4,187,interior,0.751004016064257,0.28022879362106323,1.496000051498413,0.22786392271518707,0.28022879362106323,1.496000051498413,0.23148176074028015,1.0079998970031738,0.5059922933578491,1.2298076425697646,0.0005048784660175443,0.0032202790025621653,0.034360576421022415,0.02645162306725979,0.984,0.03975159302353859,0.03972645848989487,0.984,0.08160945028066635,0.07897064834833145,0.984,0.04104316979646683,0.015781020745635033,0.872,9.020562075079397e-17,False
rec2018-02-06_10h28m57.917s.wav,0,156,4,94,interior,0.6064516129032258,0.28302809596061707,0.7519999742507935,0.19841177761554718,0.28302809596061707,0.7519999742507935,0.2035493552684784,0.4479999840259552,0.36125391721725464,1.4264682236204083,0.0015213278820738196,0.003199012717232108,0.029369747266173363,0.02854635752737522,0.9743589743589743,0.05624701827764511,0.054868247359991074,0.9743589743589743,0.08099186420440674,0.0799657478928566,0.9743589743589743,0.051910147070884705,0.009904619306325912,0.7948717948717948,8.326672684688674e-17,False
rec2018-02-06_10h30m00.277s.wav,0,172,4,123,interior,0.7192982456140351,0.266400545835495,0.984000027179718,0.20659823715686798,0.266400545835495,0.984000027179718,0.21128658950328827,1.0,0.7309274077415466,1.289461853603425,0.01524148229509592,0.03351692855358124,0.03784165158867836,0.0374673530459404,0.9767441860465116,0.03764445334672928,0.03742453083395958,0.9767441860465116,0.0670207291841507,0.06586789339780807,0.9767441860465116,0.05215682461857796,0.010940183885395527,0.813953488372093,8.326672684688674e-17,False
rec2018-02-06_10h32m03.907s.wav,0,142,4,111,interior,0.7872340425531915,0.26422563195228577,0.8880000114440918,0.18172216415405273,0.26422563195228577,0.8880000114440918,0.1868848204612732,0.35199999809265137,0.3120221793651581,1.454008833662644,0.00016793335089460015,0.0029725616332143545,0.03621523082256317,0.03615119680762291,0.971830985915493,0.05502140894532204,0.054466113448143005,0.971830985915493,0.07618039101362228,0.07687254995107651,0.971830985915493,0.07023081928491592,0.026887206360697746,0.7746478873239436,8.326672684688674e-17,False
rec2018-02-06_10h32m43.911s.wav,0,135,3,68,interior,0.5074626865671642,0.27965104579925537,0.5440000295639038,0.17960985004901886,0.27965104579925537,0.5440000295639038,0.1835799515247345,0.4399999976158142,0.40740740299224854,1.556991700193132,0.007025233935564756,0.0036372514441609383,0.034985270351171494,0.03412150219082832,0.9705882352941176,0.04945182055234909,0.04749291390180588,0.9705882352941176,0.08056002855300903,0.07604875415563583,0.9705882352941176,0.05889992415904999,0.007382966112345457,0.7647058823529411,9.020562075079397e-17,False
rec2018-02-06_11h39m13.131s.wav,0,133,3,59,interior,0.44696969696969696,0.2910551130771637,0.47200000286102295,0.20404300093650818,0.2910551130771637,0.47200000286102295,0.20814411342144012,0.47999998927116394,0.4511277973651886,1.4264400726380757,0.2503330409526825,0.01860363595187664,0.02702823281288147,0.02538701705634594,0.9701492537313433,0.05099506303668022,0.05067701265215874,0.9701492537313433,0.05032195895910263,0.04734726622700691,0.9701492537313433,0.0708693414926529,0.02000609040260315,0.7611940298507462,8.326672684688674e-17,False
rec2018-02-06_12h10m09.167s.wav,0,105,3,40,interior,0.38461538461538464,0.3479919731616974,0.3199999928474426,0.2030404806137085,0.3479919731616974,0.3199999928474426,0.20876725018024445,0.0559999942779541,0.06666666269302368,1.713904400294265,0.006255792919546366,0.018710415810346603,0.04391312971711159,0.04446840286254883,0.9622641509433962,0.04558880254626274,0.042359206825494766,0.9622641509433962,0.07363498955965042,0.07411381602287292,0.9622641509433962,0.04887951910495758,0.012297759763896465,0.6981132075471698,9.020562075079397e-17,False
rec2018-02-06_12h10m09.167s.wav,1,77,3,35,interior,0.4605263157894737,0.3277275860309601,0.2800000011920929,0.2004244476556778,0.3277275860309601,0.2800000011920929,0.20825666189193726,0.1599999964237213,0.25974026322364807,1.6351677146392072,0.006563900969922543,0.006237583700567484,0.05600897967815399,0.047403354197740555,0.9487179487179487,0.044281963258981705,0.037981972098350525,0.9487179487179487,0.07796046137809753,0.07179278880357742,0.9487179487179487,0.04860182851552963,0.014722001738846302,0.5897435897435898,9.020562075079397e-17,False
rec2018-02-06_12h11m01.614s.wav,0,65,3,43,interior,0.671875,0.3201758563518524,0.3440000116825104,0.18547677993774414,0.3201758563518524,0.3440000116825104,0.18185743689537048,0.08799999952316284,0.16923077404499054,1.7262314800770233,0.012638249434530735,0.20625562965869904,0.047416962683200836,0.04676901921629906,0.9393939393939394,0.07871341705322266,0.07824467867612839,0.9393939393939394,0.07833178341388702,0.07887229323387146,0.9393939393939394,0.05837646871805191,0.005651168990880251,0.5151515151515151,5.551115123125783e-17,False
rec2018-02-06_12h11m01.614s.wav,1,85,3,32,interior,0.38095238095238093,0.3435893654823303,0.25600001215934753,0.23360812664031982,0.3435893654823303,0.25600001215934753,0.24113759398460388,0.032000020146369934,0.04705885425209999,1.4707937194811107,0.027509896084666252,0.07667963206768036,0.04573306441307068,0.03818899765610695,0.9534883720930233,0.04370029270648956,0.028603415936231613,0.9534883720930233,0.08187940716743469,0.07576033473014832,0.9534883720930233,0.04631141945719719,0.006265623494982719,0.627906976744186,9.71445146547012e-17,False
rec2018-02-06_12h12m08.951s.wav,0,69,3,32,interior,0.47058823529411764,0.32662203907966614,0.25600001215934753,0.24490220844745636,0.32662203907966614,0.25600001215934753,0.24598361551761627,0.02400001883506775,0.04347829520702362,1.3336835186185867,0.023917028680443764,0.12431646138429642,0.04350517690181732,0.03121664933860302,0.9428571428571428,0.03605913743376732,0.03484128788113594,0.9428571428571428,0.07136236876249313,0.06764788180589676,0.9428571428571428,0.04998841881752014,0.006801808252930641,0.5428571428571428,5.551115123125783e-17,False
rec2018-02-06_12h12m08.951s.wav,1,37,3,0,first,0.0,0.2601921260356903,0.0,0.15909673273563385,0.2601921260356903,0.0,0.1718847155570984,0.03200000151991844,0.10810811072587967,1.6354334973556217,0.2487160861492157,0.013757448643445969,0.03169522434473038,0.032389409840106964,0.8947368421052632,0.038030680269002914,0.03382130712270737,0.8947368421052632,0.07639288902282715,0.07317093759775162,0.8947368421052632,0.056460075080394745,0.0041022407822310925,0.15789473684210525,7.632783294297951e-17,False
rec2018-02-06_12h12m08.951s.wav,2,29,3,9,interior,0.32142857142857145,0.303244411945343,0.07199999690055847,0.20350579917430878,0.303244411945343,0.07199999690055847,0.22612722218036652,0.08799999952316284,0.37931033968925476,1.4901020667504672,0.2878470718860626,0.010811698623001575,0.0617053359746933,0.06454368680715561,0.8666666666666667,0.027016986161470413,0.02819227986037731,0.8666666666666667,0.08701970428228378,0.08796853572130203,0.8666666666666667,0.051217202097177505,,0.0,8.326672684688674e-17,False
rec2018-02-06_12h13m05.267s.wav,0,139,3,30,interior,0.21739130434782608,0.288036048412323,0.23999999463558197,0.18527178466320038,0.288036048412323,0.23999999463558197,0.18929080665111542,0.5359999537467957,0.48201435804367065,1.554667641033061,0.00017211641534231603,0.0007673683576285839,0.04357241094112396,0.04096796363592148,0.9714285714285714,0.08013936877250671,0.07672351598739624,0.9714285714285714,0.0880913957953453,0.0881945788860321,0.9714285714285714,0.06448013335466385,0.02549983374774456,0.7714285714285715,8.326672684688674e-17,False
rec2018-02-06_12h13m05.267s.wav,1,99,3,70,interior,0.7142857142857143,0.2902151942253113,0.5600000023841858,0.18768875300884247,0.2902151942253113,0.5600000023841858,0.19349272549152374,0.37599998712539673,0.4747474491596222,1.5462577782252012,0.0172610804438591,0.001463521970435977,0.03457324206829071,0.03449011966586113,0.96,0.042005524039268494,0.04164312779903412,0.96,0.04889221116900444,0.0490310862660408,0.96,0.06430244445800781,0.020799504593014717,0.68,9.020562075079397e-17,False
rec2018-02-06_12h13m52.029s.wav,0,117,3,31,interior,0.2672413793103448,0.27835384011268616,0.24799999594688416,0.1633508801460266,0.27835384011268616,0.24799999594688416,0.16726219654083252,0.42399999499320984,0.45299145579338074,1.7040241219628158,0.0001322413154412061,0.004603253677487373,0.032334793359041214,0.031824082136154175,0.9661016949152542,0.04800781235098839,0.045133914798498154,0.9661016949152542,0.06784702837467194,0.06066345423460007,0.9661016949152542,0.059270527213811874,0.021946610882878304,0.7288135593220338,9.020562075079397e-17,False
rec2018-02-06_12h13m52.029s.wav,1,109,3,45,interior,0.4166666666666667,0.27920451760292053,0.36000001430511475,0.17196649312973022,0.27920451760292053,0.36000001430511475,0.17679451406002045,0.4240000247955322,0.486238569021225,1.6235983680395851,0.0022593976464122534,0.000993981258943677,0.029613304883241653,0.02918212302029133,0.9636363636363636,0.04834907129406929,0.047635000199079514,0.9636363636363636,0.07592888176441193,0.07426513731479645,0.9636363636363636,0.058793805539608,0.020503604784607887,0.7090909090909091,9.020562075079397e-17,False
rec2018-02-06_12h15m08.616s.wav,0,117,3,63,interior,0.5431034482758621,0.29996204376220703,0.5040000081062317,0.15705227851867676,0.29996204376220703,0.5040000081062317,0.16110357642173767,0.15999996662139893,0.17094013094902039,1.909950282743178,0.011057266034185886,0.0005685146898031235,0.0588584765791893,0.05761044844985008,0.9661016949152542,0.05138931795954704,0.05155963823199272,0.9661016949152542,0.08363132178783417,0.08367562294006348,0.9661016949152542,0.04732697457075119,0.01365121454000473,0.7288135593220338,9.020562075079397e-17,False
rec2018-02-06_12h15m08.616s.wav,1,107,3,50,interior,0.4716981132075472,0.27457165718078613,0.4000000059604645,0.15599443018436432,0.27457165718078613,0.4000000059604645,0.16047218441963196,0.20799998939037323,0.242990642786026,1.7601375693752628,0.015040412545204163,0.0006075436831451952,0.06323608011007309,0.06221349164843559,0.9629629629629629,0.07404501736164093,0.0708533227443695,0.9629629629629629,0.09997493773698807,0.10010746121406555,0.9629629629629629,0.036619435995817184,0.01862330175936222,0.7037037037037037,8.326672684688674e-17,False
rec2018-02-06_12h16m57.870s.wav,0,37,3,36,last,1.0,0.3096502125263214,0.2879999876022339,0.20500655472278595,0.2901441156864166,0.03999999910593033,0.1984649896621704,0.0,0.0,1.5104405463768549,0.1712273359298706,0.2370378077030182,0.04202305153012276,0.04135540872812271,0.8947368421052632,0.04926219582557678,0.049876123666763306,0.8947368421052632,0.056838687509298325,0.0514875091612339,0.8947368421052632,0.07277923822402954,0.0018360211979597807,0.15789473684210525,8.326672684688674e-17,False
rec2018-02-06_12h17m38.883s.wav,0,127,3,89,interior,0.7063492063492064,0.2859751880168915,0.7120000123977661,0.16154508292675018,0.2859751880168915,0.7120000123977661,0.16542388498783112,0.12000000476837158,0.11811023950576782,1.7702500307394808,0.0036463746801018715,0.0013544498942792416,0.07419568300247192,0.07369641959667206,0.96875,0.05127813294529915,0.04616408050060272,0.96875,0.08070238679647446,0.07817833125591278,0.96875,0.0649646744132042,0.036542125046253204,0.75,8.326672684688674e-17,False
rec2018-02-06_12h18m33.477s.wav,0,122,4,74,interior,0.6115702479338843,0.29205915331840515,0.5920000076293945,0.20349743962287903,0.29205915331840515,0.5920000076293945,0.21008627116680145,0.4320000112056732,0.4462233781814575,1.4351981718278544,0.01823214255273342,0.004382419399917126,0.048195239156484604,0.041772112250328064,0.9672131147540983,0.04038938879966736,0.04035184904932976,0.9672131147540983,0.07506018877029419,0.07171142101287842,0.9672131147540983,0.04869681969285011,0.010676614008843899,0.7377049180327869,8.326672684688674e-17,False
rec2018-02-06_12h19m34.374s.wav,0,35,3,19,interior,0.5588235294117647,0.29422837495803833,0.15199999511241913,0.2075839340686798,0.29422837495803833,0.15199999511241913,0.20085537433624268,0.12000000476837158,0.4285714328289032,1.41739473374029,0.010302369482815266,0.2833937406539917,0.030959151685237885,0.028267301619052887,0.8888888888888888,0.04229789227247238,0.03672929108142853,0.8888888888888888,0.077188640832901,0.0741657242178917,0.8888888888888888,0.050578631460666656,0.0008717564051039517,0.1111111111111111,8.326672684688674e-17,False
rec2018-02-06_12h19m34.374s.wav,1,76,4,36,interior,0.48,0.2959291636943817,0.2879999876022339,0.19678008556365967,0.2959291636943817,0.2879999876022339,0.20733043551445007,0.3840000033378601,0.6398667097091675,1.5038572772581027,0.2982273995876312,0.0034076201263815165,0.030615948140621185,0.02939712256193161,0.9473684210526315,0.06593986600637436,0.06412961333990097,0.9473684210526315,0.07925542443990707,0.07761266082525253,0.9473684210526315,0.061018191277980804,0.01876792125403881,0.5789473684210527,8.673617379884035e-17,False
rec2018-02-06_12h20m19.800s.wav,0,39,3,29,interior,0.7631578947368421,0.2798363268375397,0.23199999332427979,0.1506461650133133,0.2798363268375397,0.23199999332427979,0.14192946255207062,0.040000006556510925,0.12820515036582947,1.8575735188002247,0.00032606738386675715,0.25343382358551025,0.05073283985257149,0.05325347185134888,0.9,0.03330177068710327,0.033038314431905746,0.9,0.09227332472801208,0.09406568855047226,0.9,0.050041668117046356,0.00802304781973362,0.2,9.020562075079397e-17,False
rec2018-02-06_12h20m19.800s.wav,1,97,3,30,interior,0.3125,0.29185259342193604,0.23999999463558197,0.2097509354352951,0.29185259342193604,0.23999999463558197,0.21631328761577606,0.42399999499320984,0.5463917255401611,1.391424514108868,0.26356711983680725,0.010966910049319267,0.030978510156273842,0.028124596923589706,0.9591836734693877,0.036974091082811356,0.03380053490400314,0.9591836734693877,0.057573352009058,0.05296223983168602,0.9591836734693877,0.04931660369038582,0.007096290122717619,0.673469387755102,8.326672684688674e-17,False
rec2018-02-06_12h21m35.410s.wav,0,62,4,61,last,1.0,0.512908935546875,0.4880000054836273,0.22981812059879303,0.28973984718322754,0.4000000059604645,0.2228115350008011,0.0,0.0,2.2318037159580215,0.011684294790029526,0.2825552821159363,0.03447556123137474,0.028387559577822685,0.9354838709677419,0.033566586673259735,0.033715154975652695,0.9354838709677419,0.07115830481052399,0.06910546869039536,0.9354838709677419,0.06308015435934067,0.006945199333131313,0.4838709677419355,8.326672684688674e-17,False
rec2018-02-06_12h21m35.410s.wav,1,74,4,5,interior,0.0684931506849315,0.3012714087963104,0.03999999910593033,0.18035012483596802,0.3012714087963104,0.03999999910593033,0.19046594202518463,0.29600000381469727,0.5067408680915833,1.6704807333530969,0.27076226472854614,0.002047879621386528,0.04919828474521637,0.05001424252986908,0.9459459459459459,0.03471977263689041,0.03477201238274574,0.9459459459459459,0.09149975329637527,0.0935305804014206,0.9459459459459459,0.0519196093082428,0.007509294897317886,0.5675675675675675,6.938893903907228e-17,False
rec2018-02-08_14h33m35.005s.wav,0,172,4,169,partial_tail,0.9883040935672515,0.27048274874687195,1.3519999980926514,0.21395647525787354,0.26999977231025696,0.9120000004768372,0.21364139020442963,0.871999979019165,0.6373686790466309,1.264195198677065,0.008780448697507381,0.2537685036659241,0.05270446836948395,0.049771498888731,0.9767441860465116,0.05243254825472832,0.05064351111650467,0.9767441860465116,0.11284663528203964,0.10714947432279587,0.9767441860465116,0.07637397199869156,0.026986705139279366,0.813953488372093,5.551115123125783e-17,False
rec2018-02-08_14h35m33.038s.wav,0,26,4,13,interior,0.52,0.2959383428096771,0.10400000214576721,0.18316194415092468,0.2959383428096771,0.10400000214576721,0.20814861357212067,0.008000001311302185,0.03997502475976944,1.6157195982033536,0.26663315296173096,0.03147588670253754,0.03916172683238983,0.03977183997631073,0.8461538461538461,0.05939599126577377,0.05964662879705429,0.8461538461538461,0.08113870769739151,0.08222471922636032,0.8461538461538461,0.03608597442507744,,0.0,8.326672684688674e-17,False
rec2018-02-08_14h35m33.038s.wav,1,157,3,99,interior,0.6346153846153846,0.26713401079177856,0.7919999957084656,0.18556378781795502,0.26713401079177856,0.7919999957084656,0.18916156888008118,0.0559999942779541,0.04458598047494888,1.439580501847952,0.10820029675960541,0.0004717826086562127,0.027404457330703735,0.027046026661992073,0.9746835443037974,0.05402779206633568,0.05160224065184593,0.9746835443037974,0.07194971293210983,0.06606858968734741,0.9746835443037974,0.08169063180685043,0.028485199436545372,0.7974683544303798,7.632783294297951e-17,False
rec2018-02-08_14h36m13.041s.wav,0,42,4,0,first,0.0,0.06561678647994995,0.0,0.028834911063313484,0.06561678647994995,0.0,0.030729440972208977,0.0,0.0,2.2756021801445354,0.10246909409761429,0.011101876385509968,0.048715073615312576,0.04163788631558418,0.9047619047619048,0.035214271396398544,0.018231822177767754,0.9047619047619048,0.10440637916326523,0.09196748584508896,0.9047619047619048,0.04617725685238838,0.010896551422774792,0.23809523809523808,8.326672684688674e-17,True
rec2018-02-08_14h36m13.041s.wav,1,255,3,225,interior,0.8858267716535433,0.270842045545578,1.7999999523162842,0.1671655774116516,0.270842045545578,1.7999999523162842,0.1691235899925232,0.023999929428100586,0.01176467165350914,1.6202022553878968,0.011854185722768307,0.0007953826570883393,0.048989806324243546,0.04830389842391014,0.984375,0.06354302167892456,0.06346598267555237,0.984375,0.08096930384635925,0.07951130717992783,0.984375,0.09147840738296509,0.05223354324698448,0.875,8.326672684688674e-17,False
rec2018-02-08_14h37m48.457s.wav,0,184,4,104,interior,0.5683060109289617,0.2867205739021301,0.8320000171661377,0.21926800906658173,0.2867205739021301,0.8320000171661377,0.22408917546272278,1.0320000648498535,0.7048578858375549,1.3076261107249172,0.20208784937858582,0.0012726661516353488,0.022999443113803864,0.02269124984741211,0.9782608695652174,0.04036685451865196,0.0368923619389534,0.9782608695652174,0.04610784351825714,0.04572758078575134,0.9782608695652174,0.04600200057029724,0.013282029889523983,0.8260869565217391,6.245004513516506e-17,False
rec2018-02-08_14h50m50.378s.wav,0,197,3,91,interior,0.4642857142857143,0.35155370831489563,0.7279999852180481,0.2370450496673584,0.35155370831489563,0.7279999852180481,0.2406889945268631,0.15200001001358032,0.09644670784473419,1.4830670744157088,0.002014020225033164,0.015262788161635399,0.03390270471572876,0.03301166743040085,0.9797979797979798,0.04010069742798805,0.03969915956258774,0.9797979797979798,0.08332900702953339,0.08043570816516876,0.9797979797979798,0.04326429218053818,0.02729162573814392,0.8383838383838383,8.326672684688674e-17,False
rec2018-02-08_15h03m14.166s.wav,0,32,4,3,interior,0.0967741935483871,0.29617753624916077,0.024000000208616257,0.24035781621932983,0.29617753624916077,0.024000000208616257,0.2472432553768158,0.19200000166893005,0.7738035321235657,1.2322359260365998,0.24590177834033966,0.26135334372520447,0.030864451080560684,0.03016681782901287,0.875,0.05608876794576645,0.040106408298015594,0.875,0.054539069533348083,0.046890776604413986,0.875,0.050053827464580536,,0.0,8.326672684688674e-17,False
rec2018-02-08_15h03m14.166s.wav,1,175,3,82,interior,0.47126436781609193,0.2867127060890198,0.656000018119812,0.22548261284828186,0.2867127060890198,0.656000018119812,0.22931848466396332,0.6480000019073486,0.4628571569919586,1.2715512848963533,0.09960921853780746,0.006705211941152811,0.03212057054042816,0.02837240695953369,0.9772727272727273,0.04242335259914398,0.034639883786439896,0.9772727272727273,0.06735140085220337,0.06474506109952927,0.9772727272727273,0.041080914437770844,0.006882242392748594,0.8181818181818182,8.326672684688674e-17,False
rec2018-02-08_15h04m25.148s.wav,0,25,3,4,interior,0.16666666666666666,0.26149114966392517,0.03200000151991844,0.15314482152462006,0.26149114966392517,0.03200000151991844,0.16816264390945435,0.007999997586011887,0.03999998793005943,1.7074762767730087,0.22305718064308167,0.03809584677219391,0.0350320003926754,0.03517812117934227,0.8461538461538461,0.04876982793211937,0.0464685894548893,0.8461538461538461,0.040648285299539566,0.03967113792896271,0.8461538461538461,0.03540344163775444,,0.0,6.938893903907228e-17,False
rec2018-02-08_15h06m27.101s.wav,0,215,3,150,interior,0.7009345794392523,0.2783021926879883,1.2000000476837158,0.2075228989124298,0.2783021926879883,1.2000000476837158,0.2104528844356537,0.31999993324279785,0.18604646623134613,1.3410673913408746,0.00504666194319725,0.0002812547027133405,0.04426177963614464,0.04293949156999588,0.9814814814814815,0.05019581317901611,0.04572735354304314,0.9814814814814815,0.034305114299058914,0.031647685915231705,0.9814814814814815,0.06941049546003342,0.042732398957014084,0.8518518518518519,3.469446951953614e-17,False
rec2018-02-08_15h08m45.803s.wav,0,328,4,154,interior,0.4709480122324159,0.28076618909835815,1.2319999933242798,0.1963481903076172,0.28076618909835815,1.2319999933242798,0.19875392317771912,0.5680000185966492,0.21711499989032745,1.4299402946290665,0.014071495272219181,0.0010958145139738917,0.06686727702617645,0.06520827859640121,0.9878048780487805,0.051125019788742065,0.05068215727806091,0.9878048780487805,0.07461167871952057,0.07151089608669281,0.9878048780487805,0.07286346703767776,0.05219295620918274,0.9024390243902439,6.938893903907228e-17,False
rec2018-02-08_15h20m25.156s.wav,0,253,3,148,interior,0.5873015873015873,0.27247104048728943,1.184000015258789,0.17605873942375183,0.27247104048728943,1.184000015258789,0.17816603183746338,0.008000016212463379,0.003952577244490385,1.547614400620494,0.05533146113157272,0.0037725726142525673,0.032301317900419235,0.03221262991428375,0.984251968503937,0.05105254799127579,0.047960083931684494,0.984251968503937,0.048064861446619034,0.04842181131243706,0.984251968503937,0.05715453252196312,0.02699270471930504,0.8740157480314961,9.020562075079397e-17,False
rec2018-02-08_15h23m00.916s.wav,0,47,3,6,interior,0.13043478260869565,0.30544552206993103,0.04800000041723251,0.17578433454036713,0.30544552206993103,0.04800000041723251,0.18679092824459076,0.03200000151991844,0.08510638773441315,1.73761514567607,0.16795840859413147,0.010468307882547379,0.03351461514830589,0.03363610431551933,0.9166666666666666,0.041888028383255005,0.041566215455532074,0.9166666666666666,0.07762272655963898,0.07867730408906937,0.9166666666666666,0.06309495121240616,0.0027675253804773092,0.3333333333333333,9.020562075079397e-17,False
rec2018-02-08_15h23m00.916s.wav,1,285,3,136,interior,0.4788732394366197,0.303301066160202,1.0880000591278076,0.21902987360954285,0.303301066160202,1.0880000591278076,0.220954030752182,0.4559999704360962,0.19999998807907104,1.384747482897637,0.06638724356889725,0.002857255982235074,0.037688564509153366,0.035258274525403976,0.986013986013986,0.042417194694280624,0.0414491705596447,0.986013986013986,0.037119414657354355,0.032186269760131836,0.986013986013986,0.047166552394628525,0.02710495889186859,0.8881118881118881,6.938893903907228e-17,False
rec2018-02-08_15h25m08.376s.wav,0,139,3,121,interior,0.8768115942028986,0.283357709646225,0.9679999947547913,0.21968983113765717,0.283357709646225,0.9679999947547913,0.21906203031539917,0.02399998903274536,0.021582724526524544,1.289808036079165,0.025585312396287918,0.27840960025787354,0.025582533329725266,0.025859259068965912,0.9714285714285714,0.0359400175511837,0.03582117706537247,0.9714285714285714,0.02846851944923401,0.0282029639929533,0.9714285714285714,0.0709046870470047,0.020810957998037338,0.7714285714285715,1.1102230246251565e-16,False
rec2018-02-08_15h25m08.376s.wav,1,137,3,1,interior,0.007352941176470588,0.2848450541496277,0.00800000037997961,0.2177976667881012,0.2848450541496277,0.00800000037997961,0.2226199209690094,0.7200000286102295,0.656934380531311,1.3078425418889266,0.26617684960365295,0.005171347875148058,0.04845428839325905,0.048537179827690125,0.9710144927536232,0.037078775465488434,0.03624708950519562,0.9710144927536232,0.03777208551764488,0.03759929537773132,0.9710144927536232,0.04623718932271004,0.01317919697612524,0.7681159420289855,8.326672684688674e-17,False
rec2018-02-09_10h49m08.773s.wav,0,218,4,107,interior,0.4930875576036866,0.2749135494232178,0.8560000061988831,0.20210109651088715,0.2749135494232178,0.8560000061988831,0.20585983991622925,0.7039999961853027,0.40550076961517334,1.360277376864248,0.00023187429178506136,0.0010478446492925286,0.025857752189040184,0.02585785835981369,0.981651376146789,0.06766200810670853,0.06657388806343079,0.981651376146789,0.07541695237159729,0.07511141896247864,0.981651376146789,0.0559273324906826,0.018614910542964935,0.8532110091743119,8.326672684688674e-17,False
rec2018-02-09_10h57m14.793s.wav,0,145,3,124,interior,0.8611111111111112,0.2803119719028473,0.9919999837875366,0.21203072369098663,0.2803119719028473,0.9919999837875366,0.21638862788677216,0.8400000333786011,0.7241379618644714,1.3220346892338757,0.12134135514497757,0.005482087843120098,0.04703623801469803,0.0455622673034668,0.9726027397260274,0.04288623481988907,0.04246888682246208,0.9726027397260274,0.043484993278980255,0.04400545358657837,0.9726027397260274,0.061146676540374756,0.02859405241906643,0.7808219178082192,6.938893903907228e-17,False
rec2018-02-09_11h04m27.369s.wav,0,26,4,9,interior,0.36,0.3010554611682892,0.07199999690055847,0.25053292512893677,0.3010554611682892,0.07199999690055847,0.2633296549320221,0.015999995172023773,0.0799500122666359,1.2016602648667873,0.2603539526462555,0.22402770817279816,0.01631038635969162,0.01700163446366787,0.8461538461538461,0.01827632635831833,0.01935427263379097,0.8461538461538461,0.05470070242881775,0.052485983818769455,0.8461538461538461,0.03049510344862938,,0.0,7.979727989493313e-17,False
rec2018-02-09_11h05m06.012s.wav,0,186,4,60,interior,0.32432432432432434,0.26349905133247375,0.47999998927116394,0.18796998262405396,0.26349905133247375,0.47999998927116394,0.19209448993206024,0.8560000658035278,0.5783296227455139,1.4018145219467322,0.02139490842819214,0.000669653236400336,0.029939725995063782,0.030078699812293053,0.978494623655914,0.04286215081810951,0.040986888110637665,0.978494623655914,0.05496179684996605,0.05528867989778519,0.978494623655914,0.04881494119763374,0.01646750047802925,0.8279569892473119,8.326672684688674e-17,False
rec2018-02-09_11h05m43.714s.wav,0,177,3,136,interior,0.7727272727272727,0.254236102104187,1.0880000591278076,0.1565985083580017,0.254236102104187,1.0880000591278076,0.15929599106311798,0.007999897003173828,0.005649644881486893,1.6234899346740572,0.00042419106466695666,0.000232969963690266,0.04772421345114708,0.047274477779865265,0.9775280898876404,0.07170698791742325,0.06548169255256653,0.9775280898876404,0.06287743896245956,0.0628901869058609,0.9775280898876404,0.05523526668548584,0.024369316175580025,0.8202247191011236,7.632783294297951e-17,False
rec2018-05-02_17h33m13.522s.wav,0,129,3,126,partial_tail,0.984375,0.24599479138851166,1.0080000162124634,0.20077893137931824,0.24403437972068787,0.9919999837875366,0.20016759634017944,0.5440000295639038,0.5271318554878235,1.225202214687407,0.0056295739486813545,0.20017176866531372,0.050276100635528564,0.045860406011343,0.9692307692307692,0.051970381289720535,0.04987224191427231,0.9692307692307692,0.09356146305799484,0.08313169330358505,0.9692307692307692,0.07366827875375748,0.012148444540798664,0.7538461538461538,8.326672684688674e-17,False
rec2018-05-02_17h33m13.522s.wav,1,111,3,76,interior,0.6909090909090909,0.2620791792869568,0.6079999804496765,0.202882781624794,0.2620791792869568,0.6079999804496765,0.20845358073711395,0.4559999704360962,0.513513445854187,1.291776350797669,0.19834047555923462,0.0029118098318576813,0.022334570065140724,0.022582359611988068,0.9642857142857143,0.03358308970928192,0.030137114226818085,0.9642857142857143,0.06649280339479446,0.065726637840271,0.9642857142857143,0.052040498703718185,0.010059347376227379,0.7142857142857143,8.326672684688674e-17,False
rec2018-05-02_17h33m50.393s.wav,0,201,3,46,interior,0.23,0.34264400601387024,0.36800000071525574,0.25048208236694336,0.34264400601387024,0.36800000071525574,0.25241196155548096,0.5839999914169312,0.3631840646266937,1.3679381885364335,0.00018023182929027826,0.07603175938129425,0.03855186700820923,0.03840768337249756,0.9801980198019802,0.03623569756746292,0.036484312266111374,0.9801980198019802,0.08241774141788483,0.082024946808815,0.9801980198019802,0.0399848073720932,0.028903188183903694,0.8415841584158416,5.551115123125783e-17,False
rec2018-05-02_17h34m27.816s.wav,0,226,4,127,interior,0.5644444444444444,0.2623630166053772,1.0160000324249268,0.18726089596748352,0.2623630166053772,1.0160000324249268,0.19062770903110504,0.4399999976158142,0.24442747235298157,1.4010560787391224,0.00032139813993126154,0.0003286345745436847,0.036308348178863525,0.03587275743484497,0.9823008849557522,0.04854576662182808,0.04715752601623535,0.9823008849557522,0.06887692958116531,0.06943673640489578,0.9823008849557522,0.060928825289011,0.019901908934116364,0.8584070796460177,7.632783294297951e-17,False
rec2018-05-02_17h35m57.328s.wav,0,226,4,65,interior,0.28888888888888886,0.30258628726005554,0.5199999809265137,0.22257216274738312,0.30258628726005554,0.5199999809265137,0.22657521069049835,0.42399996519088745,0.23553918302059174,1.359497448041099,0.0001284171303268522,0.0004606710863299668,0.03940204530954361,0.03950289636850357,0.9823008849557522,0.06108471751213074,0.05598873272538185,0.9823008849557522,0.07643645256757736,0.07573045045137405,0.9823008849557522,0.03881360962986946,0.016756245866417885,0.8584070796460177,6.245004513516506e-17,False
rec2018-05-02_17h38m14.494s.wav,0,236,4,79,interior,0.33617021276595743,0.30815911293029785,0.6320000290870667,0.22314637899398804,0.30815911293029785,0.6320000290870667,0.22696760296821594,0.5359999537467957,0.2850874066352844,1.3809729484277233,0.0014130518538877368,0.0026087146252393723,0.02308599278330803,0.022339949384331703,0.9830508474576272,0.03357655555009842,0.03230574354529381,0.9830508474576272,0.06250990927219391,0.06086006388068199,0.9830508474576272,0.04095528647303581,0.020659126341342926,0.864406779661017,5.551115123125783e-17,False
rec2018-05-02_17h38m56.671s.wav,0,175,3,88,interior,0.5057471264367817,0.26213544607162476,0.7039999961853027,0.17028893530368805,0.26213544607162476,0.7039999961853027,0.173248752951622,0.13600003719329834,0.09714288264513016,1.5393568912985478,0.006883974652737379,0.0023867327254265547,0.036275386810302734,0.034965407103300095,0.9772727272727273,0.04632515832781792,0.045761480927467346,0.9772727272727273,0.08172669261693954,0.08010731637477875,0.9772727272727273,0.05638829618692398,0.013390891253948212,0.8181818181818182,8.326672684688674e-17,False
rec2018-05-02_17h40m15.391s.wav,0,195,3,56,interior,0.28865979381443296,0.2736712098121643,0.4480000138282776,0.1894250363111496,0.2736712098121643,0.4480000138282776,0.19075854122638702,0.8079999685287476,0.5179486870765686,1.4447467723465652,0.004361988976597786,0.10432613641023636,0.054495371878147125,0.053011175245046616,0.9795918367346939,0.10669304430484772,0.10731147974729538,0.9795918367346939,0.0927862673997879,0.09076075255870819,0.9795918367346939,0.0451679602265358,0.04068981111049652,0.8367346938775511,2.7755575615628914e-17,False
rec2018-05-02_17h40m35.031s.wav,0,269,3,85,interior,0.31716417910447764,0.24448059499263763,0.6800000071525574,0.16469913721084595,0.24448059499263763,0.6800000071525574,0.16655436158180237,0.6320000290870667,0.2936803102493286,1.484407260006811,0.004259645938873291,0.00031939405016601086,0.036241717636585236,0.034013815224170685,0.9851851851851852,0.0468122623860836,0.03900428116321564,0.9851851851851852,0.07910194247961044,0.07559368014335632,0.9851851851851852,0.05125163495540619,0.028469005599617958,0.8814814814814815,9.020562075079397e-17,False
rec2018-05-02_17h41m00.892s.wav,0,247,3,71,interior,0.2886178861788618,0.30160656571388245,0.5680000185966492,0.20219337940216064,0.30160656571388245,0.5680000185966492,0.20466898381710052,0.7520000338554382,0.3805668354034424,1.4916737956784922,0.0007305170292966068,0.0005925411242060363,0.030649779364466667,0.028562668710947037,0.9838709677419355,0.04168688505887985,0.03307154029607773,0.9838709677419355,0.07000067830085754,0.06828076392412186,0.9838709677419355,0.03760461136698723,0.021173106506466866,0.8709677419354839,6.591949208711867e-17,False
rec2018-05-02_17h42m58.720s.wav,0,211,3,148,interior,0.7047619047619048,0.2655431628227234,1.184000015258789,0.12781915068626404,0.2655431628227234,1.184000015258789,0.12960729002952576,0.12800002098083496,0.0758294016122818,2.0774912162771844,0.00011961676500504836,0.0009560384205542505,0.04929369315505028,0.04735371470451355,0.9811320754716981,0.04058033972978592,0.02873857691884041,0.9811320754716981,0.09240256249904633,0.09002583473920822,0.9811320754716981,0.060958217829465866,0.034028470516204834,0.8490566037735849,7.632783294297951e-17,False
rec2018-05-02_17h42m58.720s.wav,1,161,3,21,interior,0.13125,0.14185886085033417,0.1679999977350235,0.0815620943903923,0.14185886085033417,0.1679999977350235,0.08310677856206894,0.008000001311302185,0.006211181171238422,1.7392743762970926,0.00045086510363034904,0.000300502753816545,0.04213074594736099,0.041026677936315536,0.9753086419753086,0.09744128584861755,0.08821321278810501,0.9753086419753086,0.10508448630571365,0.10195539891719818,0.9753086419753086,0.04411788284778595,0.007597861345857382,0.8024691358024691,9.020562075079397e-17,False
rec2018-05-02_17h42m58.720s.wav,2,139,3,23,interior,0.16666666666666666,0.1831630915403366,0.18400000035762787,0.08753105252981186,0.1831630915403366,0.18400000035762787,0.0894501805305481,0.0,0.0,2.0925498579827293,0.0007549126166850328,0.0006821645074523985,0.049917254596948624,0.048479631543159485,0.9714285714285714,0.09038987010717392,0.08583216369152069,0.9714285714285714,0.1152195930480957,0.11209650337696075,0.9714285714285714,0.044610876590013504,0.012646079994738102,0.7714285714285715,5.551115123125783e-17,False
rec2018-05-03_09h32m11.296s.wav,0,210,4,88,interior,0.42105263157894735,0.2770542800426483,0.7039999961853027,0.19505739212036133,0.2770542800426483,0.7039999961853027,0.19844821095466614,0.8400000333786011,0.5023548007011414,1.4203731375209319,0.0011484995484352112,0.035385679453611374,0.05749019607901573,0.056157927960157394,0.9809523809523809,0.05334559828042984,0.050440896302461624,0.9809523809523809,0.09392410516738892,0.09375111013650894,0.9809523809523809,0.048360031098127365,0.02235984057188034,0.8476190476190476,6.245004513516506e-17,False
rec2018-05-03_09h32m39.426s.wav,0,178,4,134,interior,0.7570621468926554,0.323080450296402,1.0720000267028809,0.2081020623445511,0.323080450296402,1.0720000267028809,0.21284690499305725,0.032000064849853516,0.022596919909119606,1.5525096034919783,0.00022935817833058536,0.006423274055123329,0.024857448413968086,0.02468707412481308,0.9775280898876404,0.06071408838033676,0.0589945986866951,0.9775280898876404,0.08228085935115814,0.08208533376455307,0.9775280898876404,0.04373987019062042,0.01773080974817276,0.8202247191011236,8.673617379884035e-17,False
rec2018-05-03_09h32m52.456s.wav,0,153,3,93,interior,0.6118421052631579,0.332920640707016,0.7440000176429749,0.21635755896568298,0.332920640707016,0.7440000176429749,0.22067268192768097,0.328000009059906,0.2679738700389862,1.5387520653245186,0.003958472516387701,0.0023281900212168694,0.032170746475458145,0.030921895056962967,0.974025974025974,0.059664104133844376,0.05338394269347191,0.974025974025974,0.0870906338095665,0.08580741286277771,0.974025974025974,0.042380448430776596,0.023493319749832153,0.7922077922077922,9.71445146547012e-17,False
rec2018-05-03_09h33m56.681s.wav,0,202,4,41,interior,0.20398009950248755,0.28003767132759094,0.328000009059906,0.19188134372234344,0.28003767132759094,0.328000009059906,0.19531138241291046,0.7919999957084656,0.4924990236759186,1.4594314689228551,0.000722333847079426,0.018977519124746323,0.04080655425786972,0.03868834674358368,0.9801980198019802,0.045461058616638184,0.04551917314529419,0.9801980198019802,0.06820283830165863,0.06822272390127182,0.9801980198019802,0.0441926009953022,0.016859080642461777,0.8415841584158416,8.326672684688674e-17,False
rec2018-05-03_11h21m20.915s.wav,0,217,3,130,interior,0.6018518518518519,0.3184237778186798,1.0399999618530273,0.22711075842380524,0.3184237778186798,1.0399999618530273,0.23021067678928375,0.14400005340576172,0.08294934034347534,1.402063821320511,0.00010963522072415799,0.003307613078504801,0.03798235207796097,0.0372074693441391,0.981651376146789,0.07248084992170334,0.06337501853704453,0.981651376146789,0.08276703953742981,0.08171752840280533,0.981651376146789,0.043844159692525864,0.028319058939814568,0.8532110091743119,2.220446049250313e-16,False
rec2018-05-03_11h22m05.830s.wav,0,63,3,0,first,0.0,0.6258725523948669,0.0,0.27278852462768555,0.6258725523948669,0.0,0.26790934801101685,0.0,0.0,2.2943507365241516,0.514881432056427,0.39578431844711304,0.06398984789848328,0.05975323170423508,0.9375,0.04712414741516113,0.04709586873650551,0.9375,0.11023888736963272,0.1021205335855484,0.9375,0.06982304155826569,0.04036832973361015,0.5,8.326672684688674e-17,False
rec2018-05-03_11h22m05.830s.wav,1,73,3,50,interior,0.6944444444444444,0.4891667366027832,0.4000000059604645,0.4437894821166992,0.4891667366027832,0.4000000059604645,0.45067667961120605,0.47999998927116394,0.8219177722930908,1.1022495041334746,0.4718579053878784,0.19318053126335144,0.012409220449626446,0.011415562592446804,0.9459459459459459,0.011498765088617802,0.009143662638962269,0.9459459459459459,0.03431490436196327,0.030877280980348587,0.9459459459459459,0.03551466763019562,0.013021336868405342,0.5675675675675675,6.938893903907228e-17,False
rec2018-05-03_11h22m59.308s.wav,0,269,3,131,interior,0.48880597014925375,0.38824090361595154,1.0479999780654907,0.23516282439231873,0.38824090361595154,1.0479999780654907,0.23780310153961182,0.40800005197525024,0.18959110975265503,1.650945061657598,0.0002126928884536028,0.0013980513904243708,0.04217743128538132,0.04231845214962959,0.9851851851851852,0.04024031013250351,0.03965286910533905,0.9851851851851852,0.08230623602867126,0.08255813270807266,0.9851851851851852,0.04782846197485924,0.03561145067214966,0.8814814814814815,6.938893903907228e-17,False
rec2018-05-03_11h30m44.236s.wav,0,209,3,102,interior,0.49038461538461536,0.2950330674648285,0.8159999847412109,0.19928963482379913,0.2950330674648285,0.8159999847412109,0.20212969183921814,0.07999998331069946,0.04784687981009483,1.4804235439825078,0.0001335416454821825,0.0028056695591658354,0.04818948358297348,0.04828586429357529,0.9809523809523809,0.05855946242809296,0.05375400558114052,0.9809523809523809,0.09148631244897842,0.09212172776460648,0.9809523809523809,0.07636887580156326,0.03944048285484314,0.8476190476190476,8.326672684688674e-17,False
rec2018-05-03_11h31m05.117s.wav,0,235,3,63,interior,0.2692307692307692,0.29717814922332764,0.5040000081062317,0.21804431080818176,0.29717814922332764,0.5040000081062317,0.2207379788160324,0.6880000233650208,0.36595746874809265,1.3629254903365104,0.000862619373947382,0.004162684082984924,0.03209549933671951,0.03182683512568474,0.9830508474576272,0.04592442139983177,0.04356919229030609,0.9830508474576272,0.07549141347408295,0.07479090988636017,0.9830508474576272,0.05541601777076721,0.021912408992648125,0.864406779661017,6.938893903907228e-17,False
rec2018-05-03_11h31m22.631s.wav,0,229,3,8,interior,0.03508771929824561,0.3480932116508484,0.06400000303983688,0.24669410288333893,0.3480932116508484,0.06400000303983688,0.24988523125648499,0.008000001311302185,0.004366812761873007,1.4110317497757976,0.005190338008105755,0.004551478195935488,0.05055174231529236,0.04909978806972504,0.9826086956521739,0.03390403836965561,0.033550113439559937,0.9826086956521739,0.09801887720823288,0.09741895645856857,0.9826086956521739,0.049027565866708755,0.013239458203315735,0.8608695652173913,8.326672684688674e-17,False
rec2018-05-03_11h31m40.430s.wav,0,219,3,53,interior,0.24311926605504589,0.37799233198165894,0.42399999499320984,0.2467527985572815,0.37799233198165894,0.42399999499320984,0.25002458691596985,0.14399999380111694,0.08219178020954132,1.5318664436298637,0.004983376245945692,0.006401950493454933,0.040959253907203674,0.040509846061468124,0.9818181818181818,0.03379020094871521,0.032712120562791824,0.9818181818181818,0.07455338537693024,0.07496292144060135,0.9818181818181818,0.04803377762436867,0.025761859491467476,0.8545454545454545,7.632783294297951e-17,False
rec2018-05-03_11h32m00.868s.wav,0,229,3,47,interior,0.20614035087719298,0.2681905925273895,0.37599998712539673,0.19275279343128204,0.2681905925273895,0.37599998712539673,0.19527965784072876,1.3280000686645508,0.7248908877372742,1.3913707176596726,0.008183569647371769,0.0015163577627390623,0.04286075383424759,0.04304498806595802,0.9826086956521739,0.060942914336919785,0.060417089611291885,0.9826086956521739,0.09916643053293228,0.09962620586156845,0.9826086956521739,0.08421120792627335,0.04942934587597847,0.8608695652173913,9.020562075079397e-17,False
rec2018-05-03_11h33m06.158s.wav,0,229,3,71,interior,0.31140350877192985,0.32289811968803406,0.5680000185966492,0.24480605125427246,0.32289811968803406,0.5680000185966492,0.24797682464122772,1.0720000267028809,0.5851528644561768,1.3189956622136345,0.0002021339605562389,0.0016028130194172263,0.05073508992791176,0.05084928497672081,0.9826086956521739,0.05143393203616142,0.04881107434630394,0.9826086956521739,0.10172291845083237,0.10085578262805939,0.9826086956521739,0.05768539011478424,0.019265761598944664,0.8608695652173913,6.938893903907228e-17,False
rec2018-05-03_11h34m12.944s.wav,0,234,4,102,interior,0.43776824034334766,0.3713241517543793,0.8159999847412109,0.23923251032829285,0.3713241517543793,0.8159999847412109,0.24317564070224762,0.343999981880188,0.18453696370124817,1.5521475373260112,0.04640018194913864,0.00501553388312459,0.03886543586850166,0.03679007664322853,0.9829059829059829,0.03386615961790085,0.03318009525537491,0.9829059829059829,0.07898332923650742,0.07730358093976974,0.9829059829059829,0.04778309911489487,0.032604727894067764,0.8632478632478633,6.938893903907228e-17,False
rec2018-05-03_11h34m42.301s.wav,0,195,3,73,interior,0.37628865979381443,0.37172603607177734,0.5839999914169312,0.23134754598140717,0.37172603607177734,0.5839999914169312,0.23489850759506226,0.02399998903274536,0.015384608879685402,1.6067861644905974,0.02075215056538582,0.0034141193609684706,0.04071519896388054,0.03899330645799637,0.9795918367346939,0.040386687964200974,0.04063921794295311,0.9795918367346939,0.06963857263326645,0.07010647654533386,0.9795918367346939,0.04667307063937187,0.020450277253985405,0.8367346938775511,7.632783294297951e-17,False
rec2018-05-03_11h35m02.168s.wav,0,223,3,51,interior,0.22972972972972974,0.3272208869457245,0.40799999237060547,0.24115079641342163,0.3272208869457245,0.40799999237060547,0.2435808926820755,0.4560000002384186,0.2556053698062897,1.3569139800174945,0.0004988217842765152,0.0164322629570961,0.04040946811437607,0.039660319685935974,0.9821428571428571,0.0385504849255085,0.03857816010713577,0.9821428571428571,0.07748260349035263,0.07664352655410767,0.9821428571428571,0.04132889583706856,0.010060704313218594,0.8571428571428571,6.938893903907228e-17,False
rec2018-05-03_11h35m22.211s.wav,0,234,4,96,interior,0.41201716738197425,0.38921254873275757,0.7680000066757202,0.2500765025615692,0.38921254873275757,0.7680000066757202,0.2544017434120178,0.2640000581741333,0.1416214406490326,1.556373928561852,0.0037798124831169844,0.002361456397920847,0.04230467975139618,0.041169699281454086,0.9829059829059829,0.03369240462779999,0.03369774669408798,0.9829059829059829,0.08034475892782211,0.0793931782245636,0.9829059829059829,0.04505154490470886,0.03186134994029999,0.8632478632478633,9.020562075079397e-17,False
rec2018-05-03_11h35m39.758s.wav,0,215,3,115,interior,0.5373831775700935,0.3047162592411041,0.9200000166893005,0.2119770646095276,0.3047162592411041,0.9200000166893005,0.21494941413402557,0.3200000524520874,0.1860465407371521,1.437496362176761,0.00010777785792015493,0.0009021497098729014,0.04757986590266228,0.04651032015681267,0.9814814814814815,0.07384508848190308,0.06948729604482651,0.9814814814814815,0.09926589578390121,0.09802595525979996,0.9814814814814815,0.04900640249252319,0.020136404782533646,0.8518518518518519,1.1102230246251565e-16,False
rec2018-05-03_11h35m58.563s.wav,0,271,3,99,interior,0.36666666666666664,0.34656086564064026,0.7919999957084656,0.23233623802661896,0.34656086564064026,0.7919999957084656,0.23492246866226196,0.12799996137619019,0.05904057249426842,1.4916350053018181,0.0005610393709503114,0.0008188458741642535,0.029855122789740562,0.029613783583045006,0.9852941176470589,0.03622511029243469,0.035847097635269165,0.9852941176470589,0.07132362574338913,0.07118793576955795,0.9852941176470589,0.0431208498775959,0.015334954485297203,0.8823529411764706,9.020562075079397e-17,False
rec2018-05-03_11h36m16.780s.wav,0,239,3,82,interior,0.3445378151260504,0.3654688000679016,0.656000018119812,0.2220548689365387,0.3654688000679016,0.656000018119812,0.2248506098985672,0.03200000524520874,0.016736404970288277,1.6458490724306043,0.00016340980073437095,0.0016928554978221655,0.05497171729803085,0.05472376197576523,0.9833333333333333,0.05571753531694412,0.05102548003196716,0.9833333333333333,0.11218318343162537,0.11173060536384583,0.9833333333333333,0.06869665533304214,0.043973248451948166,0.8666666666666667,6.938893903907228e-17,False
rec2018-05-03_11h36m35.115s.wav,0,263,3,96,interior,0.366412213740458,0.3125169277191162,0.7680000066757202,0.23391510546207428,0.3125169277191162,0.7680000066757202,0.23657332360744476,0.41600000858306885,0.19771862030029297,1.3360271330138018,0.12780818343162537,0.0019453928107395768,0.04023414105176926,0.037864480167627335,0.9848484848484849,0.03842617943882942,0.03704891726374626,0.9848484848484849,0.08587922155857086,0.08358730375766754,0.9848484848484849,0.03684688359498978,0.012950129806995392,0.8787878787878788,8.326672684688674e-17,False
rec2018-05-03_11h36m53.106s.wav,0,248,4,85,interior,0.3441295546558704,0.3262957036495209,0.6800000071525574,0.2277277112007141,0.3262957036495209,0.6800000071525574,0.23142139613628387,0.20800000429153442,0.10525649785995483,1.4328326663852127,0.0004790217790286988,0.013773585669696331,0.03740840405225754,0.03740934282541275,0.9838709677419355,0.04427199438214302,0.04371725022792816,0.9838709677419355,0.08437719196081161,0.08470431715250015,0.9838709677419355,0.0647197887301445,0.03851860761642456,0.8709677419354839,3.469446951953614e-17,False
rec2018-05-03_11h37m11.955s.wav,0,244,4,116,interior,0.4773662551440329,0.31259018182754517,0.9279999732971191,0.23097197711467743,0.31259018182754517,0.9279999732971191,0.2347382754087448,0.7360000014305115,0.37857645750045776,1.353368429072867,0.0022695630323141813,0.0034125186502933502,0.026409437879920006,0.02600095234811306,0.9836065573770492,0.04214094951748848,0.0419672466814518,0.9836065573770492,0.07359012961387634,0.07258772104978561,0.9836065573770492,0.043545838445425034,0.010519902221858501,0.8688524590163934,1.1102230246251565e-16,False
rec2018-05-03_11h37m32.414s.wav,0,231,3,171,interior,0.7434782608695653,0.37499508261680603,1.3680000305175781,0.2450396716594696,0.37499508261680603,1.3680000305175781,0.24821439385414124,0.023999929428100586,0.01298697479069233,1.530344372718287,0.016009807586669922,0.0046043116599321365,0.03574451059103012,0.03523237258195877,0.9827586206896551,0.038550008088350296,0.03299781307578087,0.9827586206896551,0.07419722527265549,0.07181902974843979,0.9827586206896551,0.04492192715406418,0.023027470335364342,0.8620689655172413,2.220446049250313e-16,False
rec2018-05-03_11h37m50.903s.wav,0,232,4,51,interior,0.22077922077922077,0.35633349418640137,0.40799999237060547,0.22147731482982635,0.35633349418640137,0.40799999237060547,0.22522896528244019,0.1119999885559082,0.06060195714235306,1.6088938700570425,0.01196504570543766,0.0026568572502583265,0.033825188875198364,0.03353229910135269,0.9827586206896551,0.04447442293167114,0.043899137526750565,0.9827586206896551,0.08616288751363754,0.08620453625917435,0.9827586206896551,0.06125380098819733,0.0358453243970871,0.8620689655172413,6.245004513516506e-17,False
rec2018-05-03_11h38m07.740s.wav,0,225,3,165,interior,0.7366071428571429,0.2949896454811096,1.3200000524520874,0.21795699000358582,0.2949896454811096,1.3200000524520874,0.22083553671836853,0.8159999847412109,0.4533333480358124,1.353430534511678,0.0003416550753172487,0.00501560652628541,0.03546217828989029,0.035075824707746506,0.9823008849557522,0.0505531020462513,0.05031336098909378,0.9823008849557522,0.09425473213195801,0.0934104397892952,0.9823008849557522,0.05420982465147972,0.01913628727197647,0.8584070796460177,9.020562075079397e-17,False
rec2018-05-03_11h38m25.235s.wav,0,239,3,152,interior,0.6386554621848739,0.3315253257751465,1.215999960899353,0.2157948762178421,0.3315253257751465,1.215999960899353,0.21852390468120575,0.024000048637390137,0.01255232747644186,1.5362984125743375,0.004205168224871159,0.00074731808854267,0.03571079298853874,0.0330439917743206,0.9833333333333333,0.04130970314145088,0.04114815965294838,0.9833333333333333,0.081797756254673,0.08120254427194595,0.9833333333333333,0.040302105247974396,0.011825194582343102,0.8666666666666667,9.71445146547012e-17,False
rec2018-05-03_11h38m46.135s.wav,0,259,3,108,interior,0.4186046511627907,0.3216775953769684,0.8640000224113464,0.22322240471839905,0.3216775953769684,0.8640000224113464,0.22582533955574036,0.1600000262260437,0.07722008973360062,1.4410632112971506,0.002964411862194538,0.0023038284853100777,0.049221470952034,0.047945406287908554,0.9846153846153847,0.040510427206754684,0.03724721446633339,0.9846153846153847,0.09000150859355927,0.08981779217720032,0.9846153846153847,0.05671229958534241,0.036632612347602844,0.8769230769230769,8.326672684688674e-17,False
rec2018-05-03_11h39m04.979s.wav,0,223,3,77,interior,0.34684684684684686,0.29953789710998535,0.6159999966621399,0.19781191647052765,0.29953789710998535,0.6159999966621399,0.20042161643505096,0.13600003719329834,0.07623320072889328,1.5142560794845443,0.0003639589122030884,0.002080434700474143,0.03877668455243111,0.03633204847574234,0.9821428571428571,0.054175879806280136,0.05402379855513573,0.9821428571428571,0.07163317501544952,0.07201582193374634,0.9821428571428571,0.06017513573169708,0.030389638617634773,0.8571428571428571,8.326672684688674e-17,False
rec2018-05-03_11h39m23.236s.wav,0,237,3,70,interior,0.2966101694915254,0.3009570240974426,0.5600000023841858,0.19335567951202393,0.3009570240974426,0.5600000023841858,0.1957748979330063,0.1600000262260437,0.08438819646835327,1.5564943572227856,0.09134753048419952,0.0014579743146896362,0.06544188410043716,0.065409354865551,0.9831932773109243,0.05603964254260063,0.05595577135682106,0.9831932773109243,0.09307806938886642,0.0933704674243927,0.9831932773109243,0.0583815798163414,0.04887528344988823,0.865546218487395,6.938893903907228e-17,False
rec2018-05-03_11h39m41.633s.wav,0,211,3,131,interior,0.6238095238095238,0.40037575364112854,1.0479999780654907,0.27270013093948364,0.40037575364112854,1.0479999780654907,0.2758718729019165,0.40000003576278687,0.23696684837341309,1.4681905441768126,0.00020732273696921766,0.055403172969818115,0.03343794494867325,0.03317369520664215,0.9811320754716981,0.05681540071964264,0.051538486033678055,0.9811320754716981,0.0634092316031456,0.06160028651356697,0.9811320754716981,0.04899554327130318,0.04712887480854988,0.8490566037735849,7.632783294297951e-17,False
rec2018-05-03_11h40m00.485s.wav,0,224,4,164,interior,0.7354260089686099,0.3125542402267456,1.312000036239624,0.22326108813285828,0.3125542402267456,1.312000036239624,0.22729332745075226,0.6880000233650208,0.3856232166290283,1.399949462043071,0.000653817318379879,0.002235281514003873,0.033904556185007095,0.033931512385606766,0.9821428571428571,0.05864983797073364,0.058863185346126556,0.9821428571428571,0.07593999803066254,0.07513079047203064,0.9821428571428571,0.04716309532523155,0.011808350682258606,0.8571428571428571,9.71445146547012e-17,False
rec2018-05-03_11h40m20.470s.wav,0,231,3,86,interior,0.3739130434782609,0.2934504449367523,0.6880000233650208,0.21211965382099152,0.2934504449367523,0.6880000233650208,0.21490147709846497,0.8399999141693115,0.45454540848731995,1.3834194033919938,0.03694966435432434,0.0005432830657809973,0.025570299476385117,0.024050626903772354,0.9827586206896551,0.04738201946020126,0.045657362788915634,0.9827586206896551,0.0779389888048172,0.07677007466554642,0.9827586206896551,0.047256696969270706,0.020174425095319748,0.8620689655172413,6.245004513516506e-17,False
rec2018-05-03_11h40m45.441s.wav,0,213,3,112,interior,0.5283018867924528,0.2989303171634674,0.8960000276565552,0.21395733952522278,0.2989303171634674,0.8960000276565552,0.2169950157403946,0.4880000352859497,0.2863849997520447,1.3971491598596337,0.0003352867206558585,0.0021650742273777723,0.03448213264346123,0.03435059264302254,0.9813084112149533,0.045716848224401474,0.042772144079208374,0.9813084112149533,0.07496318966150284,0.07402291148900986,0.9813084112149533,0.044034428894519806,0.01389964111149311,0.8504672897196262,8.326672684688674e-17,False
rec2018-05-03_11h41m04.101s.wav,0,223,3,87,interior,0.3918918918918919,0.33026015758514404,0.6959999799728394,0.2218160629272461,0.33026015758514404,0.6959999799728394,0.22474968433380127,0.02399998903274536,0.013452908024191856,1.4888919820629345,0.027939096093177795,0.002634742297232151,0.05405854433774948,0.05350062623620033,0.9821428571428571,0.04391215741634369,0.03721201792359352,0.9821428571428571,0.08227377384901047,0.08024625480175018,0.9821428571428571,0.03820311650633812,0.01975245773792267,0.8571428571428571,9.020562075079397e-17,False
rec2018-05-03_11h41m23.831s.wav,0,212,4,79,interior,0.3744075829383886,0.3306342363357544,0.6320000290870667,0.23136743903160095,0.3306342363357544,0.6320000290870667,0.23579715192317963,0.2399999499320984,0.1421695351600647,1.429043938592393,0.013475529849529266,0.004015681333839893,0.031208215281367302,0.02975054644048214,0.9811320754716981,0.03875052183866501,0.03788219392299652,0.9811320754716981,0.062199901789426804,0.059578172862529755,0.9811320754716981,0.050237368792295456,0.01881546340882778,0.8490566037735849,5.551115123125783e-17,False
rec2018-05-03_11h41m45.507s.wav,0,212,4,107,interior,0.5071090047393365,0.5984951257705688,0.8560000061988831,0.26496943831443787,0.5984951257705688,0.8560000061988831,0.27005720138549805,0.13599997758865356,0.08056274056434631,2.2587326658417783,0.07238450646400452,0.0004222397692501545,0.06519604474306107,0.06298315525054932,0.9811320754716981,0.05983876436948776,0.05597766488790512,0.9811320754716981,0.09732761234045029,0.09451538324356079,0.9811320754716981,0.07941228896379471,0.07861310243606567,0.8490566037735849,8.326672684688674e-17,False
rec2018-05-03_11h42m07.338s.wav,0,227,3,90,interior,0.39823008849557523,0.2916272282600403,0.7200000286102295,0.21706679463386536,0.2916272282600403,0.7200000286102295,0.2198481261730194,0.7519999742507935,0.4140968918800354,1.34349073865461,0.00036539044231176376,0.002681009005755186,0.04228080436587334,0.04085668548941612,0.9824561403508771,0.04563821852207184,0.042137403041124344,0.9824561403508771,0.07743556797504425,0.07599267363548279,0.9824561403508771,0.0623544380068779,0.024072078987956047,0.8596491228070176,5.551115123125783e-17,False
rec2018-05-03_11h42m25.033s.wav,0,269,3,129,interior,0.48134328358208955,0.2759006917476654,1.031999945640564,0.1985510289669037,0.2759006917476654,1.031999945640564,0.2007094919681549,0.7999999523162842,0.3717471957206726,1.389570697181605,8.194943075068295e-05,0.0009995708242058754,0.03626248240470886,0.03527768328785896,0.9851851851851852,0.08179060369729996,0.08062117546796799,0.9851851851851852,0.09081956744194031,0.09059425443410873,0.9851851851851852,0.06038367748260498,0.02741878107190132,0.8814814814814815,8.326672684688674e-17,False
rec2018-05-03_11h42m42.981s.wav,0,235,3,121,interior,0.5170940170940171,0.2714921832084656,0.9679999947547913,0.20985299348831177,0.2714921832084656,0.9679999947547913,0.2123512327671051,1.055999994277954,0.5617021322250366,1.293725568053843,0.00028227470465935767,0.006550818216055632,0.04541816934943199,0.04418417438864708,0.9830508474576272,0.06008761003613472,0.055678173899650574,0.9830508474576272,0.08515394479036331,0.08313994109630585,0.9830508474576272,0.06502967327833176,0.025813542306423187,0.864406779661017,1.1102230246251565e-16,False
rec2018-05-03_11h43m01.074s.wav,0,231,3,122,interior,0.5304347826086957,0.28648993372917175,0.9760000109672546,0.1927609145641327,0.28648993372917175,0.9760000109672546,0.19528217613697052,0.11200004816055298,0.060606084764003754,1.486244939110075,0.00011154320964124054,0.0006920495652593672,0.05778962001204491,0.05764817073941231,0.9827586206896551,0.06069779023528099,0.056806229054927826,0.9827586206896551,0.1076231598854065,0.1081979051232338,0.9827586206896551,0.07975264638662338,0.04302436113357544,0.8620689655172413,9.020562075079397e-17,False
rec2018-05-03_11h43m19.240s.wav,0,200,4,103,interior,0.5175879396984925,0.3139626085758209,0.8240000009536743,0.20552732050418854,0.3139626085758209,0.8240000009536743,0.20971465110778809,0.328000009059906,0.2060139775276184,1.527595493414816,0.10600593686103821,0.0003364348958712071,0.046083737164735794,0.044453565031290054,0.98,0.04488614946603775,0.042883969843387604,0.98,0.054539754986763,0.05404133349657059,0.98,0.05632156506180763,0.030451258644461632,0.84,9.71445146547012e-17,False
rec2018-05-03_11h43m36.628s.wav,0,257,3,154,interior,0.6015625,0.27081242203712463,1.2319999933242798,0.19771502912044525,0.27081242203712463,1.2319999933242798,0.20003919303417206,1.087999939918518,0.5291828513145447,1.3697108572972947,0.0002461736148688942,0.0008320981869474053,0.044158801436424255,0.04402890056371689,0.9844961240310077,0.05402020364999771,0.05139604210853577,0.9844961240310077,0.08900976181030273,0.08930688351392746,0.9844961240310077,0.06345339864492416,0.026990104466676712,0.875968992248062,6.938893903907228e-17,False
rec2018-05-03_11h43m55.823s.wav,0,249,3,130,interior,0.5241935483870968,0.30996331572532654,1.0399999618530273,0.21775072813034058,0.30996331572532654,1.0399999618530273,0.2203514277935028,0.10399997234344482,0.05220882222056389,1.4234777462594275,0.0008756786701269448,0.0048749810084700584,0.038503773510456085,0.03753209486603737,0.984,0.04280417039990425,0.042852021753787994,0.984,0.06709428131580353,0.06752364337444305,0.984,0.05844315141439438,0.023792831227183342,0.872,2.220446049250313e-16,False
rec2018-05-03_11h48m01.012s.wav,0,214,4,188,interior,0.8826291079812206,0.31350916624069214,1.503999948501587,0.21684609353542328,0.31350916624069214,1.503999948501587,0.22092770040035248,0.015999913215637207,0.009388931095600128,1.4457681073672572,0.0022205126006156206,0.0028041834011673927,0.04896008223295212,0.04647630453109741,0.9813084112149533,0.05390643700957298,0.05237205699086189,0.9813084112149533,0.09971679002046585,0.09554455429315567,0.9813084112149533,0.06690435856580734,0.029964227229356766,0.8504672897196262,8.326672684688674e-17,False
rec2018-05-03_11h48m24.363s.wav,0,197,3,122,interior,0.6224489795918368,0.30024516582489014,0.9760000109672546,0.2040606141090393,0.30024516582489014,0.9760000109672546,0.20717164874076843,0.30399996042251587,0.192893385887146,1.4713528484455842,0.0001925572141772136,0.007737113628536463,0.05567729473114014,0.055230844765901566,0.9797979797979798,0.0758114904165268,0.0702691525220871,0.9797979797979798,0.1040724366903305,0.10369161516427994,0.9797979797979798,0.06184210628271103,0.025659775361418724,0.8383838383838383,5.551115123125783e-17,False
rec2018-05-03_11h48m41.938s.wav,0,226,4,122,interior,0.5422222222222223,0.31472283601760864,0.9760000109672546,0.21254484355449677,0.31472283601760864,0.9760000109672546,0.21633416414260864,0.08799999952316284,0.048885494470596313,1.4807361625637994,0.00023714105191174895,0.001955002546310425,0.04627055674791336,0.04641802981495857,0.9823008849557522,0.046741824597120285,0.0469786562025547,0.9823008849557522,0.10056578367948532,0.10112980008125305,0.9823008849557522,0.0647045448422432,0.023551637306809425,0.8584070796460177,8.326672684688674e-17,False
rec2018-05-03_11h48m59.604s.wav,0,248,4,178,interior,0.7206477732793523,0.26423996686935425,1.4240000247955322,0.20402030646800995,0.26423996686935425,1.4240000247955322,0.207314133644104,1.503999948501587,0.7610854506492615,1.2951650325590833,0.0001352604740532115,0.002311683725565672,0.03664860501885414,0.036638207733631134,0.9838709677419355,0.05065247416496277,0.045490484684705734,0.9838709677419355,0.08447898179292679,0.08421746641397476,0.9838709677419355,0.060454536229372025,0.020964365452528,0.8709677419354839,8.326672684688674e-17,False
rec2018-05-03_11h49m17.127s.wav,0,239,3,135,interior,0.5672268907563025,0.2696009874343872,1.0800000429153442,0.2032976597547531,0.2696009874343872,1.0800000429153442,0.20583540201187134,1.0,0.5230125784873962,1.3261391585108195,0.0008335899328812957,0.003250434994697571,0.04271780699491501,0.038382843136787415,0.9833333333333333,0.046501658856868744,0.046595748513936996,0.9833333333333333,0.09800561517477036,0.09611557424068451,0.9833333333333333,0.060315780341625214,0.0231384988874197,0.8666666666666667,5.551115123125783e-17,False
rec2018-05-03_11h49m34.678s.wav,0,222,4,69,interior,0.31221719457013575,0.26414287090301514,0.5519999861717224,0.19172760844230652,0.26414287090301514,0.5519999861717224,0.19522973895072937,1.055999994277954,0.5972428321838379,1.3776986686948602,0.0006185370148159564,0.0010601186659187078,0.04867054149508476,0.048513319343328476,0.9819819819819819,0.04763174429535866,0.04775163158774376,0.9819819819819819,0.0923398807644844,0.09296657890081406,0.9819819819819819,0.08070588856935501,0.03494862839579582,0.8558558558558559,6.245004513516506e-17,False
rec2018-05-03_11h49m54.056s.wav,0,217,3,36,interior,0.16666666666666666,0.2671033442020416,0.2879999876022339,0.20311471819877625,0.2671033442020416,0.2879999876022339,0.2059371918439865,0.07999998331069946,0.04608293995261192,1.3150368745835717,0.0007914071902632713,0.006123093422502279,0.050793349742889404,0.044326018542051315,0.981651376146789,0.04650574177503586,0.045864202082157135,0.981651376146789,0.10574380308389664,0.09322149306535721,0.981651376146789,0.07186666876077652,0.025431009009480476,0.8532110091743119,5.551115123125783e-17,False
rec2018-05-03_11h50m12.379s.wav,0,219,3,173,interior,0.7935779816513762,0.2557034194469452,1.3839999437332153,0.17754463851451874,0.2557034194469452,1.3839999437332153,0.17996159195899963,0.3679999113082886,0.21004562079906464,1.440220451523435,0.00018821965204551816,0.0030162546318024397,0.06021790951490402,0.0605725534260273,0.9818181818181818,0.057651519775390625,0.057742342352867126,0.9818181818181818,0.12631085515022278,0.12694625556468964,0.9818181818181818,0.09367211163043976,0.039226822555065155,0.8545454545454545,2.220446049250313e-16,False
rec2018-05-03_11h50m30.421s.wav,0,245,3,91,interior,0.3729508196721312,0.2545461058616638,0.7279999852180481,0.18736964464187622,0.2545461058616638,0.7279999852180481,0.18968281149864197,0.9920000433921814,0.5061224699020386,1.358523715771482,0.017672019079327583,0.00045302239595912397,0.04876287281513214,0.048953309655189514,0.983739837398374,0.052623432129621506,0.0478607639670372,0.983739837398374,0.09497503936290741,0.09553919732570648,0.983739837398374,0.06995736807584763,0.03446994721889496,0.8699186991869918,4.163336342344337e-17,False
rec2018-05-03_11h50m48.244s.wav,0,255,3,12,interior,0.047244094488188976,0.35843414068222046,0.09600000083446503,0.1902991235256195,0.35843414068222046,0.09600000083446503,0.19253478944301605,0.0,0.0,1.8835301710360497,0.00012377208622638136,0.002434841590002179,0.06051405891776085,0.06042502447962761,0.984375,0.05987709015607834,0.054795607924461365,0.984375,0.1329108327627182,0.13200703263282776,0.984375,0.08167299628257751,0.035223815590143204,0.875,5.551115123125783e-17,False
rec2018-05-03_11h51m07.128s.wav,0,301,3,90,interior,0.3,0.25481265783309937,0.7200000286102295,0.1927850991487503,0.25481265783309937,0.7200000286102295,0.19471943378448486,1.472000002861023,0.6112957000732422,1.3217445692547507,0.00020041687821503729,0.0009521605679765344,0.04386121779680252,0.04349688068032265,0.9867549668874173,0.04704638943076134,0.04468390345573425,0.9867549668874173,0.07942449301481247,0.07967665046453476,0.9867549668874173,0.05615934729576111,0.021662065759301186,0.8940397350993378,6.938893903907228e-17,False
rec2018-05-03_11h51m26.000s.wav,0,261,3,73,interior,0.28076923076923077,0.2670975923538208,0.5839999914169312,0.18524181842803955,0.2670975923538208,0.5839999914169312,0.18737313151359558,0.07999998331069946,0.03831416741013527,1.441886041825807,0.0001283604506170377,0.0014060329413041472,0.04685710743069649,0.0456489622592926,0.9847328244274809,0.05743677541613579,0.05097511410713196,0.9847328244274809,0.09500184655189514,0.09448578953742981,0.9847328244274809,0.05789954587817192,0.01795073226094246,0.8778625954198473,9.020562075079397e-17,False
rec2018-05-03_11h51m43.422s.wav,0,233,3,163,interior,0.7025862068965517,0.4002658426761627,1.3040000200271606,0.18505960702896118,0.4002658426761627,1.3040000200271606,0.18729539215564728,0.031999945640563965,0.017167354002594948,2.162902262153418,0.00013096972543280572,0.0054238783195614815,0.0735337883234024,0.07359103858470917,0.9829059829059829,0.05599920079112053,0.0534023642539978,0.9829059829059829,0.10741735994815826,0.10790207982063293,0.9829059829059829,0.09336382150650024,0.0623493567109108,0.8632478632478633,8.326672684688674e-17,False
rec2018-05-03_11h52m00.607s.wav,0,227,3,28,interior,0.12389380530973451,0.2594227194786072,0.2240000069141388,0.1860191524028778,0.2594227194786072,0.2240000069141388,0.18850283324718475,0.8399999737739563,0.46255505084991455,1.3946022015881079,0.0003827312611974776,0.0003537141892593354,0.031329523772001266,0.031009405851364136,0.9824561403508771,0.05227282643318176,0.052220311015844345,0.9824561403508771,0.0801667645573616,0.0807279422879219,0.9824561403508771,0.06749626994132996,0.029938388615846634,0.8596491228070176,6.938893903907228e-17,False
rec2018-05-03_11h52m17.833s.wav,0,241,3,179,interior,0.7458333333333333,0.2826216518878937,1.4320000410079956,0.1865088790655136,0.2826216518878937,1.4320000410079956,0.18878145515918732,0.07999992370605469,0.0414937362074852,1.5153254542300865,0.0034334410447627306,0.0010152882896363735,0.05354977771639824,0.05193489044904709,0.9834710743801653,0.05478677898645401,0.05239107087254524,0.9834710743801653,0.07218370586633682,0.07221075147390366,0.9834710743801653,0.05887496471405029,0.037774913012981415,0.8677685950413223,9.020562075079397e-17,False
rec2018-05-03_11h52m35.208s.wav,0,197,3,97,interior,0.49489795918367346,0.27650177478790283,0.7760000228881836,0.19285210967063904,0.27650177478790283,0.7760000228881836,0.19582752883434296,0.6720000505447388,0.426395982503891,1.4337503243294782,0.00868004560470581,0.00036622086190618575,0.03868105262517929,0.03584302216768265,0.9797979797979798,0.048368893563747406,0.047849446535110474,0.9797979797979798,0.09012091159820557,0.08779537677764893,0.9797979797979798,0.06333807110786438,0.017191728577017784,0.8383838383838383,9.020562075079397e-17,False
rec2018-05-03_15h21m36.500s.wav,0,275,3,38,interior,0.1386861313868613,0.2358049899339676,0.30399999022483826,0.16004538536071777,0.2358049899339676,0.30399999022483826,0.16180038452148438,0.5199999809265137,0.23636361956596375,1.4733632550697995,0.0016714915400370955,0.0013174768537282944,0.041991882026195526,0.039879485964775085,0.9855072463768116,0.040345266461372375,0.039402950555086136,0.9855072463768116,0.08738783746957779,0.08479280769824982,0.9855072463768116,0.04651849344372749,0.015454869717359543,0.8840579710144928,9.020562075079397e-17,False
rec2018-05-03_15h23m24.541s.wav,0,247,3,34,interior,0.13821138211382114,0.2061322182416916,0.2720000147819519,0.12290886789560318,0.2061322182416916,0.2720000147819519,0.12400594353675842,0.02399998903274536,0.01214574370533228,1.6771142861455448,0.00552383391186595,0.0037661525420844555,0.042958978563547134,0.041807759553194046,0.9838709677419355,0.04333681985735893,0.04289420694112778,0.9838709677419355,0.08834683895111084,0.08494620025157928,0.9838709677419355,0.07398191094398499,0.03369736298918724,0.8709677419354839,8.326672684688674e-17,False
rec2018-05-03_15h24m03.886s.wav,0,247,3,113,interior,0.45934959349593496,0.1907760053873062,0.9039999842643738,0.12189655005931854,0.1907760053873062,0.9039999842643738,0.12339276075363159,0.5520000457763672,0.27935224771499634,1.565064846334608,0.0031372036319226027,0.00017494660278316587,0.031890466809272766,0.031891126185655594,0.9838709677419355,0.07081213593482971,0.06735636293888092,0.9838709677419355,0.07376988232135773,0.07217181473970413,0.9838709677419355,0.06334835290908813,0.029900405555963516,0.8709677419354839,6.938893903907228e-17,False
rec2018-05-03_15h24m37.045s.wav,0,207,3,45,interior,0.21844660194174756,0.2261340618133545,0.36000001430511475,0.13860034942626953,0.2261340618133545,0.36000001430511475,0.1405538022518158,0.2639999985694885,0.15942028164863586,1.6315547742081977,0.003671680809929967,0.0024322494864463806,0.03777354955673218,0.03717200830578804,0.9807692307692307,0.05684218183159828,0.055838871747255325,0.9807692307692307,0.0834014043211937,0.07915458083152771,0.9807692307692307,0.07069145143032074,0.03298133611679077,0.8461538461538461,8.326672684688674e-17,False
rec2018-05-03_15h25m08.571s.wav,0,208,4,86,interior,0.41545893719806765,0.25293371081352234,0.6880000233650208,0.144761860370636,0.25293371081352234,0.6880000233650208,0.14759014546871185,0.0480000376701355,0.02898334339261055,1.7472399854901859,0.006587428040802479,0.0002841181412804872,0.03603030741214752,0.03387345001101494,0.9807692307692307,0.05952209606766701,0.05922714248299599,0.9807692307692307,0.08062731474637985,0.07834029197692871,0.9807692307692307,0.06366272270679474,0.020739631727337837,0.8461538461538461,5.551115123125783e-17,False
rec2018-05-03_15h27m21.669s.wav,0,201,3,49,interior,0.245,0.2227666825056076,0.3919999897480011,0.15198834240436554,0.2227666825056076,0.3919999897480011,0.1542525440454483,0.3839999735355377,0.23880594968795776,1.4656826897482442,0.00012186151434434578,0.003778262296691537,0.02721661515533924,0.02664216235280037,0.9801980198019802,0.07648193836212158,0.061126403510570526,0.9801980198019802,0.07648259401321411,0.07638303190469742,0.9801980198019802,0.0599144883453846,0.012648720294237137,0.8415841584158416,8.326672684688674e-17,False
rec2018-05-03_15h27m45.362s.wav,0,189,3,36,interior,0.19148936170212766,0.28715062141418457,0.2879999876022339,0.14483244717121124,0.28715062141418457,0.2879999876022339,0.14703941345214844,0.008000016212463379,0.005291016306728125,1.9826401267302642,0.0002970814239233732,0.004551128018647432,0.03654264658689499,0.036621782928705215,0.9789473684210527,0.061112239956855774,0.059530824422836304,0.9789473684210527,0.0784127339720726,0.07556498050689697,0.9789473684210527,0.07252345979213715,0.03320728614926338,0.8315789473684211,9.020562075079397e-17,False
rec2018-05-03_15h28m15.159s.wav,0,204,4,71,interior,0.3497536945812808,0.2117338627576828,0.5680000185966492,0.134369894862175,0.2117338627576828,0.5680000185966492,0.1370522379875183,0.7520000338554382,0.4630185663700104,1.5757537279824552,0.007254644297063351,0.00022826110944151878,0.03989825397729874,0.03913049027323723,0.9803921568627451,0.06404411792755127,0.06254062801599503,0.9803921568627451,0.053589850664138794,0.04842929169535637,0.9803921568627451,0.08693937212228775,0.047200899571180344,0.8431372549019608,9.71445146547012e-17,False
rec2018-05-03_15h28m42.685s.wav,0,213,3,38,interior,0.1792452830188679,0.7020707726478577,0.30399999022483826,0.19678464531898499,0.7020707726478577,0.30399999022483826,0.1995922327041626,0.008000016212463379,0.00469484506174922,3.567711146923132,0.0008153262897394598,0.0002840220695361495,0.05504007637500763,0.05551121383905411,0.9813084112149533,0.06088479980826378,0.05979057401418686,0.9813084112149533,0.08433929085731506,0.08180536329746246,0.9813084112149533,0.06513534486293793,0.04731365293264389,0.8504672897196262,8.326672684688674e-17,False
rec2018-05-03_15h29m02.811s.wav,0,207,3,50,interior,0.24271844660194175,0.2576378285884857,0.4000000059604645,0.14493387937545776,0.2576378285884857,0.4000000059604645,0.1463606059551239,0.14399999380111694,0.08695651590824127,1.7776232147975788,0.0004865833034273237,0.005229705944657326,0.07227557897567749,0.07280077785253525,0.9807692307692307,0.057449646294116974,0.05669200420379639,0.9807692307692307,0.11323849856853485,0.11343618482351303,0.9807692307692307,0.0971711203455925,0.06791550666093826,0.8461538461538461,9.71445146547012e-17,False
rec2018-05-03_15h29m32.895s.wav,0,208,4,43,interior,0.20772946859903382,0.19682061672210693,0.3440000116825104,0.12016941606998444,0.19682061672210693,0.3440000116825104,0.12252093106508255,0.04000002145767212,0.024152779951691628,1.637859475055469,0.00010706666944315657,0.0002736297610681504,0.0401255302131176,0.039675723761320114,0.9807692307692307,0.07020068168640137,0.06557370722293854,0.9807692307692307,0.049287036061286926,0.04923972487449646,0.9807692307692307,0.09488274157047272,0.04646661877632141,0.8461538461538461,6.938893903907228e-17,False
rec2018-05-03_15h29m50.911s.wav,0,193,3,64,interior,0.3333333333333333,0.24412879347801208,0.5120000243186951,0.14521421492099762,0.24412879347801208,0.5120000243186951,0.1475013941526413,0.1199999749660492,0.07772018760442734,1.6811631947383938,0.00010760895384009928,0.00030282424995675683,0.056651413440704346,0.05707867071032524,0.979381443298969,0.0816328153014183,0.07546906173229218,0.979381443298969,0.08851083368062973,0.08848096430301666,0.979381443298969,0.07599355280399323,0.03337565064430237,0.8350515463917526,8.326672684688674e-17,False
rec2018-05-03_15h30m09.333s.wav,0,235,3,77,interior,0.32905982905982906,0.23302260041236877,0.6159999966621399,0.14817661046981812,0.23302260041236877,0.6159999966621399,0.15008722245693207,0.20800000429153442,0.11063829809427261,1.5726004237344382,0.0004456629394553602,0.0002708367828745395,0.036082230508327484,0.03505038842558861,0.9830508474576272,0.06166024133563042,0.06079158931970596,0.9830508474576272,0.0932580903172493,0.09045307338237762,0.9830508474576272,0.061359357088804245,0.02177911251783371,0.864406779661017,8.326672684688674e-17,False
rec2018-05-03_15h30m28.140s.wav,0,195,3,45,interior,0.23195876288659795,0.22950756549835205,0.36000001430511475,0.15144678950309753,0.22950756549835205,0.36000001430511475,0.15379948914051056,0.4079999625682831,0.26153844594955444,1.5154336797192913,0.0003104001225437969,0.0017848218558356166,0.03358934447169304,0.032112836837768555,0.9795918367346939,0.05662117898464203,0.05467238649725914,0.9795918367346939,0.08281923085451126,0.08284453302621841,0.9795918367346939,0.06967641413211823,0.02248065359890461,0.8367346938775511,5.551115123125783e-17,False
rec2018-05-03_15h30m45.469s.wav,0,205,3,74,interior,0.3627450980392157,0.2255694717168808,0.5920000076293945,0.14676398038864136,0.2255694717168808,0.5920000076293945,0.1489391326904297,0.5199999213218689,0.31707313656806946,1.536953897813053,0.010721190832555294,0.0003408448537811637,0.03939968720078468,0.038695886731147766,0.9805825242718447,0.05665573477745056,0.055583853274583817,0.9805825242718447,0.07052336633205414,0.07107722759246826,0.9805825242718447,0.06631825119256973,0.021122414618730545,0.8446601941747572,8.326672684688674e-17,False
rec2018-05-03_15h31m15.084s.wav,0,191,3,104,interior,0.5473684210526316,0.21625779569149017,0.8320000171661377,0.12793733179569244,0.21625779569149017,0.8320000171661377,0.12997160851955414,0.0480000376701355,0.03141363710165024,1.6903416122265216,0.00012109786621294916,0.0003452669770922512,0.04742629826068878,0.04777701944112778,0.9791666666666666,0.07860995829105377,0.07631321251392365,0.9791666666666666,0.08348584175109863,0.08398539572954178,0.9791666666666666,0.08447794616222382,0.039276283234357834,0.8333333333333334,8.326672684688674e-17,False
rec2018-05-03_15h31m38.884s.wav,0,205,3,99,interior,0.4852941176470588,0.22173963487148285,0.7919999957084656,0.13667164742946625,0.22173963487148285,0.7919999957084656,0.13869556784629822,0.2160000205039978,0.1317073255777359,1.6224260045297152,0.01125197485089302,0.00022822922619525343,0.03810322284698486,0.037643931806087494,0.9805825242718447,0.07069718092679977,0.07023575156927109,0.9805825242718447,0.0704108327627182,0.0669202134013176,0.9805825242718447,0.0756191685795784,0.03067215159535408,0.8446601941747572,6.938893903907228e-17,False
rec2018-05-03_15h31m59.455s.wav,0,223,3,30,interior,0.13513513513513514,0.24484799802303314,0.23999999463558197,0.1466095894575119,0.24484799802303314,0.23999999463558197,0.148604154586792,0.01600000262260437,0.008968611247837543,1.6700680966983483,0.00019785008043982089,0.0007686236640438437,0.031451255083084106,0.03167516365647316,0.9821428571428571,0.07920711487531662,0.07571873068809509,0.9821428571428571,0.08160422742366791,0.08207781612873077,0.9821428571428571,0.06472755968570709,0.03958641737699509,0.8571428571428571,9.71445146547012e-17,False
rec2018-05-03_15h32m17.555s.wav,0,203,3,104,interior,0.5148514851485149,0.21929942071437836,0.8320000171661377,0.14858534932136536,0.21929942071437836,0.8320000171661377,0.15080681443214417,0.343999981880188,0.21182265877723694,1.475915503890429,0.00015552787226624787,0.000552558631170541,0.035111892968416214,0.03515605255961418,0.9803921568627451,0.07755621522665024,0.07248536497354507,0.9803921568627451,0.07257812470197678,0.07206746190786362,0.9803921568627451,0.07918361574411392,0.03267454728484154,0.8431372549019608,6.938893903907228e-17,False
rec2018-05-03_15h32m35.669s.wav,0,211,3,125,interior,0.5952380952380952,0.19559083878993988,1.0,0.1320054829120636,0.19559083878993988,1.0,0.1339004784822464,0.6239999532699585,0.36966821551322937,1.4816872335540345,0.025518342852592468,0.0003208770358469337,0.03568655997514725,0.03515749052166939,0.9811320754716981,0.05682069808244705,0.05625693127512932,0.9811320754716981,0.08585163205862045,0.08515357226133347,0.9811320754716981,0.06916218996047974,0.021256178617477417,0.8490566037735849,8.326672684688674e-17,False
rec2018-05-03_15h33m11.807s.wav,0,183,3,70,interior,0.38461538461538464,0.37600192427635193,0.5600000023841858,0.17802879214286804,0.37600192427635193,0.5600000023841858,0.18098409473896027,0.09600001573562622,0.0655737817287445,2.1120287328277243,0.0001273360539926216,0.0005263936473056674,0.05758712440729141,0.057990532368421555,0.9782608695652174,0.07832362502813339,0.07524140924215317,0.9782608695652174,0.08833754807710648,0.08872634917497635,0.9782608695652174,0.08574175834655762,0.08395278453826904,0.8260869565217391,9.71445146547012e-17,False
rec2018-05-03_15h33m29.486s.wav,0,185,3,101,interior,0.5489130434782609,0.24595846235752106,0.8080000281333923,0.16565237939357758,0.24595846235752106,0.8080000281333923,0.16837552189826965,0.5120000243186951,0.34594595432281494,1.4847867761267846,0.0035395401064306498,0.00033434139913879335,0.03374122083187103,0.034001510590314865,0.978494623655914,0.044297367334365845,0.04433057829737663,0.978494623655914,0.07820755988359451,0.0781521275639534,0.978494623655914,0.057031210511922836,0.022709336131811142,0.8279569892473119,8.326672684688674e-17,False
rec2018-05-03_15h33m51.966s.wav,0,211,3,60,interior,0.2857142857142857,0.19398833811283112,0.47999998927116394,0.13315808773040771,0.19398833811283112,0.47999998927116394,0.1350650042295456,0.4320000410079956,0.25592419505119324,1.45682730519216,0.00021194753935560584,0.00039046179153956473,0.060622382909059525,0.06011779233813286,0.9811320754716981,0.06586221605539322,0.06435207277536392,0.9811320754716981,0.09884510189294815,0.09825070947408676,0.9811320754716981,0.08838244527578354,0.03539629280567169,0.8490566037735849,5.551115123125783e-17,False
rec2018-05-03_15h34m13.707s.wav,0,209,3,136,interior,0.6538461538461539,0.24265944957733154,1.0880000591278076,0.16760946810245514,0.24265944957733154,1.0880000591278076,0.17004422843456268,0.5919999480247498,0.35406693816185,1.447766956870243,0.00012302029062993824,0.00035865255631506443,0.041912440210580826,0.04171799495816231,0.9809523809523809,0.07238639146089554,0.06515958160161972,0.9809523809523809,0.08883511275053024,0.08827254921197891,0.9809523809523809,0.06019909679889679,0.014143401756882668,0.8476190476190476,9.020562075079397e-17,False
rec2018-05-03_15h34m32.131s.wav,0,181,3,93,interior,0.5166666666666667,0.3762296140193939,0.7440000176429749,0.17769451439380646,0.3762296140193939,0.7440000176429749,0.1806776076555252,0.008000016212463379,0.0055248732678592205,2.1172832222923557,0.00016637722728773952,0.0004965521511621773,0.04656382277607918,0.046760644763708115,0.978021978021978,0.08771047741174698,0.08549422025680542,0.978021978021978,0.09509322047233582,0.09446705132722855,0.978021978021978,0.065149687230587,0.022250335663557053,0.8241758241758241,8.326672684688674e-17,False
rec2018-05-03_15h35m02.114s.wav,0,177,3,73,interior,0.4147727272727273,0.29232603311538696,0.5839999914169312,0.17198225855827332,0.29232603311538696,0.5839999914169312,0.17494206130504608,0.13599997758865356,0.09604518115520477,1.6997452851588013,0.00013139957445673645,0.0016996926860883832,0.06694094091653824,0.06730307638645172,0.9775280898876404,0.09155548363924026,0.08471231162548065,0.9775280898876404,0.10094277560710907,0.1007351502776146,0.9775280898876404,0.05714685469865799,0.028099989518523216,0.8202247191011236,9.020562075079397e-17,False
rec2018-05-03_15h35m21.837s.wav,0,194,4,59,interior,0.30569948186528495,0.2534911036491394,0.47200000286102295,0.16845223307609558,0.2534911036491394,0.47200000286102295,0.17199422419071198,0.35200002789497375,0.22796083986759186,1.5048248338425343,0.0020902296528220177,0.00024190264230128378,0.043052978813648224,0.042598068714141846,0.979381443298969,0.07861816138029099,0.0688658207654953,0.979381443298969,0.09506023675203323,0.09363320469856262,0.979381443298969,0.052181441336870193,0.01581953838467598,0.8350515463917526,9.020562075079397e-17,False
rec2018-05-03_15h35m44.100s.wav,0,215,3,152,interior,0.7102803738317757,0.22693249583244324,1.215999960899353,0.1602076292037964,0.22693249583244324,1.215999960899353,0.16246888041496277,0.7519999742507935,0.43720927834510803,1.416489944706489,0.00046742495032958686,0.00032637405092827976,0.03766699507832527,0.028030894696712494,0.9814814814814815,0.058415573090314865,0.0555984228849411,0.9814814814814815,0.09717762470245361,0.08961324393749237,0.9814814814814815,0.05792408436536789,0.01496573630720377,0.8518518518518519,9.020562075079397e-17,False
rec2018-05-03_15h36m09.330s.wav,0,189,3,68,interior,0.3617021276595745,0.28708499670028687,0.5440000295639038,0.15690264105796814,0.28708499670028687,0.5440000295639038,0.15943005681037903,0.07199996709823608,0.04761902615427971,1.829701493642943,0.00014324174844659865,0.00015642584185115993,0.06402741372585297,0.06106555834412575,0.9789473684210527,0.05635988339781761,0.05168918892741203,0.9789473684210527,0.11659704148769379,0.10919170826673508,0.9789473684210527,0.06748025119304657,0.03236640989780426,0.8315789473684211,8.326672684688674e-17,False
rec2018-05-03_15h36m33.401s.wav,0,173,3,76,interior,0.4418604651162791,0.356717586517334,0.6079999804496765,0.15043528378009796,0.356717586517334,0.6079999804496765,0.15308545529842377,0.03200000524520874,0.023121392354369164,2.371236172484466,0.00012388959294185042,0.00020204395696055144,0.05760269612073898,0.057265978306531906,0.9770114942528736,0.0966176837682724,0.08648655563592911,0.9770114942528736,0.0960211306810379,0.09571948647499084,0.9770114942528736,0.06645895540714264,0.0566844679415226,0.8160919540229885,8.326672684688674e-17,False
rec2018-05-03_15h39m20.550s.wav,0,220,4,61,interior,0.2785388127853881,0.20848578214645386,0.4880000054836273,0.1394958198070526,0.20848578214645386,0.4880000054836273,0.14206917583942413,0.03999999165534973,0.022829417139291763,1.4945665213110082,0.00010976787598337978,0.0021828936878591776,0.03370831906795502,0.03382866829633713,0.9818181818181818,0.07988998293876648,0.07482539862394333,0.9818181818181818,0.06790807843208313,0.06732188910245895,0.9818181818181818,0.06896065920591354,0.031628064811229706,0.8545454545454545,8.326672684688674e-17,False
rec2018-05-03_15h39m43.079s.wav,0,179,3,75,interior,0.42134831460674155,0.20553943514823914,0.6000000238418579,0.138623908162117,0.20553943514823914,0.6000000238418579,0.14095383882522583,0.41600000858306885,0.29050278663635254,1.482712743229445,0.00021089790971018374,0.0015296924393624067,0.04110490903258324,0.03773530200123787,0.9777777777777777,0.06271570920944214,0.05841691419482231,0.9777777777777777,0.06638750433921814,0.06449491530656815,0.9777777777777777,0.07545822858810425,0.019448690116405487,0.8222222222222222,4.163336342344337e-17,False
rec2018-05-03_15h40m01.822s.wav,0,205,3,29,interior,0.14215686274509803,0.21610362827777863,0.23199999332427979,0.13116203248500824,0.21610362827777863,0.23199999332427979,0.13310649991035461,0.0,0.0,1.6476081087145336,0.00013404469063971192,0.000366722175385803,0.032334648072719574,0.032611183822155,0.9805825242718447,0.07500815391540527,0.06893566250801086,0.9805825242718447,0.04970533773303032,0.05014842003583908,0.9805825242718447,0.07901125401258469,0.028650473803281784,0.8446601941747572,8.326672684688674e-17,False
rec2018-05-03_15h40m28.424s.wav,0,214,4,48,interior,0.22535211267605634,0.17598295211791992,0.3840000033378601,0.11882657557725906,0.17598295211791992,0.3840000033378601,0.1210850328207016,0.11200001835823059,0.06572289019823074,1.481006679381236,0.00023211735242512077,0.0003512733383104205,0.047217901796102524,0.04677905887365341,0.9813084112149533,0.06311958283185959,0.06274725496768951,0.9813084112149533,0.07222887873649597,0.07286316156387329,0.9813084112149533,0.09978614002466202,0.04955112934112549,0.8504672897196262,8.326672684688674e-17,False
rec2018-05-03_15h40m49.846s.wav,0,199,3,63,interior,0.3181818181818182,0.19610901176929474,0.5040000081062317,0.1288943886756897,0.19610901176929474,0.5040000081062317,0.13085612654685974,0.13600003719329834,0.08542715758085251,1.5214705138384519,0.00018052427913062274,0.000455676723504439,0.04685838147997856,0.04695728421211243,0.98,0.07271821796894073,0.06723330169916153,0.98,0.06990140676498413,0.0703713446855545,0.98,0.10242822766304016,0.05981593206524849,0.84,6.245004513516506e-17,False
rec2018-05-03_15h41m19.370s.wav,0,221,3,30,interior,0.13636363636363635,0.20151309669017792,0.23999999463558197,0.13439226150512695,0.20151309669017792,0.23999999463558197,0.1362379640340805,1.0080000162124634,0.570135772228241,1.499439732863565,0.00011023088882211596,0.00019601196981966496,0.02697724848985672,0.02696368843317032,0.9819819819819819,0.07436252385377884,0.07316997647285461,0.9819819819819819,0.05823958292603493,0.05846020206809044,0.9819819819819819,0.0773225799202919,0.05383927375078201,0.8558558558558559,8.326672684688674e-17,False
rec2018-05-03_15h41m44.230s.wav,0,217,3,69,interior,0.3194444444444444,0.17032822966575623,0.5519999861717224,0.12017941474914551,0.17032822966575623,0.5519999861717224,0.12186162173748016,1.184000015258789,0.6820276975631714,1.4172829017455943,0.0025029696989804506,0.00019398776930756867,0.04340840131044388,0.04132550209760666,0.981651376146789,0.07037369161844254,0.06789568811655045,0.981651376146789,0.09096572548151016,0.08750506490468979,0.981651376146789,0.08146192878484726,0.04802507534623146,0.8532110091743119,7.632783294297951e-17,False
rec2018-05-03_15h42m04.570s.wav,0,201,3,148,interior,0.74,0.2083827257156372,1.184000015258789,0.1449500322341919,0.2083827257156372,1.184000015258789,0.14714092016220093,0.36000001430511475,0.2238806039094925,1.4376176569520096,0.0006991284899413586,0.00023841095389798284,0.033872831612825394,0.03259965404868126,0.9801980198019802,0.06583115458488464,0.06508316099643707,0.9801980198019802,0.07927083224058151,0.07787478715181351,0.9801980198019802,0.07952669262886047,0.028985438868403435,0.8415841584158416,9.71445146547012e-17,False
rec2018-05-03_15h42m24.025s.wav,0,218,4,61,interior,0.28110599078341014,0.23167510330677032,0.4880000054836273,0.13433955609798431,0.23167510330677032,0.4880000054836273,0.13684695959091187,0.12800002098083496,0.07372742146253586,1.7245486737933808,0.00010643620771588758,0.0010717263212427497,0.05689357966184616,0.05704081803560257,0.981651376146789,0.05704819783568382,0.05303740128874779,0.981651376146789,0.07969442754983902,0.07812995463609695,0.981651376146789,0.0889161229133606,0.05244571715593338,0.8532110091743119,6.245004513516506e-17,False
rec2018-05-03_15h42m44.455s.wav,0,234,4,179,interior,0.7682403433476395,0.16374021768569946,1.4320000410079956,0.10965155065059662,0.16374021768569946,1.4320000410079956,0.11155128479003906,0.023999929428100586,0.012874634936451912,1.4932777212376662,0.0016836627619341016,0.0003644932876341045,0.02824512869119644,0.02772822044789791,0.9829059829059829,0.04439857229590416,0.043200019747018814,0.9829059829059829,0.05866936594247818,0.05735519155859947,0.9829059829059829,0.05916276574134827,0.017306048423051834,0.8632478632478633,8.326672684688674e-17,False
rec2018-05-03_15h44m07.780s.wav,0,209,3,32,interior,0.15384615384615385,0.20518985390663147,0.25600001215934753,0.14866119623184204,0.20518985390663147,0.25600001215934753,0.15072353184223175,0.4880000054836273,0.2918660342693329,1.3802515996617646,0.0001225016894750297,0.001375375548377633,0.022340629249811172,0.022151390090584755,0.9809523809523809,0.07709510624408722,0.07060659676790237,0.9809523809523809,0.06408178061246872,0.06084228679537773,0.9809523809523809,0.06908649206161499,0.026727084070444107,0.8476190476190476,9.71445146547012e-17,False
rec2018-05-03_15h44m27.242s.wav,0,172,4,29,interior,0.1695906432748538,0.22570282220840454,0.23199999332427979,0.14208362996578217,0.22570282220840454,0.23199999332427979,0.14546261727809906,0.02399998903274536,0.017542248591780663,1.5885209454654297,0.0006269318982958794,0.0002471102343406528,0.047686152160167694,0.04014801234006882,0.9767441860465116,0.06848147511482239,0.06387137621641159,0.9767441860465116,0.09676546603441238,0.08377890288829803,0.9767441860465116,0.08699719607830048,0.040199894458055496,0.813953488372093,9.71445146547012e-17,False
rec2018-05-03_15h44m47.231s.wav,0,248,4,44,interior,0.17813765182186234,0.1909617930650711,0.35199999809265137,0.12471500784158707,0.1909617930650711,0.35199999809265137,0.12668676674365997,0.43199998140335083,0.21860964596271515,1.5311853510656124,0.00011637953139143065,0.008685833774507046,0.03823309391736984,0.03428962826728821,0.9838709677419355,0.07429495453834534,0.06890194863080978,0.9838709677419355,0.08882495760917664,0.08555269986391068,0.9838709677419355,0.07115799933671951,0.035608887672424316,0.8709677419354839,6.938893903907228e-17,False
rec2018-05-03_15h45m14.147s.wav,0,235,3,200,interior,0.8547008547008547,0.19362017512321472,1.600000023841858,0.13413986563682556,0.19362017512321472,1.600000023841858,0.13587191700935364,0.08800005912780762,0.04680854082107544,1.443420076529881,0.0010785596678033471,0.00019140126823913306,0.027860622853040695,0.02720530517399311,0.9830508474576272,0.055660929530858994,0.05206659808754921,0.9830508474576272,0.07699991762638092,0.07367749512195587,0.9830508474576272,0.0547022819519043,0.025951171293854713,0.864406779661017,9.367506770274758e-17,False
rec2018-05-03_15h46m16.542s.wav,0,189,3,81,interior,0.4308510638297872,0.19023814797401428,0.6480000019073486,0.12085794657468796,0.19023814797401428,0.6480000019073486,0.12280409038066864,0.2399999499320984,0.1587301343679428,1.5740640426688919,0.0001267920742975548,0.00019285926828160882,0.03943496569991112,0.03977637737989426,0.9789473684210527,0.09106265008449554,0.08618973940610886,0.9789473684210527,0.06441524624824524,0.06452476978302002,0.9789473684210527,0.08358458429574966,0.04202476516366005,0.8315789473684211,8.326672684688674e-17,False
rec2018-05-03_15h46m45.482s.wav,0,213,3,111,interior,0.5235849056603774,0.1930484026670456,0.8880000114440918,0.13889573514461517,0.1930484026670456,0.8880000114440918,0.14078669250011444,0.6639999747276306,0.38967135548591614,1.3898799877911863,0.00015553957200609148,0.0020973552018404007,0.03505746275186539,0.03305546194314957,0.9813084112149533,0.06146267428994179,0.05694383755326271,0.9813084112149533,0.07346517592668533,0.07041678577661514,0.9813084112149533,0.07883648574352264,0.03545715659856796,0.8504672897196262,9.020562075079397e-17,False
rec2018-05-03_15h47m08.625s.wav,0,204,4,170,interior,0.8374384236453202,0.21756580471992493,1.3600000143051147,0.13148026168346405,0.21756580471992493,1.3600000143051147,0.13409730792045593,0.008000016212463379,0.004925739020109177,1.6547411903066485,0.0001699039712548256,0.00043590323184616864,0.05973587557673454,0.05922545865178108,0.9803921568627451,0.05535119026899338,0.053704917430877686,0.9803921568627451,0.10059157758951187,0.10107261687517166,0.9803921568627451,0.08905363082885742,0.03667224943637848,0.8431372549019608,7.632783294297951e-17,False
rec2018-05-03_15h47m37.180s.wav,0,195,3,160,interior,0.8247422680412371,0.23041397333145142,1.2799999713897705,0.14160658419132233,0.23041397333145142,1.2799999713897705,0.14381049573421478,0.20799994468688965,0.13333329558372498,1.6271416660975515,0.00016689028416294605,0.0003963890776503831,0.054174527525901794,0.05305992811918259,0.9795918367346939,0.07362373173236847,0.07403334230184555,0.9795918367346939,0.08047058433294296,0.07936359941959381,0.9795918367346939,0.09118567407131195,0.054507724940776825,0.8367346938775511,9.71445146547012e-17,False
rec2018-05-03_15h47m57.575s.wav,0,185,3,135,interior,0.7336956521739131,0.19864046573638916,1.0800000429153442,0.12541037797927856,0.19864046573638916,1.0800000429153442,0.1274726837873459,0.7280000448226929,0.49189192056655884,1.583923666741602,0.00015501241432502866,0.0002235344290966168,0.05539789795875549,0.05592033267021179,0.978494623655914,0.08647085726261139,0.08085110038518906,0.978494623655914,0.08812697231769562,0.08882714062929153,0.978494623655914,0.10093086957931519,0.05875794589519501,0.8279569892473119,9.020562075079397e-17,False
rec2018-05-03_15h48m19.468s.wav,0,163,3,65,interior,0.4012345679012346,0.2820166051387787,0.5199999809265137,0.15080395340919495,0.2820166051387787,0.5199999809265137,0.15362006425857544,0.0480000376701355,0.03680984303355217,1.8700876121831387,0.0004894830635748804,0.0035432372242212296,0.03657042980194092,0.03568919375538826,0.975609756097561,0.052806444466114044,0.0525858998298645,0.975609756097561,0.06755086779594421,0.06357397139072418,0.975609756097561,0.06292735040187836,0.030783753842115402,0.8048780487804879,5.551115123125783e-17,False
rec2018-05-03_15h48m42.154s.wav,0,209,3,135,interior,0.6490384615384616,0.2328975796699524,1.0800000429153442,0.15005403757095337,0.2328975796699524,1.0800000429153442,0.15203481912612915,0.41600000858306885,0.24880382418632507,1.5520913894757833,0.003288476960733533,0.0013844604836776853,0.053068771958351135,0.049874164164066315,0.9809523809523809,0.06801039725542068,0.06748052686452866,0.9809523809523809,0.10217875987291336,0.0978730171918869,0.9809523809523809,0.08582709729671478,0.03841586038470268,0.8476190476190476,8.326672684688674e-17,False
rec2018-05-03_15h49m02.235s.wav,0,213,3,190,interior,0.8962264150943396,0.2371320277452469,1.5199999809265137,0.1392817497253418,0.2371320277452469,1.5199999809265137,0.14126648008823395,0.016000032424926758,0.00938969012349844,1.702534813160102,0.01827644184231758,0.00031422663596458733,0.0326845720410347,0.031921111047267914,0.9813084112149533,0.0652124285697937,0.06426919996738434,0.9813084112149533,0.0809658020734787,0.0789511427283287,0.9813084112149533,0.07780060172080994,0.036492228507995605,0.8504672897196262,4.163336342344337e-17,False
