mode,recording_file,session,event_id,start_time,end_time,duration_s,start_sample,end_sample,detector_confidence,detector_max_confidence,window_count,scoreability,not_scoreable_reasons,feature_values.spectral_centroid_mean,feature_values.spectral_flatness_mean,feature_values.spectral_centroid_std,feature_values.spectral_rolloff_std,mean_rms,feature_deviations.spectral_centroid_mean,feature_deviations.spectral_flatness_mean,feature_deviations.spectral_centroid_std,feature_deviations.spectral_rolloff_std,aggregate_deviation,reference_tail_probability,assessment,assessment_reliability,segmentation_variants,segmentation_min,segmentation_max,dominant_feature,dominant_share,reason
loso,rec2018-01-22_17h41m33.475s.wav,2018-01-22#1,0,2.496,4.04,1.544,19968,32320,0.8478618302766014,0.9846252202987671,85,SCOREABLE,,0.37882059812545776,0.19025211036205292,0.03874003514647484,0.07275300472974777,0.1772032380104065,0.2943130579707332,1.9901694145209203,-0.07073095033049084,-0.4746402072852964,1.0341277324747062,0.4645161290322581,WITHIN_REFERENCE_RANGE,STABLE,8,1.004491905052039,1.1148918629331446,spectral_flatness_mean,0.9259163097078446,deviation at or below the one-sided 95% upper reference limit (empirical reference-tail probability 0.465; largest deviation: spectral_flatness_mean)
loso,rec2018-01-22_17h41m49.809s.wav,2018-01-22#1,0,0.6880000000000001,2.232,1.544,5504,17856,0.9337995206608491,0.9874169230461121,85,SCOREABLE,,0.3786831498146057,0.15679964423179626,0.039246752858161926,0.06918291747570038,0.1774943321943283,0.28949421451943735,0.8662274212218806,-0.01659186411045564,-0.6860917821902436,0.5712166990426181,0.8838709677419355,WITHIN_REFERENCE_RANGE,STABLE,8,0.5679800617850012,0.6453504958419657,spectral_flatness_mean,0.5749129264231572,deviation at or below the one-sided 95% upper reference limit (empirical reference-tail probability 0.884; largest deviation: spectral_flatness_mean)
loso,rec2018-01-22_17h42m07.718s.wav,2018-01-22#1,0,2.048,3.608,1.56,16384,28864,0.908583119858143,0.9745699763298035,86,SCOREABLE,,0.3870222866535187,0.16569066047668457,0.041311200708150864,0.07171718031167984,0.1669168323278427,0.5818586291604491,1.164949389336978,0.20397930908811757,-0.5359907258971748,0.7114351974756593,0.7645161290322581,WITHIN_REFERENCE_RANGE,STABLE,8,0.7046228424429225,0.7398436781136514,spectral_flatness_mean,0.6703219326221227,deviation at or below the one-sided 95% upper reference limit (empirical reference-tail probability 0.765; largest deviation: spectral_flatness_mean)
loso,rec2018-01-22_17h42m23.769s.wav,2018-01-22#1,0,2.912,4.632000000000001,1.7200000000000006,23296,37057,0.8991530801480015,0.9897542595863342,96,SCOREABLE,,0.39011135697364807,0.1663258820772171,0.04699074104428291,0.06934874504804611,0.16885042190551758,0.6901593146361031,1.1862916792927967,0.810796708314733,-0.6762700330732109,0.8657858118185391,0.5935483870967742,WITHIN_REFERENCE_RANGE,STABLE,8,0.8132862468608396,0.9648328074275885,spectral_flatness_mean,0.4693556478870773,deviation at or below the one-sided 95% upper reference limit (empirical reference-tail probability 0.594; largest deviation: spectral_flatness_mean)
loso,rec2018-01-22_17h44m03.761s.wav,2018-01-22#1,0,2.56,4.2,1.6400000000000001,20480,33600,0.8749377157661941,0.980003833770752,91,SCOREABLE,,0.3577907979488373,0.13267888128757477,0.03694210946559906,0.09574545919895172,0.18736642599105835,-0.44297730402032304,0.05581367540534973,-0.2628261765464202,0.8871726455887261,0.5136869086316773,0.9161290322580645,WITHIN_REFERENCE_RANGE,STABLE,8,0.49103887334855484,0.5221073112750927,spectral_rolloff_std,0.7456916813705533,deviation at or below the one-sided 95% upper reference limit (empirical reference-tail probability 0.916; largest deviation: spectral_rolloff_std)
loso,rec2018-01-22_17h44m21.408s.wav,2018-01-22#1,0,4.704,6.248,1.5440000000000005,37632,49984,0.9089284388458028,0.9854579567909241,85,SCOREABLE,,0.3825538754463196,0.16506478190422058,0.039017628878355026,0.04286370053887367,0.18538779020309448,0.42519919878966805,1.1439210081240878,-0.0410720877374196,-2.244944402738292,1.2777726635884903,0.26129032258064516,WITHIN_REFERENCE_RANGE,STABLE,8,1.2572277725074532,1.3103334136226008,spectral_rolloff_std,0.7716920091552792,deviation at or below the one-sided 95% upper reference limit (empirical reference-tail probability 0.261; largest deviation: spectral_rolloff_std)
loso,rec2018-01-22_17h44m39.521s.wav,2018-01-22#1,0,4.336,6.184,1.8479999999999999,34688,49472,0.8498581504592528,0.9831579923629761,104,SCOREABLE,,0.35781505703926086,0.14533746242523193,0.033624857664108276,0.08379106223583221,0.18272557854652405,-0.4421267969584508,0.4811189686174309,-0.6172503009697247,0.17912942843071186,0.45826762179139624,0.932258064516129,WITHIN_REFERENCE_RANGE,STABLE,8,0.4559087667137608,0.4926751905694862,spectral_centroid_std,0.4535490708643472,deviation at or below the one-sided 95% upper reference limit (empirical reference-tail probability 0.932; largest deviation: spectral_centroid_std)
loso,rec2018-01-22_17h44m56.745s.wav,2018-01-22#1,0,2.848,4.84,1.992,22784,38720,0.9268389958723456,0.9948825240135193,113,SCOREABLE,,0.36858415603637695,0.14562389254570007,0.04905065521597862,0.0683312863111496,0.19364038109779358,-0.06456957667024532,0.49074249948915544,1.030883491103518,-0.7365327765323965,0.6801100525232179,0.7741935483870968,WITHIN_REFERENCE_RANGE,STABLE,8,0.6556103858688489,0.7215721856413748,spectral_centroid_std,0.5743819583278751,deviation at or below the one-sided 95% upper reference limit (empirical reference-tail probability 0.774; largest deviation: spectral_centroid_std)
loso,rec2018-01-22_17h45m12.839s.wav,2018-01-22#1,0,0.752,2.04,1.288,6016,16320,0.922130362711091,0.9858847260475159,69,SCOREABLE,,0.3692077696323395,0.16216129064559937,0.042334750294685364,0.09071652591228485,0.18862277269363403,-0.04270611196548264,1.0463689849030116,0.31333810598387785,0.5893155379362235,0.6209237949379923,0.8387096774193549,WITHIN_REFERENCE_RANGE,STABLE,8,0.5849890406062223,0.6471297002619433,spectral_flatness_mean,0.7099587550673878,deviation at or below the one-sided 95% upper reference limit (empirical reference-tail probability 0.839; largest deviation: spectral_flatness_mean)
loso,rec2018-01-23_10h42m07.256s.wav,2018-01-23#1,0,3.344,4.952,1.608,26752,39616,0.9419005985340375,0.9919159412384033,89,SCOREABLE,,0.3718438148498535,0.1622491180896759,0.03910711407661438,0.07009249180555344,0.17880965769290924,0.25520031782447483,1.158265542672475,-0.07814744197668107,-0.6209041175330204,0.6705101071976904,0.7992565055762082,WITHIN_REFERENCE_RANGE,STABLE,8,0.6705101071976904,0.7310776061624347,spectral_flatness_mean,0.7460116755992298,deviation at or below the one-sided 95% upper reference limit (empirical reference-tail probability 0.799; largest deviation: spectral_flatness_mean)
loso,rec2018-01-23_10h42m23.823s.wav,2018-01-23#1,0,1.44,3.0000000000000004,1.5600000000000005,11520,24001,0.9466804855091627,0.9956548810005188,86,SCOREABLE,,0.38974711298942566,0.15463116765022278,0.04511041194200516,0.09382670372724533,0.16079793870449066,0.9300134679959685,0.8849703491980745,0.5529273540101228,0.7824305674549703,0.8009406690439362,0.6728624535315985,WITHIN_REFERENCE_RANGE,STABLE,8,0.7029982481045689,0.8383182076832084,spectral_centroid_mean,0.3370682078122391,deviation at or below the one-sided 95% upper reference limit (empirical reference-tail probability 0.673; largest deviation: spectral_centroid_mean)
loso,rec2018-01-23_10h42m45.728s.wav,2018-01-23#1,0,0.5760000000000001,2.68,2.104,4608,21440,0.9660719970862071,0.9956285357475281,120,SCOREABLE,,0.37826070189476013,0.14646156132221222,0.04012418910861015,0.08904781192541122,0.17881539463996887,0.49706635431173657,0.5918844122693993,0.028768861813656375,0.4998686419338936,0.4604612971453576,0.9442379182156134,WITHIN_REFERENCE_RANGE,STABLE,8,0.4245126251417325,0.4775801790597712,spectral_flatness_mean,0.41307370382356595,deviation at or below the one-sided 95% upper reference limit (empirical reference-tail probability 0.944; largest deviation: spectral_flatness_mean)
loso,rec2018-01-23_10h43m05.349s.wav,2018-01-23#1,0,2.192,4.152,1.96,17536,33216,0.97122547433183,0.9973201155662537,111,SCOREABLE,,0.39923641085624695,0.17203165590763092,0.0391235426068306,0.08364549279212952,0.1555854082107544,1.2876851627029609,1.5092156554196752,-0.07642045264731064,0.18044527771510596,0.9967780039509414,0.5130111524163569,WITHIN_REFERENCE_RANGE,STABLE,8,0.9809583449713554,1.0025059980845987,spectral_flatness_mean,0.5731202060107312,deviation at or below the one-sided 95% upper reference limit (empirical reference-tail probability 0.513; largest deviation: spectral_flatness_mean)
loso,rec2018-01-23_10h43m22.564s.wav,2018-01-23#1,0,2.848,4.808000000000001,1.9600000000000009,22784,38465,0.9490245452551084,0.9953882694244385,107,SCOREABLE,,0.40409722924232483,0.16094015538692474,0.04932267218828201,0.03803260996937752,0.18327011168003082,1.4708996822819282,1.1113062958327393,0.9957258516304729,-2.516511366923207,1.6372879244312453,0.11524163568773234,WITHIN_REFERENCE_RANGE,BORDERLINE,8,1.4830956930508181,1.938922940830258,spectral_rolloff_std,0.5905921688323159,deviation at or below the one-sided 95% upper reference limit (empirical reference-tail probability 0.115; largest deviation: spectral_rolloff_std)
loso,rec2018-01-23_10h43m40.126s.wav,2018-01-23#1,0,0.8320000000000001,2.664,1.832,6656,21312,0.9650137326092396,0.9971593022346497,103,SCOREABLE,,0.3845367431640625,0.12918315827846527,0.03864539414644241,0.08711373805999756,0.1700514703989029,0.7336236158021853,-0.02798106733701344,-0.12668406589070172,0.3855124986745848,0.41942081760950783,0.9591078066914498,WITHIN_REFERENCE_RANGE,STABLE,8,0.4037487971074697,0.42732661079757367,spectral_centroid_mean,0.7648682786783281,deviation at or below the one-sided 95% upper reference limit (empirical reference-tail probability 0.959; largest deviation: spectral_centroid_mean)
loso,rec2018-01-23_10h43m56.234s.wav,2018-01-23#1,0,0.768,2.4400000000000004,1.6720000000000004,6144,19521,0.960628387107644,0.9978858828544617,93,SCOREABLE,,0.39223945140838623,0.16304707527160645,0.03683193400502205,0.09308735281229019,0.1583334356546402,1.0239549712140128,1.1868923845183574,-0.3173174501468337,0.7387149055759308,0.8808500711513434,0.587360594795539,WITHIN_REFERENCE_RANGE,STABLE,8,0.834042898470116,0.8830124062162082,spectral_flatness_mean,0.4538984583891702,deviation at or below the one-sided 95% upper reference limit (empirical reference-tail probability 0.587; largest deviation: spectral_flatness_mean)
loso,rec2018-01-23_10h44m12.634s.wav,2018-01-23#1,0,0.8320000000000001,3.208,2.3760000000000003,6656,25664,0.9789226085600191,0.9971426725387573,137,SCOREABLE,,0.41677647829055786,0.1773356795310974,0.04221426695585251,0.08900562673807144,0.1479821503162384,1.9488073798103078,1.6994983533564874,0.24848067365778667,0.4973743549197742,1.3224285189356946,0.26765799256505574,WITHIN_REFERENCE_RANGE,STABLE,8,1.3160475107232545,1.355868158267304,spectral_centroid_mean,0.5429169827364856,deviation at or below the one-sided 95% upper reference limit (empirical reference-tail probability 0.268; largest deviation: spectral_centroid_mean)
loso,rec2018-01-23_10h44m30.273s.wav,2018-01-23#1,0,2.64,4.376,1.7360000000000002,21120,35008,0.9735949383568518,0.9964292049407959,97,SCOREABLE,,0.4069482088088989,0.15886259078979492,0.04323187097907066,0.07891607284545898,0.15492215752601624,1.5783591284351497,1.0367733327948596,0.3554525857213147,-0.0991915213888474,0.9620683422346524,0.5390334572490706,WITHIN_REFERENCE_RANGE,STABLE,8,0.9306120592883429,0.9923158474771735,spectral_centroid_mean,0.6728833983348678,deviation at or below the one-sided 95% upper reference limit (empirical reference-tail probability 0.539; largest deviation: spectral_centroid_mean)
loso,rec2018-01-23_10h45m25.926s.wav,2018-01-23#1,0,4.6080000000000005,6.136,1.5279999999999996,36864,49088,0.9120199900297892,0.9935973882675171,84,SCOREABLE,,0.38660621643066406,0.16948717832565308,0.03854015842080116,0.08512415736913681,0.16835659742355347,0.8116264375920069,1.4179321141857377,-0.13774658778761453,0.26787439881775055,0.8306623517751708,0.6245353159851301,WITHIN_REFERENCE_RANGE,STABLE,8,0.8179895124386326,0.8469870154224766,spectral_flatness_mean,0.728453495480822,deviation at or below the one-sided 95% upper reference limit (empirical reference-tail probability 0.625; largest deviation: spectral_flatness_mean)
loso,rec2018-01-23_10h45m44.127s.wav,2018-01-23#1,0,2.512,4.28,1.7680000000000002,20096,34240,0.9651438708257194,0.9986772537231445,99,SCOREABLE,,0.3760787546634674,0.12733003497123718,0.03429936245083809,0.07792849838733673,0.177190899848938,0.4148241510496397,-0.09446216311284501,-0.5835447992997963,-0.15758391695958623,0.3695806408039311,0.9814126394052045,WITHIN_REFERENCE_RANGE,STABLE,8,0.3218154622286441,0.44051023592392036,spectral_centroid_std,0.6232610487668475,deviation at or below the one-sided 95% upper reference limit (empirical reference-tail probability 0.981; largest deviation: spectral_centroid_std)
loso,rec2018-01-23_10h45m44.127s.wav,2018-01-23#1,1,4.5120000000000005,4.712000000000001,0.20000000000000018,36096,37697,0.49006134271621704,0.49006134271621704,1,NOT_SCOREABLE,short_duration,0.3348084092140198,0.12407217919826508,0.018728116527199745,0.07547511905431747,0.24270811676979065,,,,,,,NOT_ASSESSED,,0,,,,,not scoreable: short_duration
loso,rec2018-01-23_10h46m04.850s.wav,2018-01-23#1,0,1.968,3.688,1.7200000000000002,15744,29504,0.9688474430392185,0.9975178837776184,96,SCOREABLE,,0.4049626886844635,0.17134927213191986,0.03742977976799011,0.06570899486541748,0.15259727835655212,1.5035206780304364,1.4847350280529088,-0.25447109446761457,-0.8800874988025428,1.1515556951642023,0.41263940520446096,WITHIN_REFERENCE_RANGE,STABLE,8,1.1229886328355654,1.2434113710109393,spectral_centroid_mean,0.4261759366729132,deviation at or below the one-sided 95% upper reference limit (empirical reference-tail probability 0.413; largest deviation: spectral_centroid_mean)
loso,rec2018-01-23_10h47m11.936s.wav,2018-01-23#1,0,4.416,6.008,1.5919999999999996,35328,48064,0.8973581384528767,0.9816783666610718,88,SCOREABLE,,0.37153369188308716,0.15856806933879852,0.03568437322974205,0.050256166607141495,0.19366995990276337,0.24351112768125932,1.0262073285169162,-0.43795059186004154,-1.793768136168968,1.0632266923911475,0.45353159851301117,WITHIN_REFERENCE_RANGE,STABLE,8,1.0548172064782875,1.0927041247460036,spectral_rolloff_std,0.7115753199399656,deviation at or below the one-sided 95% upper reference limit (empirical reference-tail probability 0.454; largest deviation: spectral_rolloff_std)
loso,rec2018-01-23_10h49m01.624s.wav,2018-01-23#1,0,2.576,5.736000000000001,3.1600000000000006,20608,45889,0.9740512146744676,0.9996151328086853,186,SCOREABLE,,0.39872047305107117,0.13217569887638092,0.045871004462242126,0.0953921377658844,0.18554307520389557,1.2682383762567426,0.07937680643593106,0.6328818690617243,0.8749901135958407,0.8337979994410861,0.620817843866171,WITHIN_REFERENCE_RANGE,STABLE,8,0.809213399366199,0.8548520119938606,spectral_centroid_mean,0.5783890898755325,deviation at or below the one-sided 95% upper reference limit (empirical reference-tail probability 0.621; largest deviation: spectral_centroid_mean)
loso,rec2018-01-23_10h49m24.634s.wav,2018-01-23#1,0,3.024,5.5440000000000005,2.5200000000000005,24192,44353,0.9844007626788257,0.9997668862342834,146,SCOREABLE,,0.3747974932193756,0.11233438551425934,0.028608346357941628,0.11150842905044556,0.1890803724527359,0.3665306989415174,-0.632433491778151,-1.1817921127451487,1.8278993834555206,1.1480598447569028,0.41263940520446096,WITHIN_REFERENCE_RANGE,STABLE,8,1.1177685752373578,1.1483955486044357,spectral_rolloff_std,0.6337464320030181,deviation at or below the one-sided 95% upper reference limit (empirical reference-tail probability 0.413; largest deviation: spectral_rolloff_std)
loso,rec2018-01-23_10h50m00.411s.wav,2018-01-23#1,0,5.488,8.184,2.695999999999999,43904,65472,0.9774037740033144,0.999591052532196,157,SCOREABLE,,0.3867894411087036,0.1270494908094406,0.03676591068506241,0.10253291577100754,0.1838201880455017,0.8185325630004721,-0.10452672989963172,-0.32425791089160294,1.297203477386953,0.7856210041228885,0.6840148698884758,WITHIN_REFERENCE_RANGE,STABLE,8,0.782470011300831,0.7877848796139933,spectral_rolloff_std,0.6816007268561071,deviation at or below the one-sided 95% upper reference limit (empirical reference-tail probability 0.684; largest deviation: spectral_rolloff_std)
loso,rec2018-01-23_10h50m22.155s.wav,2018-01-23#1,0,2.496,5.256,2.7600000000000002,19968,42048,0.978876142768386,0.9988613128662109,161,SCOREABLE,,0.39627736806869507,0.11232571303844452,0.03963971883058548,0.09161214530467987,0.17776568233966827,1.1761525853312786,-0.6327446182385488,-0.022159309455118306,0.6514901908976153,0.7430732063065247,0.7174721189591078,WITHIN_REFERENCE_RANGE,STABLE,8,0.7335044947012385,0.7545236143006462,spectral_centroid_mean,0.6263313355386928,deviation at or below the one-sided 95% upper reference limit (empirical reference-tail probability 0.717; largest deviation: spectral_centroid_mean)
loso,rec2018-01-23_10h50m40.883s.wav,2018-01-23#1,0,3.36,6.008,2.648,26880,48064,0.9607704034099331,0.9993309378623962,154,SCOREABLE,,0.3870837986469269,0.13236406445503235,0.022036297246813774,0.08272365480661392,0.18027061223983765,0.8296275208175526,0.08613445177250995,-1.872654809385688,0.12593968792422855,1.0269369268837583,0.483271375464684,WITHIN_REFERENCE_RANGE,STABLE,8,1.0104641925042475,1.0533086150719926,spectral_centroid_std,0.831319423961937,deviation at or below the one-sided 95% upper reference limit (empirical reference-tail probability 0.483; largest deviation: spectral_centroid_std)
loso,rec2018-01-23_10h52m21.295s.wav,2018-01-23#1,0,2.72,5.384,2.664,21760,43072,0.9701798877408427,0.999556839466095,155,SCOREABLE,,0.359140008687973,0.0784955620765686,0.022784274071455002,0.07986477017402649,0.18208862841129303,-0.2236329892251435,-1.8464067083082472,-1.794026473328171,-0.04309781702963718,1.2922478337368672,0.30111524163568776,WITHIN_REFERENCE_RANGE,STABLE,8,1.2185574795772776,1.3306154868151598,spectral_flatness_mean,0.5103911341030548,deviation at or below the one-sided 95% upper reference limit (empirical reference-tail probability 0.301; largest deviation: spectral_flatness_mean)
loso,rec2018-01-23_10h52m39.068s.wav,2018-01-23#1,0,3.984,7.08,3.096,31872,56640,0.955536655999802,0.9996217489242554,182,SCOREABLE,,0.3775152564048767,0.09807746112346649,0.02683515101671219,0.10118797421455383,0.18417388200759888,0.46896893810452445,-1.143902940247199,-1.3681928067140925,1.2176810082322798,1.1048918946854982,0.42379182156133827,WITHIN_REFERENCE_RANGE,STABLE,8,0.9619400342681799,1.1807805242520222,spectral_centroid_std,0.38334962160180364,deviation at or below the one-sided 95% upper reference limit (empirical reference-tail probability 0.424; largest deviation: spectral_centroid_std)
loso,rec2018-01-23_10h52m57.816s.wav,2018-01-23#1,0,5.6000000000000005,8.632,3.031999999999999,44800,69056,0.9758602685472938,0.9991955161094666,178,SCOREABLE,,0.389325886964798,0.12652692198753357,0.02532474882900715,0.10014980286359787,0.18010923266410828,0.9141365687566635,-0.12327397017401547,-1.5269683287415896,1.1562969660502933,1.0629554422384866,0.45353159851301117,WITHIN_REFERENCE_RANGE,STABLE,8,1.0398647608621552,1.079648304045685,spectral_centroid_std,0.5159052503408356,deviation at or below the one-sided 95% upper reference limit (empirical reference-tail probability 0.454; largest deviation: spectral_centroid_std)
loso,rec2018-01-23_10h52m57.816s.wav,2018-01-23#1,1,11.584,12.0,0.41600000000000037,92672,96000,0.7605880051851273,0.9488101005554199,12,NOT_SCOREABLE,short_duration;recording_boundary,0.33680200576782227,0.049263376742601395,0.016428334638476372,0.03487071022391319,0.18707244098186493,,,,,,,NOT_ASSESSED,,0,,,,,"not scoreable: short_duration, recording_boundary"
loso,rec2018-01-23_10h53m20.922s.wav,2018-01-23#1,0,2.128,4.712000000000001,2.5840000000000005,17024,37697,0.9588367571433385,0.9992786049842834,150,SCOREABLE,,0.3931632339954376,0.1232549399137497,0.037690192461013794,0.1039406880736351,0.16716700792312622,1.058774289575463,-0.2406568516992631,-0.22709615975552586,1.38044094519759,0.8854530740656942,0.5836431226765799,WITHIN_REFERENCE_RANGE,STABLE,8,0.8854530740656942,0.915231713045716,spectral_rolloff_std,0.6076375071944604,deviation at or below the one-sided 95% upper reference limit (empirical reference-tail probability 0.584; largest deviation: spectral_rolloff_std)
loso,rec2018-01-23_10h54m18.511s.wav,2018-01-23#1,0,3.44,5.848,2.408,27520,46784,0.9421242111020809,0.998367428779602,139,SCOREABLE,,0.35596588253974915,0.08244460076093674,0.019893581047654152,0.07165278494358063,0.18283873796463013,-0.34327251309534434,-1.7047343123193124,-2.097900036019842,-0.5286485378421223,1.387858866342347,0.21933085501858737,WITHIN_REFERENCE_RANGE,STABLE,8,1.3411481329013484,1.4625508672229073,spectral_centroid_std,0.5712404873808689,deviation at or below the one-sided 95% upper reference limit (empirical reference-tail probability 0.219; largest deviation: spectral_centroid_std)
loso,rec2018-01-23_10h54m39.487s.wav,2018-01-23#1,0,3.392,6.680000000000001,3.2880000000000007,27136,53441,0.9732032746234268,0.9991750717163086,189,SCOREABLE,,0.3734826147556305,0.058080460876226425,0.029668258503079414,0.10141422599554062,0.15290436148643494,0.3169701503043208,-2.5788017372193974,-1.0703727136490446,1.2310586157486634,1.5339403131806628,0.17100371747211895,WITHIN_REFERENCE_RANGE,STABLE,8,1.4905828858948218,1.593830084650208,spectral_flatness_mean,0.7065761832588363,deviation at or below the one-sided 95% upper reference limit (empirical reference-tail probability 0.171; largest deviation: spectral_flatness_mean)
loso,rec2018-01-23_10h56m48.215s.wav,2018-01-23#1,0,0.992,3.2880000000000003,2.2960000000000003,7936,26305,0.8942506864215388,0.9926502108573914,132,SCOREABLE,,0.35203295946121216,0.10794728249311447,0.045854732394218445,0.06605798751115799,0.2178744226694107,-0.49151269718430457,-0.7898215160880053,0.6311713272497764,-0.8594525821603023,0.7075377629662605,0.7546468401486989,WITHIN_REFERENCE_RANGE,STABLE,8,0.6789724433717788,0.716617221499044,spectral_rolloff_std,0.3688795690559368,deviation at or below the one-sided 95% upper reference limit (empirical reference-tail probability 0.755; largest deviation: spectral_rolloff_std)
loso,rec2018-01-23_10h57m38.405s.wav,2018-01-23#1,0,2.192,4.408,2.216,17536,35264,0.8576029323217437,0.9837898015975952,127,SCOREABLE,,0.36445310711860657,0.12788620591163635,0.06489208340644836,0.05520522594451904,0.2224208116531372,-0.02337107875501346,-0.07450944144980645,2.6324034292637806,-1.501144700888269,1.5156748572494019,0.17843866171003717,WITHIN_REFERENCE_RANGE,STABLE,8,1.4673692542900194,1.5248459619807126,spectral_centroid_std,0.7541067213717656,deviation at or below the one-sided 95% upper reference limit (empirical reference-tail probability 0.178; largest deviation: spectral_centroid_std)
loso,rec2018-01-23_10h57m54.607s.wav,2018-01-23#1,0,2.88,5.112,2.232,23040,40896,0.9713886538520455,0.9971497058868408,128,SCOREABLE,,0.40001818537712097,0.16941015422344208,0.03485711291432381,0.07261781394481659,0.17111799120903015,1.3171518968790927,1.4151688621689056,-0.524913315763891,-0.4715891893403918,1.0290192394306334,0.483271375464684,WITHIN_REFERENCE_RANGE,STABLE,8,0.9482520492606307,1.1189774532025685,spectral_flatness_mean,0.47283492531764204,deviation at or below the one-sided 95% upper reference limit (empirical reference-tail probability 0.483; largest deviation: spectral_flatness_mean)
loso,rec2018-01-23_10h59m20.895s.wav,2018-01-23#1,0,2.064,3.9280000000000004,1.8640000000000003,16512,31425,0.9457393334025428,0.9945888519287109,105,SCOREABLE,,0.3833701014518738,0.16457703709602356,0.03876222297549248,0.06711860001087189,0.17583484947681427,0.6896504236681938,1.241780010282767,-0.11440286127428757,-0.7967416603445242,0.8163211054480768,0.6505576208178439,WITHIN_REFERENCE_RANGE,STABLE,8,0.7657291696291812,0.8757162055467583,spectral_flatness_mean,0.5785052272404859,deviation at or below the one-sided 95% upper reference limit (empirical reference-tail probability 0.651; largest deviation: spectral_flatness_mean)
loso,rec2018-01-23_10h59m40.619s.wav,2018-01-23#1,0,2.336,4.2,1.8640000000000003,18688,33600,0.964741215251741,0.9953121542930603,105,SCOREABLE,,0.3736630380153656,0.13731761276721954,0.04545718431472778,0.0877847969532013,0.17447783052921295,0.32377068433536316,0.2638437917221112,0.589380535124358,0.4251902526109507,0.41910534730665533,0.9591078066914498,WITHIN_REFERENCE_RANGE,STABLE,8,0.33113433459988134,0.4702610337060806,spectral_centroid_std,0.49440765025196476,deviation at or below the one-sided 95% upper reference limit (empirical reference-tail probability 0.959; largest deviation: spectral_centroid_std)
loso,rec2018-01-23_10h59m57.587s.wav,2018-01-23#1,0,2.24,4.296,2.056,17920,34368,0.9405378938740135,0.9909268617630005,117,SCOREABLE,,0.38033032417297363,0.15133117139339447,0.04577213525772095,0.07409798353910446,0.18462347984313965,0.5750747926641872,0.7665824543643253,0.6224886044808873,-0.38407108095819015,0.6027773914211502,0.8513011152416357,WITHIN_REFERENCE_RANGE,STABLE,8,0.5480233991019867,0.6250649877069406,spectral_flatness_mean,0.4043373392968173,deviation at or below the one-sided 95% upper reference limit (empirical reference-tail probability 0.851; largest deviation: spectral_flatness_mean)
loso,rec2018-01-23_11h00m14.641s.wav,2018-01-23#1,0,2.432,4.2,1.7680000000000002,19456,33600,0.9540309087194577,0.994452714920044,99,SCOREABLE,,0.3879861831665039,0.15113575756549835,0.04510580003261566,0.09395202249288559,0.15871798992156982,0.8636403007854963,0.7595719519559798,0.5524425438537145,0.7898403003369003,0.7503106995830008,0.7137546468401487,WITHIN_REFERENCE_RANGE,STABLE,8,0.7406083707623344,0.7697172743111907,spectral_centroid_mean,0.33122532081253403,deviation at or below the one-sided 95% upper reference limit (empirical reference-tail probability 0.714; largest deviation: spectral_centroid_mean)
loso,rec2018-01-23_11h01m08.679s.wav,2018-01-23#1,0,3.04,5.032,1.992,24320,40256,0.9634282151154713,0.9967164993286133,113,SCOREABLE,,0.3964695632457733,0.16962072253227234,0.04045110195875168,0.05277824401855469,0.17516882717609406,1.1833968278100022,1.4227230340106267,0.06313438303789741,-1.644645059264691,1.2382863365212138,0.34572490706319703,WITHIN_REFERENCE_RANGE,STABLE,8,1.226135819341713,1.3906429144097223,spectral_rolloff_std,0.4410036828798584,deviation at or below the one-sided 95% upper reference limit (empirical reference-tail probability 0.346; largest deviation: spectral_rolloff_std)
loso,rec2018-01-23_11h01m26.075s.wav,2018-01-23#1,0,2.112,3.9280000000000004,1.8160000000000003,16896,31425,0.931933766486598,0.9905974864959717,102,SCOREABLE,,0.3814643919467926,0.1462271511554718,0.03115271031856537,0.09246055781841278,0.17179124057292938,0.6178202042075063,0.5834749099523576,-0.914325129868349,0.7016543468269338,0.7159703277372641,0.7472118959107806,WITHIN_REFERENCE_RANGE,STABLE,8,0.6364206358678296,0.7245452534421063,spectral_centroid_std,0.4077099152060344,deviation at or below the one-sided 95% upper reference limit (empirical reference-tail probability 0.747; largest deviation: spectral_centroid_std)
loso,rec2018-01-23_11h01m41.256s.wav,2018-01-23#1,0,1.6640000000000001,3.5280000000000005,1.8640000000000003,13312,28225,0.9702371807325454,0.9964002370834351,105,SCOREABLE,,0.3890838623046875,0.16181668639183044,0.04701939597725868,0.08547770231962204,0.17000003159046173,0.9050141477348441,1.1427519861763498,0.7536023392602949,0.28877847995409683,0.8331029656851255,0.620817843866171,WITHIN_REFERENCE_RANGE,STABLE,8,0.7857757294361499,0.8731127512906788,spectral_flatness_mean,0.4703775842082966,deviation at or below the one-sided 95% upper reference limit (empirical reference-tail probability 0.621; largest deviation: spectral_flatness_mean)
loso,rec2018-01-23_11h01m57.075s.wav,2018-01-23#1,0,3.92,5.5440000000000005,1.6240000000000006,31360,44353,0.9466365416844685,0.9955654740333557,90,SCOREABLE,,0.4001941680908203,0.1643860638141632,0.038478583097457886,0.04187976196408272,0.15830585360527039,1.3237850573437946,1.23492881317545,-0.1442194691085134,-2.289040497007519,1.460989536569993,0.1895910780669145,WITHIN_REFERENCE_RANGE,STABLE,8,1.4552862339665051,1.4937109020398234,spectral_rolloff_std,0.6136952329695564,deviation at or below the one-sided 95% upper reference limit (empirical reference-tail probability 0.190; largest deviation: spectral_rolloff_std)
loso,rec2018-01-23_11h02m14.505s.wav,2018-01-23#1,0,1.728,3.3840000000000003,1.6560000000000004,13824,27073,0.9493634610072427,0.994683027267456,92,SCOREABLE,,0.3928106129169464,0.1639566421508789,0.02993067167699337,0.06923160701990128,0.16647206246852875,1.0454832557704923,1.2195232421518338,-1.0427874856784816,-0.6718057225018367,1.0147660870021786,0.4944237918215613,WITHIN_REFERENCE_RANGE,STABLE,8,1.0093932840384607,1.0399050887230634,spectral_flatness_mean,0.36106740299379403,deviation at or below the one-sided 95% upper reference limit (empirical reference-tail probability 0.494; largest deviation: spectral_flatness_mean)
loso,rec2018-01-23_11h02m29.845s.wav,2018-01-23#1,0,2.864,4.680000000000001,1.8160000000000007,22912,37441,0.9418049472219804,0.9961245059967041,102,SCOREABLE,,0.3902871310710907,0.15340138971805573,0.033561307936906815,0.08841486275196075,0.1646631509065628,0.950367890963013,0.8408518686994969,-0.6611300886274315,0.4624442045071039,0.751860796564039,0.7137546468401487,WITHIN_REFERENCE_RANGE,STABLE,8,0.7336885367567951,0.7621563525523171,spectral_centroid_mean,0.3994373183676447,deviation at or below the one-sided 95% upper reference limit (empirical reference-tail probability 0.714; largest deviation: spectral_centroid_mean)
loso,rec2018-01-23_11h02m48.266s.wav,2018-01-23#1,0,0.592,2.2800000000000002,1.6880000000000002,4736,18241,0.9522300888883307,0.994050145149231,94,SCOREABLE,,0.39925938844680786,0.17367012798786163,0.037580035626888275,0.07095044106245041,0.16804495453834534,1.2885512366603333,1.5679961040098869,-0.23867599523613445,-0.5701760818124492,1.0607830912422687,0.46096654275092935,WITHIN_REFERENCE_RANGE,STABLE,8,1.037234092674882,1.0667667391021765,spectral_flatness_mean,0.546231561390835,deviation at or below the one-sided 95% upper reference limit (empirical reference-tail probability 0.461; largest deviation: spectral_flatness_mean)
loso,rec2018-01-23_11h03m04.371s.wav,2018-01-23#1,0,2.224,4.12,1.896,17792,32960,0.9691776516281556,0.9962195754051208,107,SCOREABLE,,0.4149389863014221,0.17129778861999512,0.035091765224933624,0.06339924782514572,0.155763179063797,1.8795484227211194,1.4828880488077636,-0.5002463473131621,-1.0166561005263388,1.3243390118647798,0.26765799256505574,WITHIN_REFERENCE_RANGE,STABLE,8,1.2962502445850812,1.4306487076161756,spectral_centroid_mean,0.5035570741176529,deviation at or below the one-sided 95% upper reference limit (empirical reference-tail probability 0.268; largest deviation: spectral_centroid_mean)
loso,rec2018-01-23_11h03m19.651s.wav,2018-01-23#1,0,2.352,3.9600000000000004,1.6080000000000005,18816,31681,0.9298992592297243,0.9888882040977478,89,SCOREABLE,,0.36897557973861694,0.1369987279176712,0.03151019290089607,0.07675350457429886,0.19603411853313446,0.1470904737188294,0.2524037466146997,-0.8767460770257828,-0.22705787202170138,0.47581041907231564,0.9330855018587361,WITHIN_REFERENCE_RANGE,STABLE,8,0.4265930762587027,0.49506536260193995,spectral_centroid_std,0.8488281538115819,deviation at or below the one-sided 95% upper reference limit (empirical reference-tail probability 0.933; largest deviation: spectral_centroid_std)
loso,rec2018-01-23_11h03m36.803s.wav,2018-01-23#1,0,1.76,3.2720000000000002,1.5120000000000002,14080,26177,0.9459984482052815,0.9918777346611023,83,SCOREABLE,,0.3857192099094391,0.1497599184513092,0.03991096839308739,0.07160986959934235,0.1667197346687317,0.7781932868873631,0.7102135031329702,0.00635481164226261,-0.5311859969027595,0.5899548624101573,0.8550185873605948,WITHIN_REFERENCE_RANGE,STABLE,8,0.524692814507623,0.7688828138312322,spectral_centroid_mean,0.434988122795611,deviation at or below the one-sided 95% upper reference limit (empirical reference-tail probability 0.855; largest deviation: spectral_centroid_mean)
loso,rec2018-01-23_11h03m51.751s.wav,2018-01-23#1,0,1.264,2.8560000000000003,1.5920000000000003,10112,22849,0.9368076222864065,0.9902591109275818,88,SCOREABLE,,0.3923290967941284,0.1671486645936966,0.04841345548629761,0.09463417530059814,0.1538333296775818,1.0273338952915443,1.3340375590954754,0.9001477614576552,0.8301740050616845,1.0409762260289253,0.4721189591078067,WITHIN_REFERENCE_RANGE,STABLE,8,0.9988655021085039,1.074614661361445,spectral_flatness_mean,0.41057688981262364,deviation at or below the one-sided 95% upper reference limit (empirical reference-tail probability 0.472; largest deviation: spectral_flatness_mean)
loso,rec2018-01-23_11h04m10.613s.wav,2018-01-23#1,0,1.84,3.4800000000000004,1.6400000000000003,14720,27841,0.9262493089005187,0.9817906618118286,91,SCOREABLE,,0.38775768876075745,0.1724449098110199,0.039869774132966995,0.0848580151796341,0.1626567542552948,0.8550278636503787,1.5240412054647143,0.0020244152694330587,0.2521381878620179,0.882801224456615,0.5836431226765799,WITHIN_REFERENCE_RANGE,STABLE,8,0.8466138505223139,0.9294310475416779,spectral_flatness_mean,0.7450880074773126,deviation at or below the one-sided 95% upper reference limit (empirical reference-tail probability 0.584; largest deviation: spectral_flatness_mean)
loso,rec2018-01-23_11h04m27.250s.wav,2018-01-23#1,0,1.728,3.7680000000000002,2.04,13824,30145,0.9566051071060115,0.9965539574623108,116,SCOREABLE,,0.3924241065979004,0.14737461507320404,0.03868250176310539,0.09204202890396118,0.15993836522102356,1.0309150156237152,0.6246403619848913,-0.12278326300864753,0.6769079535505047,0.6939455055179125,0.7695167286245354,WITHIN_REFERENCE_RANGE,STABLE,8,0.6824114258767702,0.7103376922267414,spectral_centroid_mean,0.5517406785846606,deviation at or below the one-sided 95% upper reference limit (empirical reference-tail probability 0.770; largest deviation: spectral_centroid_mean)
loso,rec2018-01-23_11h04m44.325s.wav,2018-01-23#1,0,2.576,4.152,1.576,20608,33216,0.9550986762704521,0.9901424050331116,87,SCOREABLE,,0.4105874300003052,0.17667506635189056,0.041108764708042145,0.0813899114727974,0.14696292579174042,1.7155290675825965,1.6757987496299982,0.13226878127079025,0.04707933699319048,1.2011507945979198,0.3828996282527881,WITHIN_REFERENCE_RANGE,STABLE,8,1.1891553161529325,1.2402759996437474,spectral_centroid_mean,0.5099658623369618,deviation at or below the one-sided 95% upper reference limit (empirical reference-tail probability 0.383; largest deviation: spectral_centroid_mean)
loso,rec2018-01-23_11h05m01.603s.wav,2018-01-23#1,0,3.184,4.696000000000001,1.5120000000000005,25472,37569,0.9624236075274916,0.9986453652381897,83,SCOREABLE,,0.38383013010025024,0.13873304426670074,0.03857380896806717,0.08690497279167175,0.17087692022323608,0.7069898758160581,0.31462262371569993,-0.13420919671908774,0.3731688176191936,0.43476693606674083,0.9479553903345725,WITHIN_REFERENCE_RANGE,STABLE,8,0.4246337506600958,0.4874588379853599,spectral_centroid_mean,0.661079029293735,deviation at or below the one-sided 95% upper reference limit (empirical reference-tail probability 0.948; largest deviation: spectral_centroid_mean)
loso,rec2018-01-23_11h11m07.436s.wav,2018-01-23#1,0,2.2720000000000002,4.024,1.7519999999999998,18176,32192,0.9288572389252332,0.9954887628555298,98,SCOREABLE,,0.3646736741065979,0.14989081025123596,0.030291199684143066,0.06600486487150192,0.19165104627609253,-0.015057442751752083,0.7149092674424796,-1.0048882936575119,-0.8625935688100146,0.7525274305531441,0.7137546468401487,WITHIN_REFERENCE_RANGE,STABLE,8,0.7466874773037859,0.8197683178912887,spectral_centroid_std,0.44579060589843206,deviation at or below the one-sided 95% upper reference limit (empirical reference-tail probability 0.714; largest deviation: spectral_centroid_std)
loso,rec2018-01-23_11h11m22.731s.wav,2018-01-23#1,0,0.9440000000000001,2.536,1.592,7552,20288,0.9682158434932883,0.997381865978241,88,SCOREABLE,,0.3969140648841858,0.16542525589466095,0.02943628840148449,0.050747450441122055,0.16136161983013153,1.2001510341319375,1.2722099956869344,-1.0947577246582438,-1.7647199568288021,1.357535614595659,0.2342007434944238,WITHIN_REFERENCE_RANGE,STABLE,8,1.3029819113877186,1.357535614595659,spectral_rolloff_std,0.4224634474994351,deviation at or below the one-sided 95% upper reference limit (empirical reference-tail probability 0.234; largest deviation: spectral_rolloff_std)
loso,rec2018-01-23_11h11m37.608s.wav,2018-01-23#1,0,1.232,2.8880000000000003,1.6560000000000004,9856,23105,0.9688568141149438,0.9984365701675415,92,SCOREABLE,,0.3897385001182556,0.1535085290670395,0.04460648447275162,0.06797608733177185,0.1711936891078949,0.9296888306760196,0.8446955100229684,0.4999538164675835,-0.7460409375513418,0.772069091085716,0.6988847583643123,WITHIN_REFERENCE_RANGE,STABLE,8,0.7473886242945774,0.8038612190209052,spectral_centroid_mean,0.3624957363195896,deviation at or below the one-sided 95% upper reference limit (empirical reference-tail probability 0.699; largest deviation: spectral_centroid_mean)
loso,rec2018-01-23_11h11m52.435s.wav,2018-01-23#1,0,0.992,2.696,1.7040000000000002,7936,21568,0.953059500769565,0.9926561713218689,95,SCOREABLE,,0.3653141260147095,0.1176515594124794,0.05563502013683319,0.08170367032289505,0.20061689615249634,0.009082543427154423,-0.4416790256260447,1.6592884106024404,0.06563098212540439,0.8591723211392748,0.6022304832713755,WITHIN_REFERENCE_RANGE,STABLE,8,0.7785331700561569,0.8735454055449584,spectral_centroid_std,0.9324449762151943,deviation at or below the one-sided 95% upper reference limit (empirical reference-tail probability 0.602; largest deviation: spectral_centroid_std)
loso,rec2018-01-23_11h11m52.435s.wav,2018-01-23#1,1,7.44,7.800000000000001,0.3600000000000003,59520,62401,0.6187256845560941,0.6996222734451294,11,NOT_SCOREABLE,short_duration,0.47081246972084045,0.1162126287817955,0.09756619483232498,0.06543462723493576,0.03623177856206894,,,,,,,NOT_ASSESSED,,0,,,,,not scoreable: short_duration
loso,rec2018-01-23_11h51m22.121s.wav,2018-01-23#2,0,2.48,4.184,1.7040000000000002,19840,33472,0.9012937037568344,0.9818131327629089,95,SCOREABLE,,0.3633066713809967,0.13872943818569183,0.03848223015666008,0.060956571251153946,0.1916377693414688,-0.25375103095160806,0.20708782818803012,-0.07245474744522486,-1.2643510959618385,0.654046699131624,0.791095890410959,WITHIN_REFERENCE_RANGE,STABLE,8,0.6523380211366765,0.708388881573376,spectral_rolloff_std,0.9342387374411497,deviation at or below the one-sided 95% upper reference limit (empirical reference-tail probability 0.791; largest deviation: spectral_rolloff_std)
loso,rec2018-01-23_11h51m22.121s.wav,2018-01-23#2,1,4.5920000000000005,4.824,0.23199999999999932,36736,38592,0.6976695656776428,0.7601971626281738,3,NOT_SCOREABLE,short_duration,0.3575303256511688,0.13843588531017303,0.041907407343387604,0.0656234547495842,0.13544504344463348,,,,,,,NOT_ASSESSED,,0,,,,,not scoreable: short_duration
loso,rec2018-01-23_11h51m37.745s.wav,2018-01-23#2,0,0.112,1.4,1.2879999999999998,896,11200,0.8905125178288722,0.9692549109458923,69,SCOREABLE,,0.35937055945396423,0.14226748049259186,0.043366577476263046,0.07262495160102844,0.19358636438846588,-0.39005793034967834,0.3211751388197644,0.42801010553237673,-0.5270449189046363,0.42316298745447967,0.952054794520548,WITHIN_REFERENCE_RANGE,STABLE,8,0.4010311368527264,0.43578282820625486,spectral_rolloff_std,0.38781081944957313,deviation at or below the one-sided 95% upper reference limit (empirical reference-tail probability 0.952; largest deviation: spectral_rolloff_std)
loso,rec2018-01-23_11h51m52.565s.wav,2018-01-23#2,0,1.952,3.2880000000000003,1.3360000000000003,15616,26305,0.9337632697489526,0.9925874471664429,72,SCOREABLE,,0.3756217956542969,0.1601444035768509,0.04144740104675293,0.09158115833997726,0.1588982492685318,0.17271966818347065,0.897632371418683,0.231365541420803,0.6707672797995872,0.5785833378612834,0.8801369863013698,WITHIN_REFERENCE_RANGE,STABLE,8,0.5770568621845775,0.7232339326027587,spectral_flatness_mean,0.6017348653849801,deviation at or below the one-sided 95% upper reference limit (empirical reference-tail probability 0.880; largest deviation: spectral_flatness_mean)
loso,rec2018-01-23_11h52m38.758s.wav,2018-01-23#2,0,1.856,3.4160000000000004,1.5600000000000003,14848,27329,0.9404251367546791,0.99112868309021,86,SCOREABLE,,0.37304291129112244,0.1613912433385849,0.03431747108697891,0.0694926306605339,0.1825793981552124,0.0834133329046632,0.9378378248491088,-0.49918843346502784,-0.724971238471095,0.6444513089713516,0.797945205479452,WITHIN_REFERENCE_RANGE,STABLE,8,0.5780938945625509,0.7221882078156412,spectral_flatness_mean,0.5294382055105142,deviation at or below the one-sided 95% upper reference limit (empirical reference-tail probability 0.798; largest deviation: spectral_flatness_mean)
loso,rec2018-01-23_11h52m53.640s.wav,2018-01-23#2,0,1.088,2.552,1.464,8704,20416,0.9516322165727615,0.9958124160766602,80,SCOREABLE,,0.36340561509132385,0.14549359679222107,0.04249587282538414,0.10424087941646576,0.17608126997947693,-0.25032462676909223,0.4252041188271817,0.33879509960105264,1.4707146820640853,0.793921399917403,0.6643835616438356,WITHIN_REFERENCE_RANGE,STABLE,8,0.763313441788188,0.8179640668024551,spectral_rolloff_std,0.8579102326517258,deviation at or below the one-sided 95% upper reference limit (empirical reference-tail probability 0.664; largest deviation: spectral_rolloff_std)
loso,rec2018-01-23_11h53m23.410s.wav,2018-01-23#2,0,2.832,4.408,1.5760000000000005,22656,35264,0.9453993021756754,0.9923404455184937,87,SCOREABLE,,0.34792619943618774,0.12377738952636719,0.0339430570602417,0.09501637518405914,0.1916872262954712,-0.7863742085797127,-0.27505423570147886,-0.5375520158605203,0.8878331040808258,0.6654413984255484,0.7808219178082192,WITHIN_REFERENCE_RANGE,STABLE,8,0.6415080702296048,0.6782350415060794,spectral_rolloff_std,0.4450236032690656,deviation at or below the one-sided 95% upper reference limit (empirical reference-tail probability 0.781; largest deviation: spectral_rolloff_std)
loso,rec2018-01-23_11h53m38.425s.wav,2018-01-23#2,0,1.6640000000000001,3.112,1.448,13312,24896,0.9265407497369791,0.9934797286987305,79,SCOREABLE,,0.3464752435684204,0.09976747632026672,0.03167708218097687,0.09615477174520493,0.19018162786960602,-0.8366205682272926,-1.04927517162506,-0.7697305876526661,0.9597665508237142,0.9102951953374692,0.5616438356164384,WITHIN_REFERENCE_RANGE,STABLE,8,0.8609706701118612,0.9364621940716947,spectral_flatness_mean,0.3321653300893647,deviation at or below the one-sided 95% upper reference limit (empirical reference-tail probability 0.562; largest deviation: spectral_flatness_mean)
loso,rec2018-01-23_11h53m56.835s.wav,2018-01-23#2,0,0.848,2.4400000000000004,1.5920000000000005,6784,19521,0.9405362558635798,0.9889852404594421,88,SCOREABLE,,0.3540100157260895,0.12035810202360153,0.042414698749780655,0.09730574488639832,0.20706318318843842,-0.5756926653825455,-0.38531219239873193,0.33047776073175344,1.0324946914210462,0.6432628484409177,0.797945205479452,WITHIN_REFERENCE_RANGE,STABLE,8,0.6295392058095373,0.6551203258124703,spectral_rolloff_std,0.6440783847226482,deviation at or below the one-sided 95% upper reference limit (empirical reference-tail probability 0.798; largest deviation: spectral_rolloff_std)
loso,rec2018-01-23_11h56m03.777s.wav,2018-01-23#2,0,2.432,4.008,1.576,19456,32064,0.9122883403438261,0.9848039746284485,87,SCOREABLE,,0.3642078638076782,0.12234221398830414,0.053286854177713394,0.06614422053098679,0.19261807203292847,-0.22254288755549492,-0.3213327431977693,1.444471363511067,-0.9365518861539203,0.8826674096332277,0.5856164383561644,WITHIN_REFERENCE_RANGE,STABLE,8,0.8690906161920335,0.892859666680259,spectral_centroid_std,0.6695202211580056,deviation at or below the one-sided 95% upper reference limit (empirical reference-tail probability 0.586; largest deviation: spectral_centroid_std)
loso,rec2018-01-23_11h56m18.749s.wav,2018-01-23#2,0,0.88,2.3120000000000003,1.4320000000000004,7040,18497,0.8469862701036991,0.989016592502594,78,SCOREABLE,,0.34538522362709045,0.1104314997792244,0.04547635838389397,0.05963270366191864,0.23226523399353027,-0.8743677769548576,-0.7054042816208653,0.6441845752542162,-1.3480041585018778,0.9346393941301425,0.547945205479452,WITHIN_REFERENCE_RANGE,STABLE,8,0.8981701274493904,0.982671653337375,spectral_rolloff_std,0.5200370766800497,deviation at or below the one-sided 95% upper reference limit (empirical reference-tail probability 0.548; largest deviation: spectral_rolloff_std)
loso,rec2018-01-23_11h56m33.584s.wav,2018-01-23#2,0,2.096,3.544,1.448,16768,28352,0.8675620548332794,0.9755581021308899,79,SCOREABLE,,0.3546575605869293,0.12468621134757996,0.03605196997523308,0.07129447162151337,0.19219985604286194,-0.5532682948772131,-0.24574847041331677,-0.3214664832638091,-0.6111158077455161,0.45915720270003363,0.9315068493150684,WITHIN_REFERENCE_RANGE,STABLE,8,0.42487136448338114,0.45915720270003363,spectral_rolloff_std,0.4428577420536949,deviation at or below the one-sided 95% upper reference limit (empirical reference-tail probability 0.932; largest deviation: spectral_rolloff_std)
loso,rec2018-01-23_11h57m24.977s.wav,2018-01-23#2,0,2.32,3.8000000000000003,1.4800000000000004,18560,30401,0.9459051033596934,0.9941384196281433,81,SCOREABLE,,0.3830776512622833,0.14527228474617004,0.04108279570937157,0.04277418553829193,0.17898277938365936,0.43091470407782556,0.41806771571093665,0.19400698670970085,-2.413266789293173,1.247193189155934,0.2705479452054795,WITHIN_REFERENCE_RANGE,STABLE,8,1.2419345017265657,1.266022899948914,spectral_rolloff_std,0.9360158872476191,deviation at or below the one-sided 95% upper reference limit (empirical reference-tail probability 0.271; largest deviation: spectral_rolloff_std)
loso,rec2018-01-23_11h57m41.504s.wav,2018-01-23#2,0,2.688,3.9760000000000004,1.2880000000000003,21504,31809,0.9324938508047573,0.9940492510795593,69,SCOREABLE,,0.3819223940372467,0.13099965453147888,0.061221759766340256,0.04471263661980629,0.20014840364456177,0.39090833909859574,-0.04216589813243769,2.257505551900048,-2.2907791848897805,1.6200762237720456,0.08904109589041095,WITHIN_REFERENCE_RANGE,BORDERLINE,8,1.491175344080171,1.703790341747343,spectral_rolloff_std,0.49984524892711757,deviation at or below the one-sided 95% upper reference limit (empirical reference-tail probability 0.089; largest deviation: spectral_rolloff_std)
loso,rec2018-01-23_11h57m58.590s.wav,2018-01-23#2,0,3.136,4.728000000000001,1.5920000000000005,25088,37825,0.9602383910254999,0.997657060623169,88,SCOREABLE,,0.3967849016189575,0.1570085883140564,0.04669875651597977,0.04049830138683319,0.1691504418849945,0.9055944972411207,0.7965152283951362,0.7694351484473084,-2.5570762463747783,1.465026218190225,0.14726027397260275,WITHIN_REFERENCE_RANGE,STABLE,8,1.1770031611278857,1.5092811582699333,spectral_rolloff_std,0.7616168971310586,deviation at or below the one-sided 95% upper reference limit (empirical reference-tail probability 0.147; largest deviation: spectral_rolloff_std)
loso,rec2018-01-23_11h58m15.852s.wav,2018-01-23#2,0,2.032,3.592,1.56,16256,28736,0.9516390638295994,0.9963076114654541,86,SCOREABLE,,0.37319013476371765,0.1306108981370926,0.037006180733442307,0.06406542658805847,0.18343709409236908,0.08851165720033431,-0.05470169269880694,-0.22369519150897835,-1.0679075301243903,0.5480174769669939,0.8904109589041096,WITHIN_REFERENCE_RANGE,STABLE,8,0.5363323424685947,0.5596249572816181,spectral_rolloff_std,0.9493328050776793,deviation at or below the one-sided 95% upper reference limit (empirical reference-tail probability 0.890; largest deviation: spectral_rolloff_std)
loso,rec2018-01-23_11h58m34.582s.wav,2018-01-23#2,0,1.872,3.56,1.688,14976,28480,0.9495278133990916,0.9945313930511475,94,SCOREABLE,,0.37021154165267944,0.1300733983516693,0.042419180274009705,0.04493243992328644,0.18663375079631805,-0.014636525336274957,-0.07203384976897081,0.33093695112458354,-2.276890167859646,1.1509942664390231,0.3356164383561644,WITHIN_REFERENCE_RANGE,STABLE,8,1.130689838240771,1.2282588014524585,spectral_rolloff_std,0.9783130609885653,deviation at or below the one-sided 95% upper reference limit (empirical reference-tail probability 0.336; largest deviation: spectral_rolloff_std)
loso,rec2018-01-23_11h58m49.449s.wav,2018-01-23#2,0,2.464,3.9120000000000004,1.4480000000000004,19712,31297,0.8402588712541681,0.9830061793327332,76,SCOREABLE,,0.3559668958187103,0.11517751216888428,0.035967305302619934,0.07264268398284912,0.19298149645328522,-0.5079262342282223,-0.5523649048148811,-0.33014147915562014,-0.5259244382330868,0.48700255607087534,0.9212328767123288,WITHIN_REFERENCE_RANGE,STABLE,8,0.4571659245301926,0.6777832478310716,spectral_flatness_mean,0.3216101022097536,deviation at or below the one-sided 95% upper reference limit (empirical reference-tail probability 0.921; largest deviation: spectral_flatness_mean)
loso,rec2018-01-23_11h59m04.620s.wav,2018-01-23#2,0,2.848,4.44,1.5920000000000005,22784,35520,0.9387156333435666,0.9975318312644958,88,SCOREABLE,,0.37072423100471497,0.14631770551204681,0.04126206785440445,0.11456415802240372,0.16540983319282532,0.003117821396200798,0.45177823506364345,0.21237574753610208,2.1230260445165774,1.090465077194669,0.386986301369863,WITHIN_REFERENCE_RANGE,STABLE,8,1.0609370204120072,1.122365711028037,spectral_rolloff_std,0.9476045326809885,deviation at or below the one-sided 95% upper reference limit (empirical reference-tail probability 0.387; largest deviation: spectral_rolloff_std)
loso,rec2018-01-23_11h59m04.620s.wav,2018-01-23#2,1,5.056,5.304,0.24800000000000022,40448,42432,0.5993275940418243,0.6451959013938904,4,NOT_SCOREABLE,short_duration,0.3732602000236511,0.056510135531425476,0.015972882509231567,0.03391006961464882,0.035017091780900955,,,,,,,NOT_ASSESSED,,0,,,,,not scoreable: short_duration
loso,rec2018-01-23_12h02m44.138s.wav,2018-01-23#2,0,2.48,3.9760000000000004,1.4960000000000004,19840,31809,0.9422488256198603,0.9894420504570007,82,SCOREABLE,,0.37665557861328125,0.16029103100299835,0.04081553965806961,0.06487671285867691,0.17577166855335236,0.2085193995940455,0.9023605027588292,0.1666231313713626,-1.0166436562402048,0.6926511402985774,0.75,WITHIN_REFERENCE_RANGE,STABLE,8,0.6625441846467395,0.7250368392374933,spectral_rolloff_std,0.5385777550155618,deviation at or below the one-sided 95% upper reference limit (empirical reference-tail probability 0.750; largest deviation: spectral_rolloff_std)
loso,rec2018-01-23_12h03m01.599s.wav,2018-01-23#2,0,1.84,3.16,1.32,14720,25280,0.8929287111255485,0.9818534255027771,71,SCOREABLE,,0.38132989406585693,0.1591966301202774,0.03665643185377121,0.03278495371341705,0.1837848424911499,0.3703901639321509,0.8670705761180064,-0.2595315090741069,-3.0444702732125033,1.598839900223299,0.09931506849315068,WITHIN_REFERENCE_RANGE,BORDERLINE,8,1.5665600870575918,1.598839900223299,spectral_rolloff_std,0.9064701945106566,deviation at or below the one-sided 95% upper reference limit (empirical reference-tail probability 0.099; largest deviation: spectral_rolloff_std)
loso,rec2018-01-23_12h03m19.922s.wav,2018-01-23#2,0,2.48,3.9760000000000004,1.4960000000000004,19840,31809,0.9167577093694268,0.9941858053207397,82,SCOREABLE,,0.3745822012424469,0.14968208968639374,0.037343308329582214,0.052063412964344025,0.19315007328987122,0.13671868712964563,0.5602657852646802,-0.18915208845000792,-1.826295456858758,0.9622530017953492,0.5273972602739726,WITHIN_REFERENCE_RANGE,STABLE,8,0.9515198570755556,0.99175502511559,spectral_rolloff_std,0.9005410970200328,deviation at or below the one-sided 95% upper reference limit (empirical reference-tail probability 0.527; largest deviation: spectral_rolloff_std)
loso,rec2018-01-23_12h03m36.988s.wav,2018-01-23#2,0,2.608,4.008,1.4,20864,32064,0.8953363126830051,0.9752678275108337,76,SCOREABLE,,0.3782625198364258,0.14435896277427673,0.06316061317920685,0.06197863072156906,0.18662770092487335,0.2641675060763505,0.3886168390747335,2.456166278650797,-1.199768802767652,1.3868133875322652,0.1780821917808219,WITHIN_REFERENCE_RANGE,STABLE,8,1.2714956601002134,1.5558094876160182,spectral_centroid_std,0.7841867262797941,deviation at or below the one-sided 95% upper reference limit (empirical reference-tail probability 0.178; largest deviation: spectral_centroid_std)
loso,rec2018-01-23_12h03m52.821s.wav,2018-01-23#2,0,2.352,3.8480000000000003,1.4960000000000004,18816,30785,0.9374690070384886,0.9953920245170593,82,SCOREABLE,,0.3751016855239868,0.11872031539678574,0.048540495336055756,0.06544966250658035,0.18185187876224518,0.15470834113730622,-0.43812407406493775,0.9581452232024745,-0.980439890004002,0.7237389069528969,0.7294520547945206,WITHIN_REFERENCE_RANGE,STABLE,8,0.6841107160249448,0.8658624539164983,spectral_rolloff_std,0.4587944054447099,deviation at or below the one-sided 95% upper reference limit (empirical reference-tail probability 0.729; largest deviation: spectral_rolloff_std)
loso,rec2018-01-23_12h04m16.860s.wav,2018-01-23#2,0,2.336,3.8000000000000003,1.4640000000000004,18688,30401,0.9289853282272815,0.9812612533569336,80,SCOREABLE,,0.34526845812797546,0.10413892567157745,0.030423758551478386,0.08487005531787872,0.20087751746177673,-0.8784113467100072,-0.9083139120377327,-0.8981498799198054,0.24670347962412129,0.7848847798385424,0.6678082191780822,WITHIN_REFERENCE_RANGE,STABLE,8,0.7302923243205299,0.8344704301727209,spectral_flatness_mean,0.334811314320211,deviation at or below the one-sided 95% upper reference limit (empirical reference-tail probability 0.668; largest deviation: spectral_flatness_mean)
loso,rec2018-01-23_12h04m31.917s.wav,2018-01-23#2,0,2.4,3.9920000000000004,1.5920000000000005,19200,31937,0.9388013536279852,0.9887307286262512,88,SCOREABLE,,0.36208871006965637,0.13079112768173218,0.04013008251786232,0.10603885352611542,0.17421554028987885,-0.29592882797903464,-0.04889003125987727,0.09638914012354644,1.5843257726768347,0.8076730660804907,0.6541095890410958,WITHIN_REFERENCE_RANGE,STABLE,8,0.7236182012406518,0.8826674651077696,spectral_rolloff_std,0.96196170150861,deviation at or below the one-sided 95% upper reference limit (empirical reference-tail probability 0.654; largest deviation: spectral_rolloff_std)
loso,rec2018-01-23_12h04m50.656s.wav,2018-01-23#2,0,1.968,3.4480000000000004,1.4800000000000004,15744,27585,0.9346277110370589,0.9929168224334717,81,SCOREABLE,,0.37156760692596436,0.14319752156734467,0.027156716212630272,0.06341276317834854,0.18384774029254913,0.032323788854337836,0.3511651377490208,-1.2329008214061141,-1.1091482806903867,0.8477346467613701,0.6164383561643836,WITHIN_REFERENCE_RANGE,STABLE,8,0.8300158144659008,0.8869599650587201,spectral_centroid_std,0.5287817117760741,deviation at or below the one-sided 95% upper reference limit (empirical reference-tail probability 0.616; largest deviation: spectral_centroid_std)
loso,rec2018-01-23_12h05m05.795s.wav,2018-01-23#2,0,2.4,3.8320000000000003,1.4320000000000004,19200,30657,0.9345254110984313,0.9913212060928345,78,SCOREABLE,,0.3502099812030792,0.11703744530677795,0.04361370950937271,0.10145946592092514,0.1854393035173416,-0.707287226980204,-0.49238971196789283,0.45333199370357624,1.2949616392491567,0.8101139416068727,0.6506849315068494,WITHIN_REFERENCE_RANGE,STABLE,8,0.6621237227736843,0.9102602367973228,spectral_rolloff_std,0.6387951398110575,deviation at or below the one-sided 95% upper reference limit (empirical reference-tail probability 0.651; largest deviation: spectral_rolloff_std)
loso,rec2018-01-23_12h37m08.326s.wav,2018-01-23#3,0,2.368,3.7840000000000003,1.4160000000000004,18944,30273,0.8749033971266313,0.9884757995605469,77,SCOREABLE,,0.3738905191421509,0.14582334458827972,0.053365111351013184,0.04968997836112976,0.20281095802783966,0.12442550863570433,0.49620754052344773,1.4875897331735968,-1.8408560387307593,1.2107206325208324,0.3137931034482759,WITHIN_REFERENCE_RANGE,STABLE,8,1.1157156375556443,1.3580081230646552,spectral_rolloff_std,0.577952004952603,deviation at or below the one-sided 95% upper reference limit (empirical reference-tail probability 0.314; largest deviation: spectral_rolloff_std)
loso,rec2018-01-23_12h37m25.023s.wav,2018-01-23#3,0,0.672,2.2800000000000002,1.608,5376,18241,0.9324734023447787,0.9932311773300171,89,SCOREABLE,,0.3815261423587799,0.1522786021232605,0.03964976221323013,0.08369331061840057,0.1749548465013504,0.382667453632259,0.7128443301411276,0.02639113226015018,0.17658008813569614,0.4142639371438615,0.9758620689655172,WITHIN_REFERENCE_RANGE,STABLE,8,0.38539732753159817,0.44489672542561653,spectral_flatness_mean,0.7402444351119699,deviation at or below the one-sided 95% upper reference limit (empirical reference-tail probability 0.976; largest deviation: spectral_flatness_mean)
loso,rec2018-01-23_12h37m39.981s.wav,2018-01-23#3,0,1.2,2.664,1.4640000000000002,9600,21312,0.9210524022579193,0.9882259964942932,80,SCOREABLE,,0.354282408952713,0.11415574699640274,0.041950128972530365,0.09435760229825974,0.18490657210350037,-0.5387340487923649,-0.5665489242702116,0.27146638747312957,0.8092982917402519,0.5787637219672095,0.903448275862069,WITHIN_REFERENCE_RANGE,STABLE,8,0.5544370109925097,0.5874874394124625,spectral_rolloff_std,0.48882640171322544,deviation at or below the one-sided 95% upper reference limit (empirical reference-tail probability 0.903; largest deviation: spectral_rolloff_std)
loso,rec2018-01-23_12h37m54.913s.wav,2018-01-23#3,0,2.16,3.624,1.464,17280,28992,0.9554701246321201,0.9967730045318604,80,SCOREABLE,,0.3688550293445587,0.12523259222507477,0.03756844252347946,0.0862874984741211,0.16714011132717133,-0.04587816435178974,-0.19481283528726914,-0.19534740229449207,0.3304946592257021,0.21647411745799633,1.0,WITHIN_REFERENCE_RANGE,STABLE,8,0.21647411745799633,0.3102709666953087,spectral_rolloff_std,0.5827160021981204,deviation at or below the one-sided 95% upper reference limit (empirical reference-tail probability 1.000; largest deviation: spectral_rolloff_std)
loso,rec2018-01-23_12h38m10.740s.wav,2018-01-23#3,0,0.928,2.4240000000000004,1.4960000000000004,7424,19393,0.8924845798713404,0.9876483678817749,82,SCOREABLE,,0.3819675147533417,0.15666158497333527,0.048548825085163116,0.08750453591346741,0.16424912214279175,0.397594966738352,0.8599361120637173,0.974474778347422,0.40270214993012526,0.7087563032524888,0.7793103448275862,WITHIN_REFERENCE_RANGE,STABLE,8,0.6904376670300526,0.930763432059135,spectral_centroid_std,0.47259306705875453,deviation at or below the one-sided 95% upper reference limit (empirical reference-tail probability 0.779; largest deviation: spectral_centroid_std)
loso,rec2018-01-23_12h39m14.259s.wav,2018-01-23#3,0,2.16,3.624,1.464,17280,28992,0.887351430207491,0.980884850025177,80,SCOREABLE,,0.3763419985771179,0.1434495896100998,0.04267304018139839,0.08244512975215912,0.17341893911361694,0.20733620229411054,0.41654493139821513,0.3484835188907081,0.10252484103912558,0.29514830451140855,0.993103448275862,WITHIN_REFERENCE_RANGE,STABLE,8,0.24101542653632382,0.3555404015074525,spectral_flatness_mean,0.4979470131710807,deviation at or below the one-sided 95% upper reference limit (empirical reference-tail probability 0.993; largest deviation: spectral_flatness_mean)
loso,rec2018-01-23_12h39m29.011s.wav,2018-01-23#3,0,1.1520000000000001,2.8720000000000003,1.7200000000000002,9216,22977,0.9634817602733771,0.9950001239776611,96,SCOREABLE,,0.3801063001155853,0.14344856142997742,0.03721880912780762,0.09884515404701233,0.1622404307126999,0.33464742801440067,0.41651042593663545,-0.23259645978883858,1.0755471684861588,0.6116315599965934,0.8655172413793103,WITHIN_REFERENCE_RANGE,STABLE,8,0.5964701318927064,0.6410355406264744,spectral_rolloff_std,0.7730706006550715,deviation at or below the one-sided 95% upper reference limit (empirical reference-tail probability 0.866; largest deviation: spectral_rolloff_std)
loso,rec2018-01-23_12h39m44.218s.wav,2018-01-23#3,0,0.4,2.024,1.624,3200,16192,0.9385259674655066,0.9893407821655273,90,SCOREABLE,,0.3726613521575928,0.13094955682754517,0.039802778512239456,0.09448589384555817,0.17285887897014618,0.08285424931445526,-0.0029529674004039564,0.042693101665612736,0.8169098987537412,0.41110765933560756,0.9793103448275862,WITHIN_REFERENCE_RANGE,STABLE,8,0.405140381191186,0.4398206421397332,spectral_rolloff_std,0.9871364521128398,deviation at or below the one-sided 95% upper reference limit (empirical reference-tail probability 0.979; largest deviation: spectral_rolloff_std)
loso,rec2018-01-23_12h39m59.067s.wav,2018-01-23#3,0,0.784,2.648,1.864,6272,21184,0.9427090971242814,0.9943709969520569,105,SCOREABLE,,0.36809659004211426,0.11092726141214371,0.03462791070342064,0.09691150486469269,0.18378782272338867,-0.07152909487420434,-0.674896073630368,-0.5086242236314619,0.9608227147890279,0.6407963818044066,0.8310344827586207,WITHIN_REFERENCE_RANGE,STABLE,8,0.5879760342728365,0.700605486621255,spectral_rolloff_std,0.5620648547678033,deviation at or below the one-sided 95% upper reference limit (empirical reference-tail probability 0.831; largest deviation: spectral_rolloff_std)
loso,rec2018-01-23_12h40m15.223s.wav,2018-01-23#3,0,1.456,3.064,1.608,11648,24512,0.9483071056644569,0.9950064420700073,89,SCOREABLE,,0.37914034724235535,0.15496432781219482,0.042553119361400604,0.098740354180336,0.1656235307455063,0.30197824808228146,0.802976596420446,0.3357074580962773,1.069329335612488,0.7057136462717574,0.7862068965517242,WITHIN_REFERENCE_RANGE,STABLE,8,0.6668769710090646,0.7356561744226314,spectral_rolloff_std,0.5739921334207039,deviation at or below the one-sided 95% upper reference limit (empirical reference-tail probability 0.786; largest deviation: spectral_rolloff_std)
loso,rec2018-01-23_12h40m30.209s.wav,2018-01-23#3,0,2.208,3.7840000000000003,1.576,17664,30273,0.9393412326944286,0.9944398403167725,87,SCOREABLE,,0.3647538721561432,0.11018716543912888,0.03308911249041557,0.08756981790065765,0.1866322159767151,-0.18458207613812777,-0.6997335049387353,-0.6725638924902715,0.4065753656018945,0.5341683344605164,0.9172413793103448,WITHIN_REFERENCE_RANGE,STABLE,8,0.483281420540096,0.6111678370483202,spectral_flatness_mean,0.4289918769069324,deviation at or below the one-sided 95% upper reference limit (empirical reference-tail probability 0.917; largest deviation: spectral_flatness_mean)
loso,rec2018-01-23_12h40m47.865s.wav,2018-01-23#3,0,2.144,3.8480000000000003,1.7040000000000002,17152,30785,0.9454400959767794,0.9897132515907288,95,SCOREABLE,,0.3593094050884247,0.11447174847126007,0.04021574184298515,0.09317510575056076,0.1886010617017746,-0.3687176371982021,-0.5559439957051504,0.08668917023464856,0.7391401308525739,0.49971731199108094,0.9379310344827586,WITHIN_REFERENCE_RANGE,STABLE,8,0.47314807777132606,0.5294688602786957,spectral_rolloff_std,0.5469464189819843,deviation at or below the one-sided 95% upper reference limit (empirical reference-tail probability 0.938; largest deviation: spectral_rolloff_std)
loso,rec2018-01-23_12h41m04.075s.wav,2018-01-23#3,0,1.248,3.5280000000000005,2.2800000000000002,9984,28225,0.9649545290997921,0.9958608746528625,131,SCOREABLE,,0.3860657811164856,0.1326104998588562,0.03684013709425926,0.08483146131038666,0.1788325309753418,0.5362011088574861,0.05278785534620577,-0.27293922030243234,0.24410718537599102,0.32572316571881166,0.9896551724137931,WITHIN_REFERENCE_RANGE,STABLE,8,0.32184852150092363,0.3367826348273412,spectral_centroid_mean,0.6774825758087628,deviation at or below the one-sided 95% upper reference limit (empirical reference-tail probability 0.990; largest deviation: spectral_centroid_mean)
loso,rec2018-01-23_12h41m19.889s.wav,2018-01-23#3,0,2.464,4.5840000000000005,2.1200000000000006,19712,36673,0.9748946044070661,0.9991425275802612,121,SCOREABLE,,0.41808298230171204,0.17288760840892792,0.04511549323797226,0.08004108816385269,0.14496351778507233,1.619044522269012,1.404477302914672,0.6086962887742595,-0.04010824897815475,1.1142241138002058,0.3689655172413793,WITHIN_REFERENCE_RANGE,STABLE,8,1.1029510208901108,1.1358155930854201,spectral_centroid_mean,0.5278523819420936,deviation at or below the one-sided 95% upper reference limit (empirical reference-tail probability 0.369; largest deviation: spectral_centroid_mean)
loso,rec2018-01-23_12h41m54.714s.wav,2018-01-23#3,0,2.368,4.056,1.6880000000000002,18944,32448,0.9606764050240212,0.9960368871688843,94,SCOREABLE,,0.3809623122215271,0.1576903760433197,0.03771724924445152,0.07242479920387268,0.17624926567077637,0.36359833678862813,0.8944620768886714,-0.17949391068399417,-0.49198679971143744,0.5492119883456633,0.9137931034482759,WITHIN_REFERENCE_RANGE,STABLE,8,0.5397649920654283,0.5828478949598601,spectral_flatness_mean,0.6631073717487324,deviation at or below the one-sided 95% upper reference limit (empirical reference-tail probability 0.914; largest deviation: spectral_flatness_mean)
loso,rec2018-01-23_12h42m11.121s.wav,2018-01-23#3,0,2.336,3.9280000000000004,1.5920000000000005,18688,31425,0.8885744843970645,0.9923640489578247,88,SCOREABLE,,0.37425315380096436,0.12436976283788681,0.05626106634736061,0.057624466717243195,0.18688419461250305,0.1366900582288805,-0.22376916854202689,1.796117452479994,-1.370098545414742,1.1370977024929982,0.3586206896551724,WITHIN_REFERENCE_RANGE,STABLE,8,1.1002036566513425,1.1725802817383422,spectral_centroid_std,0.6237548137395383,deviation at or below the one-sided 95% upper reference limit (empirical reference-tail probability 0.359; largest deviation: spectral_centroid_std)
loso,rec2018-01-23_12h50m45.316s.wav,2018-01-23#3,0,3.856,5.128,1.2720000000000002,30848,41024,0.9612671373521581,0.9981715083122253,68,SCOREABLE,,0.38320302963256836,0.0840914398431778,0.02194862999022007,0.05758984759449959,0.171197772026062,0.43938091615356445,-1.5754993725614892,-1.8594427155705024,-1.372152516724817,1.4155903012581046,0.1724137931034483,WITHIN_REFERENCE_RANGE,STABLE,8,1.3211799873760481,1.5595376993679206,spectral_centroid_std,0.431350651839646,deviation at or below the one-sided 95% upper reference limit (empirical reference-tail probability 0.172; largest deviation: spectral_centroid_std)
loso,rec2018-01-23_12h51m39.774s.wav,2018-01-23#3,0,3.056,3.608,0.552,24448,28864,0.9254792099413665,0.9958845376968384,23,SCOREABLE,,0.3853563368320465,0.048527467995882034,0.021732104942202568,0.03260457143187523,0.15682776272296906,0.5122072230039719,-2.7690171594664306,-1.8825107464348652,-2.8545424892380398,2.2148403893974526,0.006896551724137931,OUTSIDE_REFERENCE_RANGE,STABLE,8,2.1849856274237376,2.2449522297076037,spectral_rolloff_std,0.4152677100093157,deviation above the one-sided 95% upper reference limit (empirical reference-tail probability 0.007; largest deviation: spectral_rolloff_std)
loso,rec2018-01-23_12h51m39.774s.wav,2018-01-23#3,1,4.208,4.488,0.28000000000000025,33664,35904,0.6752308706442515,0.807569146156311,6,NOT_SCOREABLE,short_duration,0.3658991754055023,0.0961526483297348,0.03933322802186012,0.04821177199482918,0.07871545851230621,,,,,,,NOT_ASSESSED,,0,,,,,not scoreable: short_duration
loso,rec2018-01-23_12h52m08.363s.wav,2018-01-23#3,0,2.432,3.208,0.7760000000000002,19456,25664,0.8902927128707662,0.9959061741828918,34,SCOREABLE,,0.33501124382019043,0.052479423582553864,0.01929681934416294,0.06317845731973648,0.1692865639925003,-1.190497896350246,-2.6363905421132334,-2.1419599134179634,-1.0405772736473007,1.8734082353346806,0.034482758620689655,OUTSIDE_REFERENCE_RANGE,BORDERLINE,8,1.8536810338105607,2.024150977745997,spectral_flatness_mean,0.4951019633721536,deviation above the one-sided 95% upper reference limit (empirical reference-tail probability 0.034; largest deviation: spectral_flatness_mean)
loso,rec2018-01-23_12h52m08.363s.wav,2018-01-23#3,1,3.7600000000000002,4.248,0.488,30080,33984,0.6223810315132141,0.7070614099502563,19,NOT_SCOREABLE,short_duration;close_neighbor,0.3549921214580536,0.0831386148929596,0.026188651099801064,0.08421185612678528,0.15112145245075226,,,,,,,NOT_ASSESSED,,0,,,,,"not scoreable: short_duration, close_neighbor"
loso,rec2018-01-23_12h52m08.363s.wav,2018-01-23#3,2,4.32,4.680000000000001,0.3600000000000003,34560,37441,0.6277933120727539,0.7131069898605347,11,NOT_SCOREABLE,short_duration;close_neighbor,0.33160144090652466,0.08162610977888107,0.010238339193165302,0.041487522423267365,0.2068280577659607,,,,,,,NOT_ASSESSED,,0,,,,,"not scoreable: short_duration, close_neighbor"
loso,rec2018-01-23_12h52m08.363s.wav,2018-01-23#3,3,8.368,8.808,0.4399999999999995,66944,70464,0.8870213329792023,0.9880501627922058,16,NOT_SCOREABLE,short_duration;close_neighbor,0.37483999133110046,0.05450815334916115,0.050101518630981445,0.120171457529068,0.08099877089262009,,,,,,,NOT_ASSESSED,,0,,,,,"not scoreable: short_duration, close_neighbor"
loso,rec2018-01-23_12h52m08.363s.wav,2018-01-23#3,4,8.928,10.088,1.1599999999999984,71424,80704,0.8298420642243057,0.9472222328186035,61,NOT_SCOREABLE,close_neighbor,0.3275027871131897,0.017114583402872086,0.0188568364828825,0.02414185367524624,0.0747804120182991,,,,,,,NOT_ASSESSED,,0,,,,,not scoreable: close_neighbor
loso,rec2018-01-23_12h52m40.101s.wav,2018-01-23#3,0,2.496,3.4320000000000004,0.9360000000000004,19968,27457,0.6813785433769226,0.8734583258628845,47,SCOREABLE,,0.3517332673072815,0.14023958146572113,0.051503829658031464,0.06421010196208954,0.24086803197860718,-0.6249477445067243,0.3088178801881862,1.2892934901564603,-0.9793692380399595,0.8813866879336737,0.593103448275862,WITHIN_REFERENCE_RANGE,STABLE,8,0.840997109169214,0.88960479758398,spectral_centroid_std,0.5349468255507908,deviation at or below the one-sided 95% upper reference limit (empirical reference-tail probability 0.593; largest deviation: spectral_centroid_std)
loso,rec2018-01-23_12h52m40.101s.wav,2018-01-23#3,1,7.376,9.288,1.912,59008,74304,0.8573407289687167,0.9881449937820435,89,SCOREABLE,,0.3626064956188202,0.033816076815128326,0.04012002423405647,0.0807666927576065,0.11549211293458939,-0.25720780398056015,-3.26272767975752,0.07649165831976225,0.0029422647239601813,1.6368725818919598,0.07241379310344828,WITHIN_REFERENCE_RANGE,BORDERLINE,8,1.6324485786329865,1.64780415671369,spectral_flatness_mean,0.9932805124903441,deviation at or below the one-sided 95% upper reference limit (empirical reference-tail probability 0.072; largest deviation: spectral_flatness_mean)
loso,rec2018-01-23_12h53m35.233s.wav,2018-01-23#3,0,2.576,3.4000000000000004,0.8240000000000003,20608,27201,0.7225180566310883,0.8275473117828369,40,SCOREABLE,,0.3454110026359558,0.1360546052455902,0.020019832998514175,0.061429351568222046,0.21536779403686523,-0.838771014616553,0.1683711500550257,-2.0649318677177644,-1.144352665603499,1.2555250197349654,0.2793103448275862,WITHIN_REFERENCE_RANGE,STABLE,8,1.1602491778338073,1.276198426920127,spectral_centroid_std,0.6762397864798829,deviation at or below the one-sided 95% upper reference limit (empirical reference-tail probability 0.279; largest deviation: spectral_centroid_std)
loso,rec2018-01-23_12h54m08.620s.wav,2018-01-23#3,0,2.16,3.4640000000000004,1.3040000000000003,17280,27713,0.7273056383643831,0.8515730500221252,70,SCOREABLE,,0.3801695704460144,0.15391187369823456,0.04599153622984886,0.08263583481311798,0.1544036567211151,0.3367872734110405,0.7676565059000062,0.7020276929704368,0.11383947563563375,0.5496645537263247,0.9137931034482759,WITHIN_REFERENCE_RANGE,STABLE,8,0.48202675521515614,0.5496645537263247,spectral_flatness_mean,0.4876165254713651,deviation at or below the one-sided 95% upper reference limit (empirical reference-tail probability 0.914; largest deviation: spectral_flatness_mean)
loso,rec2018-01-23_12h54m08.620s.wav,2018-01-23#3,1,3.8080000000000003,4.008,0.19999999999999973,30464,32064,0.4526659846305847,0.4526659846305847,1,NOT_SCOREABLE,short_duration,0.3662726581096649,0.09248721599578857,0.036300335079431534,0.046305250376462936,0.03286776319146156,,,,,,,NOT_ASSESSED,,0,,,,,not scoreable: short_duration
loso,rec2018-01-23_12h54m28.485s.wav,2018-01-23#3,0,3.856,4.2,0.3440000000000003,30848,33600,0.6213038086891174,0.6638578176498413,10,NOT_SCOREABLE,short_duration;close_neighbor,0.37087714672088623,0.14019881188869476,0.024676796048879623,0.04305962845683098,0.15573924779891968,,,,,,,NOT_ASSESSED,,0,,,,,"not scoreable: short_duration, close_neighbor"
loso,rec2018-01-23_12h54m28.485s.wav,2018-01-23#3,1,4.368,4.5680000000000005,0.20000000000000018,34944,36545,0.5637931823730469,0.5637931823730469,1,NOT_SCOREABLE,short_duration;close_neighbor,0.3820587992668152,0.17373697459697723,0.04896579682826996,0.06482937932014465,0.14153209328651428,,,,,,,NOT_ASSESSED,,0,,,,,"not scoreable: short_duration, close_neighbor"
loso,rec2018-01-23_12h55m02.432s.wav,2018-01-23#3,0,2.832,3.8800000000000003,1.0480000000000005,22656,31041,0.7083445621861352,0.8272913098335266,54,SCOREABLE,,0.3750211000442505,0.1522786170244217,0.029148170724511147,0.07137192785739899,0.18146978318691254,0.16266251992488345,0.7128448302202809,-1.092421858683593,-0.5544542271755316,0.7133393047355912,0.7758620689655172,WITHIN_REFERENCE_RANGE,STABLE,8,0.5964493639470306,0.8328479223692778,spectral_centroid_std,0.5863115686197786,deviation at or below the one-sided 95% upper reference limit (empirical reference-tail probability 0.776; largest deviation: spectral_centroid_std)
loso,rec2018-01-23_12h55m27.681s.wav,2018-01-23#3,0,2.512,3.7520000000000002,1.2400000000000002,20096,30016,0.8192505592649634,0.9649561643600464,66,SCOREABLE,,0.3698916733264923,0.1400037407875061,0.03410173952579498,0.07692129909992218,0.15124793350696564,-0.010818163279383395,0.3009031274284557,-0.5646811698210114,-0.22520702453802585,0.3392059670040688,0.9896551724137931,WITHIN_REFERENCE_RANGE,STABLE,8,0.2432818515052812,0.35670182729024436,spectral_centroid_std,0.6928187831812556,deviation at or below the one-sided 95% upper reference limit (empirical reference-tail probability 0.990; largest deviation: spectral_centroid_std)
loso,rec2018-01-23_12h55m53.736s.wav,2018-01-23#3,0,2.8000000000000003,3.7840000000000003,0.984,22400,30273,0.8149808287620545,0.9634442329406738,50,SCOREABLE,,0.3613172769546509,0.16043774783611298,0.03508581593632698,0.07459259033203125,0.19388140738010406,-0.3008100517493971,0.98666317062531,-0.45984015849742294,-0.3633705775024349,0.5931867428270908,0.8758620689655172,WITHIN_REFERENCE_RANGE,STABLE,8,0.5342968568222376,0.6546124466645122,spectral_flatness_mean,0.6916636798479706,deviation at or below the one-sided 95% upper reference limit (empirical reference-tail probability 0.876; largest deviation: spectral_flatness_mean)
loso,rec2018-01-23_12h55m53.736s.wav,2018-01-23#3,1,6.640000000000001,6.872,0.23199999999999932,53120,54976,0.5414541363716125,0.568024754524231,3,NOT_SCOREABLE,short_duration,0.38850417733192444,0.16204550862312317,0.06715423613786697,0.13557182252407074,0.04707253724336624,,,,,,,NOT_ASSESSED,,0,,,,,not scoreable: short_duration
loso,rec2018-01-23_12h56m34.401s.wav,2018-01-23#3,0,2.56,3.64,1.08,20480,29120,0.7597423781241689,0.909453809261322,56,SCOREABLE,,0.3495604693889618,0.14971989393234253,0.03709246590733528,0.06660155206918716,0.19191572070121765,-0.6984332406597237,0.6269747385647814,-0.24605674688284376,-0.837483207425246,0.6408643303895655,0.8310344827586207,WITHIN_REFERENCE_RANGE,STABLE,8,0.5631456320327832,0.6455143413145359,spectral_rolloff_std,0.4269332937361214,deviation at or below the one-sided 95% upper reference limit (empirical reference-tail probability 0.831; largest deviation: spectral_rolloff_std)
loso,rec2018-01-23_12h57m02.652s.wav,2018-01-23#3,0,2.816,3.8320000000000003,1.0160000000000005,22528,30657,0.6747571318707568,0.7717178463935852,47,SCOREABLE,,0.37435656785964966,0.17075367271900177,0.027780229225754738,0.056871894747018814,0.19120889902114868,0.1401875916845282,1.3328629676831083,-1.2381588854288996,-1.4147490481746028,1.1544185274804812,0.35172413793103446,WITHIN_REFERENCE_RANGE,STABLE,8,0.9163051814496374,1.2295290568962416,spectral_rolloff_std,0.37546741536432987,deviation at or below the one-sided 95% upper reference limit (empirical reference-tail probability 0.352; largest deviation: spectral_rolloff_std)
loso,rec2018-01-23_12h57m37.371s.wav,2018-01-23#3,0,2.848,4.04,1.1920000000000002,22784,32320,0.7312926328371442,0.9459020495414734,63,SCOREABLE,,0.3389017581939697,0.1323072910308838,0.042178649455308914,0.07135310024023056,0.21539296209812164,-1.058918067118524,0.042612244734277126,0.29581238161163936,-0.5555712799035116,0.6162969431288179,0.8620689655172413,WITHIN_REFERENCE_RANGE,STABLE,8,0.5531108170394439,0.7690908779199822,spectral_centroid_mean,0.7380481533563974,deviation at or below the one-sided 95% upper reference limit (empirical reference-tail probability 0.862; largest deviation: spectral_centroid_mean)
loso,rec2018-02-01_17h36m45.706s.wav,2018-02-01#1,0,2.592,4.072,1.48,20736,32576,0.884433458984634,0.9812636971473694,81,SCOREABLE,,0.38742077350616455,0.1356545388698578,0.0674273818731308,0.0921545997262001,0.17061278223991394,0.6044584180540373,0.12256481354210975,3.1319949529903397,0.679490238110487,1.6318311403082892,0.08832807570977919,WITHIN_REFERENCE_RANGE,BORDERLINE,8,1.331278022400906,1.8906881455752158,spectral_centroid_std,0.9209407341880819,deviation at or below the one-sided 95% upper reference limit (empirical reference-tail probability 0.088; largest deviation: spectral_centroid_std)
loso,rec2018-02-01_17h40m59.475s.wav,2018-02-01#1,0,3.136,4.6000000000000005,1.4640000000000004,25088,36801,0.8752980679273605,0.9554101228713989,80,SCOREABLE,,0.3614861071109772,0.15349137783050537,0.028486715629696846,0.09199786931276321,0.17919127643108368,-0.3236496806867622,0.727222035828382,-1.2196687287529384,0.6702213858174918,0.8016217186285479,0.6656151419558359,WITHIN_REFERENCE_RANGE,STABLE,8,0.7290471316246827,0.8338329621322335,spectral_centroid_std,0.578741780901004,deviation at or below the one-sided 95% upper reference limit (empirical reference-tail probability 0.666; largest deviation: spectral_centroid_std)
loso,rec2018-02-02_00h11m42.617s.wav,2018-02-01#4,0,1.92,3.4640000000000004,1.5440000000000005,15360,27713,0.855046564691207,0.9820212125778198,85,SCOREABLE,,0.3601521849632263,0.13477058708667755,0.03870420902967453,0.10661610215902328,0.18046212196350098,-0.37138593954401994,0.08505476195093263,-0.07760142504967167,1.5347264813212114,0.7916074125252761,0.6719242902208202,WITHIN_REFERENCE_RANGE,STABLE,8,0.7081677144758902,0.8620366173864465,spectral_rolloff_std,0.939684964268586,deviation at or below the one-sided 95% upper reference limit (empirical reference-tail probability 0.672; largest deviation: spectral_rolloff_std)
loso,rec2018-02-02_00h27m33.111s.wav,2018-02-01#4,0,2.192,4.008,1.8159999999999998,17536,32064,0.9137525523410124,0.9929176568984985,102,SCOREABLE,,0.38449838757514954,0.1263759583234787,0.050182078033685684,0.08885090798139572,0.18160802125930786,0.49987677397611235,-0.19726122875226992,1.2009311999708812,0.48411379436423374,0.7009619630348812,0.7570977917981072,WITHIN_REFERENCE_RANGE,STABLE,8,0.560098670989796,0.7433187727094701,spectral_centroid_std,0.7338163099627647,deviation at or below the one-sided 95% upper reference limit (empirical reference-tail probability 0.757; largest deviation: spectral_centroid_std)
loso,rec2018-02-02_00h33m01.131s.wav,2018-02-01#4,0,4.24,4.488,0.24800000000000022,33920,35904,0.609777107834816,0.6633768081665039,4,NOT_SCOREABLE,short_duration;close_neighbor,0.3484507203102112,0.17082592844963074,0.01763385720551014,0.028302418068051338,0.2240678071975708,,,,,,,NOT_ASSESSED,,0,,,,,"not scoreable: short_duration, close_neighbor"
loso,rec2018-02-02_00h33m01.131s.wav,2018-02-01#4,1,4.5280000000000005,5.352,0.8239999999999998,36224,42816,0.6225966502880228,0.7970605492591858,29,NOT_SCOREABLE,close_neighbor,0.32651564478874207,0.15422722697257996,0.05470336601138115,0.09711012989282608,0.22218574583530426,,,,,,,NOT_ASSESSED,,0,,,,,not scoreable: close_neighbor
loso,rec2018-02-02_00h39m43.100s.wav,2018-02-01#4,0,2.048,3.048,1.0,16384,24384,0.6794351596458286,0.8211485743522644,51,NOT_SCOREABLE,close_neighbor,0.3530270755290985,0.12683473527431488,0.02779490314424038,0.08950643986463547,0.21296077966690063,,,,,,,NOT_ASSESSED,,0,,,,,not scoreable: close_neighbor
loso,rec2018-02-02_00h39m43.100s.wav,2018-02-01#4,1,3.072,3.3840000000000003,0.3120000000000003,24576,27073,0.5544548204966954,0.6020506620407104,7,NOT_SCOREABLE,short_duration;close_neighbor,0.3455502986907959,0.09268034994602203,0.017149804159998894,0.09114859998226166,0.11407415568828583,,,,,,,NOT_ASSESSED,,0,,,,,"not scoreable: short_duration, close_neighbor"
loso,rec2018-02-02_01h32m24.455s.wav,2018-02-02#1,0,2.816,3.4000000000000004,0.5840000000000005,22528,27201,0.6513926699047997,0.7801125049591064,21,SCOREABLE,,0.3527006506919861,0.13615378737449646,0.021201761439442635,0.06125176325440407,0.19356168806552887,-0.638142399113,0.15562237846991092,-2.056408353563013,-1.1627750773268248,1.2260001267620726,0.2990353697749196,WITHIN_REFERENCE_RANGE,STABLE,8,1.146017971696009,1.4105751259764505,spectral_centroid_std,0.7033600500121948,deviation at or below the one-sided 95% upper reference limit (empirical reference-tail probability 0.299; largest deviation: spectral_centroid_std)
loso,rec2018-02-02_01h32m24.455s.wav,2018-02-02#1,1,3.6,4.072,0.472,28800,32576,0.7521946132183075,0.8961023092269897,18,NOT_SCOREABLE,short_duration,0.395516961812973,0.1517665833234787,0.06927268952131271,0.07121943682432175,0.15267284214496613,,,,,,,NOT_ASSESSED,,0,,,,,not scoreable: short_duration
loso,rec2018-02-02_01h34m08.386s.wav,2018-02-02#1,0,7.472,8.632,1.1599999999999993,59776,69056,0.8434036022326985,0.9785067439079285,61,SCOREABLE,,0.3876652717590332,0.15883420407772064,0.03945179656147957,0.06000486761331558,0.1764698177576065,0.6029137436355438,0.9216390091536912,-0.009594291095145301,-1.2369980705282415,0.8281273637506846,0.6237942122186495,WITHIN_REFERENCE_RANGE,STABLE,8,0.8258316110782866,0.8596044799702643,spectral_rolloff_std,0.5578067721965502,deviation at or below the one-sided 95% upper reference limit (empirical reference-tail probability 0.624; largest deviation: spectral_rolloff_std)
loso,rec2018-02-02_01h35m12.866s.wav,2018-02-02#1,0,4.272,5.752000000000001,1.4800000000000004,34176,46017,0.7846499710907171,0.91279536485672,81,SCOREABLE,,0.36539244651794434,0.1424168199300766,0.03522859886288643,0.09904847294092178,0.18359100818634033,-0.18765185491085565,0.3671523145758165,-0.48324271863294294,1.0871204501363598,0.6295570742526653,0.8327974276527331,WITHIN_REFERENCE_RANGE,STABLE,8,0.6186755578190053,0.7366440440407488,spectral_rolloff_std,0.7454613350794737,deviation at or below the one-sided 95% upper reference limit (empirical reference-tail probability 0.833; largest deviation: spectral_rolloff_std)
loso,rec2018-02-02_01h36m19.632s.wav,2018-02-02#1,0,3.7600000000000002,5.32,1.56,30080,42560,0.8015075873496921,0.985145628452301,86,SCOREABLE,,0.3725821077823639,0.16296444833278656,0.03918936103582382,0.09303770959377289,0.17567238211631775,0.06754248165521515,1.0611353786236963,-0.03902747962390114,0.7293223856076404,0.6449815045621878,0.8167202572347267,WITHIN_REFERENCE_RANGE,STABLE,8,0.6017696491058945,0.6916568984695828,spectral_flatness_mean,0.676685818964859,deviation at or below the one-sided 95% upper reference limit (empirical reference-tail probability 0.817; largest deviation: spectral_flatness_mean)
loso,rec2018-02-02_01h40m26.773s.wav,2018-02-02#1,0,4.352,5.16,0.8079999999999998,34816,41280,0.6570700742304325,0.803968071937561,32,SCOREABLE,,0.33297404646873474,0.14208249747753143,0.01990753784775734,0.07406869530677795,0.1779363453388214,-1.3383308353008205,0.35586078664616516,-2.2015606795571925,-0.3998314682242112,1.3157223256584267,0.2315112540192926,WITHIN_REFERENCE_RANGE,STABLE,8,1.1603372496548983,1.3422726522376132,spectral_centroid_std,0.6999593846126332,deviation at or below the one-sided 95% upper reference limit (empirical reference-tail probability 0.232; largest deviation: spectral_centroid_std)
loso,rec2018-02-02_01h58m20.818s.wav,2018-02-02#1,0,2.7680000000000002,3.4480000000000004,0.6800000000000002,22144,27585,0.6014097113358347,0.7265216112136841,19,SCOREABLE,,0.34085530042648315,0.12520775198936462,0.01320614106953144,0.057420630007982254,0.24089139699935913,-1.0585886748447115,-0.21407299594850354,-2.9531489955318246,-1.3908279853108927,1.7191515861492868,0.06109324758842444,WITHIN_REFERENCE_RANGE,BORDERLINE,8,1.6398011489504272,1.728675336991656,spectral_centroid_std,0.7377044142034821,deviation at or below the one-sided 95% upper reference limit (empirical reference-tail probability 0.061; largest deviation: spectral_centroid_std)
loso,rec2018-02-02_01h58m59.251s.wav,2018-02-02#1,0,2.8000000000000003,4.184,1.384,22400,33472,0.8319357220331828,0.9508000016212463,75,SCOREABLE,,0.3779509663581848,0.15259984135627747,0.040852151811122894,0.07548104971647263,0.18517033755779266,0.25810810804349715,0.7110773784380803,0.14746112267551867,-0.31575933877378887,0.41644314626601525,0.9581993569131833,WITHIN_REFERENCE_RANGE,STABLE,8,0.3832716970591509,0.42809834638363176,spectral_flatness_mean,0.7288905102583394,deviation at or below the one-sided 95% upper reference limit (empirical reference-tail probability 0.958; largest deviation: spectral_flatness_mean)
loso,rec2018-02-02_02h09m32.913s.wav,2018-02-02#1,0,3.376,4.472,1.0960000000000005,27008,35776,0.7479002350255063,0.9381119012832642,57,SCOREABLE,,0.35163143277168274,0.11670107394456863,0.02558821439743042,0.07281825691461563,0.20750658214092255,-0.676093889145875,-0.5013806296420229,-1.5644501990320154,-0.474265348030892,0.9193635744789438,0.5466237942122186,WITHIN_REFERENCE_RANGE,STABLE,8,0.8630199884484746,0.9824390381374416,spectral_centroid_std,0.7239172221013201,deviation at or below the one-sided 95% upper reference limit (empirical reference-tail probability 0.547; largest deviation: spectral_centroid_std)
loso,rec2018-02-02_10h27m54.823s.wav,2018-02-02#2,0,2.24,2.8080000000000003,0.5680000000000001,17920,22465,0.6111863187768243,0.7661343812942505,22,NOT_SCOREABLE,close_neighbor,0.34416621923446655,0.09909611940383911,0.031691472977399826,0.11468501389026642,0.15227238833904266,,,,,,,NOT_ASSESSED,,0,,,,,not scoreable: close_neighbor
loso,rec2018-02-02_10h27m54.823s.wav,2018-02-02#2,1,2.928,3.576,0.6480000000000001,23424,28608,0.649980923959187,0.7925899624824524,28,NOT_SCOREABLE,close_neighbor,0.35755622386932373,0.1352137178182602,0.015380282886326313,0.04894285276532173,0.2441583126783371,,,,,,,NOT_ASSESSED,,0,,,,,not scoreable: close_neighbor
loso,rec2018-02-02_10h27m54.823s.wav,2018-02-02#2,2,3.616,4.216,0.6000000000000001,28928,33728,0.7523928142729259,0.9518367648124695,21,NOT_SCOREABLE,close_neighbor,0.3704373836517334,0.09224328398704529,0.024208825081586838,0.0646405816078186,0.1515534371137619,,,,,,,NOT_ASSESSED,,0,,,,,not scoreable: close_neighbor
loso,rec2018-02-02_10h27m54.823s.wav,2018-02-02#2,3,4.848,5.192,0.3440000000000003,38784,41536,0.6201128032472398,0.811919629573822,9,NOT_SCOREABLE,short_duration,0.3670746684074402,0.12887635827064514,0.05425950512290001,0.1034819632768631,0.1935267150402069,,,,,,,NOT_ASSESSED,,0,,,,,not scoreable: short_duration
loso,rec2018-02-02_10h29m51.284s.wav,2018-02-02#2,0,2.56,4.5360000000000005,1.9760000000000004,20480,36289,0.8965559463415828,0.9879096746444702,112,SCOREABLE,,0.35375887155532837,0.12599889934062958,0.03348543494939804,0.10208515077829361,0.1864069402217865,-0.6170728497610998,-0.2209852784309404,-0.6564627857209061,1.283240030340732,0.7917167674902466,0.6806451612903226,WITHIN_REFERENCE_RANGE,STABLE,8,0.759295159597811,0.8216787144001675,spectral_rolloff_std,0.6567742554592212,deviation at or below the one-sided 95% upper reference limit (empirical reference-tail probability 0.681; largest deviation: spectral_rolloff_std)
loso,rec2018-02-02_10h46m42.260s.wav,2018-02-02#2,0,2.576,4.168,1.592,20608,33344,0.8354722796515985,0.9664812088012695,88,SCOREABLE,,0.34088805317878723,0.11573855578899384,0.04282718151807785,0.10001152753829956,0.2095269411802292,-1.0743587944484196,-0.56041506949381,0.3804407339990273,1.1592314236271928,0.8597767900645581,0.5935483870967742,WITHIN_REFERENCE_RANGE,STABLE,8,0.8362440580880625,0.9025153071527134,spectral_rolloff_std,0.4544738139800539,deviation at or below the one-sided 95% upper reference limit (empirical reference-tail probability 0.594; largest deviation: spectral_rolloff_std)
loso,rec2018-02-02_10h48m38.792s.wav,2018-02-02#2,0,2.864,4.760000000000001,1.8960000000000008,22912,38081,0.7457035189477083,0.8989319205284119,107,SCOREABLE,,0.36031463742256165,0.12380007654428482,0.040934231132268906,0.0808044895529747,0.20965659618377686,-0.38415373770132016,-0.2937261139196888,0.1703293909787373,0.01059556070110301,0.25640470526397086,0.9967741935483871,WITHIN_REFERENCE_RANGE,STABLE,8,0.2423867226005278,0.3181232905003392,spectral_centroid_mean,0.5611747911682411,deviation at or below the one-sided 95% upper reference limit (empirical reference-tail probability 0.997; largest deviation: spectral_centroid_mean)
loso,rec2018-02-02_10h57m01.870s.wav,2018-02-02#2,0,2.832,4.760000000000001,1.9280000000000008,22656,38081,0.9071378724290691,0.9885618686676025,109,SCOREABLE,,0.3502683937549591,0.11370375007390976,0.046630579978227615,0.1052606999874115,0.19767631590366364,-0.7410856663245886,-0.627729938167424,0.8026056066202725,1.473146964916813,0.9692252808461703,0.5193548387096775,WITHIN_REFERENCE_RANGE,STABLE,8,0.6280817528947392,1.0047962117567726,spectral_rolloff_std,0.5775408294139439,deviation at or below the one-sided 95% upper reference limit (empirical reference-tail probability 0.519; largest deviation: spectral_rolloff_std)
loso,rec2018-02-02_10h58m28.930s.wav,2018-02-02#2,0,2.528,4.6000000000000005,2.0720000000000005,20224,36801,0.9044361432730141,0.9941935539245605,118,SCOREABLE,,0.37063419818878174,0.10667628049850464,0.0401938371360302,0.09676702320575714,0.1767810583114624,-0.017511154791427213,-0.8602107043012397,0.08814806278328413,0.965200775245869,0.6480068892080231,0.8032258064516129,WITHIN_REFERENCE_RANGE,STABLE,8,0.6432565985663246,0.6703298286814172,spectral_rolloff_std,0.5546462572309322,deviation at or below the one-sided 95% upper reference limit (empirical reference-tail probability 0.803; largest deviation: spectral_rolloff_std)
loso,rec2018-02-02_10h59m19.989s.wav,2018-02-02#2,0,2.4,4.04,1.6400000000000001,19200,32320,0.8993932532740163,0.9893682599067688,91,SCOREABLE,,0.35852083563804626,0.12998273968696594,0.03493594005703926,0.07802747935056686,0.19547301530838013,-0.44788553156370514,-0.08919299588410459,-0.49546143116398467,-0.1554776002222225,0.3457644262503048,0.9838709677419355,WITHIN_REFERENCE_RANGE,STABLE,8,0.19780764476757065,0.5617718944496669,spectral_centroid_std,0.5133328958694376,deviation at or below the one-sided 95% upper reference limit (empirical reference-tail probability 0.984; largest deviation: spectral_centroid_std)
loso,rec2018-02-02_11h00m10.171s.wav,2018-02-02#2,0,3.616,5.144,1.528,28928,41152,0.8245993781657446,0.9717761278152466,84,SCOREABLE,,0.37485894560813904,0.11999532580375671,0.027935344725847244,0.05541412904858589,0.16940630972385406,0.1325894493976047,-0.4195938046460745,-1.2725047694391933,-1.507820692249827,1.0107460797860126,0.4870967741935484,WITHIN_REFERENCE_RANGE,STABLE,8,0.8463772470400064,1.1259685296043276,spectral_rolloff_std,0.5563592018718884,deviation at or below the one-sided 95% upper reference limit (empirical reference-tail probability 0.487; largest deviation: spectral_rolloff_std)
loso,rec2018-02-02_11h00m59.338s.wav,2018-02-02#2,0,2.72,4.36,1.6400000000000001,21760,34880,0.8713628723380271,0.9885028600692749,89,SCOREABLE,,0.3766416609287262,0.11075958609580994,0.04096394404768944,0.09771386533975601,0.15516319870948792,0.1959273534557563,-0.7251279403797312,0.17362742805929626,1.0218246457495634,0.6400137006711721,0.8096774193548387,WITHIN_REFERENCE_RANGE,STABLE,8,0.5479462509974423,0.731428174905615,spectral_rolloff_std,0.6372564113032008,deviation at or below the one-sided 95% upper reference limit (empirical reference-tail probability 0.810; largest deviation: spectral_rolloff_std)
loso,rec2018-02-02_11h01m45.212s.wav,2018-02-02#2,0,3.184,4.728000000000001,1.5440000000000005,25472,37825,0.884332635122187,0.9762850403785706,85,SCOREABLE,,0.3684057295322418,0.1290062814950943,0.018651533871889114,0.05676323175430298,0.19053807854652405,-0.09668618197301612,-0.12149591034117266,-2.302977613046181,-1.427140487850728,1.3568847899019327,0.2032258064516129,WITHIN_REFERENCE_RANGE,STABLE,8,0.5660752353069854,1.4746595733617145,spectral_centroid_std,0.7201674573110319,deviation at or below the one-sided 95% upper reference limit (empirical reference-tail probability 0.203; largest deviation: spectral_centroid_std)
loso,rec2018-02-05_10h37m14.374s.wav,2018-02-05#1,0,1.184,2.4080000000000004,1.2240000000000004,9472,19265,0.7694828528624315,0.9482353329658508,65,SCOREABLE,,0.3932039439678192,0.168420672416687,0.06721467524766922,0.1013009175658226,0.171697735786438,0.7997106866086654,1.2115214016304956,3.224924093570201,1.1974167141943441,1.8669000700095324,0.0547945205479452,WITHIN_REFERENCE_RANGE,BORDERLINE,8,1.7985114040732935,1.890518401969717,spectral_centroid_std,0.7459966178838217,deviation at or below the one-sided 95% upper reference limit (empirical reference-tail probability 0.055; largest deviation: spectral_centroid_std)
loso,rec2018-02-05_10h38m19.385s.wav,2018-02-05#1,0,1.344,2.232,0.8880000000000001,10752,17856,0.6960483545606787,0.8442990183830261,44,SCOREABLE,,0.33544284105300903,0.12629780173301697,0.03008265607059002,0.0626501813530922,0.2285912036895752,-1.2926221880005646,-0.20382968701467258,-1.0857020877873127,-1.0339745018932522,0.9950214766791463,0.5136986301369864,WITHIN_REFERENCE_RANGE,STABLE,8,0.9365565539533718,1.040964664083116,spectral_centroid_mean,0.42190853590229604,deviation at or below the one-sided 95% upper reference limit (empirical reference-tail probability 0.514; largest deviation: spectral_centroid_mean)
loso,rec2018-02-05_10h39m00.035s.wav,2018-02-05#1,0,1.6480000000000001,2.52,0.8719999999999999,13184,20160,0.6643615267997565,0.779333770275116,43,SCOREABLE,,0.37672701478004456,0.19132645428180695,0.0483572892844677,0.05894668400287628,0.1633976697921753,0.2028519205453587,1.981167980149052,1.0357853543788518,-1.2477854733218785,1.2841334972478176,0.2842465753424658,WITHIN_REFERENCE_RANGE,STABLE,8,1.2380428784731716,1.430977635843882,spectral_flatness_mean,0.5950620572501246,deviation at or below the one-sided 95% upper reference limit (empirical reference-tail probability 0.284; largest deviation: spectral_flatness_mean)
loso,rec2018-02-05_10h41m21.507s.wav,2018-02-05#1,0,1.3920000000000001,2.744,1.352,11136,21952,0.7054648546323384,0.8236403465270996,73,SCOREABLE,,0.347862184047699,0.13298283517360687,0.04545486345887184,0.10478534549474716,0.17831121385097504,-0.8427450506619205,0.020791028625116965,0.6988450793672352,1.3985803306103146,0.8881248326407031,0.5787671232876712,WITHIN_REFERENCE_RANGE,STABLE,8,0.8197643809632366,0.9738114306981975,spectral_rolloff_std,0.6199644887122479,deviation at or below the one-sided 95% upper reference limit (empirical reference-tail probability 0.579; largest deviation: spectral_rolloff_std)
loso,rec2018-02-05_10h42m50.893s.wav,2018-02-05#1,0,2.2720000000000002,3.4640000000000004,1.1920000000000002,18176,27713,0.7277269675618127,0.8366424441337585,63,SCOREABLE,,0.36966314911842346,0.17162595689296722,0.021072130650281906,0.0483337827026844,0.19233283400535583,-0.05302889889521768,1.319220682313172,-2.131726722196187,-1.86049138940357,1.5611568067406774,0.13356164383561644,WITHIN_REFERENCE_RANGE,BORDERLINE,8,1.5281850471677556,1.6909118149154765,spectral_centroid_std,0.4661331753916392,deviation at or below the one-sided 95% upper reference limit (empirical reference-tail probability 0.134; largest deviation: spectral_centroid_std)
loso,rec2018-02-05_10h43m40.571s.wav,2018-02-05#1,0,2.912,4.136,1.2240000000000002,23296,33088,0.735396799674401,0.9602036476135254,65,SCOREABLE,,0.34600830078125,0.1273278146982193,0.06301767379045486,0.0973280742764473,0.2106347233057022,-0.9098999474408143,-0.1692206979320999,2.7376975767900027,0.9680558148310676,1.5238662705066608,0.14383561643835616,WITHIN_REFERENCE_RANGE,BORDERLINE,8,1.456854264034207,1.591714870452475,spectral_centroid_std,0.8068953987611454,deviation at or below the one-sided 95% upper reference limit (empirical reference-tail probability 0.144; largest deviation: spectral_centroid_std)
loso,rec2018-02-05_10h44m37.655s.wav,2018-02-05#1,0,3.008,4.376,1.3680000000000003,24064,35008,0.6891214513417446,0.8527262210845947,66,SCOREABLE,,0.33833542466163635,0.10771428793668747,0.049579475075006485,0.07176246494054794,0.23663429915905,-1.1878415056473728,-0.8282457359589376,1.1776679178358829,-0.507902516003089,0.9671898898529379,0.5308219178082192,WITHIN_REFERENCE_RANGE,STABLE,8,0.9358529240881986,1.2336281427193105,spectral_centroid_mean,0.37708000580282863,deviation at or below the one-sided 95% upper reference limit (empirical reference-tail probability 0.531; largest deviation: spectral_centroid_mean)
loso,rec2018-02-05_10h45m35.939s.wav,2018-02-05#1,0,2.624,3.544,0.9199999999999999,20992,28352,0.575786864316022,0.6716818809509277,27,SCOREABLE,,0.38285815715789795,0.1638941913843155,0.06186317652463913,0.0844927653670311,0.19907735288143158,0.4249458576194586,1.0594292067511377,2.603672919617496,0.22704546515475774,1.4259761167023552,0.18835616438356165,WITHIN_REFERENCE_RANGE,STABLE,8,1.3719654757259052,1.455311363707836,spectral_centroid_std,0.8334669006899118,deviation at or below the one-sided 95% upper reference limit (empirical reference-tail probability 0.188; largest deviation: spectral_centroid_std)
loso,rec2018-02-05_10h52m39.045s.wav,2018-02-05#1,0,0.848,2.8720000000000003,2.0240000000000005,6784,22977,0.9717126385025356,0.9987586736679077,115,SCOREABLE,,0.36097487807273865,0.08767687529325485,0.018759077414870262,0.07268504053354263,0.19700169563293457,-0.36775202942846,-1.501513567382147,-2.400247208192107,-0.45464021685684125,1.4454816615404578,0.17465753424657535,WITHIN_REFERENCE_RANGE,BORDERLINE,8,1.442784321661096,1.645075385638139,spectral_centroid_std,0.6893293698237313,deviation at or below the one-sided 95% upper reference limit (empirical reference-tail probability 0.175; largest deviation: spectral_centroid_std)
loso,rec2018-02-05_10h53m45.411s.wav,2018-02-05#1,0,0.496,2.7920000000000003,2.2960000000000003,3968,22337,0.9803768509265148,0.9992237091064453,132,SCOREABLE,,0.383682519197464,0.1334732174873352,0.02740933746099472,0.07877794653177261,0.1902969628572464,0.45480747225150336,0.03726813786109319,-1.396045490732259,-0.10288347799245194,0.736166892279382,0.7191780821917808,WITHIN_REFERENCE_RANGE,STABLE,8,0.7334944722746212,0.9434704186415173,spectral_centroid_std,0.899055671638989,deviation at or below the one-sided 95% upper reference limit (empirical reference-tail probability 0.719; largest deviation: spectral_centroid_std)
loso,rec2018-02-05_10h53m45.411s.wav,2018-02-05#1,1,4.016,4.216,0.20000000000000018,32128,33728,0.41803625226020813,0.41803625226020813,1,NOT_SCOREABLE,short_duration,0.3994004428386688,0.12770725786685944,0.020723074674606323,0.04707201570272446,0.2073732614517212,,,,,,,NOT_ASSESSED,,0,,,,,not scoreable: short_duration
loso,rec2018-02-05_10h54m35.447s.wav,2018-02-05#1,0,3.408,5.720000000000001,2.3120000000000007,27264,45761,0.9202998562862998,0.9983036518096924,133,SCOREABLE,,0.3962708115577698,0.15570497512817383,0.029772013425827026,0.0808749869465828,0.1715054214000702,0.9108046158570596,0.7842671402736934,-1.1217643420691394,0.018183234311126322,0.82208969473036,0.6404109589041096,WITHIN_REFERENCE_RANGE,STABLE,8,0.8109141832333149,0.8345456364301092,spectral_centroid_std,0.4654841118329951,deviation at or below the one-sided 95% upper reference limit (empirical reference-tail probability 0.640; largest deviation: spectral_centroid_std)
loso,rec2018-02-05_10h55m27.871s.wav,2018-02-05#1,0,0.864,2.8880000000000003,2.0240000000000005,6912,23105,0.9528268104014189,0.9993386268615723,115,SCOREABLE,,0.3945082426071167,0.131902277469635,0.02983776107430458,0.09454689919948578,0.15635788440704346,0.8469574804473351,-0.015516290839066573,-1.1141317505437915,0.8074925178481336,0.807915752556786,0.6541095890410958,WITHIN_REFERENCE_RANGE,STABLE,8,0.7893301974496005,0.8311346849528457,spectral_centroid_std,0.47542384334125176,deviation at or below the one-sided 95% upper reference limit (empirical reference-tail probability 0.654; largest deviation: spectral_centroid_std)
loso,rec2018-02-05_10h56m11.262s.wav,2018-02-05#1,0,1.344,4.328,2.984,10752,34624,0.9798908335821969,0.9998562335968018,175,SCOREABLE,,0.4184551537036896,0.11367524415254593,0.04361671581864357,0.09164008498191833,0.13914887607097626,1.7144081835026759,-0.6279544041349601,0.4854560011869791,0.6396757995279749,0.9972931879497178,0.5136986301369864,WITHIN_REFERENCE_RANGE,STABLE,8,0.9738843532662507,1.0489223914578796,spectral_centroid_mean,0.7387929894364486,deviation at or below the one-sided 95% upper reference limit (empirical reference-tail probability 0.514; largest deviation: spectral_centroid_mean)
loso,rec2018-02-05_10h58m35.817s.wav,2018-02-05#1,0,1.952,4.6000000000000005,2.6480000000000006,15616,36801,0.97821260582317,0.999341607093811,154,SCOREABLE,,0.41545823216438293,0.12364118546247482,0.027034584432840347,0.08992892503738403,0.146748349070549,1.6058479735537072,-0.2930934211713754,-1.4395502677550613,0.5408868075527805,1.1213290083288219,0.4075342465753425,WITHIN_REFERENCE_RANGE,STABLE,8,1.0982832534436544,1.1307492488209874,spectral_centroid_mean,0.5127229413940897,deviation at or below the one-sided 95% upper reference limit (empirical reference-tail probability 0.408; largest deviation: spectral_centroid_mean)
loso,rec2018-02-05_11h01m02.037s.wav,2018-02-05#1,0,2.384,3.704,1.3200000000000003,19072,29632,0.8469881784748023,0.9885565042495728,71,SCOREABLE,,0.362358033657074,0.09601586312055588,0.06158329173922539,0.0879955142736435,0.20349477231502533,-0.31764872887215945,-1.2213190956377302,2.5711813204395866,0.4292667915314846,1.4480818700277838,0.17465753424657535,WITHIN_REFERENCE_RANGE,BORDERLINE,8,1.1798460296970725,1.7525410628216258,spectral_centroid_std,0.7881687014618975,deviation at or below the one-sided 95% upper reference limit (empirical reference-tail probability 0.175; largest deviation: spectral_centroid_std)
loso,rec2018-02-05_11h02m06.737s.wav,2018-02-05#1,0,1.104,2.4560000000000004,1.3520000000000003,8832,19649,0.861350122323403,0.991792619228363,65,SCOREABLE,,0.3643122911453247,0.11812593787908554,0.04126835986971855,0.08071710169315338,0.20576636493206024,-0.2468578855229781,-0.4784087034539726,0.2128372516299528,0.009068174620850166,0.28948040981115325,0.9931506849315068,WITHIN_REFERENCE_RANGE,STABLE,8,0.25269005634111635,0.4418570229148097,spectral_flatness_mean,0.6828098775971647,deviation at or below the one-sided 95% upper reference limit (empirical reference-tail probability 0.993; largest deviation: spectral_flatness_mean)
loso,rec2018-02-05_11h03m04.776s.wav,2018-02-05#1,0,2.528,4.04,1.512,20224,32320,0.9807284854980837,0.9995381832122803,83,SCOREABLE,,0.3501436412334442,0.10900099575519562,0.03650648146867752,0.0875665619969368,0.2221214920282364,-0.7601017555920777,-0.785011661876713,-0.33996537432147944,0.4045024419704319,0.6068765668227319,0.8527397260273972,WITHIN_REFERENCE_RANGE,STABLE,8,0.5928146133490046,0.6240398486970877,spectral_flatness_mean,0.4183034906799794,deviation at or below the one-sided 95% upper reference limit (empirical reference-tail probability 0.853; largest deviation: spectral_flatness_mean)
loso,rec2018-02-05_11h03m43.815s.wav,2018-02-05#1,0,3.232,4.6160000000000005,1.3840000000000003,25856,36929,0.9782076946894328,0.9994127750396729,75,SCOREABLE,,0.3898027837276459,0.14138394594192505,0.05367626994848251,0.08380981534719467,0.18208523094654083,0.6765073711729445,0.3030728645679229,1.6532615330669662,0.18761727245741106,0.910767440422091,0.5684931506849316,WITHIN_REFERENCE_RANGE,STABLE,8,0.890251475307761,0.9271172796058681,spectral_centroid_std,0.8237741087613343,deviation at or below the one-sided 95% upper reference limit (empirical reference-tail probability 0.568; largest deviation: spectral_centroid_std)
loso,rec2018-02-05_11h04m48.418s.wav,2018-02-05#1,0,1.36,2.4720000000000004,1.1120000000000003,10880,19777,0.957307912152389,0.9983388185501099,58,SCOREABLE,,0.379146546125412,0.12879091501235962,0.05194060131907463,0.09046514332294464,0.17603445053100586,0.29049680126251237,-0.12005974121652672,1.4517691606644199,0.5718438575225401,0.7958394665771585,0.6643835616438356,WITHIN_REFERENCE_RANGE,STABLE,8,0.7753533728202291,0.8772304338961974,spectral_centroid_std,0.8319250412701478,deviation at or below the one-sided 95% upper reference limit (empirical reference-tail probability 0.664; largest deviation: spectral_centroid_std)
loso,rec2018-02-05_11h05m32.273s.wav,2018-02-05#1,0,1.968,3.4960000000000004,1.5280000000000005,15744,27969,0.9355266179357257,0.9984436631202698,84,SCOREABLE,,0.3624750077724457,0.09780249744653702,0.03095669485628605,0.08257485181093216,0.20690308511257172,-0.3134114692853485,-1.1612872222813744,-0.9842356295487873,0.11632013669685072,0.779272883909748,0.6815068493150684,WITHIN_REFERENCE_RANGE,STABLE,8,0.7684448097334293,0.8038241397991116,spectral_flatness_mean,0.5551881330410979,deviation at or below the one-sided 95% upper reference limit (empirical reference-tail probability 0.682; largest deviation: spectral_flatness_mean)
loso,rec2018-02-05_11h06m12.128s.wav,2018-02-05#1,0,0.256,0.632,0.376,2048,5056,0.8551827420790991,0.9721893668174744,12,NOT_SCOREABLE,short_duration,0.4715383052825928,0.11553112417459488,0.014600344933569431,0.010302875190973282,0.08672270178794861,,,,,,,NOT_ASSESSED,,0,,,,,not scoreable: short_duration
loso,rec2018-02-05_11h06m12.128s.wav,2018-02-05#1,1,1.824,3.2560000000000002,1.4320000000000002,14592,26048,0.9486066569120456,0.9994106888771057,78,SCOREABLE,,0.37502285838127136,0.12129489332437515,0.027853723615407944,0.06620167195796967,0.19180020689964294,0.14112071603758294,-0.3719300977330791,-1.3444570601998072,-0.8289392110743664,0.8143942620856925,0.6506849315068494,WITHIN_REFERENCE_RANGE,STABLE,8,0.783580239806183,0.8323766243093392,spectral_centroid_std,0.6813409169273141,deviation at or below the one-sided 95% upper reference limit (empirical reference-tail probability 0.651; largest deviation: spectral_centroid_std)
loso,rec2018-02-05_11h06m59.857s.wav,2018-02-05#1,0,1.6480000000000001,2.9360000000000004,1.2880000000000003,13184,23489,0.7300328702207596,0.9521040320396423,63,SCOREABLE,,0.357386976480484,0.09245843440294266,0.026382718235254288,0.08041077852249146,0.2096530795097351,-0.49771984641092165,-1.3408506120451198,-1.5152248892900777,-0.008616529456636214,1.0418236557879037,0.4828767123287671,WITHIN_REFERENCE_RANGE,STABLE,8,0.9984620675989389,1.2186207234454698,spectral_centroid_std,0.5288174418692245,deviation at or below the one-sided 95% upper reference limit (empirical reference-tail probability 0.483; largest deviation: spectral_centroid_std)
loso,rec2018-02-05_11h20m08.624s.wav,2018-02-05#1,0,0.4,0.8560000000000001,0.45600000000000007,3200,6849,0.5395156272820064,0.7233060598373413,7,NOT_SCOREABLE,short_duration,0.41351833939552307,0.14159928262233734,0.040595050901174545,0.03532614931464195,0.10376878082752228,,,,,,,NOT_ASSESSED,,0,,,,,not scoreable: short_duration
loso,rec2018-02-05_11h20m08.624s.wav,2018-02-05#1,1,3.344,4.328,0.9840000000000004,26752,34624,0.7612186801433564,0.987502932548523,50,SCOREABLE,,0.3511873185634613,0.17122896015644073,0.03371336683630943,0.05907732620835304,0.2164851576089859,-0.722295684068481,1.3058813786495882,-0.6642158010058092,-1.2402432141486848,1.0254783141143642,0.4897260273972603,WITHIN_REFERENCE_RANGE,STABLE,8,0.8692660444673563,1.081597387939832,spectral_flatness_mean,0.40541004512907236,deviation at or below the one-sided 95% upper reference limit (empirical reference-tail probability 0.490; largest deviation: spectral_flatness_mean)
loso,rec2018-02-05_11h20m47.521s.wav,2018-02-05#1,0,5.5840000000000005,7.08,1.4959999999999996,44672,56640,0.9311994314193726,0.9836315512657166,82,SCOREABLE,,0.35896050930023193,0.1669214963912964,0.035936225205659866,0.05512998253107071,0.20785212516784668,-0.44072033840479996,1.1611482816325287,-0.4061659643223693,-1.46813196534576,0.9827107925104084,0.5205479452054794,WITHIN_REFERENCE_RANGE,STABLE,8,0.913680800901579,1.1165104096542902,spectral_rolloff_std,0.5579801463878673,deviation at or below the one-sided 95% upper reference limit (empirical reference-tail probability 0.521; largest deviation: spectral_rolloff_std)
loso,rec2018-02-05_11h22m34.731s.wav,2018-02-05#1,0,6.5760000000000005,8.168,1.5919999999999987,52608,65344,0.932743720032952,0.9994202256202698,88,SCOREABLE,,0.34036532044410706,0.1383199393749237,0.03812072053551674,0.07238523662090302,0.2234562486410141,-1.1143107476914842,0.20012059754917716,-0.15256966197674074,-0.47194854996415203,0.6180108477108547,0.8424657534246576,WITHIN_REFERENCE_RANGE,STABLE,8,0.594581550352659,0.6180108477108547,spectral_centroid_mean,0.8127564993476164,deviation at or below the one-sided 95% upper reference limit (empirical reference-tail probability 0.842; largest deviation: spectral_centroid_mean)
loso,rec2018-02-05_11h23m35.644s.wav,2018-02-05#1,0,5.392,7.176,1.7839999999999998,43136,57408,0.9321709930896759,0.9974996447563171,100,SCOREABLE,,0.340901643037796,0.12123233824968338,0.05783778056502342,0.08551476150751114,0.21994416415691376,-1.094883047430529,-0.3740319818551317,2.1363679467556587,0.2860475291307466,1.2231680182877611,0.3150684931506849,WITHIN_REFERENCE_RANGE,STABLE,8,0.9137738608240813,1.2849388051527868,spectral_centroid_std,0.7626405284582863,deviation at or below the one-sided 95% upper reference limit (empirical reference-tail probability 0.315; largest deviation: spectral_centroid_std)
loso,rec2018-02-05_11h30m48.760s.wav,2018-02-05#1,0,3.8240000000000003,5.816000000000001,1.9920000000000004,30592,46529,0.9419403234414295,0.9983371496200562,113,SCOREABLE,,0.3444680869579315,0.11378423124551773,0.034360576421022415,0.08160945028066635,0.22786392271518707,-0.9656925111875589,-0.6242923792496117,-0.5890817619064371,0.06058540288023788,0.6467207500548107,0.8047945205479452,WITHIN_REFERENCE_RANGE,STABLE,8,0.5551505701672985,0.9278467796075145,spectral_centroid_mean,0.5574220506788722,deviation at or below the one-sided 95% upper reference limit (empirical reference-tail probability 0.805; largest deviation: spectral_centroid_mean)
loso,rec2018-02-06_10h28m57.917s.wav,2018-02-06#1,0,1.68,2.9200000000000004,1.2400000000000004,13440,23361,0.8426486922032905,0.9831128120422363,66,SCOREABLE,,0.3500661551952362,0.1394367665052414,0.029369747266173363,0.08099186420440674,0.19841177761554718,-0.7476972651909682,0.24848535370167887,-1.1280313427099056,0.014710157586147285,0.6880165823311281,0.7746031746031746,WITHIN_REFERENCE_RANGE,STABLE,8,0.5379148126129901,0.7271803034173356,spectral_centroid_std,0.6720236098760883,deviation at or below the one-sided 95% upper reference limit (empirical reference-tail probability 0.775; largest deviation: spectral_centroid_std)
loso,rec2018-02-06_10h30m00.277s.wav,2018-02-06#1,0,5.408,6.776000000000001,1.3680000000000003,43264,54209,0.8467826495567957,0.9680858254432678,72,SCOREABLE,,0.35660573840141296,0.1467597931623459,0.03784165158867836,0.0670207291841507,0.20659823715686798,-0.5132894559713337,0.4944598594703677,-0.1793594198715934,-0.8074688302362538,0.5459240632951121,0.9047619047619048,WITHIN_REFERENCE_RANGE,STABLE,8,0.5266689645989023,0.5844114046450805,spectral_rolloff_std,0.5469241077973419,deviation at or below the one-sided 95% upper reference limit (empirical reference-tail probability 0.905; largest deviation: spectral_rolloff_std)
loso,rec2018-02-06_10h32m03.907s.wav,2018-02-06#1,0,5.5200000000000005,6.648000000000001,1.1280000000000001,44160,53185,0.875330215793545,0.9843457341194153,59,SCOREABLE,,0.36563342809677124,0.1614663302898407,0.03621523082256317,0.07618039101362228,0.18172216415405273,-0.18969682061731752,0.9884404730729316,-0.3614837282677529,-0.2684373570716334,0.5513004065468566,0.8984126984126984,WITHIN_REFERENCE_RANGE,STABLE,8,0.5337338618979398,0.5965968612092902,spectral_flatness_mean,0.8036453255701228,deviation at or below the one-sided 95% upper reference limit (empirical reference-tail probability 0.898; largest deviation: spectral_flatness_mean)
loso,rec2018-02-06_10h32m43.911s.wav,2018-02-06#1,0,5.904,6.984,1.08,47232,55872,0.8556148558855057,0.9634972810745239,56,SCOREABLE,,0.3455762267112732,0.12512876093387604,0.034985270351171494,0.08056002855300903,0.17960985004901886,-0.90863631379647,-0.23210890926442157,-0.4992129708313951,-0.010702680974000395,0.5312303253147111,0.9079365079365079,WITHIN_REFERENCE_RANGE,STABLE,8,0.5043873976569422,0.5644878087197748,spectral_centroid_mean,0.7313991815743868,deviation at or below the one-sided 95% upper reference limit (empirical reference-tail probability 0.908; largest deviation: spectral_centroid_mean)
loso,rec2018-02-06_11h39m13.131s.wav,2018-02-06#2,0,7.136,8.2,1.0639999999999992,57088,65600,0.8236956238746643,0.972585916519165,55,SCOREABLE,,0.35154491662979126,0.17201466858386993,0.02702823281288147,0.05032195895910263,0.20404300093650818,-0.6888379199372773,1.3429552817153574,-1.3788655106747183,-1.8033602874266643,1.363030171293589,0.1918238993710692,WITHIN_REFERENCE_RANGE,STABLE,8,1.2663917409415966,1.4670701910457296,spectral_rolloff_std,0.4376168880608014,deviation at or below the one-sided 95% upper reference limit (empirical reference-tail probability 0.192; largest deviation: spectral_rolloff_std)
loso,rec2018-02-06_12h10m09.167s.wav,2018-02-06#3,0,1.264,2.104,0.8400000000000001,10112,16832,0.6970022112131119,0.9716921448707581,40,SCOREABLE,,0.34298163652420044,0.12728483974933624,0.04391312971711159,0.07363498955965042,0.2030404806137085,-1.0397558658352144,-0.12998887845079876,0.5391453378809378,-0.4169452561688419,0.6250020822085485,0.8169934640522876,WITHIN_REFERENCE_RANGE,STABLE,8,0.6058981392389757,0.6490592701526706,spectral_centroid_mean,0.6918944365978782,deviation at or below the one-sided 95% upper reference limit (empirical reference-tail probability 0.817; largest deviation: spectral_centroid_mean)
loso,rec2018-02-06_12h10m09.167s.wav,2018-02-06#3,1,9.536,10.152,0.6159999999999997,76288,81216,0.677831766280261,0.7741479873657227,22,SCOREABLE,,0.3454592823982239,0.12420385330915451,0.05600897967815399,0.07796046137809753,0.2004244476556778,-0.9496365942214955,-0.2325470247431217,1.9007284898409285,-0.1653956422386079,1.0719156088944197,0.4215686274509804,WITHIN_REFERENCE_RANGE,STABLE,8,0.7674946666303175,1.2431705216895859,spectral_centroid_std,0.7860659554078986,deviation at or below the one-sided 95% upper reference limit (empirical reference-tail probability 0.422; largest deviation: spectral_centroid_std)
loso,rec2018-02-06_12h11m01.614s.wav,2018-02-06#3,0,1.056,1.576,0.52,8448,12608,0.6061815654530245,0.7166497707366943,17,SCOREABLE,,0.3485734462738037,0.15109288692474365,0.047416962683200836,0.07833178341388702,0.18547677993774414,-0.836365289756475,0.6625200249658402,0.9335582935041062,-0.14380125469728106,0.7125043104453792,0.7352941176470589,WITHIN_REFERENCE_RANGE,STABLE,8,0.6979631000430383,0.9155790907494431,spectral_centroid_std,0.4291883249636238,deviation at or below the one-sided 95% upper reference limit (empirical reference-tail probability 0.735; largest deviation: spectral_centroid_std)
loso,rec2018-02-06_12h11m01.614s.wav,2018-02-06#3,1,8.944,9.623999999999999,0.6799999999999979,71552,76992,0.5698623680151426,0.6545184850692749,26,SCOREABLE,,0.3307217061519623,0.12627187371253967,0.04573306441307068,0.08187940716743469,0.23360812664031982,-1.4856856117947697,-0.16370792298668102,0.7440083634365041,0.06251228126629976,0.8353918618401778,0.6176470588235294,WITHIN_REFERENCE_RANGE,STABLE,8,0.7708389645242485,0.8565056626947265,spectral_centroid_mean,0.7907029574512259,deviation at or below the one-sided 95% upper reference limit (empirical reference-tail probability 0.618; largest deviation: spectral_centroid_mean)
loso,rec2018-02-06_12h12m08.951s.wav,2018-02-06#3,0,1.552,2.104,0.552,12416,16832,0.7069392696670864,0.8457543253898621,23,SCOREABLE,,0.33626416325569153,0.1403072029352188,0.04350517690181732,0.07136236876249313,0.24490220844745636,-1.2840901366806223,0.3034922337253156,0.4932236637622676,-0.5491104645275393,0.7559409533489976,0.7026143790849673,WITHIN_REFERENCE_RANGE,STABLE,8,0.7559409533489976,0.9495481503582033,spectral_centroid_mean,0.7213653553024476,deviation at or below the one-sided 95% upper reference limit (empirical reference-tail probability 0.703; largest deviation: spectral_centroid_mean)
loso,rec2018-02-06_12h12m08.951s.wav,2018-02-06#3,1,2.8000000000000003,3.096,0.2959999999999998,22400,24768,0.5231948345899582,0.5382037162780762,4,NOT_SCOREABLE,short_duration,0.3368494212627411,0.09833299368619919,0.03169522434473038,0.07639288902282715,0.15909673273563385,,,,,,,NOT_ASSESSED,,0,,,,,not scoreable: short_duration
loso,rec2018-02-06_12h12m08.951s.wav,2018-02-06#3,2,9.92,10.152,0.23199999999999932,79360,81216,0.5995945533116659,0.631644070148468,3,NOT_SCOREABLE,short_duration,0.35014021396636963,0.12297181040048599,0.0617053359746933,0.08701970428228378,0.20350579917430878,,,,,,,NOT_ASSESSED,,0,,,,,not scoreable: short_duration
loso,rec2018-02-06_12h13m05.267s.wav,2018-02-06#3,0,0.864,1.976,1.112,6912,15808,0.7586561706331041,0.9640050530433655,54,SCOREABLE,,0.3522161841392517,0.15881015360355377,0.04357241094112396,0.0880913957953453,0.18527178466320038,-0.7038681938011144,0.9194080640367269,0.5007919401093601,0.4237730654484324,0.6654167492516745,0.7777777777777778,WITHIN_REFERENCE_RANGE,STABLE,8,0.6202971783275354,0.7336726849001306,spectral_flatness_mean,0.4772755306638644,deviation at or below the one-sided 95% upper reference limit (empirical reference-tail probability 0.778; largest deviation: spectral_flatness_mean)
loso,rec2018-02-06_12h13m05.267s.wav,2018-02-06#3,1,7.888,8.68,0.7919999999999998,63104,69440,0.7212484494635933,0.8426452875137329,38,SCOREABLE,,0.359521746635437,0.16792415082454681,0.03457324206829071,0.04889221116900444,0.18768875300884247,-0.438143387125819,1.2227896849708635,-0.5122097719122545,-1.8558718318048901,1.1612281588777538,0.3431372549019608,WITHIN_REFERENCE_RANGE,STABLE,8,1.152115247875997,1.1737506303407212,spectral_rolloff_std,0.638558737488827,deviation at or below the one-sided 95% upper reference limit (empirical reference-tail probability 0.343; largest deviation: spectral_rolloff_std)
loso,rec2018-02-06_12h13m52.029s.wav,2018-02-06#3,0,1.6320000000000001,2.568,0.9359999999999999,13056,20544,0.8035755893017383,0.9223566055297852,47,SCOREABLE,,0.35523802042007446,0.13269132375717163,0.032334793359041214,0.06784702837467194,0.1633508801460266,-0.5939551156575348,0.04997912483907617,-0.764183304889018,-0.7535465479204598,0.613817789675686,0.8398692810457516,WITHIN_REFERENCE_RANGE,STABLE,8,0.3953985026713827,0.9344604631565967,spectral_centroid_std,0.38748612632901736,deviation at or below the one-sided 95% upper reference limit (empirical reference-tail probability 0.840; largest deviation: spectral_centroid_std)
loso,rec2018-02-06_12h13m52.029s.wav,2018-02-06#3,1,9.072000000000001,9.943999999999999,0.8719999999999981,72576,79552,0.7791639372359874,0.911804735660553,43,SCOREABLE,,0.3570984899997711,0.13845860958099365,0.029613304883241653,0.07592888176441193,0.17196649312973022,-0.5262843620847188,0.24195729634777335,-1.0705307603250986,-0.2835430002474316,0.6248902513286618,0.8169934640522876,WITHIN_REFERENCE_RANGE,STABLE,8,0.5923822866965278,0.6778981522372671,spectral_centroid_std,0.7337207666230978,deviation at or below the one-sided 95% upper reference limit (empirical reference-tail probability 0.817; largest deviation: spectral_centroid_std)
loso,rec2018-02-06_12h15m08.616s.wav,2018-02-06#3,0,2.7520000000000002,3.688,0.9359999999999999,22016,29504,0.7298012505406919,0.8819358944892883,46,SCOREABLE,,0.35597360134124756,0.11723323911428452,0.0588584765791893,0.08363132178783417,0.15705227851867676,-0.5671998728990449,-0.46458091525990425,2.221485359718432,0.16439560518966168,1.1725585530251175,0.3333333333333333,WITHIN_REFERENCE_RANGE,STABLE,8,1.0728965561957802,1.1990563088040953,spectral_centroid_std,0.897341682665555,deviation at or below the one-sided 95% upper reference limit (empirical reference-tail probability 0.333; largest deviation: spectral_centroid_std)
loso,rec2018-02-06_12h15m08.616s.wav,2018-02-06#3,1,10.144,11.0,0.8559999999999999,81152,88000,0.7765681544939677,0.8854939341545105,42,SCOREABLE,,0.37419989705085754,0.14093278348445892,0.06323608011007309,0.09997493773698807,0.15599443018436432,0.09574413810240914,0.32431620771295017,2.7142552959204402,1.114865393179091,1.4768593872561808,0.1503267973856209,WITHIN_REFERENCE_RANGE,STABLE,8,1.3881423489229494,1.5185312995152898,spectral_centroid_std,0.8444289242281436,deviation at or below the one-sided 95% upper reference limit (empirical reference-tail probability 0.150; largest deviation: spectral_centroid_std)
loso,rec2018-02-06_12h16m57.870s.wav,2018-02-06#3,0,11.44,11.735999999999999,0.2959999999999994,91520,93888,0.7482584459441048,0.8670747876167297,7,NOT_SCOREABLE,short_duration,0.382064551115036,0.16054868698120117,0.04202305153012276,0.056838687509298325,0.20500655472278595,,,,,,,NOT_ASSESSED,,0,,,,,not scoreable: short_duration
loso,rec2018-02-06_12h17m38.883s.wav,2018-02-06#3,0,0.768,1.784,1.016,6144,14272,0.8817145824432373,0.9818456172943115,52,SCOREABLE,,0.3927575349807739,0.15900598466396332,0.07419568300247192,0.08070238679647446,0.16154508292675018,0.7707400407248376,0.9259267783939632,3.9479355001659835,-0.0059378283010221725,2.063832029296432,0.02287581699346405,OUTSIDE_REFERENCE_RANGE,STABLE,8,1.999908461395958,2.1237385483996505,spectral_centroid_std,0.9148110669473098,deviation above the one-sided 95% upper reference limit (empirical reference-tail probability 0.023; largest deviation: spectral_centroid_std)
loso,rec2018-02-06_12h18m33.477s.wav,2018-02-06#3,0,1.936,2.9040000000000004,0.9680000000000004,15488,23233,0.6129617455758547,0.7018182277679443,38,SCOREABLE,,0.34871742129325867,0.13656820356845856,0.048195239156484604,0.07506018877029419,0.20349743962287903,-0.8311284946115813,0.17903052268302938,1.0211658727154058,-0.3340622028838428,0.6850554352754408,0.7712418300653595,WITHIN_REFERENCE_RANGE,STABLE,8,0.5606924642989823,0.8331217677277672,spectral_centroid_std,0.555496287047185,deviation at or below the one-sided 95% upper reference limit (empirical reference-tail probability 0.771; largest deviation: spectral_centroid_std)
loso,rec2018-02-06_12h19m34.374s.wav,2018-02-06#3,0,2.912,3.192,0.28000000000000025,23296,25536,0.5943920115629832,0.6558352112770081,6,NOT_SCOREABLE,short_duration;close_neighbor,0.32631048560142517,0.11481775343418121,0.030959151685237885,0.077188640832901,0.2075839340686798,,,,,,,NOT_ASSESSED,,0,,,,,"not scoreable: short_duration, close_neighbor"
loso,rec2018-02-06_12h19m34.374s.wav,2018-02-06#3,1,3.344,3.9440000000000004,0.6000000000000005,26752,31553,0.7227418147600614,0.8398787379264832,26,NOT_SCOREABLE,close_neighbor,0.33567795157432556,0.13982777297496796,0.030615948140621185,0.07925542443990707,0.19678008556365967,,,,,,,NOT_ASSESSED,,0,,,,,not scoreable: close_neighbor
loso,rec2018-02-06_12h20m19.800s.wav,2018-02-06#3,0,2.4,2.712,0.3120000000000003,19200,21696,0.5577349066734314,0.6246277689933777,6,NOT_SCOREABLE,short_duration;close_neighbor,0.32366514205932617,0.08593539893627167,0.05073283985257149,0.09227332472801208,0.1506461650133133,,,,,,,NOT_ASSESSED,,0,,,,,"not scoreable: short_duration, close_neighbor"
loso,rec2018-02-06_12h20m19.800s.wav,2018-02-06#3,1,2.7680000000000002,3.544,0.7759999999999998,22144,28352,0.7171157399813334,0.8623086214065552,30,NOT_SCOREABLE,close_neighbor,0.3281102776527405,0.09568551927804947,0.030978510156273842,0.057573352009058,0.2097509354352951,,,,,,,NOT_ASSESSED,,0,,,,,not scoreable: close_neighbor
loso,rec2018-02-06_12h21m35.410s.wav,2018-02-06#3,0,2.816,3.3040000000000003,0.48800000000000043,22528,26433,0.6792135834693909,0.8594282865524292,17,NOT_SCOREABLE,short_duration;close_neighbor,0.34456831216812134,0.1370791643857956,0.03447556123137474,0.07115830481052399,0.22981812059879303,,,,,,,NOT_ASSESSED,,0,,,,,"not scoreable: short_duration, close_neighbor"
loso,rec2018-02-06_12h21m35.410s.wav,2018-02-06#3,1,3.392,3.9760000000000004,0.5840000000000005,27136,31809,0.8003438040614128,0.9540013074874878,24,NOT_SCOREABLE,close_neighbor,0.3380899429321289,0.08119072765111923,0.04919828474521637,0.09149975329637527,0.18035012483596802,,,,,,,NOT_ASSESSED,,0,,,,,not scoreable: close_neighbor
loso,rec2018-02-08_14h33m35.005s.wav,2018-02-08#1,0,2.16,3.5280000000000005,1.3680000000000003,17280,28225,0.6193161793783599,0.8064149022102356,51,SCOREABLE,,0.3460437059402466,0.14391225576400757,0.05270446836948395,0.11284663528203964,0.21395647525787354,-0.8873494520141861,0.43022043979766644,1.492433877543182,1.9105729141033723,1.3086373080186888,0.23870967741935484,WITHIN_REFERENCE_RANGE,STABLE,8,1.0285961026683357,1.5653342580053131,spectral_rolloff_std,0.5328790504815629,deviation at or below the one-sided 95% upper reference limit (empirical reference-tail probability 0.239; largest deviation: spectral_rolloff_std)
loso,rec2018-02-08_14h35m33.038s.wav,2018-02-08#1,0,3.648,3.8480000000000003,0.20000000000000018,29184,30785,0.5410417318344116,0.5410417318344116,1,NOT_SCOREABLE,short_duration,0.3645554184913635,0.1578769087791443,0.03916172683238983,0.08113870769739151,0.18316194415092468,,,,,,,NOT_ASSESSED,,0,,,,,not scoreable: short_duration
loso,rec2018-02-08_14h35m33.038s.wav,2018-02-08#1,1,4.672,5.928,1.2560000000000002,37376,47424,0.7599560413787614,0.8957508206367493,67,SCOREABLE,,0.3851930499076843,0.17683258652687073,0.027404457330703735,0.07194971293210983,0.18556378781795502,0.5253570755784137,1.5434560892608016,-1.3530829829396924,-0.5279826299808136,1.0917710351327086,0.4,WITHIN_REFERENCE_RANGE,STABLE,8,1.0602210100057523,1.2053143267170827,spectral_flatness_mean,0.4996494678440703,deviation at or below the one-sided 95% upper reference limit (empirical reference-tail probability 0.400; largest deviation: spectral_flatness_mean)
loso,rec2018-02-08_14h36m13.041s.wav,2018-02-08#1,0,3.664,3.9920000000000004,0.3280000000000003,29312,31937,0.5973939961857266,0.7128534317016602,9,NOT_SCOREABLE,short_duration;close_neighbor,0.32307425141334534,0.03805524483323097,0.048715073615312576,0.10440637916326523,0.028834911063313484,,,,,,,NOT_ASSESSED,,0,,,,,"not scoreable: short_duration, close_neighbor"
loso,rec2018-02-08_14h36m13.041s.wav,2018-02-08#1,1,4.0,6.04,2.04,32000,48320,0.9232310796606129,0.9945708513259888,116,NOT_SCOREABLE,close_neighbor,0.3960561454296112,0.17185983061790466,0.048989806324243546,0.08096930384635925,0.1671655774116516,,,,,,,NOT_ASSESSED,,0,,,,,not scoreable: close_neighbor
loso,rec2018-02-08_14h37m48.457s.wav,2018-02-08#1,0,4.192,5.656000000000001,1.4640000000000004,33536,45249,0.7844189666211605,0.9591581225395203,80,SCOREABLE,,0.35553956031799316,0.1348274201154709,0.022999443113803864,0.04610784351825714,0.21926800906658173,-0.5446909524063996,0.12300715611846641,-1.8485192183485317,-2.068852463398931,1.4150081987399785,0.1774193548387097,WITHIN_REFERENCE_RANGE,STABLE,8,1.3458831721415279,1.4426655334219896,spectral_rolloff_std,0.5344180743881728,deviation at or below the one-sided 95% upper reference limit (empirical reference-tail probability 0.177; largest deviation: spectral_rolloff_std)
loso,rec2018-02-08_14h50m50.378s.wav,2018-02-08#1,0,0.592,2.168,1.576,4736,17344,0.6937602174125219,0.8786656260490417,76,SCOREABLE,,0.3274410665035248,0.10751698911190033,0.03390270471572876,0.08332900702953339,0.2370450496673584,-1.5586268605083544,-0.8005238258264366,-0.6222187762271187,0.15052907981497943,0.9327340584772064,0.5290322580645161,WITHIN_REFERENCE_RANGE,STABLE,8,0.9205600603634696,0.9573401398551057,spectral_centroid_mean,0.6980855541905943,deviation at or below the one-sided 95% upper reference limit (empirical reference-tail probability 0.529; largest deviation: spectral_centroid_mean)
loso,rec2018-02-08_15h03m14.166s.wav,2018-02-08#1,0,2.128,2.3760000000000003,0.24800000000000022,17024,19009,0.5225927829742432,0.5263769626617432,2,NOT_SCOREABLE,short_duration,0.341243177652359,0.16516834497451782,0.030864451080560684,0.054539069533348083,0.24035781621932983,,,,,,,NOT_ASSESSED,,0,,,,,not scoreable: short_duration
loso,rec2018-02-08_15h03m14.166s.wav,2018-02-08#1,1,2.688,4.088,1.4,21504,32704,0.6674971529122057,0.8619572520256042,58,SCOREABLE,,0.346335768699646,0.12946783006191254,0.03212057054042816,0.06735140085220337,0.22548261284828186,-0.8768103490597806,-0.058233025127217675,-0.8226571410834642,-0.8021655946533236,0.7232603069529913,0.7354838709677419,WITHIN_REFERENCE_RANGE,STABLE,8,0.6379121271137823,0.9282499460841034,spectral_centroid_mean,0.36741939720428846,deviation at or below the one-sided 95% upper reference limit (empirical reference-tail probability 0.735; largest deviation: spectral_centroid_mean)
loso,rec2018-02-08_15h04m25.148s.wav,2018-02-08#1,0,9.072000000000001,9.272,0.1999999999999993,72576,74176,0.4761245846748352,0.4761245846748352,1,NOT_SCOREABLE,short_duration,0.36444514989852905,0.1527574509382248,0.0350320003926754,0.040648285299539566,0.15314482152462006,,,,,,,NOT_ASSESSED,,0,,,,,not scoreable: short_duration
loso,rec2018-02-08_15h06m27.101s.wav,2018-02-08#1,0,1.92,3.64,1.7200000000000002,15360,29120,0.8075224148730437,0.9255510568618774,96,SCOREABLE,,0.3880644142627716,0.17228730022907257,0.04426177963614464,0.034305114299058914,0.2075228989124298,0.6289704380629141,1.3897524469683222,0.5428764602874436,-2.772612284896835,1.605390093505825,0.11935483870967742,WITHIN_REFERENCE_RANGE,BORDERLINE,8,1.2151188090142897,1.6832748764675607,spectral_rolloff_std,0.7456879713994552,deviation at or below the one-sided 95% upper reference limit (empirical reference-tail probability 0.119; largest deviation: spectral_rolloff_std)
loso,rec2018-02-08_15h08m45.803s.wav,2018-02-08#1,0,4.032,6.648000000000001,2.6160000000000005,32256,53185,0.8120058557471713,0.979480504989624,148,SCOREABLE,,0.39108806848526,0.170313760638237,0.06686727702617645,0.07461167871952057,0.1963481903076172,0.7380791899450688,1.323015127590491,3.0853387487164845,-0.36925793736188317,1.7284962060342661,0.06451612903225806,WITHIN_REFERENCE_RANGE,BORDERLINE,8,1.6672040299634265,1.8191465251198875,spectral_centroid_std,0.7965423195667465,deviation at or below the one-sided 95% upper reference limit (empirical reference-tail probability 0.065; largest deviation: spectral_centroid_std)
loso,rec2018-02-08_15h20m25.156s.wav,2018-02-08#1,0,3.168,5.192,2.024,25344,41536,0.9223712972972704,0.9978228211402893,115,SCOREABLE,,0.3997859060764313,0.1800316870212555,0.032301317900419235,0.048064861446619034,0.17605873942375183,1.0519412038579454,1.6516370410932102,-0.802328309623509,-1.9521616063646186,1.439544273865226,0.16774193548387098,WITHIN_REFERENCE_RANGE,STABLE,8,1.4171741577554233,1.439544273865226,spectral_rolloff_std,0.4597497378345568,deviation at or below the one-sided 95% upper reference limit (empirical reference-tail probability 0.168; largest deviation: spectral_rolloff_std)
loso,rec2018-02-08_15h23m00.916s.wav,2018-02-08#1,0,4.128,4.5040000000000004,0.37600000000000033,33024,36032,0.5958696727951368,0.8117996454238892,12,NOT_SCOREABLE,short_duration,0.35351917147636414,0.13934122025966644,0.03351461514830589,0.07762272655963898,0.17578433454036713,,,,,,,NOT_ASSESSED,,0,,,,,not scoreable: short_duration
loso,rec2018-02-08_15h23m00.916s.wav,2018-02-08#1,1,4.88,7.16,2.2800000000000002,39040,57280,0.9132561447056196,0.9816110730171204,131,SCOREABLE,,0.36363622546195984,0.1356566697359085,0.037688564509153366,0.037119414657354355,0.21902987360954285,-0.2525222838808972,0.15104910522355633,-0.19641944131373315,-2.604804358356093,1.3143600798755795,0.23225806451612904,WITHIN_REFERENCE_RANGE,STABLE,8,1.288362732290163,1.5038778404804838,spectral_rolloff_std,0.9818869957181173,deviation at or below the one-sided 95% upper reference limit (empirical reference-tail probability 0.232; largest deviation: spectral_rolloff_std)
loso,rec2018-02-08_15h25m08.376s.wav,2018-02-08#1,0,4.992,6.104,1.112,39936,48832,0.80172025142832,0.9441379308700562,47,NOT_SCOREABLE,close_neighbor,0.37348273396492004,0.18993893265724182,0.025582533329725266,0.02846851944923401,0.21968983113765717,,,,,,,NOT_ASSESSED,,0,,,,,not scoreable: close_neighbor
loso,rec2018-02-08_15h25m08.376s.wav,2018-02-08#1,1,6.112,7.208,1.096,48896,57664,0.7350317149792077,0.9191687107086182,53,NOT_SCOREABLE,close_neighbor,0.36550161242485046,0.13590431213378906,0.04845428839325905,0.03777208551764488,0.2177976667881012,,,,,,,NOT_ASSESSED,,0,,,,,not scoreable: close_neighbor
loso,rec2018-02-09_10h49m08.773s.wav,2018-02-09#1,0,2.992,4.728000000000001,1.7360000000000007,23936,37825,0.6700429071982702,0.8456264138221741,84,SCOREABLE,,0.34850719571113586,0.14201752841472626,0.025857752189040184,0.07541695237159729,0.20210109651088715,-0.7902723715269497,0.3580738315509282,-1.5249639717198595,-0.31957481188648484,0.8916824638676432,0.5777777777777777,WITHIN_REFERENCE_RANGE,STABLE,8,0.8625182724796222,0.8987465094777022,spectral_centroid_std,0.7312042783071759,deviation at or below the one-sided 95% upper reference limit (empirical reference-tail probability 0.578; largest deviation: spectral_centroid_std)
loso,rec2018-02-09_10h57m14.793s.wav,2018-02-09#1,0,8.288,9.447999999999999,1.1599999999999984,66304,75584,0.8542097367224146,0.9569432139396667,61,SCOREABLE,,0.3701046407222748,0.1613226979970932,0.04703623801469803,0.043484993278980255,0.21203072369098663,-0.01526508440353554,1.0182190035994505,0.8597481190165414,-2.220363863142008,1.2948151871012603,0.2571428571428571,WITHIN_REFERENCE_RANGE,STABLE,8,1.1772583172900537,1.2968646877319214,spectral_rolloff_std,0.7351445472439117,deviation at or below the one-sided 95% upper reference limit (empirical reference-tail probability 0.257; largest deviation: spectral_rolloff_std)
loso,rec2018-02-09_11h04m27.369s.wav,2018-02-09#1,0,3.7920000000000003,3.9920000000000004,0.20000000000000018,30336,31937,0.510915994644165,0.510915994644165,1,NOT_SCOREABLE,short_duration,0.3211737871170044,0.13402634859085083,0.01631038635969162,0.05470070242881775,0.25053292512893677,,,,,,,NOT_ASSESSED,,0,,,,,not scoreable: short_duration
loso,rec2018-02-09_11h05m06.012s.wav,2018-02-09#1,0,2.368,3.8480000000000003,1.4800000000000004,18944,30785,0.8745245455223837,0.9906287789344788,81,SCOREABLE,,0.3806075155735016,0.15000109374523163,0.029939725995063782,0.05496179684996605,0.18796998262405396,0.3616222993239333,0.6310738736474717,-1.065330909685719,-1.5371930464731391,1.0033590248044224,0.5047619047619047,WITHIN_REFERENCE_RANGE,STABLE,8,0.9806489526255853,1.0089374313214305,spectral_rolloff_std,0.5867918976519149,deviation at or below the one-sided 95% upper reference limit (empirical reference-tail probability 0.505; largest deviation: spectral_rolloff_std)
loso,rec2018-02-09_11h05m43.714s.wav,2018-02-09#1,0,1.6480000000000001,3.064,1.416,13184,24512,0.8011328562513574,0.9505175352096558,77,SCOREABLE,,0.40884116291999817,0.1749984622001648,0.04772421345114708,0.06287743896245956,0.1565985083580017,1.3747644753693957,1.4858652303892816,0.9372146270065546,-1.066004735807804,1.2361745628608833,0.30158730158730157,WITHIN_REFERENCE_RANGE,STABLE,8,1.1849932929038747,1.2988926630787663,spectral_flatness_mean,0.361192932336678,deviation at or below the one-sided 95% upper reference limit (empirical reference-tail probability 0.302; largest deviation: spectral_flatness_mean)
loso,rec2018-05-02_17h33m13.522s.wav,2018-05-02#1,0,0.768,1.8,1.032,6144,14400,0.8902111413343897,0.9961105585098267,53,NOT_SCOREABLE,close_neighbor,0.37576329708099365,0.13901424407958984,0.050276100635528564,0.09356146305799484,0.20077893137931824,,,,,,,NOT_ASSESSED,,0,,,,,not scoreable: close_neighbor
loso,rec2018-05-02_17h33m13.522s.wav,2018-05-02#1,1,1.824,2.712,0.8880000000000001,14592,21696,0.9578546570105986,0.9996556639671326,44,NOT_SCOREABLE,close_neighbor,0.3635909855365753,0.11198769509792328,0.022334570065140724,0.06649280339479446,0.202882781624794,,,,,,,NOT_ASSESSED,,0,,,,,not scoreable: close_neighbor
loso,rec2018-05-02_17h33m50.393s.wav,2018-05-02#1,0,2.64,4.248,1.608,21120,33984,0.9861947271261322,0.999882161617279,89,SCOREABLE,,0.3341110944747925,0.08584587275981903,0.03855186700820923,0.08241774141788483,0.25048208236694336,-1.3244806791447865,-1.6131298708620476,-0.09890738702067527,0.10190482199484308,1.0460167677490047,0.45454545454545453,WITHIN_REFERENCE_RANGE,STABLE,8,1.0161584216036723,1.0460167677490047,spectral_flatness_mean,0.5945677958943117,deviation at or below the one-sided 95% upper reference limit (empirical reference-tail probability 0.455; largest deviation: spectral_flatness_mean)
loso,rec2018-05-02_17h34m27.816s.wav,2018-05-02#1,0,2.128,3.9280000000000004,1.8000000000000003,17024,31425,0.9750870979658448,0.998965322971344,101,SCOREABLE,,0.35760775208473206,0.1101275086402893,0.036308348178863525,0.06887692958116531,0.18726089596748352,-0.4837390957871948,-0.7769882323837266,-0.3501823432938308,-0.7025201072084168,0.6028839856561717,0.8636363636363636,WITHIN_REFERENCE_RANGE,STABLE,8,0.5900125796731004,0.6105696528779735,spectral_flatness_mean,0.41524211617708234,deviation at or below the one-sided 95% upper reference limit (empirical reference-tail probability 0.864; largest deviation: spectral_flatness_mean)
loso,rec2018-05-02_17h35m57.328s.wav,2018-05-02#1,0,2.896,4.696000000000001,1.8000000000000007,23168,37569,0.9794313417802943,0.9999226331710815,101,SCOREABLE,,0.3485543727874756,0.11216682940721512,0.03940204530954361,0.07643645256757736,0.22257216274738312,-0.8076810185691142,-0.7067639272407739,-0.0036870961553275624,-0.25342821992109094,0.5513853765598239,0.8961038961038961,WITHIN_REFERENCE_RANGE,STABLE,8,0.48509742099160896,0.6011483364609361,spectral_centroid_mean,0.5364253263293272,deviation at or below the one-sided 95% upper reference limit (empirical reference-tail probability 0.896; largest deviation: spectral_centroid_mean)
loso,rec2018-05-02_17h38m14.494s.wav,2018-05-02#1,0,1.488,3.3680000000000003,1.8800000000000003,11904,26945,0.9891545873767925,0.999889612197876,106,SCOREABLE,,0.3442426025867462,0.09557082504034042,0.02308599278330803,0.06250990927219391,0.22314637899398804,-0.9619618769709409,-1.2782497345324044,-1.831091141734931,-1.0807684665417137,1.3304367970885238,0.23376623376623376,WITHIN_REFERENCE_RANGE,STABLE,8,1.2987723923480776,1.3717769053848992,spectral_centroid_std,0.47355610068472886,deviation at or below the one-sided 95% upper reference limit (empirical reference-tail probability 0.234; largest deviation: spectral_centroid_std)
loso,rec2018-05-02_17h38m56.671s.wav,2018-05-02#1,0,7.328,8.728,1.3999999999999995,58624,69824,0.9607514268473575,0.9994715452194214,76,SCOREABLE,,0.37697649002075195,0.10573944449424744,0.036275386810302734,0.08172669261693954,0.17028893530368805,0.20930004494059554,-0.9280918550095166,-0.353874029022286,0.06085138373134518,0.5084512561361281,0.9188311688311688,WITHIN_REFERENCE_RANGE,STABLE,8,0.48947157940313196,0.5603915403889215,spectral_flatness_mean,0.8329583421656823,deviation at or below the one-sided 95% upper reference limit (empirical reference-tail probability 0.919; largest deviation: spectral_flatness_mean)
loso,rec2018-05-02_17h40m15.391s.wav,2018-05-02#1,0,2.624,4.184,1.56,20992,33472,0.9338268173295398,0.9990531206130981,86,SCOREABLE,,0.33398476243019104,0.11777689307928085,0.054495371878147125,0.0927862673997879,0.1894250363111496,-1.3290010073110397,-0.513580574446098,1.686771180340781,0.7178723784094825,1.1608775183448146,0.35064935064935066,WITHIN_REFERENCE_RANGE,STABLE,8,1.0575548630318206,1.1904056110325745,spectral_centroid_std,0.5278123546492123,deviation at or below the one-sided 95% upper reference limit (empirical reference-tail probability 0.351; largest deviation: spectral_centroid_std)
loso,rec2018-05-02_17h40m35.031s.wav,2018-05-02#1,0,3.68,5.832,2.1519999999999997,29440,46656,0.986578591470796,0.9997773170471191,123,SCOREABLE,,0.35972222685813904,0.07287738472223282,0.036241717636585236,0.07910194247961044,0.16469913721084595,-0.408080383025774,-2.0597016294417596,-0.3576449891956335,-0.09507829529067234,1.0660499779404842,0.43506493506493504,WITHIN_REFERENCE_RANGE,STABLE,8,1.0482475601845382,1.1273856054786116,spectral_flatness_mean,0.933240339049731,deviation at or below the one-sided 95% upper reference limit (empirical reference-tail probability 0.435; largest deviation: spectral_flatness_mean)
loso,rec2018-05-02_17h41m00.892s.wav,2018-05-02#1,0,3.344,5.32,1.9760000000000004,26752,42560,0.9746136031367562,0.999910831451416,110,SCOREABLE,,0.3459987938404083,0.08867305517196655,0.030649779364466667,0.07000067830085754,0.20219337940216064,-0.8991230238968746,-1.5157754361770508,-0.9839441877713654,-0.6357610756834888,1.0581039286174192,0.44805194805194803,WITHIN_REFERENCE_RANGE,STABLE,8,1.0190767601671435,1.1794451185538264,spectral_flatness_mean,0.5130421945526356,deviation at or below the one-sided 95% upper reference limit (empirical reference-tail probability 0.448; largest deviation: spectral_flatness_mean)
loso,rec2018-05-02_17h42m58.720s.wav,2018-05-02#1,0,3.152,4.84,1.6879999999999997,25216,38720,0.9724335049061065,0.9991081953048706,94,SCOREABLE,,0.3552929162979126,0.07412312924861908,0.04929369315505028,0.09240256249904633,0.12781915068626404,-0.5665669914364949,-2.016804236755965,1.1041811986581445,0.695077453604681,1.233981996542283,0.2987012987012987,WITHIN_REFERENCE_RANGE,STABLE,8,1.1084328158827625,1.2981537951272466,spectral_flatness_mean,0.667805284900234,deviation at or below the one-sided 95% upper reference limit (empirical reference-tail probability 0.299; largest deviation: spectral_flatness_mean)
loso,rec2018-05-02_17h42m58.720s.wav,2018-05-02#1,1,6.896,8.184,1.2879999999999994,55168,65472,0.9515930155049199,0.9930620193481445,69,SCOREABLE,,0.38356953859329224,0.07875838875770569,0.04213074594736099,0.10508448630571365,0.0815620943903923,0.4452080701605826,-1.857188406101938,0.30192840592185255,1.4484780460769136,1.2079536843112892,0.3181818181818182,WITHIN_REFERENCE_RANGE,STABLE,8,1.1455402111667252,1.2498468763085684,spectral_flatness_mean,0.590950862426387,deviation at or below the one-sided 95% upper reference limit (empirical reference-tail probability 0.318; largest deviation: spectral_flatness_mean)
loso,rec2018-05-02_17h42m58.720s.wav,2018-05-02#1,2,11.216000000000001,12.328,1.1119999999999983,89728,98624,0.9189288390093836,0.9984755516052246,58,SCOREABLE,,0.3885858356952667,0.07934372872114182,0.049917254596948624,0.1152195930480957,0.08753105252981186,0.6246978358165317,-1.8370321399218668,1.1740203156725213,2.0505787636719486,1.528735706132191,0.13636363636363635,WITHIN_REFERENCE_RANGE,STABLE,8,1.4656792576441484,1.5982123495737788,spectral_rolloff_std,0.4498089585543407,deviation at or below the one-sided 95% upper reference limit (empirical reference-tail probability 0.136; largest deviation: spectral_rolloff_std)
loso,rec2018-05-03_09h32m11.296s.wav,2018-05-03#1,0,2.096,3.7680000000000002,1.6720000000000002,16768,30145,0.823901737152144,0.959595263004303,86,SCOREABLE,,0.3619021475315094,0.12683168053627014,0.05749019607901573,0.09392410516738892,0.19505739212036133,-0.3234425465009966,-0.1843684928407765,2.021503153783455,0.7841367084819488,1.099994568212133,0.3904761904761905,WITHIN_REFERENCE_RANGE,STABLE,8,0.9843848748264425,1.2214218777090355,spectral_centroid_std,0.844321355163708,deviation at or below the one-sided 95% upper reference limit (empirical reference-tail probability 0.390; largest deviation: spectral_centroid_std)
loso,rec2018-05-03_09h32m39.426s.wav,2018-05-03#1,0,2.432,3.8480000000000003,1.4160000000000004,19456,30785,0.7652435674295797,0.8681809902191162,77,SCOREABLE,,0.33744657039642334,0.12548211216926575,0.024857448413968086,0.08228085935115814,0.2081020623445511,-1.200039430232483,-0.229663792274116,-1.625243462253843,0.09556884653897384,1.0177659121357523,0.4857142857142857,WITHIN_REFERENCE_RANGE,STABLE,8,0.8679784205843448,1.0301349118421557,spectral_centroid_std,0.6375012813758854,deviation at or below the one-sided 95% upper reference limit (empirical reference-tail probability 0.486; largest deviation: spectral_centroid_std)
loso,rec2018-05-03_09h32m52.456s.wav,2018-05-03#1,0,2.896,4.12,1.2240000000000002,23168,32960,0.7734057664871216,0.9653192758560181,65,SCOREABLE,,0.3346656560897827,0.11211741715669632,0.032170746475458145,0.0870906338095665,0.21635755896568298,-1.2997197935974552,-0.6782204398882641,-0.8079740973950422,0.3800132504042104,0.8582666717715637,0.6,WITHIN_REFERENCE_RANGE,STABLE,8,0.8519080797183258,0.9567006411611411,spectral_centroid_mean,0.5733172088277178,deviation at or below the one-sided 95% upper reference limit (empirical reference-tail probability 0.600; largest deviation: spectral_centroid_mean)
loso,rec2018-05-03_09h33m56.681s.wav,2018-05-03#1,0,1.728,3.3360000000000003,1.6080000000000003,13824,26689,0.8309977201854482,0.9755316972732544,85,SCOREABLE,,0.36942413449287415,0.13974960148334503,0.04080655425786972,0.06820283830165863,0.19188134372234344,-0.053821008093659084,0.24919316410050585,0.157087230891118,-0.7369887587405627,0.39775078961758015,0.9714285714285714,WITHIN_REFERENCE_RANGE,STABLE,8,0.38881931087320176,0.43257209771594446,spectral_rolloff_std,0.8583010325163857,deviation at or below the one-sided 95% upper reference limit (empirical reference-tail probability 0.971; largest deviation: spectral_rolloff_std)
loso,rec2018-05-03_11h21m20.915s.wav,2018-05-03#2,0,1.8880000000000001,3.624,1.736,15104,28992,0.9849389797633457,0.9997239112854004,97,SCOREABLE,,0.34658917784690857,0.11246238648891449,0.03798235207796097,0.08276703953742981,0.22711075842380524,-1.1221662781145394,-0.9437748394452571,-0.08292099382303672,0.1662421683890482,0.738999400046213,0.7175572519083969,WITHIN_REFERENCE_RANGE,STABLE,8,0.6765482054736506,0.8147915557028433,spectral_centroid_mean,0.5764561335236651,deviation at or below the one-sided 95% upper reference limit (empirical reference-tail probability 0.718; largest deviation: spectral_centroid_mean)
loso,rec2018-05-03_11h22m05.830s.wav,2018-05-03#2,0,1.36,1.864,0.504,10880,14912,0.9322609841823578,0.9970126748085022,20,SCOREABLE,,0.32265910506248474,0.07493503391742706,0.06398984789848328,0.11023888736963272,0.27278852462768555,-2.063981744352712,-2.313485705129087,2.6823667058622336,1.73983130896552,2.2267880948370893,0.007633587786259542,OUTSIDE_REFERENCE_RANGE,BORDERLINE,8,1.6969712178259528,2.9388239151796776,spectral_centroid_std,0.3627592764112082,deviation above the one-sided 95% upper reference limit (empirical reference-tail probability 0.008; largest deviation: spectral_centroid_std)
loso,rec2018-05-03_11h22m05.830s.wav,2018-05-03#2,1,2.512,3.096,0.5840000000000001,20096,24768,0.8087048387527466,0.9613204598426819,25,SCOREABLE,,0.25814089179039,0.0250716395676136,0.012409220449626446,0.03431490436196327,0.4437894821166992,-4.603223963175524,-4.133449767627571,-2.80202424091319,-2.6090991270182218,3.6377814646404403,0.003816793893129771,OUTSIDE_REFERENCE_RANGE,STABLE,8,3.5990663299459587,3.6574589676301086,spectral_centroid_mean,0.4003049936925355,deviation above the one-sided 95% upper reference limit (empirical reference-tail probability 0.004; largest deviation: spectral_centroid_mean)
loso,rec2018-05-03_11h22m59.308s.wav,2018-05-03#2,0,0.976,3.128,2.152,7808,25024,0.9574886545902346,0.9989746809005737,123,SCOREABLE,,0.3047342300415039,0.08904920518398285,0.04217743128538132,0.08230623602867126,0.23516282439231873,-2.7694507446866576,-1.79833255897797,0.3631273689851573,0.139847314946682,1.6624737725397065,0.07251908396946564,WITHIN_REFERENCE_RANGE,BORDERLINE,8,1.6496636935537778,1.6688409137398446,spectral_centroid_mean,0.693773480108515,deviation at or below the one-sided 95% upper reference limit (empirical reference-tail probability 0.073; largest deviation: spectral_centroid_mean)
loso,rec2018-05-03_11h30m44.236s.wav,2018-05-03#2,0,3.728,5.4,1.6720000000000002,29824,43200,0.9772963549501152,0.9997573494911194,93,SCOREABLE,,0.3567139804363251,0.15275506675243378,0.04818948358297348,0.09148631244897842,0.19928963482379913,-0.7236845953706583,0.5268677234516146,1.0023682395067044,0.6656826592923233,0.74986406802269,0.6984732824427481,WITHIN_REFERENCE_RANGE,STABLE,8,0.7380856754624502,0.7756133171618964,spectral_centroid_std,0.44671395147530374,deviation at or below the one-sided 95% upper reference limit (empirical reference-tail probability 0.698; largest deviation: spectral_centroid_std)
loso,rec2018-05-03_11h31m05.117s.wav,2018-05-03#2,0,2.976,4.856,1.88,23808,38848,0.9811230127541524,0.9999228715896606,106,SCOREABLE,,0.3378652334213257,0.11937882006168365,0.03209549933671951,0.07549141347408295,0.21804431080818176,-1.465514410008409,-0.691331926016822,-0.7088498255550025,-0.25050614188505205,0.8931536430234044,0.5458015267175572,WITHIN_REFERENCE_RANGE,STABLE,8,0.8931536430234044,0.9141547685725535,spectral_centroid_mean,0.6730817991075256,deviation at or below the one-sided 95% upper reference limit (empirical reference-tail probability 0.546; largest deviation: spectral_centroid_mean)
loso,rec2018-05-03_11h31m22.631s.wav,2018-05-03#2,0,4.496,6.328,1.8319999999999999,35968,50624,0.9831141337607671,0.9998303055763245,103,SCOREABLE,,0.3192106783390045,0.09125718474388123,0.05055174231529236,0.09801887720823288,0.24669410288333893,-2.1997014160653987,-1.7177435115987416,1.2535390965947946,1.0398683721742028,1.6157053869455607,0.0916030534351145,WITHIN_REFERENCE_RANGE,STABLE,8,1.601642130816631,1.6260510889402413,spectral_centroid_mean,0.46338623786869726,deviation at or below the one-sided 95% upper reference limit (empirical reference-tail probability 0.092; largest deviation: spectral_centroid_mean)
loso,rec2018-05-03_11h31m40.430s.wav,2018-05-03#2,0,4.176,5.928,1.7519999999999998,33408,47424,0.9826036953196233,0.9998825192451477,98,SCOREABLE,,0.32605063915252686,0.09302161633968353,0.040959253907203674,0.07455338537693024,0.2467527985572815,-1.9305011950434434,-1.6533435216468126,0.2336027525762471,-0.3042364492255304,1.285253839488936,0.23282442748091603,WITHIN_REFERENCE_RANGE,STABLE,8,1.2658663109935915,1.3107079280472018,spectral_centroid_mean,0.5640301744013233,deviation at or below the one-sided 95% upper reference limit (empirical reference-tail probability 0.233; largest deviation: spectral_centroid_mean)
loso,rec2018-05-03_11h32m00.868s.wav,2018-05-03#2,0,3.36,5.192,1.8320000000000003,26880,41536,0.9864310633788989,0.999843955039978,103,SCOREABLE,,0.35556355118751526,0.13416622579097748,0.04286075383424759,0.09916643053293228,0.19275279343128204,-0.7689620196853514,-0.15160639477649593,0.4357827085202476,1.105600297489494,0.7117839688960763,0.7519083969465649,WITHIN_REFERENCE_RANGE,STABLE,8,0.708107068080668,0.7358722897419038,spectral_rolloff_std,0.6031702289205502,deviation at or below the one-sided 95% upper reference limit (empirical reference-tail probability 0.752; largest deviation: spectral_rolloff_std)
loso,rec2018-05-03_11h33m06.158s.wav,2018-05-03#2,0,1.712,3.544,1.832,13696,28352,0.9794971954475329,0.9997748136520386,103,SCOREABLE,,0.30779948830604553,0.10022737085819244,0.05073508992791176,0.10172291845083237,0.24480605125427246,-2.648811427474101,-1.3903406828334268,1.273033818479668,1.2520360833235604,1.741942783905102,0.04961832061068702,OUTSIDE_REFERENCE_RANGE,BORDERLINE,8,1.7336744461157814,1.7744481903880789,spectral_centroid_mean,0.5780618645856963,deviation above the one-sided 95% upper reference limit (empirical reference-tail probability 0.050; largest deviation: spectral_centroid_mean)
loso,rec2018-05-03_11h34m12.944s.wav,2018-05-03#2,0,4.848,6.712000000000001,1.8640000000000008,38784,53697,0.9833340815135411,0.9998143315315247,105,SCOREABLE,,0.33045798540115356,0.08716219663619995,0.03886543586850166,0.07898332923650742,0.23923251032829285,-1.7570413439423944,-1.8672064851792087,0.010974272396584486,-0.05048899134165758,1.2822172120510162,0.2366412213740458,WITHIN_REFERENCE_RANGE,STABLE,8,1.2592207027514204,1.321888383651343,spectral_flatness_mean,0.530153335371387,deviation at or below the one-sided 95% upper reference limit (empirical reference-tail probability 0.237; largest deviation: spectral_flatness_mean)
loso,rec2018-05-03_11h34m42.301s.wav,2018-05-03#2,0,3.536,5.096,1.56,28288,40768,0.9866180551606555,0.9997468590736389,86,SCOREABLE,,0.324929416179657,0.08956912904977798,0.04071519896388054,0.06963857263326645,0.23134754598140717,-1.9746291484543388,-1.7793558574653507,0.2076532287360353,-0.5857572267369143,1.364871691176572,0.19083969465648856,WITHIN_REFERENCE_RANGE,STABLE,8,1.3322036672951838,1.3892969068913619,spectral_centroid_mean,0.523271936119522,deviation at or below the one-sided 95% upper reference limit (empirical reference-tail probability 0.191; largest deviation: spectral_centroid_mean)
loso,rec2018-05-03_11h35m02.168s.wav,2018-05-03#2,0,4.336,6.12,1.7839999999999998,34688,48960,0.9658768343925476,0.9997868537902832,100,SCOREABLE,,0.3293904662132263,0.1020716056227684,0.04040946811437607,0.07748260349035263,0.24115079641342163,-1.7990556784056944,-1.323027956973015,0.1751459176368284,-0.13645065477095472,1.1220850215768225,0.3511450381679389,WITHIN_REFERENCE_RANGE,STABLE,8,1.1092590932555415,1.1281301689814018,spectral_centroid_mean,0.6426546987505284,deviation at or below the one-sided 95% upper reference limit (empirical reference-tail probability 0.351; largest deviation: spectral_centroid_mean)
loso,rec2018-05-03_11h35m22.211s.wav,2018-05-03#2,0,4.72,6.5840000000000005,1.8640000000000008,37760,52673,0.977025428272429,0.9997784495353699,105,SCOREABLE,,0.322782963514328,0.09592383354902267,0.04230467975139618,0.08034475892782211,0.2500765025615692,-2.059107049377015,-1.547415493853381,0.37665726130170446,0.027493785463036033,1.3016377330253999,0.22900763358778625,WITHIN_REFERENCE_RANGE,STABLE,8,1.263594537785768,1.3970357943187004,spectral_centroid_mean,0.6256300492131309,deviation at or below the one-sided 95% upper reference limit (empirical reference-tail probability 0.229; largest deviation: spectral_centroid_mean)
loso,rec2018-05-03_11h35m39.758s.wav,2018-05-03#2,0,4.336,6.056,1.7199999999999998,34688,48448,0.9874747594197592,0.9998598098754883,96,SCOREABLE,,0.34570565819740295,0.1054501160979271,0.04757986590266228,0.09926589578390121,0.2119770646095276,-1.1569389458839139,-1.1997157009635824,0.9375496854825599,1.1112976732082818,1.1058715362631537,0.3702290076335878,WITHIN_REFERENCE_RANGE,STABLE,8,1.1012707317994062,1.1235670407936547,spectral_flatness_mean,0.2942302588583048,deviation at or below the one-sided 95% upper reference limit (empirical reference-tail probability 0.370; largest deviation: spectral_flatness_mean)
loso,rec2018-05-03_11h35m58.563s.wav,2018-05-03#2,0,4.288,6.456,2.168,34304,51648,0.9764056866688113,0.9998460412025452,124,SCOREABLE,,0.337405264377594,0.08628055453300476,0.029855122789740562,0.07132362574338913,0.23233623802661896,-1.4836174038137293,-1.8993855408717306,-0.9470613685185354,-0.48923728051489734,1.317674503259189,0.22519083969465647,WITHIN_REFERENCE_RANGE,STABLE,8,1.3071509382328752,1.3260286307039948,spectral_flatness_mean,0.5194574495325396,deviation at or below the one-sided 95% upper reference limit (empirical reference-tail probability 0.225; largest deviation: spectral_flatness_mean)
loso,rec2018-05-03_11h36m16.780s.wav,2018-05-03#2,0,4.368,6.28,1.912,34944,50240,0.9832535805525603,0.9997474551200867,108,SCOREABLE,,0.33728453516960144,0.10798882693052292,0.05497171729803085,0.11218318343162537,0.2220548689365387,-1.488368941192591,-1.1070552926490953,1.7234998547174085,1.8512007074823102,1.5682959968292867,0.10305343511450382,WITHIN_REFERENCE_RANGE,STABLE,8,1.5509381070829074,1.5749452695222241,spectral_rolloff_std,0.34833006117300763,deviation at or below the one-sided 95% upper reference limit (empirical reference-tail probability 0.103; largest deviation: spectral_rolloff_std)
loso,rec2018-05-03_11h36m35.115s.wav,2018-05-03#2,0,4.0,6.104,2.104,32000,48832,0.9696106359362602,0.9999263286590576,120,SCOREABLE,,0.3332073390483856,0.08913353085517883,0.04023414105176926,0.08587922155857086,0.23391510546207428,-1.6488350793627513,-1.7952547562506607,0.15650399328569617,0.34450814677817615,1.2333669488324117,0.2633587786259542,WITHIN_REFERENCE_RANGE,STABLE,8,1.2069812410704677,1.2578497748669637,spectral_flatness_mean,0.529672674109862,deviation at or below the one-sided 95% upper reference limit (empirical reference-tail probability 0.263; largest deviation: spectral_flatness_mean)
loso,rec2018-05-03_11h36m53.106s.wav,2018-05-03#2,0,4.6080000000000005,6.5840000000000005,1.976,36864,52673,0.9844157759632383,0.9998288750648499,112,SCOREABLE,,0.33344343304634094,0.09890419244766235,0.03740840405225754,0.08437719196081161,0.2277277112007141,-1.6395431319138887,-1.4386353724918264,-0.14394691599136591,0.2584717986484455,1.1006023125669289,0.37404580152671757,WITHIN_REFERENCE_RANGE,STABLE,8,1.094176644934089,1.1131432329418782,spectral_centroid_mean,0.554785190152023,deviation at or below the one-sided 95% upper reference limit (empirical reference-tail probability 0.374; largest deviation: spectral_centroid_mean)
loso,rec2018-05-03_11h37m11.955s.wav,2018-05-03#2,0,3.7600000000000002,5.704000000000001,1.9440000000000004,30080,45633,0.9867810254747217,0.9998304843902588,110,SCOREABLE,,0.33274465799331665,0.1036539375782013,0.026409437879920006,0.07359012961387634,0.23097197711467743,-1.6670448097519956,-1.2652744219122478,-1.3134292096929718,-0.3594117988269687,1.248422093131684,0.2595419847328244,WITHIN_REFERENCE_RANGE,STABLE,8,1.1795448232280945,1.2629321403045013,spectral_centroid_mean,0.44577084913009274,deviation at or below the one-sided 95% upper reference limit (empirical reference-tail probability 0.260; largest deviation: spectral_centroid_mean)
loso,rec2018-05-03_11h37m32.414s.wav,2018-05-03#2,0,4.224,6.072,1.8479999999999999,33792,48576,0.9695011807175783,0.9997001886367798,104,SCOREABLE,,0.3115083575248718,0.0815337523818016,0.03574451059103012,0.07419722527265549,0.2450396716594696,-2.5028415249162217,-2.072639075646636,-0.32086299255911455,-0.3246373219959584,1.6407613238653114,0.08015267175572519,WITHIN_REFERENCE_RANGE,BORDERLINE,8,1.6077469834168279,1.665225771427499,spectral_centroid_mean,0.5817225400014363,deviation at or below the one-sided 95% upper reference limit (empirical reference-tail probability 0.080; largest deviation: spectral_centroid_mean)
loso,rec2018-05-03_11h37m50.903s.wav,2018-05-03#2,0,3.872,5.720000000000001,1.8480000000000008,30976,45761,0.9658343895123556,0.9998899698257446,104,SCOREABLE,,0.33517923951148987,0.10393451899290085,0.033825188875198364,0.08616288751363754,0.22147731482982635,-1.5712270264845072,-1.2550334806763634,-0.5249378780903965,0.36075655020449887,1.0547000131249968,0.4198473282442748,WITHIN_REFERENCE_RANGE,STABLE,8,1.0261694307954254,1.0547000131249968,spectral_centroid_mean,0.5548300661036563,deviation at or below the one-sided 95% upper reference limit (empirical reference-tail probability 0.420; largest deviation: spectral_centroid_mean)
loso,rec2018-05-03_11h38m07.740s.wav,2018-05-03#2,0,3.616,5.416,1.8000000000000003,28928,43328,0.9733203953445548,0.9998195171356201,101,SCOREABLE,,0.33676066994667053,0.10495039820671082,0.03546217828989029,0.09425473213195801,0.21795699000358582,-1.5089866958323424,-1.2179549045970302,-0.35088241638037093,0.824257909719717,1.0680560109015136,0.40458015267175573,WITHIN_REFERENCE_RANGE,STABLE,8,1.0558080052672378,1.0790879772461368,spectral_centroid_mean,0.4990255399019244,deviation at or below the one-sided 95% upper reference limit (empirical reference-tail probability 0.405; largest deviation: spectral_centroid_mean)
loso,rec2018-05-03_11h38m25.235s.wav,2018-05-03#2,0,3.952,5.864,1.912,31616,46912,0.9822356965806749,0.9998617768287659,108,SCOREABLE,,0.34104806184768677,0.10312756150960922,0.03571079298853874,0.081797756254673,0.2157948762178421,-1.3402478859433196,-1.2844866223789093,-0.3244480694183296,0.11072156208674853,0.9438877174889668,0.5152671755725191,WITHIN_REFERENCE_RANGE,STABLE,8,0.9134923296769891,0.9939187105085078,spectral_centroid_mean,0.5040453363436829,deviation at or below the one-sided 95% upper reference limit (empirical reference-tail probability 0.515; largest deviation: spectral_centroid_mean)
loso,rec2018-05-03_11h38m46.135s.wav,2018-05-03#2,0,3.44,5.5120000000000005,2.0720000000000005,27520,44096,0.9873656484030061,0.9999032616615295,118,SCOREABLE,,0.3455388844013214,0.10608264058828354,0.049221470952034,0.09000150859355927,0.22322240471839905,-1.1635026593304976,-1.1766291891825567,1.1120959117742413,0.580633002747749,1.0382782247512452,0.4389312977099237,WITHIN_REFERENCE_RANGE,STABLE,8,1.0290098302592228,1.070557084811347,spectral_flatness_mean,0.32106410399834423,deviation at or below the one-sided 95% upper reference limit (empirical reference-tail probability 0.439; largest deviation: spectral_flatness_mean)
loso,rec2018-05-03_11h39m04.979s.wav,2018-05-03#2,0,4.4,6.184,1.7839999999999998,35200,49472,0.9801850086450576,0.9998233318328857,100,SCOREABLE,,0.3587978184223175,0.13383206725120544,0.03877668455243111,0.07163317501544952,0.19781191647052765,-0.6416710193141854,-0.16380284753491803,0.001537649803065557,-0.4715062790925395,0.4064768152917402,0.9580152671755725,WITHIN_REFERENCE_RANGE,STABLE,8,0.39246199398911563,0.45183482505119693,spectral_centroid_mean,0.6230075364844407,deviation at or below the one-sided 95% upper reference limit (empirical reference-tail probability 0.958; largest deviation: spectral_centroid_mean)
loso,rec2018-05-03_11h39m23.236s.wav,2018-05-03#2,0,4.0,5.896,1.896,32000,47168,0.9800219569250802,0.9998205304145813,107,SCOREABLE,,0.3784879148006439,0.1338167041540146,0.06544188410043716,0.09307806938886642,0.19335567951202393,0.13327176785939507,-0.16436358522918484,2.836756727741709,0.7568585951210324,1.4718016525379864,0.14885496183206107,WITHIN_REFERENCE_RANGE,STABLE,8,1.4718016525379864,1.5247552008719978,spectral_centroid_std,0.9287217644381072,deviation at or below the one-sided 95% upper reference limit (empirical reference-tail probability 0.149; largest deviation: spectral_centroid_std)
loso,rec2018-05-03_11h39m41.633s.wav,2018-05-03#2,0,4.24,5.928,1.6879999999999997,33920,47424,0.9724956605028598,0.999213695526123,94,SCOREABLE,,0.3177652060985565,0.08200434595346451,0.03343794494867325,0.0634092316031456,0.27270013093948364,-2.256590842367436,-2.055462880571331,-0.5661121946869501,-0.942574265685968,1.6221944355232116,0.08396946564885496,WITHIN_REFERENCE_RANGE,BORDERLINE,8,1.5823257259398653,1.6653089991140455,spectral_centroid_mean,0.48377100669398804,deviation at or below the one-sided 95% upper reference limit (empirical reference-tail probability 0.084; largest deviation: spectral_centroid_mean)
loso,rec2018-05-03_11h40m00.485s.wav,2018-05-03#2,0,4.816,6.6000000000000005,1.7840000000000007,38528,52801,0.9883299779891968,0.9999138116836548,100,SCOREABLE,,0.3317011296749115,0.11139018088579178,0.033904556185007095,0.07593999803066254,0.22326108813285828,-1.7081149359728904,-0.9829092724444046,-0.5164990246503813,-0.2248111907781774,1.0248266422076904,0.44656488549618323,WITHIN_REFERENCE_RANGE,STABLE,8,0.9857421025392058,1.029430916736735,spectral_centroid_mean,0.6945017986566822,deviation at or below the one-sided 95% upper reference limit (empirical reference-tail probability 0.447; largest deviation: spectral_centroid_mean)
loso,rec2018-05-03_11h40m20.470s.wav,2018-05-03#2,0,4.384,6.232,1.8479999999999999,35072,49856,0.9758561184773078,0.9999236464500427,104,SCOREABLE,,0.34547144174575806,0.11093394458293915,0.025570299476385117,0.0779389888048172,0.21211965382099152,-1.1661569987746754,-0.9995614415561543,-1.4026519138564963,-0.11030887577062905,1.0414707942083694,0.4389312977099237,WITHIN_REFERENCE_RANGE,STABLE,8,0.928250621368955,1.1178709472770403,spectral_centroid_std,0.45346694459082637,deviation at or below the one-sided 95% upper reference limit (empirical reference-tail probability 0.439; largest deviation: spectral_centroid_std)
loso,rec2018-05-03_11h40m45.441s.wav,2018-05-03#2,0,4.128,5.832,1.7039999999999997,33024,46656,0.9748669423555073,0.9998601675033569,95,SCOREABLE,,0.345922589302063,0.10501240938901901,0.03448213264346123,0.07496318966150284,0.21395733952522278,-1.1484011920994817,-1.2156915584140124,-0.45508730369066164,-0.28076283449440786,0.8778757723089827,0.5610687022900763,WITHIN_REFERENCE_RANGE,STABLE,8,0.8574995277677496,0.9125358761483359,spectral_flatness_mean,0.479425007531853,deviation at or below the one-sided 95% upper reference limit (empirical reference-tail probability 0.561; largest deviation: spectral_flatness_mean)
loso,rec2018-05-03_11h41m04.101s.wav,2018-05-03#2,0,5.296,7.08,1.7839999999999998,42368,56640,0.9787498307228089,0.9999322891235352,100,SCOREABLE,,0.3452703058719635,0.09344945847988129,0.05405854433774948,0.08227377384901047,0.2218160629272461,-1.1740730999274618,-1.6377277110960964,1.6264053104299627,0.13798787929074505,1.2966143015842528,0.22900763358778625,WITHIN_REFERENCE_RANGE,STABLE,8,1.2896195409160995,1.3005340678996928,spectral_flatness_mean,0.398842829586024,deviation at or below the one-sided 95% upper reference limit (empirical reference-tail probability 0.229; largest deviation: spectral_flatness_mean)
loso,rec2018-05-03_11h41m23.831s.wav,2018-05-03#2,0,4.048,5.736000000000001,1.6880000000000006,32384,45889,0.9820856788056962,0.9998478293418884,94,SCOREABLE,,0.3320581316947937,0.09386497735977173,0.031208215281367302,0.062199901789426804,0.23136743903160095,-1.694064413568204,-1.6225616872312758,-0.8031916915049038,-1.0118447521078007,1.3389835101542131,0.2099236641221374,WITHIN_REFERENCE_RANGE,STABLE,8,1.3223045328488796,1.434843845990176,spectral_centroid_mean,0.40017448111132126,deviation at or below the one-sided 95% upper reference limit (empirical reference-tail probability 0.210; largest deviation: spectral_centroid_mean)
loso,rec2018-05-03_11h41m45.507s.wav,2018-05-03#2,0,4.96,6.648000000000001,1.6880000000000006,39680,53185,0.985384982317052,0.999862790107727,94,SCOREABLE,,0.34422028064727783,0.10189079493284225,0.06519604474306107,0.09732761234045029,0.26496943831443787,-1.2153989247779768,-1.3296273664611173,2.8106174732843763,1.0002726778529194,1.7424996048194883,0.04961832061068702,OUTSIDE_REFERENCE_RANGE,BORDERLINE,8,1.57895446774281,2.163924830230496,spectral_centroid_std,0.6504263333293746,deviation above the one-sided 95% upper reference limit (empirical reference-tail probability 0.050; largest deviation: spectral_centroid_std)
loso,rec2018-05-03_11h42m07.338s.wav,2018-05-03#2,0,3.392,5.208,1.8160000000000003,27136,41664,0.9734814015089297,0.999771773815155,102,SCOREABLE,,0.3331297039985657,0.10246211290359497,0.04228080436587334,0.07743556797504425,0.21706679463386536,-1.6518905606937646,-1.3087748314785406,0.3741186735665692,-0.13914485199288038,1.0724924307155006,0.40458015267175573,WITHIN_REFERENCE_RANGE,STABLE,8,1.0001240186830103,1.100733620154417,spectral_centroid_mean,0.5930810942573096,deviation at or below the one-sided 95% upper reference limit (empirical reference-tail probability 0.405; largest deviation: spectral_centroid_mean)
loso,rec2018-05-03_11h42m25.033s.wav,2018-05-03#2,0,4.048,6.2,2.152,32384,49600,0.9871244495961724,0.9998883008956909,123,SCOREABLE,,0.36222371459007263,0.13118988275527954,0.03626248240470886,0.09081956744194031,0.1985510289669037,-0.5068380822987141,-0.26023994115395294,-0.2657888287474935,0.6274914641089073,0.44412805238370034,0.9427480916030534,WITHIN_REFERENCE_RANGE,STABLE,8,0.4267354715959029,0.47214006077649934,spectral_rolloff_std,0.49904446471164726,deviation at or below the one-sided 95% upper reference limit (empirical reference-tail probability 0.943; largest deviation: spectral_rolloff_std)
loso,rec2018-05-03_11h42m42.981s.wav,2018-05-03#2,0,5.008,6.888,1.88,40064,55104,0.9806636448176402,0.9998643398284912,106,SCOREABLE,,0.33576732873916626,0.09945077449083328,0.04541816934943199,0.08515394479036331,0.20985299348831177,-1.5480816087858948,-1.4186856741459934,0.7077039160031782,0.30296424869986904,1.1182416865558074,0.3549618320610687,WITHIN_REFERENCE_RANGE,STABLE,8,1.078432663048813,1.141338184996432,spectral_centroid_mean,0.47913329922946746,deviation at or below the one-sided 95% upper reference limit (empirical reference-tail probability 0.355; largest deviation: spectral_centroid_mean)
loso,rec2018-05-03_11h43m01.074s.wav,2018-05-03#2,0,4.432,6.28,1.8479999999999999,35456,50240,0.9851940583724242,0.9998271465301514,104,SCOREABLE,,0.3637236952781677,0.12724155187606812,0.05778962001204491,0.1076231598854065,0.1927609145641327,-0.4478033679527523,-0.40435007245801485,2.0231177713268176,1.5900022771134699,1.3214707332486633,0.22137404580152673,WITHIN_REFERENCE_RANGE,STABLE,8,1.3214707332486633,1.35436316227406,spectral_centroid_std,0.5859590149628805,deviation at or below the one-sided 95% upper reference limit (empirical reference-tail probability 0.221; largest deviation: spectral_centroid_std)
loso,rec2018-05-03_11h43m19.240s.wav,2018-05-03#2,0,4.16,5.752000000000001,1.5920000000000005,33280,46017,0.9874874400821599,0.9997631907463074,88,SCOREABLE,,0.3618844151496887,0.1254584938287735,0.046083737164735794,0.054539754986763,0.20552732050418854,-0.5201918845841599,-0.46942990927496164,0.7784714557027785,-1.450618434079188,0.8946054556539823,0.5458015267175572,WITHIN_REFERENCE_RANGE,STABLE,8,0.8324198216305823,0.9112405251388322,spectral_rolloff_std,0.6573297798299567,deviation at or below the one-sided 95% upper reference limit (empirical reference-tail probability 0.546; largest deviation: spectral_rolloff_std)
loso,rec2018-05-03_11h43m36.628s.wav,2018-05-03#2,0,3.2640000000000002,5.32,2.056,26112,42560,0.9883021528904254,0.9999393820762634,117,SCOREABLE,,0.36198028922080994,0.12430522590875626,0.044158801436424255,0.08900976181030273,0.19771502912044525,-0.5164185704030199,-0.5115230358306673,0.57379965150761,0.5238256857494085,0.5319735296900622,0.8969465648854962,WITHIN_REFERENCE_RANGE,STABLE,8,0.5041483990675913,0.5575792312560831,spectral_centroid_std,0.29085767160528886,deviation at or below the one-sided 95% upper reference limit (empirical reference-tail probability 0.897; largest deviation: spectral_centroid_std)
loso,rec2018-05-03_11h43m55.823s.wav,2018-05-03#2,0,3.904,5.896,1.992,31232,47168,0.9867991277601866,0.9999198317527771,113,SCOREABLE,,0.34550148248672485,0.11441657692193985,0.038503773510456085,0.06709428131580353,0.21775072813034058,-1.1649746858450547,-0.8724488415712713,-0.0274800438914695,-0.7314943905446396,0.8145815177177462,0.6183206106870229,WITHIN_REFERENCE_RANGE,STABLE,8,0.8022123894354541,0.8280695765922851,spectral_centroid_mean,0.5113330705106809,deviation at or below the one-sided 95% upper reference limit (empirical reference-tail probability 0.618; largest deviation: spectral_centroid_mean)
loso,rec2018-05-03_11h48m01.012s.wav,2018-05-03#2,0,4.096,5.800000000000001,1.7040000000000006,32768,46401,0.9840899486290781,0.9997128248214722,95,SCOREABLE,,0.34434059262275696,0.12761203944683075,0.04896008223295212,0.09971679002046585,0.21684609353542328,-1.2106638084120265,-0.39082764637406175,1.084303347095898,1.137124922927353,1.010843700212217,0.4618320610687023,WITHIN_REFERENCE_RANGE,STABLE,8,0.837281892796325,1.0112135163138145,spectral_centroid_mean,0.35860728727829555,deviation at or below the one-sided 95% upper reference limit (empirical reference-tail probability 0.462; largest deviation: spectral_centroid_mean)
loso,rec2018-05-03_11h48m24.363s.wav,2018-05-03#2,0,3.648,5.224,1.576,29184,41792,0.987802276666137,0.9997812509536743,87,SCOREABLE,,0.3505946397781372,0.13103754818439484,0.05567729473114014,0.1040724366903305,0.2040606141090393,-0.9645233812356456,-0.26580000075481575,1.79852147965267,1.386616633195664,1.2408001645690585,0.2633587786259542,WITHIN_REFERENCE_RANGE,STABLE,8,1.2042724847973985,1.2575294703029016,spectral_centroid_std,0.5252518391473373,deviation at or below the one-sided 95% upper reference limit (empirical reference-tail probability 0.263; largest deviation: spectral_centroid_std)
loso,rec2018-05-03_11h48m41.938s.wav,2018-05-03#2,0,3.8240000000000003,5.6240000000000006,1.8000000000000003,30592,44993,0.9882930706043055,0.9998981952667236,101,SCOREABLE,,0.33654528856277466,0.1034579798579216,0.04627055674791336,0.10056578367948532,0.21254484355449677,-1.5174634572831036,-1.2724266828709827,0.7983353402915285,1.185755332152512,1.2211797605960952,0.27099236641221375,WITHIN_REFERENCE_RANGE,STABLE,8,1.2063719184979427,1.2316006263138095,spectral_centroid_mean,0.3860266570188236,deviation at or below the one-sided 95% upper reference limit (empirical reference-tail probability 0.271; largest deviation: spectral_centroid_mean)
loso,rec2018-05-03_11h48m59.604s.wav,2018-05-03#2,0,3.568,5.5440000000000005,1.9760000000000004,28544,44353,0.9860179823424134,0.9997897744178772,112,SCOREABLE,,0.3522767126560211,0.10634594410657883,0.03664860501885414,0.08447898179292679,0.20402030646800995,-0.8983220676833532,-1.1670188738986629,-0.22473373744478853,0.2643023265188634,0.7565177727376576,0.6908396946564885,WITHIN_REFERENCE_RANGE,STABLE,8,0.7300061864789856,0.7927134933227957,spectral_flatness_mean,0.5949185322205648,deviation at or below the one-sided 95% upper reference limit (empirical reference-tail probability 0.691; largest deviation: spectral_flatness_mean)
loso,rec2018-05-03_11h49m17.127s.wav,2018-05-03#2,0,4.5120000000000005,6.424,1.912,36096,51392,0.9885743779164774,0.9998252391815186,108,SCOREABLE,,0.3547057509422302,0.10316702723503113,0.04271780699491501,0.09800561517477036,0.2032976597547531,-0.8027224493016876,-1.2830461628413092,0.4205836620898199,1.0391087220783646,0.9417016963602279,0.5152671755725191,WITHIN_REFERENCE_RANGE,STABLE,8,0.8748605164351553,1.073062997575431,spectral_flatness_mean,0.46408535905617637,deviation at or below the one-sided 95% upper reference limit (empirical reference-tail probability 0.515; largest deviation: spectral_flatness_mean)
loso,rec2018-05-03_11h49m34.678s.wav,2018-05-03#2,0,4.928,6.696000000000001,1.7680000000000007,39424,53569,0.986707435713874,0.999773383140564,99,SCOREABLE,,0.3501195013523102,0.11840390413999557,0.04867054149508476,0.0923398807644844,0.19172760844230652,-0.9832233961532445,-0.7269153828706078,1.0535174749570435,0.7145751051235748,0.8825603196806543,0.5572519083969466,WITHIN_REFERENCE_RANGE,STABLE,8,0.860086331588989,1.0172129993422088,spectral_centroid_std,0.35623345355950387,deviation at or below the one-sided 95% upper reference limit (empirical reference-tail probability 0.557; largest deviation: spectral_centroid_std)
loso,rec2018-05-03_11h49m54.056s.wav,2018-05-03#2,0,4.656,6.392,1.7360000000000007,37248,51136,0.9780081338489178,0.9997875690460205,97,SCOREABLE,,0.3526073098182678,0.10262994468212128,0.050793349742889404,0.10574380308389664,0.20311471819877625,-0.8853107608100593,-1.302649139285983,1.2792283844946126,1.482352603447987,1.256429904922507,0.25572519083969464,WITHIN_REFERENCE_RANGE,STABLE,8,0.7839835007815892,1.4463446854789024,spectral_rolloff_std,0.34798980458582135,deviation at or below the one-sided 95% upper reference limit (empirical reference-tail probability 0.256; largest deviation: spectral_rolloff_std)
loso,rec2018-05-03_11h50m12.379s.wav,2018-05-03#2,0,4.4,6.152,1.7519999999999998,35200,49216,0.9755446509439119,0.999716579914093,98,SCOREABLE,,0.36759552359580994,0.1423686146736145,0.06021790951490402,0.12631085515022278,0.17754463851451874,-0.29541988692347976,0.14777260233528666,2.281309453443036,2.6604346160930934,1.7600706534444712,0.04961832061068702,OUTSIDE_REFERENCE_RANGE,BORDERLINE,8,1.7426228586312817,1.8483995127554496,spectral_rolloff_std,0.5711957732810218,deviation above the one-sided 95% upper reference limit (empirical reference-tail probability 0.050; largest deviation: spectral_rolloff_std)
loso,rec2018-05-03_11h50m30.421s.wav,2018-05-03#2,0,4.416,6.376,1.96,35328,51008,0.9787945027823921,0.9998531937599182,111,SCOREABLE,,0.37522175908088684,0.11985021829605103,0.04876287281513214,0.09497503936290741,0.18736964464187622,0.004725732930000993,-0.6741263615569476,1.0633347470767702,0.8655171523969432,0.7639158018610209,0.6793893129770993,WITHIN_REFERENCE_RANGE,STABLE,8,0.7587104452378024,0.8525276147619796,spectral_centroid_std,0.4843831563831579,deviation at or below the one-sided 95% upper reference limit (empirical reference-tail probability 0.679; largest deviation: spectral_centroid_std)
loso,rec2018-05-03_11h50m48.244s.wav,2018-05-03#2,0,4.896,6.936,2.04,39168,55488,0.9881146940691717,0.9995645880699158,116,SCOREABLE,,0.3679105341434479,0.11229025572538376,0.06051405891776085,0.1329108327627182,0.1902991235256195,-0.2830220221753759,-0.950057440294261,2.3127980022306858,3.038481741372246,1.9725691684114328,0.03435114503816794,OUTSIDE_REFERENCE_RANGE,BORDERLINE,8,1.9205849652647546,1.986824601915739,spectral_rolloff_std,0.5931831270106542,deviation above the one-sided 95% upper reference limit (empirical reference-tail probability 0.034; largest deviation: spectral_rolloff_std)
loso,rec2018-05-03_11h51m07.128s.wav,2018-05-03#2,0,4.656,7.064,2.4080000000000004,37248,56512,0.9783535841986429,0.9998129606246948,139,SCOREABLE,,0.3791826069355011,0.10942595452070236,0.04386121779680252,0.07942449301481247,0.1927850991487503,0.16061275435686917,-1.054601571809262,0.5421586052510838,-0.025219102872679,0.5984465073258782,0.851145038167939,WITHIN_REFERENCE_RANGE,STABLE,8,0.56864868263616,0.6072829556425406,spectral_flatness_mean,0.7763653853016921,deviation at or below the one-sided 95% upper reference limit (empirical reference-tail probability 0.851; largest deviation: spectral_flatness_mean)
loso,rec2018-05-03_11h51m26.000s.wav,2018-05-03#2,0,4.288,6.376,2.088,34304,51008,0.9768763925848889,0.9995429515838623,119,SCOREABLE,,0.3720218241214752,0.10822009295225143,0.04685710743069649,0.09500184655189514,0.18524181842803955,-0.12121405266445584,-1.0986143139730324,0.8607012596993588,0.8670526698378569,0.8237465095754272,0.5992366412213741,WITHIN_REFERENCE_RANGE,STABLE,8,0.7408554209362632,0.9283521294824608,spectral_flatness_mean,0.4446756415237092,deviation at or below the one-sided 95% upper reference limit (empirical reference-tail probability 0.599; largest deviation: spectral_flatness_mean)
loso,rec2018-05-03_11h51m43.422s.wav,2018-05-03#2,0,4.32,6.184,1.8639999999999999,34560,49472,0.9887061743509202,0.999847948551178,105,SCOREABLE,,0.37856847047805786,0.126095712184906,0.0735337883234024,0.10741735994815826,0.18505960702896118,0.13644219628078816,-0.4461720760839514,3.697141109583655,1.5782140439970387,2.0234437197044755,0.022900763358778626,OUTSIDE_REFERENCE_RANGE,BORDERLINE,8,2.0043350570620317,2.0893415021545727,spectral_centroid_std,0.8346219521805832,deviation above the one-sided 95% upper reference limit (empirical reference-tail probability 0.023; largest deviation: spectral_centroid_std)
loso,rec2018-05-03_11h52m00.607s.wav,2018-05-03#2,0,3.072,4.888,1.8159999999999998,24576,39104,0.9869494555043239,0.9998911023139954,102,SCOREABLE,,0.37112706899642944,0.12994349002838135,0.031329523772001266,0.0801667645573616,0.1860191524028778,-0.15642891485294425,-0.30573203009600236,-0.7902933763678969,0.017298256929564805,0.4309306585903538,0.9465648854961832,WITHIN_REFERENCE_RANGE,STABLE,8,0.3566092479071714,0.4472486636255874,spectral_centroid_std,0.8408178183293122,deviation at or below the one-sided 95% upper reference limit (empirical reference-tail probability 0.947; largest deviation: spectral_centroid_std)
loso,rec2018-05-03_11h52m17.833s.wav,2018-05-03#2,0,3.344,5.272,1.9280000000000004,26752,42176,0.9889063014896637,0.9998786449432373,109,SCOREABLE,,0.38689035177230835,0.12887747585773468,0.05354977771639824,0.07218370586633682,0.1865088790655136,0.46396633637554047,-0.3446404819972179,1.5723099031004013,-0.4399718379511949,0.8659929954535952,0.5725190839694656,WITHIN_REFERENCE_RANGE,STABLE,8,0.7819738921823423,0.8949351749210664,spectral_centroid_std,0.824114489196588,deviation at or below the one-sided 95% upper reference limit (empirical reference-tail probability 0.573; largest deviation: spectral_centroid_std)
loso,rec2018-05-03_11h52m35.208s.wav,2018-05-03#2,0,2.816,4.392,1.5760000000000005,22528,35136,0.9791574272616156,0.9997044801712036,87,SCOREABLE,,0.3581891357898712,0.11672854423522949,0.03868105262517929,0.09012091159820557,0.19285210967063904,-0.6656269312929246,-0.7880643451140208,-0.008630564543737014,0.587472414228595,0.5935703302529414,0.851145038167939,WITHIN_REFERENCE_RANGE,STABLE,8,0.5287409239201684,0.6945268409839699,spectral_flatness_mean,0.4406755928509678,deviation at or below the one-sided 95% upper reference limit (empirical reference-tail probability 0.851; largest deviation: spectral_flatness_mean)
loso,rec2018-05-03_15h21m36.500s.wav,2018-05-03#3,0,3.968,6.168,2.2,31744,49344,0.9883310950937725,0.9997825622558594,126,SCOREABLE,,0.4138135015964508,0.07958032190799713,0.041991882026195526,0.08738783746957779,0.16004538536071777,2.02205200914569,-1.7091148554214355,0.30349756769244096,0.38846642318901187,1.346549743998792,0.18726591760299627,WITHIN_REFERENCE_RANGE,STABLE,8,1.3158616009970256,1.3558567759390223,spectral_centroid_mean,0.5637412953756787,deviation at or below the one-sided 95% upper reference limit (empirical reference-tail probability 0.187; largest deviation: spectral_centroid_mean)
loso,rec2018-05-03_15h23m24.541s.wav,2018-05-03#3,0,2.368,4.344,1.9760000000000004,18944,34752,0.9821535285030093,0.9996657371520996,112,SCOREABLE,,0.4529069662094116,0.09618568420410156,0.042958978563547134,0.08834683895111084,0.12290886789560318,3.621237430460631,-1.1500240301257108,0.4093122598338658,0.44360336078604135,1.9235537596715793,0.026217228464419477,OUTSIDE_REFERENCE_RANGE,STABLE,8,1.907685376974981,1.952835999478697,spectral_centroid_mean,0.8860237291236589,deviation above the one-sided 95% upper reference limit (empirical reference-tail probability 0.026; largest deviation: spectral_centroid_mean)
loso,rec2018-05-03_15h24m03.886s.wav,2018-05-03#3,0,3.024,5.0,1.976,24192,40000,0.9754885749093124,0.9997791647911072,112,SCOREABLE,,0.4397495985031128,0.11871271580457687,0.031890466809272766,0.07376988232135773,0.12189655005931854,3.0830126702070393,-0.39155477998912813,-0.8017469452271345,-0.3944858012499437,1.6168410158359978,0.08239700374531835,WITHIN_REFERENCE_RANGE,BORDERLINE,8,1.5759722002491654,1.6550623230489596,spectral_centroid_mean,0.9089834838475299,deviation at or below the one-sided 95% upper reference limit (empirical reference-tail probability 0.082; largest deviation: spectral_centroid_mean)
loso,rec2018-05-03_15h24m37.045s.wav,2018-05-03#3,0,2.384,4.04,1.6560000000000001,19072,32320,0.946729391415914,0.9998871088027954,75,SCOREABLE,,0.417194664478302,0.13234254717826843,0.03777354955673218,0.0834014043211937,0.13860034942626953,2.1603642933415244,0.0673520198430247,-0.1580505139797371,0.15926999339224676,1.086514734171422,0.39325842696629215,WITHIN_REFERENCE_RANGE,STABLE,8,1.0652226574243777,1.1203881698956464,spectral_centroid_mean,0.9883772708536892,deviation at or below the one-sided 95% upper reference limit (empirical reference-tail probability 0.393; largest deviation: spectral_centroid_mean)
loso,rec2018-05-03_15h25m08.571s.wav,2018-05-03#3,0,2.976,4.632000000000001,1.6560000000000006,23808,37057,0.9822329969509788,0.9998849034309387,92,SCOREABLE,,0.4049946665763855,0.13101767003536224,0.03603030741214752,0.08062731474637985,0.144761860370636,1.6613023918709269,0.02274434179093937,-0.34878703689432394,-0.00022382045522386515,0.8488367613270358,0.599250936329588,WITHIN_REFERENCE_RANGE,STABLE,8,0.8382526601621249,0.931754681249921,spectral_centroid_mean,0.957610788064534,deviation at or below the one-sided 95% upper reference limit (empirical reference-tail probability 0.599; largest deviation: spectral_centroid_mean)
loso,rec2018-05-03_15h27m21.669s.wav,2018-05-03#3,0,2.848,4.456,1.6080000000000005,22784,35648,0.9837208946099442,0.9999041557312012,89,SCOREABLE,,0.4071379601955414,0.15667381882667542,0.02721661515533924,0.07648259401321411,0.15198834240436554,1.748977504406619,0.8865687586186455,-1.3131355758079273,-0.2385208542161648,1.185974674374145,0.3258426966292135,WITHIN_REFERENCE_RANGE,STABLE,8,0.9393359110789806,1.2041933756700116,spectral_centroid_mean,0.5436978625052565,deviation at or below the one-sided 95% upper reference limit (empirical reference-tail probability 0.326; largest deviation: spectral_centroid_mean)
loso,rec2018-05-03_15h27m45.362s.wav,2018-05-03#3,0,3.552,5.064,1.512,28416,40512,0.9738487321210195,0.9998369216918945,83,SCOREABLE,,0.4030994474887848,0.14257854223251343,0.03654264658689499,0.0784127339720726,0.14483244717121124,1.583775194803721,0.41199074681276715,-0.2927295390602844,-0.12754917323920906,0.8336725402949527,0.6142322097378277,WITHIN_REFERENCE_RANGE,STABLE,8,0.8192729617493983,0.8761142681518339,spectral_centroid_mean,0.9022691085568083,deviation at or below the one-sided 95% upper reference limit (empirical reference-tail probability 0.614; largest deviation: spectral_centroid_mean)
loso,rec2018-05-03_15h28m15.159s.wav,2018-05-03#3,0,2.896,4.5200000000000005,1.6240000000000006,23168,36161,0.978381926814715,0.9999253749847412,90,SCOREABLE,,0.44562506675720215,0.17332376539707184,0.03989825397729874,0.053589850664138794,0.134369894862175,3.3233588065334514,1.447160704953745,0.07442363463985938,-1.554718780672941,1.972414587966728,0.02247191011235955,OUTSIDE_REFERENCE_RANGE,STABLE,8,1.860820846845193,2.0644017315168846,spectral_centroid_mean,0.7097380054632259,deviation above the one-sided 95% upper reference limit (empirical reference-tail probability 0.022; largest deviation: spectral_centroid_mean)
loso,rec2018-05-03_15h28m42.685s.wav,2018-05-03#3,0,3.44,5.144,1.7040000000000002,27520,41152,0.9844727334223295,0.9999212622642517,95,SCOREABLE,,0.3691694438457489,0.10186473280191422,0.05504007637500763,0.08433929085731506,0.19678464531898499,0.1958100270115404,-0.9588144731869578,1.7311633845942889,0.2131929459747093,1.0000055821149665,0.4681647940074906,WITHIN_REFERENCE_RANGE,STABLE,8,0.9794505502586632,1.0175925400826615,spectral_centroid_std,0.7492233015154333,deviation at or below the one-sided 95% upper reference limit (empirical reference-tail probability 0.468; largest deviation: spectral_centroid_std)
loso,rec2018-05-03_15h29m02.811s.wav,2018-05-03#3,0,3.184,4.84,1.6559999999999997,25472,38720,0.9670846909284592,0.9996852278709412,92,SCOREABLE,,0.39395442605018616,0.12031161785125732,0.07227557897567749,0.11323849856853485,0.14493387937545776,1.2096823609500806,-0.33772087688571256,3.6169827740287683,1.8747272009895217,2.1315811778366,0.0149812734082397,OUTSIDE_REFERENCE_RANGE,STABLE,8,2.1315811778366,2.1674160408462613,spectral_centroid_std,0.7198286633333056,deviation above the one-sided 95% upper reference limit (empirical reference-tail probability 0.015; largest deviation: spectral_centroid_std)
loso,rec2018-05-03_15h29m32.895s.wav,2018-05-03#3,0,3.136,4.792000000000001,1.6560000000000006,25088,38337,0.9852119859146036,0.9998654723167419,92,SCOREABLE,,0.4536045789718628,0.18781034648418427,0.0401255302131176,0.049287036061286926,0.12016941606998444,3.649774480591135,1.9349136627803378,0.09929102273959702,-1.80210528092086,2.25400680967848,0.00749063670411985,OUTSIDE_REFERENCE_RANGE,STABLE,8,2.2450674169303584,2.2758494449465823,spectral_centroid_mean,0.6554832851067176,deviation above the one-sided 95% upper reference limit (empirical reference-tail probability 0.007; largest deviation: spectral_centroid_mean)
loso,rec2018-05-03_15h29m50.911s.wav,2018-05-03#3,0,2.848,4.392,1.5440000000000005,22784,35136,0.9812670658616459,0.9999584555625916,85,SCOREABLE,,0.4015585482120514,0.15697212517261505,0.056651413440704346,0.08851083368062973,0.14521421492099762,1.5207420591258505,0.8966125226852368,1.9074675372383336,0.4530320919630465,1.3191134246338339,0.20224719101123595,WITHIN_REFERENCE_RANGE,STABLE,8,1.3004387704191396,1.345455594935813,spectral_centroid_std,0.5227451827613084,deviation at or below the one-sided 95% upper reference limit (empirical reference-tail probability 0.202; largest deviation: spectral_centroid_std)
loso,rec2018-05-03_15h30m09.333s.wav,2018-05-03#3,0,4.384,6.264,1.88,35072,50112,0.9892923398962561,0.9999294877052307,106,SCOREABLE,,0.41454336047172546,0.12988917529582977,0.036082230508327484,0.0932580903172493,0.14817661046981812,2.051908141993265,-0.015251279383499409,-0.34310588074794973,0.725971391818921,1.1017390493946848,0.38202247191011235,WITHIN_REFERENCE_RANGE,STABLE,8,1.068771864507698,1.12986310851615,spectral_centroid_mean,0.8671582355734576,deviation at or below the one-sided 95% upper reference limit (empirical reference-tail probability 0.382; largest deviation: spectral_centroid_mean)
loso,rec2018-05-03_15h30m28.140s.wav,2018-05-03#3,0,2.896,4.456,1.5600000000000005,23168,35648,0.9830885224564131,0.9999120831489563,86,SCOREABLE,,0.3911961615085602,0.13625067472457886,0.03358934447169304,0.08281923085451126,0.15144678950309753,1.0968508049146042,0.198935915229652,-0.6158645540780212,0.1257984474966115,0.6398772509185555,0.7827715355805244,WITHIN_REFERENCE_RANGE,STABLE,8,0.5791846519837699,0.709138538935165,spectral_centroid_mean,0.734584541141691,deviation at or below the one-sided 95% upper reference limit (empirical reference-tail probability 0.783; largest deviation: spectral_centroid_mean)
loso,rec2018-05-03_15h30m45.469s.wav,2018-05-03#3,0,2.7680000000000002,4.408,1.6400000000000001,22144,35264,0.9836964567939004,0.9999256134033203,91,SCOREABLE,,0.4022633135318756,0.14411023259162903,0.03939968720078468,0.07052336633205414,0.14676398038864136,1.5495716969200304,0.46356167984663077,0.01987304125933868,-0.5811413517959533,0.8593867120589508,0.5842696629213483,WITHIN_REFERENCE_RANGE,STABLE,8,0.8443936623403577,0.8877800156645806,spectral_centroid_mean,0.8128044839701333,deviation at or below the one-sided 95% upper reference limit (empirical reference-tail probability 0.584; largest deviation: spectral_centroid_mean)
loso,rec2018-05-03_15h31m15.084s.wav,2018-05-03#3,0,2.72,4.248,1.528,21760,33984,0.981472372299149,0.9998201131820679,84,SCOREABLE,,0.40868818759918213,0.16537901759147644,0.04742629826068878,0.08348584175109863,0.12793733179569244,1.8123922231625331,1.1796666552491641,0.8981032338403251,0.16412464835699161,1.1736593742350818,0.3295880149812734,WITHIN_REFERENCE_RANGE,STABLE,8,1.1566949343781354,1.1936622360427687,spectral_centroid_mean,0.5961564469093332,deviation at or below the one-sided 95% upper reference limit (empirical reference-tail probability 0.330; largest deviation: spectral_centroid_mean)
loso,rec2018-05-03_15h31m38.884s.wav,2018-05-03#3,0,3.408,5.048,1.6400000000000001,27264,40384,0.9853728662480364,0.9998904466629028,91,SCOREABLE,,0.40502047538757324,0.15780970454216003,0.03810322284698486,0.0704108327627182,0.13667164742946625,1.6623581456906902,0.9248132287354405,-0.12197937075046959,-0.5876113693188957,0.997356531139914,0.47191011235955055,WITHIN_REFERENCE_RANGE,STABLE,8,0.9607196392797817,1.1057476252688172,spectral_centroid_mean,0.694525712025181,deviation at or below the one-sided 95% upper reference limit (empirical reference-tail probability 0.472; largest deviation: spectral_centroid_mean)
loso,rec2018-05-03_15h31m59.455s.wav,2018-05-03#3,0,3.504,5.288,1.7840000000000003,28032,42304,0.9795184832811356,0.9999330639839172,100,SCOREABLE,,0.39299726486206055,0.13306348025798798,0.031451255083084106,0.08160422742366791,0.1466095894575119,1.170528035973944,0.0916253276658806,-0.8498032165470883,0.05594290541810021,0.7252286189870224,0.7191011235955056,WITHIN_REFERENCE_RANGE,STABLE,8,0.7153350486286777,0.7396459746451441,spectral_centroid_mean,0.6512590648066344,deviation at or below the one-sided 95% upper reference limit (empirical reference-tail probability 0.719; largest deviation: spectral_centroid_mean)
loso,rec2018-05-03_15h32m17.555s.wav,2018-05-03#3,0,3.68,5.304,1.624,29440,42432,0.9853017932838863,0.9998250603675842,90,SCOREABLE,,0.3989061713218689,0.1618894338607788,0.035111892968416214,0.07257812470197678,0.14858534932136536,1.41224201962804,1.0621748346466127,-0.4492751865963157,-0.4630048460647116,0.9405935070648487,0.5243445692883895,WITHIN_REFERENCE_RANGE,STABLE,8,0.8802421617390238,0.9712471056395687,spectral_centroid_mean,0.5635783669355744,deviation at or below the one-sided 95% upper reference limit (empirical reference-tail probability 0.524; largest deviation: spectral_centroid_mean)
loso,rec2018-05-03_15h32m35.669s.wav,2018-05-03#3,0,3.7760000000000002,5.464,1.6880000000000002,30208,43712,0.9824281531445523,0.9999155402183533,94,SCOREABLE,,0.41573506593704224,0.12814198434352875,0.03568655997514725,0.08585163205862045,0.1320054829120636,2.1006569041074346,-0.07407796524872541,-0.3863981003360324,0.3001436588229231,1.0790779260072612,0.4044943820224719,WITHIN_REFERENCE_RANGE,STABLE,8,1.0445464624197605,1.1008443432582922,spectral_centroid_mean,0.9474245696796191,deviation at or below the one-sided 95% upper reference limit (empirical reference-tail probability 0.404; largest deviation: spectral_centroid_mean)
loso,rec2018-05-03_15h33m11.807s.wav,2018-05-03#3,0,2.688,4.152,1.464,21504,33216,0.9822374500334263,0.9999192357063293,80,SCOREABLE,,0.3617193102836609,0.11559685319662094,0.05758712440729141,0.08833754807710648,0.17802879214286804,-0.10895050258834459,-0.4964636742322156,2.0098481828498973,0.4430691902450516,1.05997009595741,0.41947565543071164,WITHIN_REFERENCE_RANGE,STABLE,8,1.0339971760425049,1.0884568123767573,spectral_centroid_std,0.8988335810686872,deviation at or below the one-sided 95% upper reference limit (empirical reference-tail probability 0.419; largest deviation: spectral_centroid_std)
loso,rec2018-05-03_15h33m29.486s.wav,2018-05-03#3,0,3.696,5.176,1.48,29568,41408,0.9797479900313012,0.9998722672462463,81,SCOREABLE,,0.3750917315483093,0.098546102643013,0.03374122083187103,0.07820755988359451,0.16565237939357758,0.4380713934197631,-1.0705504077185781,-0.59924702968919,-0.139345475049775,0.6550761187082214,0.7640449438202247,WITHIN_REFERENCE_RANGE,STABLE,8,0.6314565448114013,0.6640052088353726,spectral_flatness_mean,0.6676836118818659,deviation at or below the one-sided 95% upper reference limit (empirical reference-tail probability 0.764; largest deviation: spectral_flatness_mean)
loso,rec2018-05-03_15h33m51.966s.wav,2018-05-03#3,0,3.584,5.272,1.6880000000000002,28672,42176,0.9860346583609886,0.9998939633369446,94,SCOREABLE,,0.4062504172325134,0.14964096248149872,0.060622382909059525,0.09884510189294815,0.13315808773040771,1.7126710326902592,0.6497774506004188,2.341950441031663,1.0471916553275258,1.576134118084586,0.09363295880149813,WITHIN_REFERENCE_RANGE,STABLE,8,1.5375961924471409,1.576134118084586,spectral_centroid_std,0.551961859952381,deviation at or below the one-sided 95% upper reference limit (empirical reference-tail probability 0.094; largest deviation: spectral_centroid_std)
loso,rec2018-05-03_15h34m13.707s.wav,2018-05-03#3,0,3.3280000000000003,5.0,1.6719999999999997,26624,40000,0.9850767017692648,0.9998601675033569,93,SCOREABLE,,0.3654796779155731,0.11464042961597443,0.041912440210580826,0.08883511275053024,0.16760946810245514,0.04487380424336407,-0.5286657809674234,0.29480545585276313,0.47167622879226695,0.38434681209859733,0.9737827715355806,WITHIN_REFERENCE_RANGE,STABLE,8,0.3769435198164827,0.4234194122887575,spectral_flatness_mean,0.4729942307321806,deviation at or below the one-sided 95% upper reference limit (empirical reference-tail probability 0.974; largest deviation: spectral_flatness_mean)
loso,rec2018-05-03_15h34m32.131s.wav,2018-05-03#3,0,3.04,4.488,1.4480000000000004,24320,35904,0.983156996437266,0.9998359084129333,79,SCOREABLE,,0.35962802171707153,0.12504635751247406,0.04656382277607918,0.09509322047233582,0.17769451439380646,-0.19449825898606096,-0.17830553516979722,0.8037356351997449,0.8314805685948332,0.5930795359522872,0.8352059925093633,WITHIN_REFERENCE_RANGE,STABLE,8,0.591174399457959,0.6154188734855749,spectral_rolloff_std,0.4913809767378457,deviation at or below the one-sided 95% upper reference limit (empirical reference-tail probability 0.835; largest deviation: spectral_rolloff_std)
loso,rec2018-05-03_15h35m02.114s.wav,2018-05-03#3,0,2.896,4.312,1.4160000000000004,23168,34496,0.9844831754634906,0.9999316930770874,77,SCOREABLE,,0.37042587995529175,0.13480879366397858,0.06694094091653824,0.10094277560710907,0.17198225855827332,0.24720670748197485,0.1503887978723629,3.033294318831127,1.1677955406226015,1.6315903894743924,0.08239700374531835,WITHIN_REFERENCE_RANGE,BORDERLINE,8,1.5972700836614888,1.6577210975413774,spectral_centroid_std,0.8640658378905055,deviation at or below the one-sided 95% upper reference limit (empirical reference-tail probability 0.082; largest deviation: spectral_centroid_std)
loso,rec2018-05-03_15h35m21.837s.wav,2018-05-03#3,0,2.976,4.5200000000000005,1.5440000000000005,23808,36161,0.9831075030214647,0.9997297525405884,85,SCOREABLE,,0.3696713149547577,0.10795587301254272,0.043052978813648224,0.09506023675203323,0.16845223307609558,0.21633992807945274,-0.7537300825771132,0.41959728014104475,0.8295841989196434,0.6081085064488971,0.8277153558052435,WITHIN_REFERENCE_RANGE,STABLE,8,0.5993402858348077,0.6238409816239568,spectral_rolloff_std,0.4652632976688811,deviation at or below the one-sided 95% upper reference limit (empirical reference-tail probability 0.828; largest deviation: spectral_rolloff_std)
loso,rec2018-05-03_15h35m44.100s.wav,2018-05-03#3,0,3.408,5.128,1.7200000000000002,27264,41024,0.9861173747728268,0.999943733215332,96,SCOREABLE,,0.38174647092819214,0.11647973954677582,0.03766699507832527,0.09717762470245361,0.1602076292037964,0.7102949557036438,-0.4667375141311366,-0.16970915289886043,0.9513215367018554,0.6434626434311829,0.7752808988764045,WITHIN_REFERENCE_RANGE,STABLE,8,0.6325022515304366,0.8368812244427367,spectral_rolloff_std,0.5464469277282787,deviation at or below the one-sided 95% upper reference limit (empirical reference-tail probability 0.775; largest deviation: spectral_rolloff_std)
loso,rec2018-05-03_15h36m09.330s.wav,2018-05-03#3,0,2.88,4.392,1.5120000000000005,23040,35136,0.9814656699996397,0.9999370574951172,83,SCOREABLE,,0.34534475207328796,0.08794113993644714,0.06402741372585297,0.11659704148769379,0.15690264105796814,-0.778779974848005,-1.4276120150546159,2.7145112699616782,2.0678236402719565,1.8900423511636644,0.0299625468164794,OUTSIDE_REFERENCE_RANGE,BORDERLINE,8,1.5629037039857097,1.8948529954946194,spectral_centroid_std,0.515679937264526,deviation above the one-sided 95% upper reference limit (empirical reference-tail probability 0.030; largest deviation: spectral_centroid_std)
loso,rec2018-05-03_15h36m33.401s.wav,2018-05-03#3,0,1.872,3.2560000000000002,1.3840000000000001,14976,26048,0.9737179676691691,0.9998098611831665,75,SCOREABLE,,0.37544193863868713,0.13686755299568176,0.05760269612073898,0.0960211306810379,0.15043528378009796,0.452397216902485,0.21970577110800485,2.011551959051063,0.8848299411016058,1.1271866722454758,0.36704119850187267,WITHIN_REFERENCE_RANGE,STABLE,8,1.0800766226503549,1.137724328132888,spectral_centroid_std,0.7961792018681122,deviation at or below the one-sided 95% upper reference limit (empirical reference-tail probability 0.367; largest deviation: spectral_centroid_std)
loso,rec2018-05-03_15h39m20.550s.wav,2018-05-03#3,0,3.056,4.808000000000001,1.7520000000000007,24448,38465,0.9747276300070237,0.9998444318771362,98,SCOREABLE,,0.4210955500602722,0.1436622440814972,0.03370831906795502,0.06790807843208313,0.1394958198070526,2.3199367286491954,0.44847822298574863,-0.6028469702175855,-0.731505004528223,1.272965355241291,0.2546816479400749,WITHIN_REFERENCE_RANGE,STABLE,8,1.1693462030688861,1.2914702521857448,spectral_centroid_mean,0.8303460452553303,deviation at or below the one-sided 95% upper reference limit (empirical reference-tail probability 0.255; largest deviation: spectral_centroid_mean)
loso,rec2018-05-03_15h39m43.079s.wav,2018-05-03#3,0,3.712,5.144,1.432,29696,41152,0.9871108478460556,0.9998899102210999,78,SCOREABLE,,0.42192932963371277,0.15121036767959595,0.04110490903258324,0.06638750433921814,0.138623908162117,2.3540439164269262,0.7026182156365074,0.20644957854974016,-0.8189290601573459,1.2988900407140331,0.2209737827715356,WITHIN_REFERENCE_RANGE,STABLE,8,1.2863442971232042,1.3603983397763406,spectral_centroid_mean,0.8211535151289138,deviation at or below the one-sided 95% upper reference limit (empirical reference-tail probability 0.221; largest deviation: spectral_centroid_mean)
loso,rec2018-05-03_15h40m01.822s.wav,2018-05-03#3,0,5.824,7.464,1.6400000000000006,46592,59712,0.9824248847070631,0.9999401569366455,91,SCOREABLE,,0.4392143189907074,0.19303853809833527,0.032334648072719574,0.04970533773303032,0.13116203248500824,3.0611161409267087,2.1109431833795727,-0.7531469328898709,-1.7780553981878542,2.0949477590888215,0.0149812734082397,OUTSIDE_REFERENCE_RANGE,STABLE,8,2.0486207194806707,2.12581073595367,spectral_centroid_mean,0.5337688534372396,deviation above the one-sided 95% upper reference limit (empirical reference-tail probability 0.015; largest deviation: spectral_centroid_mean)
loso,rec2018-05-03_15h40m28.424s.wav,2018-05-03#3,0,3.024,4.728000000000001,1.7040000000000006,24192,37825,0.9860961098419992,0.9999213218688965,95,SCOREABLE,,0.44227278232574463,0.17479421198368073,0.047217901796102524,0.07222887873649597,0.11882657557725906,3.1862278450297077,1.4966696034047777,0.8753015724840101,-0.4830844323589334,1.829726153948932,0.0299625468164794,OUTSIDE_REFERENCE_RANGE,STABLE,8,1.8250744949795208,1.839262312744105,spectral_centroid_mean,0.7580912330387398,deviation above the one-sided 95% upper reference limit (empirical reference-tail probability 0.030; largest deviation: spectral_centroid_mean)
loso,rec2018-05-03_15h40m49.846s.wav,2018-05-03#3,0,2.896,4.488,1.5920000000000005,23168,35904,0.9737035340883515,0.99992835521698,88,SCOREABLE,,0.4367133378982544,0.16177713871002197,0.04685838147997856,0.06990140676498413,0.1288943886756897,2.9588092069767007,1.0583939361998456,0.8359647223351881,-0.6169003641622263,1.654852918220161,0.06741573033707865,WITHIN_REFERENCE_RANGE,BORDERLINE,8,1.6455903449789884,1.6604107761589355,spectral_centroid_mean,0.7991993670396267,deviation at or below the one-sided 95% upper reference limit (empirical reference-tail probability 0.067; largest deviation: spectral_centroid_mean)
loso,rec2018-05-03_15h41m19.370s.wav,2018-05-03#3,0,3.632,5.4,1.7680000000000002,29056,43200,0.9848711797685334,0.9999596476554871,99,SCOREABLE,,0.4226742684841156,0.1606864631175995,0.02697724848985672,0.05823958292603493,0.13439226150512695,2.384516921598751,1.0216716590086732,-1.33932583607534,-1.2873865580394284,1.5953754866184195,0.0898876404494382,WITHIN_REFERENCE_RANGE,BORDERLINE,8,1.590462632263627,1.6284300188087948,spectral_centroid_mean,0.5584894797086138,deviation at or below the one-sided 95% upper reference limit (empirical reference-tail probability 0.090; largest deviation: spectral_centroid_mean)
loso,rec2018-05-03_15h41m44.230s.wav,2018-05-03#3,0,5.184,6.92,1.7359999999999998,41472,55360,0.9809916707658276,0.9998467564582825,97,SCOREABLE,,0.4215999245643616,0.1390879601240158,0.04340840131044388,0.09096572548151016,0.12017941474914551,2.3405690353993944,0.29446531153453454,0.4584857681316653,0.5941739135754868,1.2377626053004342,0.27715355805243447,WITHIN_REFERENCE_RANGE,STABLE,8,1.2234725084716627,1.2586451847707267,spectral_centroid_mean,0.8939396560008925,deviation at or below the one-sided 95% upper reference limit (empirical reference-tail probability 0.277; largest deviation: spectral_centroid_mean)
loso,rec2018-05-03_15h42m04.570s.wav,2018-05-03#3,0,2.512,4.12,1.608,20096,32960,0.9837761943259936,0.9998689889907837,89,SCOREABLE,,0.4045586884021759,0.16996918618679047,0.033872831612825394,0.07927083224058151,0.1449500322341919,1.6434679546546271,1.3342143912418132,-0.5848468599736459,-0.0782135761687427,1.0987809350470596,0.38202247191011235,WITHIN_REFERENCE_RANGE,STABLE,8,1.047014786050393,1.1450570813270742,spectral_centroid_mean,0.5592941266333037,deviation at or below the one-sided 95% upper reference limit (empirical reference-tail probability 0.382; largest deviation: spectral_centroid_mean)
loso,rec2018-05-03_15h42m24.025s.wav,2018-05-03#3,0,2.864,4.6000000000000005,1.7360000000000007,22912,36801,0.9808324815071735,0.9999072551727295,97,SCOREABLE,,0.408581018447876,0.1408734768629074,0.05689357966184616,0.07969442754983902,0.13433955609798431,1.8080082846684586,0.35458239957665616,1.9339641103801903,-0.053859340453080065,1.3358275192097222,0.19101123595505617,WITHIN_REFERENCE_RANGE,STABLE,8,1.3308836294866153,1.3491851951072122,spectral_centroid_std,0.524005755689538,deviation at or below the one-sided 95% upper reference limit (empirical reference-tail probability 0.191; largest deviation: spectral_centroid_std)
loso,rec2018-05-03_15h42m44.455s.wav,2018-05-03#3,0,2.832,4.696000000000001,1.8640000000000008,22656,37569,0.9846717669850304,0.9996636509895325,105,SCOREABLE,,0.42135176062583923,0.11936099827289581,0.02824512869119644,0.05866936594247818,0.10965155065059662,2.3304174625851126,-0.36972756696155,-1.2006009539199678,-1.2626765656001957,1.466572431177743,0.149812734082397,WITHIN_REFERENCE_RANGE,STABLE,8,1.4532708040046811,1.5065897640081867,spectral_centroid_mean,0.6312485985438417,deviation at or below the one-sided 95% upper reference limit (empirical reference-tail probability 0.150; largest deviation: spectral_centroid_mean)
loso,rec2018-05-03_15h44m07.780s.wav,2018-05-03#3,0,3.536,5.208,1.6720000000000002,28288,41664,0.9839558428333651,0.999829888343811,93,SCOREABLE,,0.41405725479125977,0.1346418261528015,0.022340629249811172,0.06408178061246872,0.14866119623184204,2.0320231529007047,0.14476711964836791,-1.8466406888469107,-0.9514945959629251,1.454776564691933,0.149812734082397,WITHIN_REFERENCE_RANGE,STABLE,8,1.4494773337814502,1.5035214874900997,spectral_centroid_mean,0.48775835808651247,deviation at or below the one-sided 95% upper reference limit (empirical reference-tail probability 0.150; largest deviation: spectral_centroid_mean)
loso,rec2018-05-03_15h44m27.242s.wav,2018-05-03#3,0,2.608,3.9760000000000004,1.3680000000000003,20864,31809,0.9852421203175107,0.9998525381088257,74,SCOREABLE,,0.3908628523349762,0.16647303104400635,0.047686152160167694,0.09676546603441238,0.14208362996578217,1.083216219787316,1.2165013158336588,0.9265351010977642,0.9276248405053742,1.0454888770958077,0.4232209737827715,WITHIN_REFERENCE_RANGE,STABLE,8,0.8544017250336938,1.0997993752641517,spectral_flatness_mean,0.3384748007356465,deviation at or below the one-sided 95% upper reference limit (empirical reference-tail probability 0.423; largest deviation: spectral_flatness_mean)
loso,rec2018-05-03_15h44m47.231s.wav,2018-05-03#3,0,3.7920000000000003,5.768000000000001,1.9760000000000004,30336,46145,0.9672044704456141,0.9999260306358337,101,SCOREABLE,,0.4145486354827881,0.126840278506279,0.03823309391736984,0.08882495760917664,0.12471500784158707,2.052123925395226,-0.11790548179806089,-0.10776955115118009,0.47109236796839443,1.0557765629065343,0.41947565543071164,WITHIN_REFERENCE_RANGE,STABLE,8,1.051642682736483,1.200668886732734,spectral_centroid_mean,0.9445025665852648,deviation at or below the one-sided 95% upper reference limit (empirical reference-tail probability 0.419; largest deviation: spectral_centroid_mean)
loso,rec2018-05-03_15h45m14.147s.wav,2018-05-03#3,0,3.04,4.92,1.88,24320,39360,0.9838783780358872,0.99994957447052,106,SCOREABLE,,0.41480499505996704,0.12207000702619553,0.027860622853040695,0.07699991762638092,0.13413986563682556,2.0626107549074697,-0.27851715477012223,-1.2426715904279326,-0.2087777929947676,1.2165274123777134,0.31086142322097376,WITHIN_REFERENCE_RANGE,STABLE,8,1.1672447677809794,1.2790146895006949,spectral_centroid_mean,0.7186720675948289,deviation at or below the one-sided 95% upper reference limit (empirical reference-tail probability 0.311; largest deviation: spectral_centroid_mean)
loso,rec2018-05-03_15h46m16.542s.wav,2018-05-03#3,0,2.576,4.088,1.512,20608,32704,0.977988747229059,0.9999270439147949,83,SCOREABLE,,0.4248230755329132,0.1945561021566391,0.03943496569991112,0.06441524624824524,0.12085794657468796,2.4724175704585267,2.1620384938381263,0.02373303183949104,-0.9323222856958213,1.7071209090714146,0.0599250936329588,WITHIN_REFERENCE_RANGE,BORDERLINE,8,1.6612286377775856,1.7455937535597055,spectral_centroid_mean,0.5243908291381992,deviation at or below the one-sided 95% upper reference limit (empirical reference-tail probability 0.060; largest deviation: spectral_centroid_mean)
loso,rec2018-05-03_15h46m45.482s.wav,2018-05-03#3,0,2.448,4.152,1.7040000000000002,19584,33216,0.984722754202391,0.9999279975891113,95,SCOREABLE,,0.40926721692085266,0.15445327758789062,0.03505746275186539,0.07346517592668533,0.13889573514461517,1.8360784136523471,0.8118047027879198,-0.4552306588631168,-0.41200462451767256,1.0496658492041169,0.41947565543071164,WITHIN_REFERENCE_RANGE,STABLE,8,0.9901936497302357,1.1426696556378382,spectral_centroid_mean,0.7649275848520345,deviation at or below the one-sided 95% upper reference limit (empirical reference-tail probability 0.419; largest deviation: spectral_centroid_mean)
loso,rec2018-05-03_15h47m08.625s.wav,2018-05-03#3,0,3.152,4.776000000000001,1.6240000000000006,25216,38209,0.9823214696513282,0.9999428987503052,90,SCOREABLE,,0.3908461034297943,0.1435367614030838,0.05973587557673454,0.10059157758951187,0.13148026168346405,1.0825310770082088,0.44425330979304345,2.2449534021342124,1.1476037228273859,1.3897881689624392,0.17228464419475656,WITHIN_REFERENCE_RANGE,STABLE,8,1.3566360437442953,1.4008581601459156,spectral_centroid_std,0.6523151271716406,deviation at or below the one-sided 95% upper reference limit (empirical reference-tail probability 0.172; largest deviation: spectral_centroid_std)
loso,rec2018-05-03_15h47m37.180s.wav,2018-05-03#3,0,3.376,4.936,1.56,27008,39488,0.9825566036756649,0.9999240636825562,86,SCOREABLE,,0.41905656456947327,0.17365778982639313,0.054174527525901794,0.08047058433294296,0.14160658419132233,2.236528519542108,1.4584070716711988,1.6364595143350578,-0.009234896237309187,1.5658141676769963,0.09737827715355805,WITHIN_REFERENCE_RANGE,STABLE,8,1.559674986742828,1.5730218481154785,spectral_centroid_mean,0.5100449514331152,deviation at or below the one-sided 95% upper reference limit (empirical reference-tail probability 0.097; largest deviation: spectral_centroid_mean)
loso,rec2018-05-03_15h47m57.575s.wav,2018-05-03#3,0,3.696,5.176,1.48,29568,41408,0.982640055226691,0.9997032284736633,81,SCOREABLE,,0.4229089915752411,0.16859693825244904,0.05539789795875549,0.08812697231769562,0.12541037797927856,2.394118673428376,1.2880117720853923,1.7703143682484384,0.43096232416646835,1.6363465429705615,0.0749063670411985,WITHIN_REFERENCE_RANGE,BORDERLINE,8,1.6221265055794933,1.6465764379050154,spectral_centroid_mean,0.5351564820244724,deviation at or below the one-sided 95% upper reference limit (empirical reference-tail probability 0.075; largest deviation: spectral_centroid_mean)
loso,rec2018-05-03_15h48m19.468s.wav,2018-05-03#3,0,3.024,4.328,1.3040000000000003,24192,34624,0.9768876501492092,0.9999362826347351,70,SCOREABLE,,0.3903648555278778,0.14848347008228302,0.03657042980194092,0.06755086779594421,0.15080395340919495,1.0628448037038947,0.6108054986964937,-0.2896896436276787,-0.75204251248108,0.7335206991289049,0.7153558052434457,WITHIN_REFERENCE_RANGE,STABLE,8,0.5752422287194138,0.9179709822042424,spectral_centroid_mean,0.5248738892174745,deviation at or below the one-sided 95% upper reference limit (empirical reference-tail probability 0.715; largest deviation: spectral_centroid_mean)
loso,rec2018-05-03_15h48m42.154s.wav,2018-05-03#3,0,2.64,4.312,1.6720000000000002,21120,34496,0.9858944044318251,0.999929666519165,93,SCOREABLE,,0.3956194519996643,0.14455822110176086,0.053068771958351135,0.10217875987291336,0.15005403757095337,1.27779311170799,0.47864513670751296,1.5154734695659822,1.2388573571545427,1.1930301538054724,0.3258426966292135,WITHIN_REFERENCE_RANGE,STABLE,8,0.9602645196854391,1.332801427955903,spectral_centroid_std,0.4033980952020122,deviation at or below the one-sided 95% upper reference limit (empirical reference-tail probability 0.326; largest deviation: spectral_centroid_std)
loso,rec2018-05-03_15h49m02.235s.wav,2018-05-03#3,0,3.2,4.904,1.7039999999999997,25600,39232,0.9793476616081439,0.9999451637268066,95,SCOREABLE,,0.4179994761943817,0.13675342500209808,0.0326845720410347,0.0809658020734787,0.1392817497253418,2.1932865010813685,0.21586316213722595,-0.7148600653951642,0.019237207490008984,1.158500924022336,0.3445692883895131,WITHIN_REFERENCE_RANGE,STABLE,8,1.12583117911354,1.2047616627897881,spectral_centroid_mean,0.8960618159213061,deviation at or below the one-sided 95% upper reference limit (empirical reference-tail probability 0.345; largest deviation: spectral_centroid_mean)
