mode,recording_file,session,event_id,start_time,end_time,duration_s,start_sample,end_sample,detector_confidence,detector_max_confidence,window_count,scoreability,not_scoreable_reasons,feature_values.spectral_centroid_mean,feature_values.spectral_flatness_mean,feature_values.spectral_centroid_std,feature_values.spectral_rolloff_std,mean_rms,feature_deviations.spectral_centroid_mean,feature_deviations.spectral_flatness_mean,feature_deviations.spectral_centroid_std,feature_deviations.spectral_rolloff_std,aggregate_deviation,reference_tail_probability,assessment,assessment_reliability,segmentation_variants,segmentation_min,segmentation_max,dominant_feature,dominant_share,reason
deployment,rec2018-01-22_17h41m33.475s.wav,2018-01-22#1,0,2.496,4.04,1.544,19968,32320,0.8478618302766014,0.9846252202987671,85,SCOREABLE,,0.37882059812545776,0.19025211036205292,0.03874003514647484,0.07275300472974777,0.1772032380104065,0.2975001754797616,1.952757409745388,-0.07361071395678642,-0.47064645059018323,1.015959457162092,0.4827586206896552,WITHIN_REFERENCE_RANGE,STABLE,8,0.9865158531104743,1.0969547237402872,spectral_flatness_mean,0.9235998267661636,deviation at or below the one-sided 95% upper reference limit (empirical reference-tail probability 0.483; largest deviation: spectral_flatness_mean)
deployment,rec2018-01-22_17h41m49.809s.wav,2018-01-22#1,0,0.6880000000000001,2.232,1.544,5504,17856,0.9337995206608491,0.9874169230461121,85,SCOREABLE,,0.3786831498146057,0.15679964423179626,0.039246752858161926,0.06918291747570038,0.1774943321943283,0.2925679512070199,0.8266781456279264,-0.017166863112932456,-0.681819493421749,0.5554649595904608,0.8840125391849529,WITHIN_REFERENCE_RANGE,STABLE,8,0.5520265321709439,0.6368683723040072,spectral_flatness_mean,0.5537319551775917,deviation at or below the one-sided 95% upper reference limit (empirical reference-tail probability 0.884; largest deviation: spectral_flatness_mean)
deployment,rec2018-01-22_17h42m07.718s.wav,2018-01-22#1,0,2.048,3.608,1.56,16384,28864,0.908583119858143,0.9745699763298035,86,SCOREABLE,,0.3870222866535187,0.16569066047668457,0.041311200708150864,0.07171718031167984,0.1669168323278427,0.5918113022211613,1.1259681588459565,0.21279428454801252,-0.5319161559607336,0.697542313533739,0.7586206896551724,WITHIN_REFERENCE_RANGE,STABLE,8,0.691004613271753,0.7278930831860461,spectral_flatness_mean,0.6514050370063474,deviation at or below the one-sided 95% upper reference limit (empirical reference-tail probability 0.759; largest deviation: spectral_flatness_mean)
deployment,rec2018-01-22_17h42m23.769s.wav,2018-01-22#1,0,2.912,4.632000000000001,1.7200000000000006,23296,37057,0.8991530801480015,0.9897542595863342,96,SCOREABLE,,0.39011135697364807,0.1663258820772171,0.04699074104428291,0.06934874504804611,0.16885042190551758,0.7026601552823546,1.1473510329723042,0.8454446147031454,-0.6720106818869832,0.86262979310142,0.5924764890282131,WITHIN_REFERENCE_RANGE,STABLE,8,0.8075010990751318,0.9661091188681241,spectral_flatness_mean,0.4422661732182014,deviation at or below the one-sided 95% upper reference limit (empirical reference-tail probability 0.592; largest deviation: spectral_flatness_mean)
deployment,rec2018-01-22_17h44m03.761s.wav,2018-01-22#1,0,2.56,4.2,1.6400000000000001,20480,33600,0.8749377157661941,0.980003833770752,91,SCOREABLE,,0.3577907979488373,0.13267888128757477,0.03694210946559906,0.09574545919895172,0.18736642599105835,-0.45713762427962157,0.014723329489165177,-0.27388366005493825,0.8893725704921436,0.5184562209946358,0.9122257053291536,WITHIN_REFERENCE_RANGE,STABLE,8,0.49585177726706403,0.5266134990387378,spectral_rolloff_std,0.7356704143451532,deviation at or below the one-sided 95% upper reference limit (empirical reference-tail probability 0.912; largest deviation: spectral_rolloff_std)
deployment,rec2018-01-22_17h44m21.408s.wav,2018-01-22#1,0,4.704,6.248,1.5440000000000005,37632,49984,0.9089284388458028,0.9854579567909241,85,SCOREABLE,,0.3825538754463196,0.16506478190422058,0.039017628878355026,0.04286370053887367,0.18538779020309448,0.4314658888791128,1.1048997903865778,-0.04268923867370056,-2.2386187338864727,1.2669059324658403,0.26959247648902823,WITHIN_REFERENCE_RANGE,STABLE,8,1.2466455635469578,1.299406709823024,spectral_rolloff_std,0.7805694265113787,deviation at or below the one-sided 95% upper reference limit (empirical reference-tail probability 0.270; largest deviation: spectral_rolloff_std)
deployment,rec2018-01-22_17h44m39.521s.wav,2018-01-22#1,0,4.336,6.184,1.8479999999999999,34688,49472,0.8498581504592528,0.9831579923629761,104,SCOREABLE,,0.35781505703926086,0.14533746242523193,0.033624857664108276,0.08379106223583221,0.18272557854652405,-0.4562671059452738,0.4408373767094798,-0.6433960366234457,0.1822620148449618,0.46089455590999195,0.9278996865203761,WITHIN_REFERENCE_RANGE,STABLE,8,0.46089455590999195,0.5010501491567368,spectral_centroid_std,0.48718467066859306,deviation at or below the one-sided 95% upper reference limit (empirical reference-tail probability 0.928; largest deviation: spectral_centroid_std)
deployment,rec2018-01-22_17h44m56.745s.wav,2018-01-22#1,0,2.848,4.84,1.992,22784,38720,0.9268389958723456,0.9948825240135193,113,SCOREABLE,,0.36858415603637695,0.14562389254570007,0.04905065521597862,0.0683312863111496,0.19364038109779358,-0.06982647862968668,0.4504792075395874,1.0749007508844146,-0.7321940449637294,0.6890803649204392,0.7648902821316614,WITHIN_REFERENCE_RANGE,STABLE,8,0.6652202181988299,0.7325358054287471,spectral_centroid_std,0.6083268578339796,deviation at or below the one-sided 95% upper reference limit (empirical reference-tail probability 0.765; largest deviation: spectral_centroid_std)
deployment,rec2018-01-22_17h45m12.839s.wav,2018-01-22#1,0,0.752,2.04,1.288,6016,16320,0.922130362711091,0.9858847260475159,69,SCOREABLE,,0.3692077696323395,0.16216129064559937,0.042334750294685364,0.09071652591228485,0.18862277269363403,-0.047448596386165394,1.0071622637376096,0.32680861414641854,0.5919078115738756,0.6069979247243273,0.8495297805642633,WITHIN_REFERENCE_RANGE,STABLE,8,0.5716916398626879,0.63486857322966,spectral_flatness_mean,0.6882789488117278,deviation at or below the one-sided 95% upper reference limit (empirical reference-tail probability 0.850; largest deviation: spectral_flatness_mean)
deployment,rec2018-01-23_10h42m07.256s.wav,2018-01-23#1,0,3.344,4.952,1.608,26752,39616,0.9419005985340375,0.9919159412384033,89,SCOREABLE,,0.3718438148498535,0.1622491180896759,0.03910711407661438,0.07009249180555344,0.17880965769290924,0.04714380802586335,1.010118717327905,-0.03272138267264031,-0.6280175649958274,0.5954072372247942,0.8620689655172413,WITHIN_REFERENCE_RANGE,STABLE,8,0.5954072372247942,0.6525058127829392,spectral_flatness_mean,0.7195427926209416,deviation at or below the one-sided 95% upper reference limit (empirical reference-tail probability 0.862; largest deviation: spectral_flatness_mean)
deployment,rec2018-01-23_10h42m23.823s.wav,2018-01-23#1,0,1.44,3.0000000000000004,1.5600000000000005,11520,24001,0.9466804855091627,0.9956548810005188,86,SCOREABLE,,0.38974711298942566,0.15463116765022278,0.04511041194200516,0.09382670372724533,0.16079793870449066,0.6895895470730203,0.7536827346550528,0.6359926596235417,0.7758769042586102,0.7158985685148496,0.7335423197492164,WITHIN_REFERENCE_RANGE,STABLE,8,0.5779074292938676,0.7552942063541727,spectral_rolloff_std,0.29364503980862794,deviation at or below the one-sided 95% upper reference limit (empirical reference-tail probability 0.734; largest deviation: spectral_rolloff_std)
deployment,rec2018-01-23_10h42m45.728s.wav,2018-01-23#1,0,0.5760000000000001,2.68,2.104,4608,21440,0.9660719970862071,0.9956285357475281,120,SCOREABLE,,0.37826070189476013,0.14646156132221222,0.04012418910861015,0.08904781192541122,0.17881539463996887,0.2774087406549571,0.478676872720864,0.08057173907722306,0.4932022659813423,0.372769177298987,0.9749216300940439,WITHIN_REFERENCE_RANGE,STABLE,8,0.3421407307153609,0.3849277849001217,spectral_rolloff_std,0.43763308261119155,deviation at or below the one-sided 95% upper reference limit (empirical reference-tail probability 0.975; largest deviation: spectral_rolloff_std)
deployment,rec2018-01-23_10h43m05.349s.wav,2018-01-23#1,0,2.192,4.152,1.96,17536,33216,0.97122547433183,0.9973201155662537,111,SCOREABLE,,0.39923641085624695,0.17203165590763092,0.0391235426068306,0.08364549279212952,0.1555854082107544,1.0301055198039704,1.3394191923467105,-0.03089139037570531,0.17365148513447734,0.8494513333684979,0.6050156739811913,WITHIN_REFERENCE_RANGE,STABLE,8,0.8338294962800402,0.8544893832386166,spectral_flatness_mean,0.6215785787020202,deviation at or below the one-sided 95% upper reference limit (empirical reference-tail probability 0.605; largest deviation: spectral_flatness_mean)
deployment,rec2018-01-23_10h43m22.564s.wav,2018-01-23#1,0,2.848,4.808000000000001,1.9600000000000009,22784,38465,0.9490245452551084,0.9953882694244385,107,SCOREABLE,,0.40409722924232483,0.16094015538692474,0.04932267218828201,0.03803260996937752,0.18327011168003082,1.204532155392157,0.9660563229043724,1.1052010247007178,-2.524380964094934,1.5794089946307113,0.11598746081504702,WITHIN_REFERENCE_RANGE,BORDERLINE,8,1.4231279180083491,1.886349009708881,spectral_rolloff_std,0.6386465756829104,deviation at or below the one-sided 95% upper reference limit (empirical reference-tail probability 0.116; largest deviation: spectral_rolloff_std)
deployment,rec2018-01-23_10h43m40.126s.wav,2018-01-23#1,0,0.8320000000000001,2.664,1.832,6656,21312,0.9650137326092396,0.9971593022346497,103,SCOREABLE,,0.3845367431640625,0.12918315827846527,0.03864539414644241,0.08711373805999756,0.1700514703989029,0.5026195336671867,-0.10294994393494573,-0.0841528804655469,0.3788005065404819,0.32163512620126045,0.987460815047022,WITHIN_REFERENCE_RANGE,STABLE,8,0.30309083989647734,0.3314963092025621,spectral_centroid_mean,0.6105086046211925,deviation at or below the one-sided 95% upper reference limit (empirical reference-tail probability 0.987; largest deviation: spectral_centroid_mean)
deployment,rec2018-01-23_10h43m56.234s.wav,2018-01-23#1,0,0.768,2.4400000000000004,1.6720000000000004,6144,19521,0.960628387107644,0.9978858828544617,93,SCOREABLE,,0.39223945140838623,0.16304707527160645,0.03683193400502205,0.09308735281229019,0.1583334356546402,0.7790251463152398,1.0369796080235798,-0.2861562274431135,0.7321438043870668,0.7583084502455218,0.6896551724137931,WITHIN_REFERENCE_RANGE,STABLE,8,0.7170417886175021,0.758609083960057,spectral_flatness_mean,0.46750757252679437,deviation at or below the one-sided 95% upper reference limit (empirical reference-tail probability 0.690; largest deviation: spectral_flatness_mean)
deployment,rec2018-01-23_10h44m12.634s.wav,2018-01-23#1,0,0.8320000000000001,3.208,2.3760000000000003,6656,25664,0.9789226085600191,0.9971426725387573,137,SCOREABLE,,0.41677647829055786,0.1773356795310974,0.04221426695585251,0.08900562673807144,0.1479821503162384,1.6595170113584612,1.5179636080414514,0.3133878407070825,0.49070698400668966,1.161595401719369,0.335423197492163,WITHIN_REFERENCE_RANGE,STABLE,8,1.155080799570939,1.1880691073213128,spectral_centroid_mean,0.5102625059723335,deviation at or below the one-sided 95% upper reference limit (empirical reference-tail probability 0.335; largest deviation: spectral_centroid_mean)
deployment,rec2018-01-23_10h44m30.273s.wav,2018-01-23#1,0,2.64,4.376,1.7360000000000002,21120,35008,0.9735949383568518,0.9964292049407959,97,SCOREABLE,,0.4069482088088989,0.15886259078979492,0.04323187097907066,0.07891607284545898,0.15492215752601624,1.306837309469193,0.8961211975362479,0.4267398873789787,-0.10609685990511955,0.8222257033893473,0.6332288401253918,WITHIN_REFERENCE_RANGE,STABLE,8,0.7908471388322682,0.8568317444648609,spectral_centroid_mean,0.6315401418257441,deviation at or below the one-sided 95% upper reference limit (empirical reference-tail probability 0.633; largest deviation: spectral_centroid_mean)
deployment,rec2018-01-23_10h45m25.926s.wav,2018-01-23#1,0,4.6080000000000005,6.136,1.5279999999999996,36864,49088,0.9120199900297892,0.9935973882675171,84,SCOREABLE,,0.38660621643066406,0.16948717832565308,0.03854015842080116,0.08512415736913681,0.16835659742355347,0.5768809502975388,1.2537668092930907,-0.09587520527192261,0.26111548134349966,0.7039346902384392,0.7554858934169278,WITHIN_REFERENCE_RANGE,STABLE,8,0.6904262187396994,0.7187017096512037,spectral_flatness_mean,0.7930650480261134,deviation at or below the one-sided 95% upper reference limit (empirical reference-tail probability 0.755; largest deviation: spectral_flatness_mean)
deployment,rec2018-01-23_10h45m44.127s.wav,2018-01-23#1,0,2.512,4.28,1.7680000000000002,20096,34240,0.9651438708257194,0.9986772537231445,99,SCOREABLE,,0.3760787546634674,0.12733003497123718,0.03429936245083809,0.07792849838733673,0.177190899848938,0.1991112844744473,-0.1653299108407313,-0.568262196424954,-0.16451254795531484,0.3228643621337493,0.987460815047022,WITHIN_REFERENCE_RANGE,STABLE,8,0.2589754248586675,0.40491579368303815,spectral_centroid_std,0.7744570181234458,deviation at or below the one-sided 95% upper reference limit (empirical reference-tail probability 0.987; largest deviation: spectral_centroid_std)
deployment,rec2018-01-23_10h45m44.127s.wav,2018-01-23#1,1,4.5120000000000005,4.712000000000001,0.20000000000000018,36096,37697,0.49006134271621704,0.49006134271621704,1,NOT_SCOREABLE,short_duration,0.3348084092140198,0.12407217919826508,0.018728116527199745,0.07547511905431747,0.24270811676979065,,,,,,,NOT_ASSESSED,,0,,,,,not scoreable: short_duration
deployment,rec2018-01-23_10h46m04.850s.wav,2018-01-23#1,0,1.968,3.688,1.7200000000000002,15744,29504,0.9688474430392185,0.9975178837776184,96,SCOREABLE,,0.4049626886844635,0.17134927213191986,0.03742977976799011,0.06570899486541748,0.15259727835655212,1.2355884851580763,1.3164487417674813,-0.21956152136850574,-0.887304333419185,1.0118340323549277,0.48589341692789967,WITHIN_REFERENCE_RANGE,STABLE,8,0.984901923341451,1.1055010836734613,spectral_flatness_mean,0.4231841090173565,deviation at or below the one-sided 95% upper reference limit (empirical reference-tail probability 0.486; largest deviation: spectral_flatness_mean)
deployment,rec2018-01-23_10h47m11.936s.wav,2018-01-23#1,0,4.416,6.008,1.5919999999999996,35328,48064,0.8973581384528767,0.9816783666610718,88,SCOREABLE,,0.37153369188308716,0.15856806933879852,0.03568437322974205,0.050256166607141495,0.19366995990276337,0.036015289859742325,0.8862069957696743,-0.4139843016158209,-1.8013494341248448,1.025049111782093,0.47648902821316613,WITHIN_REFERENCE_RANGE,STABLE,8,1.0202244155333902,1.056789216726755,spectral_rolloff_std,0.7720520780904625,deviation at or below the one-sided 95% upper reference limit (empirical reference-tail probability 0.476; largest deviation: spectral_rolloff_std)
deployment,rec2018-01-23_10h49m01.624s.wav,2018-01-23#1,0,2.576,5.736000000000001,3.1600000000000006,20608,45889,0.9740512146744676,0.9996151328086853,186,SCOREABLE,,0.39872047305107117,0.13217569887638092,0.045871004462242126,0.0953921377658844,0.18554307520389557,1.011591498422855,-0.0022148321730485936,0.7207159084365167,0.8684733720106923,0.7577927955133988,0.6896551724137931,WITHIN_REFERENCE_RANGE,STABLE,8,0.7327747040820812,0.7802069605780998,spectral_centroid_mean,0.44550174165481177,deviation at or below the one-sided 95% upper reference limit (empirical reference-tail probability 0.690; largest deviation: spectral_centroid_mean)
deployment,rec2018-01-23_10h49m24.634s.wav,2018-01-23#1,0,3.024,5.5440000000000005,2.5200000000000005,24192,44353,0.9844007626788257,0.9997668862342834,146,SCOREABLE,,0.3747974932193756,0.11233438551425934,0.028608346357941628,0.11150842905044556,0.1890803724527359,0.15313422768049423,-0.6701145159495286,-1.2021908239203833,1.8217627533450795,1.14417938527656,0.3573667711598746,WITHIN_REFERENCE_RANGE,STABLE,8,1.1097322017368196,1.1454925702070144,spectral_rolloff_std,0.6337754438579076,deviation at or below the one-sided 95% upper reference limit (empirical reference-tail probability 0.357; largest deviation: spectral_rolloff_std)
deployment,rec2018-01-23_10h50m00.411s.wav,2018-01-23#1,0,5.488,8.184,2.695999999999999,43904,65472,0.9774037740033144,0.999591052532196,157,SCOREABLE,,0.3867894411087036,0.1270494908094406,0.03676591068506241,0.10253291577100754,0.1838201880455017,0.5834558234174035,-0.1747736081166878,-0.2935106386627459,1.2908551549256688,0.7285983183449216,0.7210031347962382,WITHIN_REFERENCE_RANGE,STABLE,8,0.7223921502772167,0.7332474114658121,spectral_rolloff_std,0.7847272003370425,deviation at or below the one-sided 95% upper reference limit (empirical reference-tail probability 0.721; largest deviation: spectral_rolloff_std)
deployment,rec2018-01-23_10h50m22.155s.wav,2018-01-23#1,0,2.496,5.256,2.7600000000000002,19968,42048,0.978876142768386,0.9988613128662109,161,SCOREABLE,,0.39627736806869507,0.11232571303844452,0.03963971883058548,0.09161214530467987,0.17776568233966827,0.9239226022375672,-0.6704064494394424,0.026606054672665202,0.6448842961392312,0.6556793080324546,0.7836990595611285,WITHIN_REFERENCE_RANGE,STABLE,8,0.6474329585224068,0.6663789494596257,spectral_centroid_mean,0.49639595622337107,deviation at or below the one-sided 95% upper reference limit (empirical reference-tail probability 0.784; largest deviation: spectral_centroid_mean)
deployment,rec2018-01-23_10h50m40.883s.wav,2018-01-23#1,0,3.36,6.008,2.648,26880,48064,0.9607704034099331,0.9993309378623962,154,SCOREABLE,,0.3870837986469269,0.13236406445503235,0.022036297246813774,0.08272365480661392,0.18027061223983765,0.5940186116094829,0.004125943163721256,-1.9342587015793677,0.11912415329451873,1.0134621876122323,0.48589341692789967,WITHIN_REFERENCE_RANGE,STABLE,8,0.9949191447795904,1.0431618058002772,spectral_centroid_std,0.9106553171846548,deviation at or below the one-sided 95% upper reference limit (empirical reference-tail probability 0.486; largest deviation: spectral_centroid_std)
deployment,rec2018-01-23_10h52m21.295s.wav,2018-01-23#1,0,2.72,5.384,2.664,21760,43072,0.9701798877408427,0.999556839466095,155,SCOREABLE,,0.359140008687973,0.0784955620765686,0.022784274071455002,0.07986477017402649,0.18208862841129303,-0.4087222606032203,-1.8091993668822555,-1.8509407291640276,-0.04998078000464828,1.310413665287406,0.23510971786833856,WITHIN_REFERENCE_RANGE,STABLE,8,1.2344638801004686,1.3475561916676235,spectral_centroid_std,0.4987790525663201,deviation at or below the one-sided 95% upper reference limit (empirical reference-tail probability 0.235; largest deviation: spectral_centroid_std)
deployment,rec2018-01-23_10h52m39.068s.wav,2018-01-23#1,0,3.984,7.08,3.096,31872,56640,0.955536655999802,0.9996217489242554,182,SCOREABLE,,0.3775152564048767,0.09807746112346649,0.02683515101671219,0.10118797421455383,0.18417388200759888,0.2506590169485199,-1.1500321060025263,-1.3997090299135004,1.2113009645946162,1.096795238736867,0.3949843260188088,WITHIN_REFERENCE_RANGE,STABLE,8,0.9349288700087621,1.182907562470925,spectral_centroid_std,0.4071593613100582,deviation at or below the one-sided 95% upper reference limit (empirical reference-tail probability 0.395; largest deviation: spectral_centroid_std)
deployment,rec2018-01-23_10h52m57.816s.wav,2018-01-23#1,0,5.6000000000000005,8.632,3.031999999999999,44800,69056,0.9758602685472938,0.9991955161094666,178,SCOREABLE,,0.389325886964798,0.12652692198753357,0.02532474882900715,0.10014980286359787,0.18010923266410828,0.674474183267528,-0.1923643564977638,-1.567954413547732,1.1498924365780017,1.0335198508263281,0.4670846394984326,WITHIN_REFERENCE_RANGE,STABLE,8,1.0084289981132606,1.0515243537871084,spectral_centroid_std,0.57539916515403,deviation at or below the one-sided 95% upper reference limit (empirical reference-tail probability 0.467; largest deviation: spectral_centroid_std)
deployment,rec2018-01-23_10h52m57.816s.wav,2018-01-23#1,1,11.584,12.0,0.41600000000000037,92672,96000,0.7605880051851273,0.9488101005554199,12,NOT_SCOREABLE,short_duration;recording_boundary,0.33680200576782227,0.049263376742601395,0.016428334638476372,0.03487071022391319,0.18707244098186493,,,,,,,NOT_ASSESSED,,0,,,,,"not scoreable: short_duration, recording_boundary"
deployment,rec2018-01-23_10h53m20.922s.wav,2018-01-23#1,0,2.128,4.712000000000001,2.5840000000000005,17024,37697,0.9588367571433385,0.9992786049842834,150,SCOREABLE,,0.3931632339954376,0.1232549399137497,0.037690192461013794,0.1039406880736351,0.16716700792312622,0.8121743561552603,-0.30250604684446003,-0.19055386115876777,1.374125825809926,0.8178737146305046,0.6363636363636364,WITHIN_REFERENCE_RANGE,STABLE,8,0.8178737146305046,0.848164831306187,spectral_rolloff_std,0.7057006396550881,deviation at or below the one-sided 95% upper reference limit (empirical reference-tail probability 0.636; largest deviation: spectral_rolloff_std)
deployment,rec2018-01-23_10h54m18.511s.wav,2018-01-23#1,0,3.44,5.848,2.408,27520,46784,0.9421242111020809,0.998367428779602,139,SCOREABLE,,0.35596588253974915,0.08244460076093674,0.019893581047654152,0.07165278494358063,0.18283873796463013,-0.5226232749988465,-1.676266549362935,-2.172938247915733,-0.5357251849446479,1.4222927560037275,0.1724137931034483,WITHIN_REFERENCE_RANGE,STABLE,8,1.374455784540001,1.501663357207266,spectral_centroid_std,0.5835213910578201,deviation at or below the one-sided 95% upper reference limit (empirical reference-tail probability 0.172; largest deviation: spectral_centroid_std)
deployment,rec2018-01-23_10h54m39.487s.wav,2018-01-23#1,0,3.392,6.680000000000001,3.2880000000000007,27136,53441,0.9732032746234268,0.9991750717163086,189,SCOREABLE,,0.3734826147556305,0.058080460876226425,0.029668258503079414,0.10141422599554062,0.15290436148643494,0.10595085063943525,-2.496413937163877,-1.08412602837858,1.2246839083820193,1.4931918873067724,0.14106583072100312,WITHIN_REFERENCE_RANGE,STABLE,8,1.4448478590774059,1.5588007852572003,spectral_flatness_mean,0.6987824069767787,deviation at or below the one-sided 95% upper reference limit (empirical reference-tail probability 0.141; largest deviation: spectral_flatness_mean)
deployment,rec2018-01-23_10h56m48.215s.wav,2018-01-23#1,0,0.992,3.2880000000000003,2.2960000000000003,7936,26305,0.8942506864215388,0.9926502108573914,132,SCOREABLE,,0.35203295946121216,0.10794728249311447,0.045854732394218445,0.06605798751115799,0.2178744226694107,-0.6637531190146542,-0.8177934859370367,0.7189033446376477,-0.86666118559603,0.7709212051488539,0.6865203761755486,WITHIN_REFERENCE_RANGE,STABLE,8,0.7460169719493253,0.7786004633199631,spectral_rolloff_std,0.3159502611266943,deviation at or below the one-sided 95% upper reference limit (empirical reference-tail probability 0.687; largest deviation: spectral_rolloff_std)
deployment,rec2018-01-23_10h57m38.405s.wav,2018-01-23#1,0,2.192,4.408,2.216,17536,35264,0.8576029323217437,0.9837898015975952,127,SCOREABLE,,0.36445310711860657,0.12788620591163635,0.06489208340644836,0.05520522594451904,0.2224208116531372,-0.21806591218694849,-0.14660804558722304,2.8394950986120113,-1.5086092725942957,1.613046885050769,0.10658307210031348,WITHIN_REFERENCE_RANGE,BORDERLINE,8,1.5618949880241704,1.6223136218510361,spectral_centroid_std,0.7746905775256411,deviation at or below the one-sided 95% upper reference limit (empirical reference-tail probability 0.107; largest deviation: spectral_centroid_std)
deployment,rec2018-01-23_10h57m54.607s.wav,2018-01-23#1,0,2.88,5.112,2.232,23040,40896,0.9713886538520455,0.9971497058868408,128,SCOREABLE,,0.40001818537712097,0.16941015422344208,0.03485711291432381,0.07261781394481659,0.17111799120903015,1.0581588821462427,1.2511740185553513,-0.5061337504618908,-0.47864307571029485,0.8902818671430642,0.5611285266457681,WITHIN_REFERENCE_RANGE,STABLE,8,0.806038738759032,0.984283759572996,spectral_flatness_mean,0.493765097068408,deviation at or below the one-sided 95% upper reference limit (empirical reference-tail probability 0.561; largest deviation: spectral_flatness_mean)
deployment,rec2018-01-23_10h59m20.895s.wav,2018-01-23#1,0,2.064,3.9280000000000004,1.8640000000000003,16512,31425,0.9457393334025428,0.9945888519287109,105,SCOREABLE,,0.3833701014518738,0.16457703709602356,0.03876222297549248,0.06711860001087189,0.17583484947681427,0.46075551558810024,1.0884812904005678,-0.071139186945325,-0.8039252486589538,0.7156192692430005,0.7335423197492164,WITHIN_REFERENCE_RANGE,STABLE,8,0.6722632283224147,0.7728245471244563,spectral_flatness_mean,0.5783861613046695,deviation at or below the one-sided 95% upper reference limit (empirical reference-tail probability 0.734; largest deviation: spectral_flatness_mean)
deployment,rec2018-01-23_10h59m40.619s.wav,2018-01-23#1,0,2.336,4.2,1.8640000000000003,18688,33600,0.964741215251741,0.9953121542930603,105,SCOREABLE,,0.3736630380153656,0.13731761276721954,0.04545718431472778,0.0877847969532013,0.17447783052921295,0.11242519707204113,0.17087263431761657,0.6746200208372587,0.41849408776496316,0.40990436570742367,0.9655172413793104,WITHIN_REFERENCE_RANGE,STABLE,8,0.2929728044630553,0.4790298522426761,spectral_centroid_std,0.6771632371064292,deviation at or below the one-sided 95% upper reference limit (empirical reference-tail probability 0.966; largest deviation: spectral_centroid_std)
deployment,rec2018-01-23_10h59m57.587s.wav,2018-01-23#1,0,2.24,4.296,2.056,17920,34368,0.9405378938740135,0.9909268617630005,117,SCOREABLE,,0.38033032417297363,0.15133117139339447,0.04577213525772095,0.07409798353910446,0.18462347984313965,0.3516755044495251,0.6425980289113842,0.7097027575157332,-0.3910900567250663,0.5461770142740527,0.8996865203761756,WITHIN_REFERENCE_RANGE,STABLE,8,0.4847708291271999,0.560543307388599,spectral_centroid_std,0.4221105005916528,deviation at or below the one-sided 95% upper reference limit (empirical reference-tail probability 0.900; largest deviation: spectral_centroid_std)
deployment,rec2018-01-23_11h00m14.641s.wav,2018-01-23#1,0,2.432,4.2,1.7680000000000002,19456,33600,0.9540309087194577,0.994452714920044,99,SCOREABLE,,0.3879861831665039,0.15113575756549835,0.04510580003261566,0.09395202249288559,0.15871798992156982,0.6263999686681008,0.6360199949135676,0.635478933894833,0.7832895928516264,0.6734750211349773,0.774294670846395,WITHIN_REFERENCE_RANGE,STABLE,8,0.6578005490172608,0.6993576081494771,spectral_rolloff_std,0.3381751849297933,deviation at or below the one-sided 95% upper reference limit (empirical reference-tail probability 0.774; largest deviation: spectral_rolloff_std)
deployment,rec2018-01-23_11h01m08.679s.wav,2018-01-23#1,0,3.04,5.032,1.992,24320,40256,0.9634282151154713,0.9967164993286133,113,SCOREABLE,,0.3964695632457733,0.16962072253227234,0.04045110195875168,0.05277824401855469,0.17516882717609406,0.9308193746432287,1.258262183754615,0.11698692592927094,-1.6521668726563312,1.1394066160966776,0.3573667711598746,WITHIN_REFERENCE_RANGE,STABLE,8,1.1292425433440731,1.2949100164197187,spectral_rolloff_std,0.5256423578661091,deviation at or below the one-sided 95% upper reference limit (empirical reference-tail probability 0.357; largest deviation: spectral_rolloff_std)
deployment,rec2018-01-23_11h01m26.075s.wav,2018-01-23#1,0,2.112,3.9280000000000004,1.8160000000000003,16896,31425,0.931933766486598,0.9905974864959717,102,SCOREABLE,,0.3814643919467926,0.1462271511554718,0.03115271031856537,0.09246055781841278,0.17179124057292938,0.3923706324310169,0.4707861412263045,-0.9187712856378745,0.695068462338038,0.6524674602259309,0.7899686520376176,WITHIN_REFERENCE_RANGE,STABLE,8,0.5668984234930134,0.6628794575995609,spectral_centroid_std,0.49572077636247136,deviation at or below the one-sided 95% upper reference limit (empirical reference-tail probability 0.790; largest deviation: spectral_centroid_std)
deployment,rec2018-01-23_11h01m41.256s.wav,2018-01-23#1,0,1.6640000000000001,3.5280000000000005,1.8640000000000003,13312,28225,0.9702371807325454,0.9964002370834351,105,SCOREABLE,,0.3890838623046875,0.16181668639183044,0.04701939597725868,0.08547770231962204,0.17000003159046173,0.6657893191480709,0.9955621711469809,0.84863651963467,0.28202790102933795,0.7473525161406767,0.7084639498432602,WITHIN_REFERENCE_RANGE,STABLE,8,0.6669223976522914,0.8087900004734607,spectral_flatness_mean,0.44363497653532175,deviation at or below the one-sided 95% upper reference limit (empirical reference-tail probability 0.708; largest deviation: spectral_flatness_mean)
deployment,rec2018-01-23_11h01m57.075s.wav,2018-01-23#1,0,3.92,5.5440000000000005,1.6240000000000006,31360,44353,0.9466365416844685,0.9955654740333557,90,SCOREABLE,,0.4001941680908203,0.1643860638141632,0.038478583097457886,0.04187976196408272,0.15830585360527039,1.064473883085215,1.0820527343752502,-0.10273414918939171,-2.2968193570119717,1.3774865001057204,0.18808777429467086,WITHIN_REFERENCE_RANGE,STABLE,8,1.3717366048986774,1.4144636923121472,spectral_rolloff_std,0.6950547014952357,deviation at or below the one-sided 95% upper reference limit (empirical reference-tail probability 0.188; largest deviation: spectral_rolloff_std)
deployment,rec2018-01-23_11h02m14.505s.wav,2018-01-23#1,0,1.728,3.3840000000000003,1.6560000000000004,13824,27073,0.9493634610072427,0.994683027267456,92,SCOREABLE,,0.3928106129169464,0.1639566421508789,0.02993067167699337,0.06923160701990128,0.16647206246852875,0.799520826754766,1.067597512189107,-1.0548955323721405,-0.6789394743994326,0.9155273609460662,0.5454545454545454,WITHIN_REFERENCE_RANGE,STABLE,8,0.910367471395416,0.9436355599562786,spectral_flatness_mean,0.33994797538545585,deviation at or below the one-sided 95% upper reference limit (empirical reference-tail probability 0.545; largest deviation: spectral_flatness_mean)
deployment,rec2018-01-23_11h02m29.845s.wav,2018-01-23#1,0,2.864,4.680000000000001,1.8160000000000007,22912,37441,0.9418049472219804,0.9961245059967041,102,SCOREABLE,,0.3902871310710907,0.15340138971805573,0.033561307936906815,0.08841486275196075,0.1646631509065628,0.7089676701914245,0.7122858635397709,-0.6504749115879387,0.45576290010485615,0.6404732118700553,0.8150470219435737,WITHIN_REFERENCE_RANGE,STABLE,8,0.619301363964241,0.654631150947888,spectral_flatness_mean,0.3092051503632493,deviation at or below the one-sided 95% upper reference limit (empirical reference-tail probability 0.815; largest deviation: spectral_flatness_mean)
deployment,rec2018-01-23_11h02m48.266s.wav,2018-01-23#1,0,0.592,2.2800000000000002,1.6880000000000002,4736,18241,0.9522300888883307,0.994050145149231,94,SCOREABLE,,0.39925938844680786,0.17367012798786163,0.037580035626888275,0.07095044106245041,0.16804495453834534,1.0309300525260614,1.394573554575163,-0.20282435372574464,-0.5772692940765057,0.9195147808313967,0.542319749216301,WITHIN_REFERENCE_RANGE,STABLE,8,0.8966983176711693,0.925084274640263,spectral_flatness_mean,0.5750497645345728,deviation at or below the one-sided 95% upper reference limit (empirical reference-tail probability 0.542; largest deviation: spectral_flatness_mean)
deployment,rec2018-01-23_11h03m04.371s.wav,2018-01-23#1,0,2.224,4.12,1.896,17792,32960,0.9691776516281556,0.9962195754051208,107,SCOREABLE,,0.4149389863014221,0.17129778861999512,0.035091765224933624,0.06339924782514572,0.155763179063797,1.5935800599794148,1.3147157001735772,-0.4799955679694557,-1.0239274117802035,1.177582042758818,0.329153605015674,WITHIN_REFERENCE_RANGE,STABLE,8,1.1495928726196258,1.2872637574258599,spectral_centroid_mean,0.45783125096927224,deviation at or below the one-sided 95% upper reference limit (empirical reference-tail probability 0.329; largest deviation: spectral_centroid_mean)
deployment,rec2018-01-23_11h03m19.651s.wav,2018-01-23#1,0,2.352,3.9600000000000004,1.6080000000000005,18816,31681,0.9298992592297243,0.9888882040977478,89,SCOREABLE,,0.36897557973861694,0.1369987279176712,0.03151019290089607,0.07675350457429886,0.19603411853313446,-0.05578054766737325,0.16013831011803784,-0.8789509022351126,-0.23401421588406662,0.46262108945693503,0.9278996865203761,WITHIN_REFERENCE_RANGE,STABLE,8,0.4078937929650781,0.4871596742163856,spectral_centroid_std,0.9024401045752255,deviation at or below the one-sided 95% upper reference limit (empirical reference-tail probability 0.928; largest deviation: spectral_centroid_std)
deployment,rec2018-01-23_11h03m36.803s.wav,2018-01-23#1,0,1.76,3.2720000000000002,1.5120000000000002,14080,26177,0.9459984482052815,0.9918777346611023,83,SCOREABLE,,0.3857192099094391,0.1497599184513092,0.03991096839308739,0.07160986959934235,0.1667197346687317,0.5450514205860012,0.589706402031731,0.056820845855596804,-0.5382636561869649,0.4841980647874205,0.9247648902821317,WITHIN_REFERENCE_RANGE,STABLE,8,0.42888334891371305,0.6743442365259683,spectral_flatness_mean,0.3708220882348343,deviation at or below the one-sided 95% upper reference limit (empirical reference-tail probability 0.925; largest deviation: spectral_flatness_mean)
deployment,rec2018-01-23_11h03m51.751s.wav,2018-01-23#1,0,1.264,2.8560000000000003,1.5920000000000003,10112,22849,0.9368076222864065,0.9902591109275818,88,SCOREABLE,,0.3923290967941284,0.1671486645936966,0.04841345548629761,0.09463417530059814,0.1538333296775818,0.7822420003075223,1.1750475958229556,1.0039223625819562,0.823639386520519,0.9590205092455603,0.5266457680250783,WITHIN_REFERENCE_RANGE,STABLE,8,0.9139761071462063,0.9920048680157715,spectral_flatness_mean,0.37531432019935157,deviation at or below the one-sided 95% upper reference limit (empirical reference-tail probability 0.527; largest deviation: spectral_flatness_mean)
deployment,rec2018-01-23_11h04m10.613s.wav,2018-01-23#1,0,1.84,3.4800000000000004,1.6400000000000003,14720,27841,0.9262493089005187,0.9817906618118286,91,SCOREABLE,,0.38775768876075745,0.1724449098110199,0.039869774132966995,0.0848580151796341,0.1626567542552948,0.6182006270594471,1.3533301742638562,0.052232171293350255,0.24537299327981782,0.7544220770594615,0.6959247648902821,WITHIN_REFERENCE_RANGE,STABLE,8,0.7258540457499925,0.7944700684988275,spectral_flatness_mean,0.8044865007097283,deviation at or below the one-sided 95% upper reference limit (empirical reference-tail probability 0.696; largest deviation: spectral_flatness_mean)
deployment,rec2018-01-23_11h04m27.250s.wav,2018-01-23#1,0,1.728,3.7680000000000002,2.04,13824,30145,0.9566051071060115,0.9965539574623108,116,SCOREABLE,,0.3924241065979004,0.14737461507320404,0.03868250176310539,0.09204202890396118,0.15993836522102356,0.7856513522115771,0.5094121522070784,-0.08001942167421594,0.670312197830066,0.5771633950739117,0.8808777429467085,WITHIN_REFERENCE_RANGE,STABLE,8,0.5663630091963121,0.5894892439729076,spectral_centroid_mean,0.4632358630575719,deviation at or below the one-sided 95% upper reference limit (empirical reference-tail probability 0.881; largest deviation: spectral_centroid_mean)
deployment,rec2018-01-23_11h04m44.325s.wav,2018-01-23#1,0,2.576,4.152,1.576,20608,33216,0.9550986762704521,0.9901424050331116,87,SCOREABLE,,0.4105874300003052,0.17667506635189056,0.041108764708042145,0.0813899114727974,0.14696292579174042,1.4374278928154713,1.4957260008106137,0.19024471280022454,0.04023234530325837,1.041778156435174,0.45454545454545453,WITHIN_REFERENCE_RANGE,STABLE,8,1.0299038271289762,1.0854659066283043,spectral_flatness_mean,0.5153397007899855,deviation at or below the one-sided 95% upper reference limit (empirical reference-tail probability 0.455; largest deviation: spectral_flatness_mean)
deployment,rec2018-01-23_11h05m01.603s.wav,2018-01-23#1,0,3.184,4.696000000000001,1.5120000000000005,25472,37569,0.9624236075274916,0.9986453652381897,83,SCOREABLE,,0.38383013010025024,0.13873304426670074,0.03857380896806717,0.08690497279167175,0.17087692022323608,0.47726328095541176,0.21851898885357848,-0.09212683329500337,0.36645190164296043,0.32338256657889813,0.987460815047022,WITHIN_REFERENCE_RANGE,STABLE,8,0.29913865552067553,0.38525610797360715,spectral_centroid_mean,0.5445312977190261,deviation at or below the one-sided 95% upper reference limit (empirical reference-tail probability 0.987; largest deviation: spectral_centroid_mean)
deployment,rec2018-01-23_11h11m07.436s.wav,2018-01-23#1,0,2.2720000000000002,4.024,1.7519999999999998,18176,32192,0.9288572389252332,0.9954887628555298,98,SCOREABLE,,0.3646736741065979,0.14989081025123596,0.030291199684143066,0.06600486487150192,0.19165104627609253,-0.21015103971458046,0.5941124909929039,-1.0147359157034501,-0.8698034251720231,0.7388132525385585,0.7147335423197492,WITHIN_REFERENCE_RANGE,STABLE,8,0.7351784932691754,0.8037171780764686,spectral_centroid_std,0.4716031734643595,deviation at or below the one-sided 95% upper reference limit (empirical reference-tail probability 0.715; largest deviation: spectral_centroid_std)
deployment,rec2018-01-23_11h11m22.731s.wav,2018-01-23#1,0,0.9440000000000001,2.536,1.592,7552,20288,0.9682158434932883,0.997381865978241,88,SCOREABLE,,0.3969140648841858,0.16542525589466095,0.02943628840148449,0.050747450441122055,0.16136161983013153,0.9467699654992441,1.1170340911675127,-1.1099654366184544,-1.7722896675888824,1.276437666391487,0.2664576802507837,WITHIN_REFERENCE_RANGE,STABLE,8,1.2097723593255139,1.277743596056666,spectral_rolloff_std,0.48195911383965234,deviation at or below the one-sided 95% upper reference limit (empirical reference-tail probability 0.266; largest deviation: spectral_rolloff_std)
deployment,rec2018-01-23_11h11m37.608s.wav,2018-01-23#1,0,1.232,2.8880000000000003,1.6560000000000004,9856,23105,0.9688568141149438,0.9984365701675415,92,SCOREABLE,,0.3897385001182556,0.1535085290670395,0.04460648447275162,0.06797608733177185,0.1711936891078949,0.6892804809813416,0.7158923958292555,0.579859616995199,-0.7532043015620321,0.6875978837920803,0.768025078369906,WITHIN_REFERENCE_RANGE,STABLE,8,0.6610447238192089,0.719358800034948,spectral_rolloff_std,0.29998292063875504,deviation at or below the one-sided 95% upper reference limit (empirical reference-tail probability 0.768; largest deviation: spectral_rolloff_std)
deployment,rec2018-01-23_11h11m52.435s.wav,2018-01-23#1,0,0.992,2.696,1.7040000000000002,7936,21568,0.953059500769565,0.9926561713218689,95,SCOREABLE,,0.3653141260147095,0.1176515594124794,0.05563502013683319,0.08170367032289505,0.20061689615249634,-0.18716892791466302,-0.4911274347825389,1.8083405003197406,0.05879139060819858,0.9420443404478233,0.5297805642633229,WITHIN_REFERENCE_RANGE,STABLE,8,0.8603321562560398,0.9567854250195793,spectral_centroid_std,0.9212080771047396,deviation at or below the one-sided 95% upper reference limit (empirical reference-tail probability 0.530; largest deviation: spectral_centroid_std)
deployment,rec2018-01-23_11h11m52.435s.wav,2018-01-23#1,1,7.44,7.800000000000001,0.3600000000000003,59520,62401,0.6187256845560941,0.6996222734451294,11,NOT_SCOREABLE,short_duration,0.47081246972084045,0.1162126287817955,0.09756619483232498,0.06543462723493576,0.03623177856206894,,,,,,,NOT_ASSESSED,,0,,,,,not scoreable: short_duration
deployment,rec2018-01-23_11h51m22.121s.wav,2018-01-23#2,0,2.48,4.184,1.7040000000000002,19840,33472,0.9012937037568344,0.9818131327629089,95,SCOREABLE,,0.3633066713809967,0.13872943818569183,0.03848223015666008,0.060956571251153946,0.1916377693414688,-0.2592048547983596,0.21839760070141503,-0.10232789919875693,-1.1684133607436176,0.6104394829263994,0.8463949843260188,WITHIN_REFERENCE_RANGE,STABLE,8,0.6092248725991956,0.6609894499558586,spectral_rolloff_std,0.9158994663599909,deviation at or below the one-sided 95% upper reference limit (empirical reference-tail probability 0.846; largest deviation: spectral_rolloff_std)
deployment,rec2018-01-23_11h51m22.121s.wav,2018-01-23#2,1,4.5920000000000005,4.824,0.23199999999999932,36736,38592,0.6976695656776428,0.7601971626281738,3,NOT_SCOREABLE,short_duration,0.3575303256511688,0.13843588531017303,0.041907407343387604,0.0656234547495842,0.13544504344463348,,,,,,,NOT_ASSESSED,,0,,,,,not scoreable: short_duration
deployment,rec2018-01-23_11h51m37.745s.wav,2018-01-23#2,0,0.112,1.4,1.2879999999999998,896,11200,0.8905125178288722,0.9692549109458923,69,SCOREABLE,,0.35937055945396423,0.14226748049259186,0.043366577476263046,0.07262495160102844,0.19358636438846588,-0.40044912812838734,0.33749542929967563,0.4417449942853664,-0.4782208785835345,0.417760851955501,0.9561128526645768,WITHIN_REFERENCE_RANGE,STABLE,8,0.39418411419520893,0.4315501996056566,spectral_rolloff_std,0.32759826601714814,deviation at or below the one-sided 95% upper reference limit (empirical reference-tail probability 0.956; largest deviation: spectral_rolloff_std)
deployment,rec2018-01-23_11h51m52.565s.wav,2018-01-23#2,0,1.952,3.2880000000000003,1.3360000000000003,15616,26305,0.9337632697489526,0.9925874471664429,72,SCOREABLE,,0.3756217956542969,0.1601444035768509,0.04144740104675293,0.09158115833997726,0.1588982492685318,0.18271367068998315,0.9392696695910124,0.227965792114507,0.6430513965043706,0.5876000550100453,0.8746081504702194,WITHIN_REFERENCE_RANGE,STABLE,8,0.5844939443361798,0.72783486042985,spectral_flatness_mean,0.6387882958645312,deviation at or below the one-sided 95% upper reference limit (empirical reference-tail probability 0.875; largest deviation: spectral_flatness_mean)
deployment,rec2018-01-23_11h52m38.758s.wav,2018-01-23#2,0,1.856,3.4160000000000004,1.5600000000000003,14848,27329,0.9404251367546791,0.99112868309021,86,SCOREABLE,,0.37304291129112244,0.1613912433385849,0.03431747108697891,0.0694926306605339,0.1825793981552124,0.09017243847117179,0.9812408772113653,-0.5662450552559288,-0.6634997519162147,0.6579950818898717,0.7836990595611285,WITHIN_REFERENCE_RANGE,STABLE,8,0.5964016622459335,0.7327866254102192,spectral_flatness_mean,0.5559631126073984,deviation at or below the one-sided 95% upper reference limit (empirical reference-tail probability 0.784; largest deviation: spectral_flatness_mean)
deployment,rec2018-01-23_11h52m53.640s.wav,2018-01-23#2,0,1.088,2.552,1.464,8704,20416,0.9516322165727615,0.9958124160766602,80,SCOREABLE,,0.36340561509132385,0.14549359679222107,0.04249587282538414,0.10424087941646576,0.17608126997947693,-0.2556543377590052,0.44609318273579696,0.3447562324762906,1.3918823440085712,0.7616678389384032,0.6896551724137931,WITHIN_REFERENCE_RANGE,STABLE,8,0.7321168541168961,0.7863953692386778,spectral_rolloff_std,0.8348603280379124,deviation at or below the one-sided 95% upper reference limit (empirical reference-tail probability 0.690; largest deviation: spectral_rolloff_std)
deployment,rec2018-01-23_11h53m23.410s.wav,2018-01-23#2,0,2.832,4.408,1.5760000000000005,22656,35264,0.9453993021756754,0.9923404455184937,87,SCOREABLE,,0.34792619943618774,0.12377738952636719,0.0339430570602417,0.09501637518405914,0.1916872262954712,-0.8111209648047251,-0.2849193112948605,-0.6079514511279808,0.8462467646087795,0.6754322295822747,0.774294670846395,WITHIN_REFERENCE_RANGE,STABLE,8,0.6522521810155457,0.6883266636613244,spectral_rolloff_std,0.3924374917111395,deviation at or below the one-sided 95% upper reference limit (empirical reference-tail probability 0.774; largest deviation: spectral_rolloff_std)
deployment,rec2018-01-23_11h53m38.425s.wav,2018-01-23#2,0,1.6640000000000001,3.112,1.448,13312,24896,0.9265407497369791,0.9934797286987305,79,SCOREABLE,,0.3464752435684204,0.09976747632026672,0.03167708218097687,0.09615477174520493,0.19018162786960602,-0.8631873722077394,-1.0931426957644317,-0.8603609192622348,0.9135836806725554,0.9374045879217525,0.5360501567398119,WITHIN_REFERENCE_RANGE,STABLE,8,0.8942957111583902,0.9602838989070714,spectral_flatness_mean,0.3399692002654064,deviation at or below the one-sided 95% upper reference limit (empirical reference-tail probability 0.536; largest deviation: spectral_flatness_mean)
deployment,rec2018-01-23_11h53m56.835s.wav,2018-01-23#2,0,0.848,2.4400000000000004,1.5920000000000005,6784,19521,0.9405362558635798,0.9889852404594421,88,SCOREABLE,,0.3540100157260895,0.12035810202360153,0.042414698749780655,0.09730574488639832,0.20706318318843842,-0.5928080136310002,-0.40001960733664715,0.3357141616939292,0.9816645098365102,0.6300409184158817,0.8213166144200627,WITHIN_REFERENCE_RANGE,STABLE,8,0.6155537032536089,0.6415633488095319,spectral_rolloff_std,0.606916126362874,deviation at or below the one-sided 95% upper reference limit (empirical reference-tail probability 0.821; largest deviation: spectral_rolloff_std)
deployment,rec2018-01-23_11h56m03.777s.wav,2018-01-23#2,0,2.432,4.008,1.576,19456,32064,0.9122883403438261,0.9848039746284485,87,SCOREABLE,,0.3642078638076782,0.12234221398830414,0.053286854177713394,0.06614422053098679,0.19261807203292847,-0.22686627505346876,-0.33323029104411406,1.546775676165696,-0.8615604449434991,0.9079251244313965,0.5517241379310345,WITHIN_REFERENCE_RANGE,STABLE,8,0.8941026013925829,0.9185435568526632,spectral_centroid_std,0.725595545929141,deviation at or below the one-sided 95% upper reference limit (empirical reference-tail probability 0.552; largest deviation: spectral_centroid_std)
deployment,rec2018-01-23_11h56m18.749s.wav,2018-01-23#2,0,0.88,2.3120000000000003,1.4320000000000004,7040,18497,0.8469862701036991,0.989016592502594,78,SCOREABLE,,0.34538522362709045,0.1104314997792244,0.04547635838389397,0.05963270366191864,0.23226523399353027,-0.9023018784470126,-0.7341695891947765,0.6767558417788289,-1.2467210118543761,0.9172602433781273,0.5454545454545454,WITHIN_REFERENCE_RANGE,STABLE,8,0.8833805932365995,0.9617413357676509,spectral_rolloff_std,0.46184200076995474,deviation at or below the one-sided 95% upper reference limit (empirical reference-tail probability 0.545; largest deviation: spectral_rolloff_std)
deployment,rec2018-01-23_11h56m33.584s.wav,2018-01-23#2,0,2.096,3.544,1.448,16768,28352,0.8675620548332794,0.9755581021308899,79,SCOREABLE,,0.3546575605869293,0.12468621134757996,0.03605196997523308,0.07129447162151337,0.19219985604286194,-0.5695713768144062,-0.25432648732606106,-0.37303729030236094,-0.5569196569907436,0.4578236122516746,0.9373040752351097,WITHIN_REFERENCE_RANGE,STABLE,8,0.42145025421297805,0.4578236122516746,spectral_centroid_mean,0.3869367198583882,deviation at or below the one-sided 95% upper reference limit (empirical reference-tail probability 0.937; largest deviation: spectral_centroid_mean)
deployment,rec2018-01-23_11h57m24.977s.wav,2018-01-23#2,0,2.32,3.8000000000000003,1.4800000000000004,18560,30401,0.9459051033596934,0.9941384196281433,81,SCOREABLE,,0.3830776512622833,0.14527228474617004,0.04108279570937157,0.04277418553829193,0.17898277938365936,0.45026117109798436,0.43864336109971547,0.1873519970855003,-2.243913605890087,1.1689089102605432,0.335423197492163,WITHIN_REFERENCE_RANGE,STABLE,8,1.1634329660266145,1.1875643414348598,spectral_rolloff_std,0.9212784959434421,deviation at or below the one-sided 95% upper reference limit (empirical reference-tail probability 0.335; largest deviation: spectral_rolloff_std)
deployment,rec2018-01-23_11h57m41.504s.wav,2018-01-23#2,0,2.688,3.9760000000000004,1.2880000000000003,21504,31809,0.9324938508047573,0.9940492510795593,69,SCOREABLE,,0.3819223940372467,0.13099965453147888,0.061221759766340256,0.04471263661980629,0.20014840364456177,0.40880567636499227,-0.04180291950030805,2.4306536563005086,-2.1292529311966466,1.6287007710905286,0.09404388714733543,WITHIN_REFERENCE_RANGE,BORDERLINE,8,1.4776931475244932,1.7232073889988966,spectral_centroid_std,0.5568055634918772,deviation at or below the one-sided 95% upper reference limit (empirical reference-tail probability 0.094; largest deviation: spectral_centroid_std)
deployment,rec2018-01-23_11h57m58.590s.wav,2018-01-23#2,0,3.136,4.728000000000001,1.5920000000000005,25088,37825,0.9602383910254999,0.997657060623169,88,SCOREABLE,,0.3967849016189575,0.1570085883140564,0.04669875651597977,0.04049830138683319,0.1691504418849945,0.9421350435569061,0.8337116359983233,0.8129201325622227,-2.3785336717864647,1.405431882202403,0.1786833855799373,WITHIN_REFERENCE_RANGE,STABLE,8,1.156668790382055,1.4584235895398494,spectral_rolloff_std,0.7160428523835606,deviation at or below the one-sided 95% upper reference limit (empirical reference-tail probability 0.179; largest deviation: spectral_rolloff_std)
deployment,rec2018-01-23_11h58m15.852s.wav,2018-01-23#2,0,2.032,3.592,1.56,16256,28736,0.9516390638295994,0.9963076114654541,86,SCOREABLE,,0.37319013476371765,0.1306108981370926,0.037006180733442307,0.06406542658805847,0.18343709409236908,0.09545543671647622,-0.054889264549037475,-0.2667466900968917,-0.9845224935181732,0.5129724428959016,0.9153605015673981,WITHIN_REFERENCE_RANGE,STABLE,8,0.5008587971838583,0.5248591439657413,spectral_rolloff_std,0.9208803884763846,deviation at or below the one-sided 95% upper reference limit (empirical reference-tail probability 0.915; largest deviation: spectral_rolloff_std)
deployment,rec2018-01-23_11h58m34.582s.wav,2018-01-23#2,0,1.872,3.56,1.688,14976,28480,0.9495278133990916,0.9945313930511475,94,SCOREABLE,,0.37021154165267944,0.1300733983516693,0.042419180274009705,0.04493243992328644,0.18663375079631805,-0.011429028795052346,-0.07298262007254236,0.3362133636742496,-2.11625141915581,1.0720327164461896,0.4106583072100313,WITHIN_REFERENCE_RANGE,STABLE,8,1.0547171301496538,1.168290458569114,spectral_rolloff_std,0.9742231707523018,deviation at or below the one-sided 95% upper reference limit (empirical reference-tail probability 0.411; largest deviation: spectral_rolloff_std)
deployment,rec2018-01-23_11h58m49.449s.wav,2018-01-23#2,0,2.464,3.9120000000000004,1.4480000000000004,19712,31297,0.8402588712541681,0.9830061793327332,76,SCOREABLE,,0.3559668958187103,0.11517751216888428,0.035967305302619934,0.07264268398284912,0.19298149645328522,-0.5225869142821784,-0.5744089868394622,-0.3824681825772911,-0.4771719963688271,0.49422105174291553,0.9216300940438872,WITHIN_REFERENCE_RANGE,STABLE,8,0.45695140533194084,0.7132140124188203,spectral_flatness_mean,0.3377069352090364,deviation at or below the one-sided 95% upper reference limit (empirical reference-tail probability 0.922; largest deviation: spectral_flatness_mean)
deployment,rec2018-01-23_11h59m04.620s.wav,2018-01-23#2,0,2.848,4.44,1.5920000000000005,22784,35520,0.9387156333435666,0.9975318312644958,88,SCOREABLE,,0.37072423100471497,0.14631770551204681,0.04126206785440445,0.11456415802240372,0.16540983319282532,0.006968424406156578,0.4738343883366241,0.20732132119103389,2.0025111606411246,1.034118062072908,0.4670846394984326,WITHIN_REFERENCE_RANGE,STABLE,8,1.0038822207624722,1.0683041953028718,spectral_rolloff_std,0.9374533207588288,deviation at or below the one-sided 95% upper reference limit (empirical reference-tail probability 0.467; largest deviation: spectral_rolloff_std)
deployment,rec2018-01-23_11h59m04.620s.wav,2018-01-23#2,1,5.056,5.304,0.24800000000000022,40448,42432,0.5993275940418243,0.6451959013938904,4,NOT_SCOREABLE,short_duration,0.3732602000236511,0.056510135531425476,0.015972882509231567,0.03391006961464882,0.035017091780900955,,,,,,,NOT_ASSESSED,,0,,,,,not scoreable: short_duration
deployment,rec2018-01-23_12h02m44.138s.wav,2018-01-23#2,0,2.48,3.9760000000000004,1.4960000000000004,19840,31809,0.9422488256198603,0.9894420504570007,82,SCOREABLE,,0.37665557861328125,0.16029103100299835,0.04081553965806961,0.06487671285867691,0.17577166855335236,0.21981015715417748,0.9442054523070804,0.15758204756749258,-0.9365343693680585,0.678558981975361,0.774294670846395,WITHIN_REFERENCE_RANGE,STABLE,8,0.6452968736828234,0.710601283853741,spectral_flatness_mean,0.4840584540227146,deviation at or below the one-sided 95% upper reference limit (empirical reference-tail probability 0.774; largest deviation: spectral_flatness_mean)
deployment,rec2018-01-23_12h03m01.599s.wav,2018-01-23#2,0,1.84,3.16,1.32,14720,25280,0.8929287111255485,0.9818534255027771,71,SCOREABLE,,0.38132989406585693,0.1591966301202774,0.03665643185377121,0.03278495371341705,0.1837848424911499,0.3875442820097499,0.9073656529372739,-0.30570560773810324,-2.8347833325661673,1.508555224365867,0.14106583072100312,WITHIN_REFERENCE_RANGE,STABLE,8,1.4778025507033312,1.5093957172207568,spectral_rolloff_std,0.8827898343611925,deviation at or below the one-sided 95% upper reference limit (empirical reference-tail probability 0.141; largest deviation: spectral_rolloff_std)
deployment,rec2018-01-23_12h03m19.922s.wav,2018-01-23#2,0,2.48,3.9760000000000004,1.4960000000000004,19840,31809,0.9167577093694268,0.9941858053207397,82,SCOREABLE,,0.3745822012424469,0.14968208968639374,0.037343308329582214,0.052063412964344025,0.19315007328987122,0.1454086448213689,0.5870865246815253,-0.22919367129967474,-1.6944496064066132,0.9068494181873261,0.5517241379310345,WITHIN_REFERENCE_RANGE,STABLE,8,0.8959578246249231,0.9489167733217568,spectral_rolloff_std,0.8728245753958953,deviation at or below the one-sided 95% upper reference limit (empirical reference-tail probability 0.552; largest deviation: spectral_rolloff_std)
deployment,rec2018-01-23_12h03m36.988s.wav,2018-01-23#2,0,2.608,4.008,1.4,20864,32064,0.8953363126830051,0.9752678275108337,76,SCOREABLE,,0.3782625198364258,0.14435896277427673,0.06316061317920685,0.06197863072156906,0.18662770092487335,0.27747397605839097,0.407899052742679,2.6466246995852933,-1.1079578612099041,1.4556412991607683,0.15673981191222572,WITHIN_REFERENCE_RANGE,BORDERLINE,8,1.3264990563904757,1.6455711667075168,spectral_centroid_std,0.8264488763238589,deviation at or below the one-sided 95% upper reference limit (empirical reference-tail probability 0.157; largest deviation: spectral_centroid_std)
deployment,rec2018-01-23_12h03m52.821s.wav,2018-01-23#2,0,2.352,3.8480000000000003,1.4960000000000004,18816,30785,0.9374690070384886,0.9953920245170593,82,SCOREABLE,,0.3751016855239868,0.11872031539678574,0.048540495336055756,0.06544966250658035,0.18185187876224518,0.16404992871082263,-0.45515089578410967,1.0180734730831076,-0.9026440154558741,0.722030908666123,0.7304075235109718,WITHIN_REFERENCE_RANGE,STABLE,8,0.6748429332706802,0.8834027018245212,spectral_centroid_std,0.49703465858639484,deviation at or below the one-sided 95% upper reference limit (empirical reference-tail probability 0.730; largest deviation: spectral_centroid_std)
deployment,rec2018-01-23_12h04m16.860s.wav,2018-01-23#2,0,2.336,3.8000000000000003,1.4640000000000004,18688,30401,0.9289853282272815,0.9812612533569336,80,SCOREABLE,,0.34526845812797546,0.10413892567157745,0.030423758551478386,0.08487005531787872,0.20087751746177673,-0.9064919163265881,-0.9459906607101786,-0.999970035681231,0.24608517548946787,0.8332352474500125,0.6206896551724138,WITHIN_REFERENCE_RANGE,STABLE,8,0.7749021380901948,0.8838320713209992,spectral_centroid_std,0.36006318210203964,deviation at or below the one-sided 95% upper reference limit (empirical reference-tail probability 0.621; largest deviation: spectral_centroid_std)
deployment,rec2018-01-23_12h04m31.917s.wav,2018-01-23#2,0,2.4,3.9920000000000004,1.5920000000000005,19200,31937,0.9388013536279852,0.9887307286262512,88,SCOREABLE,,0.36208871006965637,0.13079112768173218,0.04013008251786232,0.10603885352611542,0.17421554028987885,-0.30291043623340036,-0.048822364960537254,0.08122821250437752,1.498233712098146,0.7657415742718778,0.6865203761755486,WITHIN_REFERENCE_RANGE,STABLE,8,0.6868859231632174,0.8374343235593728,spectral_rolloff_std,0.957050126643982,deviation at or below the one-sided 95% upper reference limit (empirical reference-tail probability 0.687; largest deviation: spectral_rolloff_std)
deployment,rec2018-01-23_12h04m50.656s.wav,2018-01-23#2,0,1.968,3.4480000000000004,1.4800000000000004,15744,27585,0.9346277110370589,0.9929168224334717,81,SCOREABLE,,0.37156760692596436,0.14319752156734467,0.027156716212630272,0.06341276317834854,0.18384774029254913,0.03723230443528006,0.36880253727128814,-1.3638895242274958,-1.0231279696215987,0.872408595858446,0.5862068965517241,WITHIN_REFERENCE_RANGE,STABLE,8,0.8499081377232839,0.9094246335646045,spectral_centroid_std,0.611024358740397,deviation at or below the one-sided 95% upper reference limit (empirical reference-tail probability 0.586; largest deviation: spectral_centroid_std)
deployment,rec2018-01-23_12h05m05.795s.wav,2018-01-23#2,0,2.4,3.8320000000000003,1.4320000000000004,19200,30657,0.9345254110984313,0.9913212060928345,78,SCOREABLE,,0.3502099812030792,0.11703744530677795,0.04361370950937271,0.10145946592092514,0.1854393035173416,-0.7291692565990725,-0.5117997869355828,0.46927330698068864,1.227359880149962,0.7937657933425439,0.6677115987460815,WITHIN_REFERENCE_RANGE,STABLE,8,0.6525553377653739,0.8941000498987113,spectral_rolloff_std,0.5977218002438338,deviation at or below the one-sided 95% upper reference limit (empirical reference-tail probability 0.668; largest deviation: spectral_rolloff_std)
deployment,rec2018-01-23_12h37m08.326s.wav,2018-01-23#3,0,2.368,3.7840000000000003,1.4160000000000004,18944,30273,0.8749033971266313,0.9884757995605469,77,SCOREABLE,,0.3738905191421509,0.14582334458827972,0.053365111351013184,0.04968997836112976,0.20281095802783966,0.1205881779640267,0.4571931762036697,1.5554928299483974,-1.8348398466043203,1.2257408286154667,0.30407523510971785,WITHIN_REFERENCE_RANGE,STABLE,8,1.1221764854643093,1.3845425075453361,spectral_rolloff_std,0.5601947441198557,deviation at or below the one-sided 95% upper reference limit (empirical reference-tail probability 0.304; largest deviation: spectral_rolloff_std)
deployment,rec2018-01-23_12h37m25.023s.wav,2018-01-23#3,0,0.672,2.2800000000000002,1.608,5376,18241,0.9324734023447787,0.9932311773300171,89,SCOREABLE,,0.3815261423587799,0.1522786021232605,0.03964976221323013,0.08369331061840057,0.1749548465013504,0.39458649728208384,0.6744905086746279,0.027724798262809595,0.17647994145968407,0.4007960155446375,0.9686520376175548,WITHIN_REFERENCE_RANGE,STABLE,8,0.37222844697955826,0.4313881194048293,spectral_flatness_mean,0.7080189853049976,deviation at or below the one-sided 95% upper reference limit (empirical reference-tail probability 0.969; largest deviation: spectral_flatness_mean)
deployment,rec2018-01-23_12h37m39.981s.wav,2018-01-23#3,0,1.2,2.664,1.4640000000000002,9600,21312,0.9210524022579193,0.9882259964942932,80,SCOREABLE,,0.354282408952713,0.11415574699640274,0.041950128972530365,0.09435760229825974,0.18490657210350037,-0.5830333974443438,-0.6088037178302572,0.28396521625767673,0.8072799089187741,0.6006053206490122,0.8589341692789969,WITHIN_REFERENCE_RANGE,STABLE,8,0.5755997076169159,0.608860780811962,spectral_rolloff_std,0.4516582490698107,deviation at or below the one-sided 95% upper reference limit (empirical reference-tail probability 0.859; largest deviation: spectral_rolloff_std)
deployment,rec2018-01-23_12h37m54.913s.wav,2018-01-23#3,0,2.16,3.624,1.464,17280,28992,0.9554701246321201,0.9967730045318604,80,SCOREABLE,,0.3688550293445587,0.12523259222507477,0.03756844252347946,0.0862874984741211,0.16714011132717133,-0.06010640351803244,-0.23593417585755858,-0.20411572243959084,0.32992788381687227,0.22901602113628075,0.9968652037617555,WITHIN_REFERENCE_RANGE,STABLE,8,0.22901602113628075,0.32406232952628383,spectral_rolloff_std,0.5188553765537685,deviation at or below the one-sided 95% upper reference limit (empirical reference-tail probability 0.997; largest deviation: spectral_rolloff_std)
deployment,rec2018-01-23_12h38m10.740s.wav,2018-01-23#3,0,0.928,2.4240000000000004,1.4960000000000004,7424,19393,0.8924845798713404,0.9876483678817749,82,SCOREABLE,,0.3819675147533417,0.15666158497333527,0.048548825085163116,0.08750453591346741,0.16424912214279175,0.41042479768956536,0.8220307851742302,1.0190013331230048,0.40191646029083156,0.7148572732182024,0.7335423197492164,WITHIN_REFERENCE_RANGE,STABLE,8,0.6967732530175762,0.9550590885203925,spectral_centroid_std,0.507984934709847,deviation at or below the one-sided 95% upper reference limit (empirical reference-tail probability 0.734; largest deviation: spectral_centroid_std)
deployment,rec2018-01-23_12h39m14.259s.wav,2018-01-23#3,0,2.16,3.624,1.464,17280,28992,0.887351430207491,0.980884850025177,80,SCOREABLE,,0.3763419985771179,0.1434495896100998,0.04267304018139839,0.08244512975215912,0.17341893911361694,0.20855758477824768,0.37728766942830094,0.36449110178641186,0.10264921050779334,0.2868940899402254,0.9937304075235109,WITHIN_REFERENCE_RANGE,STABLE,8,0.23433134297174463,0.3488964921655173,spectral_flatness_mean,0.4323565359092463,deviation at or below the one-sided 95% upper reference limit (empirical reference-tail probability 0.994; largest deviation: spectral_flatness_mean)
deployment,rec2018-01-23_12h39m29.011s.wav,2018-01-23#3,0,1.1520000000000001,2.8720000000000003,1.7200000000000002,9216,22977,0.9634817602733771,0.9950001239776611,96,SCOREABLE,,0.3801063001155853,0.14344856142997742,0.03721880912780762,0.09884515404701233,0.1622404307126999,0.3436365777673483,0.3772530587568163,-0.24306177618937264,1.0727215886911248,0.6062624435443309,0.8526645768025078,WITHIN_REFERENCE_RANGE,STABLE,8,0.5925759556993669,0.6339244220704644,spectral_rolloff_std,0.7826952881825874,deviation at or below the one-sided 95% upper reference limit (empirical reference-tail probability 0.853; largest deviation: spectral_rolloff_std)
deployment,rec2018-01-23_12h39m44.218s.wav,2018-01-23#3,0,0.4,2.024,1.624,3200,16192,0.9385259674655066,0.9893407821655273,90,SCOREABLE,,0.3726613521575928,0.13094955682754517,0.039802778512239456,0.09448589384555817,0.17285887897014618,0.07648048977995062,-0.04348931192829795,0.044769454407164525,0.8148684395301382,0.4104130429698768,0.9655172413793104,WITHIN_REFERENCE_RANGE,STABLE,8,0.4027548422536023,0.4426243916850168,spectral_rolloff_std,0.9855364592246755,deviation at or below the one-sided 95% upper reference limit (empirical reference-tail probability 0.966; largest deviation: spectral_rolloff_std)
deployment,rec2018-01-23_12h39m59.067s.wav,2018-01-23#3,0,0.784,2.648,1.864,6272,21184,0.9427090971242814,0.9943709969520569,105,SCOREABLE,,0.36809659004211426,0.11092726141214371,0.03462791070342064,0.09691150486469269,0.18378782272338867,-0.08732239994409567,-0.7174812262919735,-0.5316648402716919,0.9583449495385997,0.6564101340436282,0.7836990595611285,WITHIN_REFERENCE_RANGE,STABLE,8,0.6005251040989598,0.7207130265082119,spectral_rolloff_std,0.5328846016583536,deviation at or below the one-sided 95% upper reference limit (empirical reference-tail probability 0.784; largest deviation: spectral_rolloff_std)
deployment,rec2018-01-23_12h40m15.223s.wav,2018-01-23#3,0,1.456,3.064,1.608,11648,24512,0.9483071056644569,0.9950064420700073,89,SCOREABLE,,0.37914034724235535,0.15496432781219482,0.042553119361400604,0.098740354180336,0.1656235307455063,0.30897412045422945,0.7648975954239398,0.35113298794726566,1.0665226066608415,0.6966523854009258,0.7586206896551724,WITHIN_REFERENCE_RANGE,STABLE,8,0.6581334860273949,0.7265265131072056,spectral_rolloff_std,0.5859328977355533,deviation at or below the one-sided 95% upper reference limit (empirical reference-tail probability 0.759; largest deviation: spectral_rolloff_std)
deployment,rec2018-01-23_12h40m30.209s.wav,2018-01-23#3,0,2.208,3.7840000000000003,1.576,17664,30273,0.9393412326944286,0.9944398403167725,87,SCOREABLE,,0.3647538721561432,0.11018716543912888,0.03308911249041557,0.08756981790065765,0.1866322159767151,-0.20727319593358567,-0.7423943889097527,-0.7030732888227912,0.4057779333854812,0.5597051427126375,0.8840125391849529,WITHIN_REFERENCE_RANGE,STABLE,8,0.5109323327929881,0.6359219137216873,spectral_flatness_mean,0.43983600269191087,deviation at or below the one-sided 95% upper reference limit (empirical reference-tail probability 0.884; largest deviation: spectral_flatness_mean)
deployment,rec2018-01-23_12h40m47.865s.wav,2018-01-23#3,0,2.144,3.8480000000000003,1.7040000000000002,17152,30785,0.9454400959767794,0.9897132515907288,95,SCOREABLE,,0.3593094050884247,0.11447174847126007,0.04021574184298515,0.09317510575056076,0.1886010617017746,-0.4026436043225907,-0.5981664539920157,0.09076990023129894,0.7373344492294297,0.5176452075485041,0.9122257053291536,WITHIN_REFERENCE_RANGE,STABLE,8,0.48973783592135905,0.5477390053522826,spectral_rolloff_std,0.507229686967387,deviation at or below the one-sided 95% upper reference limit (empirical reference-tail probability 0.912; largest deviation: spectral_rolloff_std)
deployment,rec2018-01-23_12h41m04.075s.wav,2018-01-23#3,0,1.248,3.5280000000000005,2.2800000000000002,9984,28225,0.9649545290997921,0.9958608746528625,131,SCOREABLE,,0.3860657811164856,0.1326104998588562,0.03684013709425926,0.08483146131038666,0.1788325309753418,0.5574878551193302,0.012421469033470467,-0.285242476187365,0.24380231419863416,0.33606169081308934,0.9843260188087775,WITHIN_REFERENCE_RANGE,STABLE,8,0.33209458013282234,0.35185352630888356,spectral_centroid_mean,0.6879752486842518,deviation at or below the one-sided 95% upper reference limit (empirical reference-tail probability 0.984; largest deviation: spectral_centroid_mean)
deployment,rec2018-01-23_12h41m19.889s.wav,2018-01-23#3,0,2.464,4.5840000000000005,2.1200000000000006,19712,36673,0.9748946044070661,0.9991425275802612,121,SCOREABLE,,0.41808298230171204,0.17288760840892792,0.04511549323797226,0.08004108816385269,0.14496351778507233,1.7063998777705869,1.3682323255556919,0.6365586708464486,-0.03955145327731616,1.1391478721435988,0.3573667711598746,WITHIN_REFERENCE_RANGE,STABLE,8,1.1294590035489411,1.159004535185477,spectral_centroid_mean,0.5609723101576728,deviation at or below the one-sided 95% upper reference limit (empirical reference-tail probability 0.357; largest deviation: spectral_centroid_mean)
deployment,rec2018-01-23_12h41m54.714s.wav,2018-01-23#3,0,2.368,4.056,1.6880000000000002,18944,32448,0.9606764050240212,0.9960368871688843,94,SCOREABLE,,0.3809623122215271,0.1576903760433197,0.03771724924445152,0.07242479920387268,0.17624926567077637,0.3743538973219797,0.8566620224201702,-0.18753997588606053,-0.49006002640534096,0.5360365503239772,0.9028213166144201,WITHIN_REFERENCE_RANGE,STABLE,8,0.5268880262106824,0.5700493910178445,spectral_flatness_mean,0.6385137144287963,deviation at or below the one-sided 95% upper reference limit (empirical reference-tail probability 0.903; largest deviation: spectral_flatness_mean)
deployment,rec2018-01-23_12h42m11.121s.wav,2018-01-23#3,0,2.336,3.9280000000000004,1.5920000000000005,18688,31425,0.8885744843970645,0.9923640489578247,88,SCOREABLE,,0.37425315380096436,0.12436976283788681,0.05626106634736061,0.057624466717243195,0.18688419461250305,0.13360103679982918,-0.2649787992823393,1.8780764856886336,-1.3655095669108657,1.1704540427249555,0.335423197492163,WITHIN_REFERENCE_RANGE,STABLE,8,1.1318167347204395,1.208201254307114,spectral_centroid_std,0.6436619357039463,deviation at or below the one-sided 95% upper reference limit (empirical reference-tail probability 0.335; largest deviation: spectral_centroid_std)
deployment,rec2018-01-23_12h50m45.316s.wav,2018-01-23#3,0,3.856,5.128,1.2720000000000002,30848,41024,0.9612671373521581,0.9981715083122253,68,SCOREABLE,,0.38320302963256836,0.0840914398431778,0.02194862999022007,0.05758984759449959,0.171197772026062,0.45476027506923855,-1.6208305365252273,-1.94402405503147,-1.367557311117016,1.4563087809290574,0.15673981191222572,WITHIN_REFERENCE_RANGE,STABLE,8,1.3637004513376707,1.6025509742669786,spectral_centroid_std,0.4454883399216393,deviation at or below the one-sided 95% upper reference limit (empirical reference-tail probability 0.157; largest deviation: spectral_centroid_std)
deployment,rec2018-01-23_12h51m39.774s.wav,2018-01-23#3,0,3.056,3.608,0.552,24448,28864,0.9254792099413665,0.9958845376968384,23,SCOREABLE,,0.3853563368320465,0.048527467995882034,0.021732104942202568,0.03260457143187523,0.15682776272296906,0.5320300062874533,-2.8179874543727568,-1.9681430215336817,-2.8454530648599374,2.24690338678174,0.009404388714733543,OUTSIDE_REFERENCE_RANGE,STABLE,8,2.2153023547545927,2.277945728911082,spectral_rolloff_std,0.40093508651988014,deviation above the one-sided 95% upper reference limit (empirical reference-tail probability 0.009; largest deviation: spectral_rolloff_std)
deployment,rec2018-01-23_12h51m39.774s.wav,2018-01-23#3,1,4.208,4.488,0.28000000000000025,33664,35904,0.6752308706442515,0.807569146156311,6,NOT_SCOREABLE,short_duration,0.3658991754055023,0.0961526483297348,0.03933322802186012,0.04821177199482918,0.07871545851230621,,,,,,,NOT_ASSESSED,,0,,,,,not scoreable: short_duration
deployment,rec2018-01-23_12h52m08.363s.wav,2018-01-23#3,0,2.432,3.208,0.7760000000000002,19456,25664,0.8902927128707662,0.9959061741828918,34,SCOREABLE,,0.33501124382019043,0.052479423582553864,0.01929681934416294,0.06317845731973648,0.1692865639925003,-1.274563965127732,-2.6849564478832466,-2.2394121993965976,-1.0369873174737492,1.9315676356032458,0.034482758620689655,OUTSIDE_REFERENCE_RANGE,BORDERLINE,8,1.9110175413310428,2.0889670349354703,spectral_flatness_mean,0.48305286217754606,deviation above the one-sided 95% upper reference limit (empirical reference-tail probability 0.034; largest deviation: spectral_flatness_mean)
deployment,rec2018-01-23_12h52m08.363s.wav,2018-01-23#3,1,3.7600000000000002,4.248,0.488,30080,33984,0.6223810315132141,0.7070614099502563,19,NOT_SCOREABLE,short_duration;close_neighbor,0.3549921214580536,0.0831386148929596,0.026188651099801064,0.08421185612678528,0.15112145245075226,,,,,,,NOT_ASSESSED,,0,,,,,"not scoreable: short_duration, close_neighbor"
deployment,rec2018-01-23_12h52m08.363s.wav,2018-01-23#3,2,4.32,4.680000000000001,0.3600000000000003,34560,37441,0.6277933120727539,0.7131069898605347,11,NOT_SCOREABLE,short_duration;close_neighbor,0.33160144090652466,0.08162610977888107,0.010238339193165302,0.041487522423267365,0.2068280577659607,,,,,,,NOT_ASSESSED,,0,,,,,"not scoreable: short_duration, close_neighbor"
deployment,rec2018-01-23_12h52m08.363s.wav,2018-01-23#3,3,8.368,8.808,0.4399999999999995,66944,70464,0.8870213329792023,0.9880501627922058,16,NOT_SCOREABLE,short_duration;close_neighbor,0.37483999133110046,0.05450815334916115,0.050101518630981445,0.120171457529068,0.08099877089262009,,,,,,,NOT_ASSESSED,,0,,,,,"not scoreable: short_duration, close_neighbor"
deployment,rec2018-01-23_12h52m08.363s.wav,2018-01-23#3,4,8.928,10.088,1.1599999999999984,71424,80704,0.8298420642243057,0.9472222328186035,61,NOT_SCOREABLE,close_neighbor,0.3275027871131897,0.017114583402872086,0.0188568364828825,0.02414185367524624,0.0747804120182991,,,,,,,NOT_ASSESSED,,0,,,,,not scoreable: close_neighbor
deployment,rec2018-01-23_12h52m40.101s.wav,2018-01-23#3,0,2.496,3.4320000000000004,0.9360000000000004,19968,27457,0.6813785433769226,0.8734583258628845,47,SCOREABLE,,0.3517332673072815,0.14023958146572113,0.051503829658031464,0.06421010196208954,0.24086803197860718,-0.6745073356856625,0.26923214984543875,1.3481625870262153,-0.975964848625237,0.9079504175908323,0.5517241379310345,WITHIN_REFERENCE_RANGE,STABLE,8,0.8637007947673686,0.917693121622381,spectral_centroid_std,0.5511886739138361,deviation at or below the one-sided 95% upper reference limit (empirical reference-tail probability 0.552; largest deviation: spectral_centroid_std)
deployment,rec2018-01-23_12h52m40.101s.wav,2018-01-23#3,1,7.376,9.288,1.912,59008,74304,0.8573407289687167,0.9881449937820435,89,SCOREABLE,,0.3626064956188202,0.033816076815128326,0.04012002423405647,0.0807666927576065,0.11549211293458939,-0.2843301100160078,-3.313203337424909,0.08010780905727446,0.003368542524422571,1.6631738164377141,0.06896551724137931,WITHIN_REFERENCE_RANGE,BORDERLINE,8,1.6586647627399729,1.6743780476712615,spectral_flatness_mean,0.9921124749444656,deviation at or below the one-sided 95% upper reference limit (empirical reference-tail probability 0.069; largest deviation: spectral_flatness_mean)
deployment,rec2018-01-23_12h53m35.233s.wav,2018-01-23#3,0,2.576,3.4000000000000004,0.8240000000000003,20608,27201,0.7225180566310883,0.8275473117828369,40,SCOREABLE,,0.3454110026359558,0.1360546052455902,0.020019832998514175,0.061429351568222046,0.21536779403686523,-0.9013768190376628,0.1283571864282664,-2.1588749023512714,-1.140448089577498,1.3029119719142015,0.23824451410658307,WITHIN_REFERENCE_RANGE,STABLE,8,1.2064827461822203,1.3218934585288786,spectral_centroid_std,0.6863803067023867,deviation at or below the one-sided 95% upper reference limit (empirical reference-tail probability 0.238; largest deviation: spectral_centroid_std)
deployment,rec2018-01-23_12h54m08.620s.wav,2018-01-23#3,0,2.16,3.4640000000000004,1.3040000000000003,17280,27713,0.7273056383643831,0.8515730500221252,70,SCOREABLE,,0.3801695704460144,0.15391187369823456,0.04599153622984886,0.08263583481311798,0.1544036567211151,0.3459069836934174,0.7294698111299189,0.7341420764109684,0.11392954209083972,0.5485714118589836,0.896551724137931,WITHIN_REFERENCE_RANGE,STABLE,8,0.4750017875978704,0.5485714118589836,spectral_centroid_std,0.4477482509804759,deviation at or below the one-sided 95% upper reference limit (empirical reference-tail probability 0.897; largest deviation: spectral_centroid_std)
deployment,rec2018-01-23_12h54m08.620s.wav,2018-01-23#3,1,3.8080000000000003,4.008,0.19999999999999973,30464,32064,0.4526659846305847,0.4526659846305847,1,NOT_SCOREABLE,short_duration,0.3662726581096649,0.09248721599578857,0.036300335079431534,0.046305250376462936,0.03286776319146156,,,,,,,NOT_ASSESSED,,0,,,,,not scoreable: short_duration
deployment,rec2018-01-23_12h54m28.485s.wav,2018-01-23#3,0,3.856,4.2,0.3440000000000003,30848,33600,0.6213038086891174,0.6638578176498413,10,NOT_SCOREABLE,short_duration;close_neighbor,0.37087714672088623,0.14019881188869476,0.024676796048879623,0.04305962845683098,0.15573924779891968,,,,,,,NOT_ASSESSED,,0,,,,,"not scoreable: short_duration, close_neighbor"
deployment,rec2018-01-23_12h54m28.485s.wav,2018-01-23#3,1,4.368,4.5680000000000005,0.20000000000000018,34944,36545,0.5637931823730469,0.5637931823730469,1,NOT_SCOREABLE,short_duration;close_neighbor,0.3820587992668152,0.17373697459697723,0.04896579682826996,0.06482937932014465,0.14153209328651428,,,,,,,NOT_ASSESSED,,0,,,,,"not scoreable: short_duration, close_neighbor"
deployment,rec2018-01-23_12h55m02.432s.wav,2018-01-23#3,0,2.832,3.8800000000000003,1.0480000000000005,22656,31041,0.7083445621861352,0.8272913098335266,54,SCOREABLE,,0.3750211000442505,0.1522786170244217,0.029148170724511147,0.07137192785739899,0.18146978318691254,0.16115818230286652,0.6744910102785625,-1.1420591858786018,-0.5523380689638117,0.7228911759639425,0.7304075235109718,WITHIN_REFERENCE_RANGE,STABLE,8,0.6045535405433757,0.8464822142250156,spectral_centroid_std,0.6239810264978425,deviation at or below the one-sided 95% upper reference limit (empirical reference-tail probability 0.730; largest deviation: spectral_centroid_std)
deployment,rec2018-01-23_12h55m27.681s.wav,2018-01-23#3,0,2.512,3.7520000000000002,1.2400000000000002,20096,30016,0.8192505592649634,0.9649561643600464,66,SCOREABLE,,0.3698916733264923,0.1400037407875061,0.03410173952579498,0.07692129909992218,0.15124793350696564,-0.022907251500892917,0.2612932643731615,-0.5902756343750911,-0.2240890577506947,0.3418479715160741,0.9811912225705329,WITHIN_REFERENCE_RANGE,STABLE,8,0.23455430344609016,0.35692395233645224,spectral_centroid_std,0.7453902496682518,deviation at or below the one-sided 95% upper reference limit (empirical reference-tail probability 0.981; largest deviation: spectral_centroid_std)
deployment,rec2018-01-23_12h55m53.736s.wav,2018-01-23#3,0,2.8000000000000003,3.7840000000000003,0.984,22400,30273,0.8149808287620545,0.9634442329406738,50,SCOREABLE,,0.3613172769546509,0.16043774783611298,0.03508581593632698,0.07459259033203125,0.19388140738010406,-0.33059270537908964,0.9491442446467557,-0.48065826586020516,-0.3618337349505494,0.5856881325167709,0.8746081504702194,WITHIN_REFERENCE_RANGE,STABLE,8,0.5230563712689156,0.6423690907626045,spectral_flatness_mean,0.6565557323174728,deviation at or below the one-sided 95% upper reference limit (empirical reference-tail probability 0.875; largest deviation: spectral_flatness_mean)
deployment,rec2018-01-23_12h55m53.736s.wav,2018-01-23#3,1,6.640000000000001,6.872,0.23199999999999932,53120,54976,0.5414541363716125,0.568024754524231,3,NOT_SCOREABLE,short_duration,0.38850417733192444,0.16204550862312317,0.06715423613786697,0.13557182252407074,0.04707253724336624,,,,,,,NOT_ASSESSED,,0,,,,,not scoreable: short_duration
deployment,rec2018-01-23_12h56m34.401s.wav,2018-01-23#3,0,2.56,3.64,1.08,20480,29120,0.7597423781241689,0.909453809261322,56,SCOREABLE,,0.3495604693889618,0.14971989393234253,0.03709246590733528,0.06660155206918716,0.19191572070121765,-0.7524764759833164,0.5883590938635035,-0.2571352883777061,-0.8345089793539323,0.6470917754444846,0.7931034482758621,WITHIN_REFERENCE_RANGE,STABLE,8,0.5712045778426948,0.6506070245884796,spectral_rolloff_std,0.4157863971667657,deviation at or below the one-sided 95% upper reference limit (empirical reference-tail probability 0.793; largest deviation: spectral_rolloff_std)
deployment,rec2018-01-23_12h57m02.652s.wav,2018-01-23#3,0,2.816,3.8320000000000003,1.0160000000000005,22528,30657,0.6747571318707568,0.7717178463935852,47,SCOREABLE,,0.37435656785964966,0.17075367271900177,0.027780229225754738,0.056871894747018814,0.19120889902114868,0.13731196876566043,1.2963996325031277,-1.294435714541577,-1.410024701021904,1.1579335106660076,0.3448275862068966,WITHIN_REFERENCE_RANGE,STABLE,8,0.9085571205125966,1.2375161888850834,spectral_rolloff_std,0.37070308900345433,deviation at or below the one-sided 95% upper reference limit (empirical reference-tail probability 0.345; largest deviation: spectral_rolloff_std)
deployment,rec2018-01-23_12h57m37.371s.wav,2018-01-23#3,0,2.848,4.04,1.1920000000000002,22784,32320,0.7312926328371442,0.9459020495414734,63,SCOREABLE,,0.3389017581939697,0.1323072910308838,0.042178649455308914,0.07135310024023056,0.21539296209812164,-1.1349559240477682,0.0022148321730485936,0.3094203676116187,-0.5534517350800158,0.6500345456144364,0.7899686520376176,WITHIN_REFERENCE_RANGE,STABLE,8,0.5848701417392157,0.8064016468473333,spectral_centroid_mean,0.7621231007319178,deviation at or below the one-sided 95% upper reference limit (empirical reference-tail probability 0.790; largest deviation: spectral_centroid_mean)
deployment,rec2018-02-01_17h36m45.706s.wav,2018-02-01#1,0,2.592,4.072,1.48,20736,32576,0.884433458984634,0.9812636971473694,81,SCOREABLE,,0.38742077350616455,0.1356545388698578,0.0674273818731308,0.0921545997262001,0.17061278223991394,0.6061106887673081,0.11489012399320613,3.1219048214172886,0.6769708370662064,1.6267413082490858,0.09404388714733543,WITHIN_REFERENCE_RANGE,BORDERLINE,8,1.3270419960805793,1.8848285691432012,spectral_centroid_std,0.9207512892732187,deviation at or below the one-sided 95% upper reference limit (empirical reference-tail probability 0.094; largest deviation: spectral_centroid_std)
deployment,rec2018-02-01_17h40m59.475s.wav,2018-02-01#1,0,3.136,4.6000000000000005,1.4640000000000004,25088,36801,0.8752980679273605,0.9554101228713989,80,SCOREABLE,,0.3614861071109772,0.15349137783050537,0.028486715629696846,0.09199786931276321,0.17919127643108368,-0.3245343683224804,0.7153150497005771,-1.2157394063455371,0.6677001285499944,0.7970012456636577,0.6614420062695925,WITHIN_REFERENCE_RANGE,STABLE,8,0.7237969224086295,0.8294735643307414,spectral_centroid_std,0.5817052670971674,deviation at or below the one-sided 95% upper reference limit (empirical reference-tail probability 0.661; largest deviation: spectral_centroid_std)
deployment,rec2018-02-02_00h11m42.617s.wav,2018-02-01#4,0,1.92,3.4640000000000004,1.5440000000000005,15360,27713,0.855046564691207,0.9820212125778198,85,SCOREABLE,,0.3601521849632263,0.13477058708667755,0.03870420902967453,0.10661610215902328,0.18046212196350098,-0.3724011129503308,0.08513447699118695,-0.07760142504967167,1.5323783538413747,0.7905908974606508,0.6739811912225705,WITHIN_REFERENCE_RANGE,STABLE,8,0.7071380453237208,0.8611228345665424,spectral_rolloff_std,0.9392223234033232,deviation at or below the one-sided 95% upper reference limit (empirical reference-tail probability 0.674; largest deviation: spectral_rolloff_std)
deployment,rec2018-02-02_00h27m33.111s.wav,2018-02-01#4,0,2.192,4.008,1.8159999999999998,17536,32064,0.9137525523410124,0.9929176568984985,102,SCOREABLE,,0.38449838757514954,0.1263759583234787,0.050182078033685684,0.08885090798139572,0.18160802125930786,0.5012431735980153,-0.19744610595878867,1.2009311999708812,0.48155526632996126,0.7007783004329043,0.7586206896551724,WITHIN_REFERENCE_RANGE,STABLE,8,0.5603196197078081,0.7431380946597839,spectral_centroid_std,0.7342010030215973,deviation at or below the one-sided 95% upper reference limit (empirical reference-tail probability 0.759; largest deviation: spectral_centroid_std)
deployment,rec2018-02-02_00h33m01.131s.wav,2018-02-01#4,0,4.24,4.488,0.24800000000000022,33920,35904,0.609777107834816,0.6633768081665039,4,NOT_SCOREABLE,short_duration;close_neighbor,0.3484507203102112,0.17082592844963074,0.01763385720551014,0.028302418068051338,0.2240678071975708,,,,,,,NOT_ASSESSED,,0,,,,,"not scoreable: short_duration, close_neighbor"
deployment,rec2018-02-02_00h33m01.131s.wav,2018-02-01#4,1,4.5280000000000005,5.352,0.8239999999999998,36224,42816,0.6225966502880228,0.7970605492591858,29,NOT_SCOREABLE,close_neighbor,0.32651564478874207,0.15422722697257996,0.05470336601138115,0.09711012989282608,0.22218574583530426,,,,,,,NOT_ASSESSED,,0,,,,,not scoreable: close_neighbor
deployment,rec2018-02-02_00h39m43.100s.wav,2018-02-01#4,0,2.048,3.048,1.0,16384,24384,0.6794351596458286,0.8211485743522644,51,NOT_SCOREABLE,close_neighbor,0.3530270755290985,0.12683473527431488,0.02779490314424038,0.08950643986463547,0.21296077966690063,,,,,,,NOT_ASSESSED,,0,,,,,not scoreable: close_neighbor
deployment,rec2018-02-02_00h39m43.100s.wav,2018-02-01#4,1,3.072,3.3840000000000003,0.3120000000000003,24576,27073,0.5544548204966954,0.6020506620407104,7,NOT_SCOREABLE,short_duration;close_neighbor,0.3455502986907959,0.09268034994602203,0.017149804159998894,0.09114859998226166,0.11407415568828583,,,,,,,NOT_ASSESSED,,0,,,,,"not scoreable: short_duration, close_neighbor"
deployment,rec2018-02-02_01h32m24.455s.wav,2018-02-02#1,0,2.816,3.4000000000000004,0.5840000000000005,22528,27201,0.6513926699047997,0.7801125049591064,21,SCOREABLE,,0.3527006506919861,0.13615378737449646,0.021201761439442635,0.06125176325440407,0.19356168806552887,-0.639793545596071,0.13169586221669613,-2.027218575585509,-1.1509525568164298,1.2104737215603452,0.3166144200626959,WITHIN_REFERENCE_RANGE,STABLE,8,1.130824702192191,1.3948049330802275,spectral_centroid_std,0.701181471331781,deviation at or below the one-sided 95% upper reference limit (empirical reference-tail probability 0.317; largest deviation: spectral_centroid_std)
deployment,rec2018-02-02_01h32m24.455s.wav,2018-02-02#1,1,3.6,4.072,0.472,28800,32576,0.7521946132183075,0.8961023092269897,18,NOT_SCOREABLE,short_duration,0.395516961812973,0.1517665833234787,0.06927268952131271,0.07121943682432175,0.15267284214496613,,,,,,,NOT_ASSESSED,,0,,,,,not scoreable: short_duration
deployment,rec2018-02-02_01h34m08.386s.wav,2018-02-02#1,0,7.472,8.632,1.1599999999999993,59776,69056,0.8434036022326985,0.9785067439079285,61,SCOREABLE,,0.3876652717590332,0.15883420407772064,0.03945179656147957,0.06000486761331558,0.1764698177576065,0.6148843158127489,0.8951656420409115,0.005673183602622979,-1.224707265843095,0.8184351410686262,0.6363636363636364,WITHIN_REFERENCE_RANGE,STABLE,8,0.816037090271935,0.8473946463790061,spectral_rolloff_std,0.5598040817330587,deviation at or below the one-sided 95% upper reference limit (empirical reference-tail probability 0.636; largest deviation: spectral_rolloff_std)
deployment,rec2018-02-02_01h35m12.866s.wav,2018-02-02#1,0,4.272,5.752000000000001,1.4800000000000004,34176,46017,0.7846499710907171,0.91279536485672,81,SCOREABLE,,0.36539244651794434,0.1424168199300766,0.03522859886288643,0.09904847294092178,0.18359100818634033,-0.1843584584027885,0.3425225039318335,-0.4647535164822177,1.0847480369084146,0.6212857316773884,0.8307210031347962,WITHIN_REFERENCE_RANGE,STABLE,8,0.6102830778406334,0.7266254537138557,spectral_rolloff_std,0.7621053225532783,deviation at or below the one-sided 95% upper reference limit (empirical reference-tail probability 0.831; largest deviation: spectral_rolloff_std)
deployment,rec2018-02-02_01h36m19.632s.wav,2018-02-02#1,0,3.7600000000000002,5.32,1.56,30080,42560,0.8015075873496921,0.985145628452301,86,SCOREABLE,,0.3725821077823639,0.16296444833278656,0.03918936103582382,0.09303770959377289,0.17567238211631775,0.07363686784993756,1.0341982142064459,-0.0235598021892546,0.729207374892699,0.6338940752309586,0.8213166144200627,WITHIN_REFERENCE_RANGE,STABLE,8,0.5918080065654597,0.6804696226736959,spectral_flatness_mean,0.6654481017077608,deviation at or below the one-sided 95% upper reference limit (empirical reference-tail probability 0.821; largest deviation: spectral_flatness_mean)
deployment,rec2018-02-02_01h40m26.773s.wav,2018-02-02#1,0,4.352,5.16,0.8079999999999998,34816,41280,0.6570700742304325,0.803968071937561,32,SCOREABLE,,0.33297404646873474,0.14208249747753143,0.01990753784775734,0.07406869530677795,0.1779363453388214,-1.3476671859889213,0.33126851805605084,-2.1713835843918177,-0.3928224752065851,1.3033765613628354,0.23824451410658307,WITHIN_REFERENCE_RANGE,STABLE,8,1.1489001623539266,1.3300367301672391,spectral_centroid_std,0.6938623066843194,deviation at or below the one-sided 95% upper reference limit (empirical reference-tail probability 0.238; largest deviation: spectral_centroid_std)
deployment,rec2018-02-02_01h58m20.818s.wav,2018-02-02#1,0,2.7680000000000002,3.4480000000000004,0.6800000000000002,22144,27585,0.6014097113358347,0.7265216112136841,19,SCOREABLE,,0.34085530042648315,0.12520775198936462,0.01320614106953144,0.057420630007982254,0.24089139699935913,-1.0648546011773827,-0.2367703496164697,-2.9178596428984274,-1.3775666442516523,1.7030538948544938,0.06896551724137931,WITHIN_REFERENCE_RANGE,BORDERLINE,8,1.6238740912819292,1.7124627418657683,spectral_centroid_std,0.7338579773047171,deviation at or below the one-sided 95% upper reference limit (empirical reference-tail probability 0.069; largest deviation: spectral_centroid_std)
deployment,rec2018-02-02_01h58m59.251s.wav,2018-02-02#1,0,2.8000000000000003,4.184,1.384,22400,33472,0.8319357220331828,0.9508000016212463,75,SCOREABLE,,0.3779509663581848,0.15259984135627747,0.040852151811122894,0.07548104971647263,0.18517033755779266,0.26629412511579736,0.6853040862958671,0.16166031611494774,-0.3092807696323929,0.4069222603998801,0.9655172413793104,WITHIN_REFERENCE_RANGE,STABLE,8,0.3738692179437226,0.4184445781634444,spectral_flatness_mean,0.7090612548759715,deviation at or below the one-sided 95% upper reference limit (empirical reference-tail probability 0.966; largest deviation: spectral_flatness_mean)
deployment,rec2018-02-02_02h09m32.913s.wav,2018-02-02#1,0,3.376,4.472,1.0960000000000005,27008,35776,0.7479002350255063,0.9381119012832642,57,SCOREABLE,,0.35163143277168274,0.11670107394456863,0.02558821439743042,0.07281825691461563,0.20750658214092255,-0.6781615877108053,-0.5231227433523674,-1.5386066901435862,-0.4667867403227852,0.9108733380051696,0.5454545454545454,WITHIN_REFERENCE_RANGE,STABLE,8,0.8550252781559021,0.9738444225851953,spectral_centroid_std,0.7133115585940596,deviation at or below the one-sided 95% upper reference limit (empirical reference-tail probability 0.545; largest deviation: spectral_centroid_std)
deployment,rec2018-02-02_10h27m54.823s.wav,2018-02-02#2,0,2.24,2.8080000000000003,0.5680000000000001,17920,22465,0.6111863187768243,0.7661343812942505,22,NOT_SCOREABLE,close_neighbor,0.34416621923446655,0.09909611940383911,0.031691472977399826,0.11468501389026642,0.15227238833904266,,,,,,,NOT_ASSESSED,,0,,,,,not scoreable: close_neighbor
deployment,rec2018-02-02_10h27m54.823s.wav,2018-02-02#2,1,2.928,3.576,0.6480000000000001,23424,28608,0.649980923959187,0.7925899624824524,28,NOT_SCOREABLE,close_neighbor,0.35755622386932373,0.1352137178182602,0.015380282886326313,0.04894285276532173,0.2441583126783371,,,,,,,NOT_ASSESSED,,0,,,,,not scoreable: close_neighbor
deployment,rec2018-02-02_10h27m54.823s.wav,2018-02-02#2,2,3.616,4.216,0.6000000000000001,28928,33728,0.7523928142729259,0.9518367648124695,21,NOT_SCOREABLE,close_neighbor,0.3704373836517334,0.09224328398704529,0.024208825081586838,0.0646405816078186,0.1515534371137619,,,,,,,NOT_ASSESSED,,0,,,,,not scoreable: close_neighbor
deployment,rec2018-02-02_10h27m54.823s.wav,2018-02-02#2,3,4.848,5.192,0.3440000000000003,38784,41536,0.6201128032472398,0.811919629573822,9,NOT_SCOREABLE,short_duration,0.3670746684074402,0.12887635827064514,0.05425950512290001,0.1034819632768631,0.1935267150402069,,,,,,,NOT_ASSESSED,,0,,,,,not scoreable: short_duration
deployment,rec2018-02-02_10h29m51.284s.wav,2018-02-02#2,0,2.56,4.5360000000000005,1.9760000000000004,20480,36289,0.8965559463415828,0.9879096746444702,112,SCOREABLE,,0.35375887155532837,0.12599889934062958,0.03348543494939804,0.10208515077829361,0.1864069402217865,-0.6018201242004699,-0.21013869191888868,-0.6589264882572529,1.2643695568838684,0.7808905533164997,0.6802507836990596,WITHIN_REFERENCE_RANGE,STABLE,8,0.7477172861533149,0.811129473161385,spectral_rolloff_std,0.6554019534945676,deviation at or below the one-sided 95% upper reference limit (empirical reference-tail probability 0.680; largest deviation: spectral_rolloff_std)
deployment,rec2018-02-02_10h46m42.260s.wav,2018-02-02#2,0,2.576,4.168,1.592,20608,33344,0.8354722796515985,0.9664812088012695,88,SCOREABLE,,0.34088805317878723,0.11573855578899384,0.04282718151807785,0.10001152753829956,0.2095269411802292,-1.063679294482729,-0.5555230970993529,0.3816610771311465,1.1417133588373485,0.849881480629314,0.6050156739811913,WITHIN_REFERENCE_RANGE,STABLE,8,0.8269364843404393,0.892794751513511,spectral_rolloff_std,0.45116712051609464,deviation at or below the one-sided 95% upper reference limit (empirical reference-tail probability 0.605; largest deviation: spectral_rolloff_std)
deployment,rec2018-02-02_10h48m38.792s.wav,2018-02-02#2,0,2.864,4.760000000000001,1.8960000000000008,22912,38081,0.7457035189477083,0.8989319205284119,107,SCOREABLE,,0.36031463742256165,0.12380007654428482,0.040934231132268906,0.0808044895529747,0.20965659618377686,-0.3665716345221619,-0.28415561930449323,0.1708032232075484,0.005604248186275764,0.24714587184211195,0.9968652037617555,WITHIN_REFERENCE_RANGE,STABLE,8,0.2344066960603021,0.30837227714891274,spectral_centroid_mean,0.549985195519837,deviation at or below the one-sided 95% upper reference limit (empirical reference-tail probability 0.997; largest deviation: spectral_centroid_mean)
deployment,rec2018-02-02_10h57m01.870s.wav,2018-02-02#2,0,2.832,4.760000000000001,1.9280000000000008,22656,38081,0.9071378724290691,0.9885618686676025,109,SCOREABLE,,0.3502683937549591,0.11370375007390976,0.046630579978227615,0.1052606999874115,0.19767631590366364,-0.7270731682264415,-0.6240188699772582,0.8053258720120623,1.4522054111450076,0.9585777561488372,0.5266457680250783,WITHIN_REFERENCE_RANGE,STABLE,8,0.6185499571670467,0.9940270511993986,spectral_rolloff_std,0.5737747284871759,deviation at or below the one-sided 95% upper reference limit (empirical reference-tail probability 0.527; largest deviation: spectral_rolloff_std)
deployment,rec2018-02-02_10h58m28.930s.wav,2018-02-02#2,0,2.528,4.6000000000000005,2.0720000000000005,20224,36801,0.9044361432730141,0.9941935539245605,118,SCOREABLE,,0.37063419818878174,0.10667628049850464,0.0401938371360302,0.09676702320575714,0.1767810583114624,0.003737667786912716,-0.8605780443372782,0.08832991050205227,0.949798763022799,0.6423644611676458,0.8087774294670846,WITHIN_REFERENCE_RANGE,STABLE,8,0.6376660154174002,0.6652657687604953,spectral_rolloff_std,0.5465629601504292,deviation at or below the one-sided 95% upper reference limit (empirical reference-tail probability 0.809; largest deviation: spectral_rolloff_std)
deployment,rec2018-02-02_10h59m19.989s.wav,2018-02-02#2,0,2.4,4.04,1.6400000000000001,19200,32320,0.8993932532740163,0.9893682599067688,91,SCOREABLE,,0.35852083563804626,0.12998273968696594,0.03493594005703926,0.07802747935056686,0.19547301530838013,-0.4309407973531079,-0.0760343784104039,-0.4973531071505201,-0.15865775794590825,0.340596386824746,0.9811912225705329,WITHIN_REFERENCE_RANGE,STABLE,8,0.19009148056792385,0.5587951694218607,spectral_centroid_std,0.5330765847378018,deviation at or below the one-sided 95% upper reference limit (empirical reference-tail probability 0.981; largest deviation: spectral_centroid_std)
deployment,rec2018-02-02_11h00m10.171s.wav,2018-02-02#2,0,3.616,5.144,1.528,28928,41152,0.8245993781657446,0.9717761278152466,84,SCOREABLE,,0.37485894560813904,0.11999532580375671,0.027935344725847244,0.05541412904858589,0.16940630972385406,0.15533939820312942,-0.41223140592547164,-1.2771572260481692,-1.4962525146207355,1.0079641893714937,0.49216300940438873,WITHIN_REFERENCE_RANGE,STABLE,8,0.8426149378750597,1.1236600877581637,spectral_rolloff_std,0.5508832777888109,deviation at or below the one-sided 95% upper reference limit (empirical reference-tail probability 0.492; largest deviation: spectral_rolloff_std)
deployment,rec2018-02-02_11h00m59.338s.wav,2018-02-02#2,0,2.72,4.36,1.6400000000000001,21760,34880,0.8713628723380271,0.9885028600692749,89,SCOREABLE,,0.3766416609287262,0.11075958609580994,0.04096394404768944,0.09771386533975601,0.15516319870948792,0.21931073201641288,-0.7231255245656071,0.17411297798313877,1.0058051069268577,0.6350131816895938,0.8213166144200627,WITHIN_REFERENCE_RANGE,STABLE,8,0.5446727276672565,0.7251122788837188,spectral_rolloff_std,0.6271944409904241,deviation at or below the one-sided 95% upper reference limit (empirical reference-tail probability 0.821; largest deviation: spectral_rolloff_std)
deployment,rec2018-02-02_11h01m45.212s.wav,2018-02-02#2,0,3.184,4.728000000000001,1.5440000000000005,25472,37825,0.884332635122187,0.9762850403785706,85,SCOREABLE,,0.3684057295322418,0.1290062814950943,0.018651533871889114,0.05676323175430298,0.19053807854652405,-0.07622917306179956,-0.10890398263817001,-2.3112912675812547,-1.416452189534677,1.3570257084056188,0.1974921630094044,WITHIN_REFERENCE_RANGE,STABLE,8,0.5626912568525023,1.4734694123303587,spectral_centroid_std,0.7252257485950674,deviation at or below the one-sided 95% upper reference limit (empirical reference-tail probability 0.197; largest deviation: spectral_centroid_std)
deployment,rec2018-02-05_10h37m14.374s.wav,2018-02-05#1,0,1.184,2.4080000000000004,1.2240000000000004,9472,19265,0.7694828528624315,0.9482353329658508,65,SCOREABLE,,0.3932039439678192,0.168420672416687,0.06721467524766922,0.1013009175658226,0.171697735786438,0.8136352014190429,1.21786601248878,3.098211193260737,1.2179816391714018,1.818487815244324,0.050156739811912224,WITHIN_REFERENCE_RANGE,BORDERLINE,8,1.7531262623258275,1.8416613060067968,spectral_centroid_std,0.7256734853226787,deviation at or below the one-sided 95% upper reference limit (empirical reference-tail probability 0.050; largest deviation: spectral_centroid_std)
deployment,rec2018-02-05_10h38m19.385s.wav,2018-02-05#1,0,1.344,2.232,0.8880000000000001,10752,17856,0.6960483545606787,0.8442990183830261,44,SCOREABLE,,0.33544284105300903,0.12629780173301697,0.03008265607059002,0.0626501813530922,0.2285912036895752,-1.2590764386928133,-0.20007701859555457,-1.0379658213221734,-1.0682351933357714,0.9802810523461614,0.5141065830721003,WITHIN_REFERENCE_RANGE,STABLE,8,0.92177816280881,1.026675579400013,spectral_centroid_mean,0.4124231034755493,deviation at or below the one-sided 95% upper reference limit (empirical reference-tail probability 0.514; largest deviation: spectral_centroid_mean)
deployment,rec2018-02-05_10h39m00.035s.wav,2018-02-05#1,0,1.6480000000000001,2.52,0.8719999999999999,13184,20160,0.6643615267997565,0.779333770275116,43,SCOREABLE,,0.37672701478004456,0.19132645428180695,0.0483572892844677,0.05894668400287628,0.1633976697921753,0.22237358767927762,1.988922050219277,0.9976659467404848,-1.287299532359165,1.2901296796876194,0.25391849529780564,WITHIN_REFERENCE_RANGE,STABLE,8,1.2439615447788872,1.4514116607776033,spectral_flatness_mean,0.5941673744102987,deviation at or below the one-sided 95% upper reference limit (empirical reference-tail probability 0.254; largest deviation: spectral_flatness_mean)
deployment,rec2018-02-05_10h41m21.507s.wav,2018-02-05#1,0,1.3920000000000001,2.744,1.352,11136,21952,0.7054648546323384,0.8236403465270996,73,SCOREABLE,,0.347862184047699,0.13298283517360687,0.04545486345887184,0.10478534549474716,0.17831121385097504,-0.8134181065518736,0.02495504654631504,0.6743614981159456,1.42408787577503,0.8867160591876612,0.5642633228840125,WITHIN_REFERENCE_RANGE,STABLE,8,0.8191461239383803,0.9704533180057568,spectral_rolloff_std,0.6448288187060287,deviation at or below the one-sided 95% upper reference limit (empirical reference-tail probability 0.564; largest deviation: spectral_rolloff_std)
deployment,rec2018-02-05_10h42m50.893s.wav,2018-02-05#1,0,2.2720000000000002,3.4640000000000004,1.1920000000000002,18176,27713,0.7277269675618127,0.8366424441337585,63,SCOREABLE,,0.36966314911842346,0.17162595689296722,0.021072130650281906,0.0483337827026844,0.19233283400535583,-0.031107662542389752,1.3257625236243866,-2.041658293715349,-1.9150597245762617,1.5487443537190484,0.12852664576802508,WITHIN_REFERENCE_RANGE,BORDERLINE,8,1.5156168732703426,1.6843477549973243,spectral_centroid_std,0.43445685198466194,deviation at or below the one-sided 95% upper reference limit (empirical reference-tail probability 0.129; largest deviation: spectral_centroid_std)
deployment,rec2018-02-05_10h43m40.571s.wav,2018-02-05#1,0,2.912,4.136,1.2240000000000002,23296,33088,0.735396799674401,0.9602036476135254,65,SCOREABLE,,0.34600830078125,0.1273278146982193,0.06301767379045486,0.0973280742764473,0.2106347233057022,-0.8799432459946686,-0.1654046498269807,2.63070252170924,0.9829853081547782,1.473814327530059,0.14420062695924765,WITHIN_REFERENCE_RANGE,STABLE,8,1.4082360304396957,1.540173452834781,spectral_centroid_std,0.7965223063017739,deviation at or below the one-sided 95% upper reference limit (empirical reference-tail probability 0.144; largest deviation: spectral_centroid_std)
deployment,rec2018-02-05_10h44m37.655s.wav,2018-02-05#1,0,3.008,4.376,1.3680000000000003,24064,35008,0.6891214513417446,0.8527262210845947,66,SCOREABLE,,0.33833542466163635,0.10771428793668747,0.049579475075006485,0.07176246494054794,0.23663429915905,-1.1552783563666995,-0.825636565057813,1.1338065845622176,-0.5292375399519137,0.9463024837678492,0.5266457680250783,WITHIN_REFERENCE_RANGE,STABLE,8,0.917744151169926,1.1970752171964871,spectral_centroid_mean,0.3726089847795379,deviation at or below the one-sided 95% upper reference limit (empirical reference-tail probability 0.527; largest deviation: spectral_centroid_mean)
deployment,rec2018-02-05_10h45m35.939s.wav,2018-02-05#1,0,2.624,3.544,0.9199999999999999,20992,28352,0.575786864316022,0.6716818809509277,27,SCOREABLE,,0.38285815715789795,0.1638941913843155,0.06186317652463913,0.0844927653670311,0.19907735288143158,0.4423847982079708,1.0654952900993673,2.5021017841222712,0.22376822319091005,1.3821694974502325,0.18808777429467086,WITHIN_REFERENCE_RANGE,STABLE,8,1.3341020671775035,1.410162318866604,spectral_centroid_std,0.8192705522044402,deviation at or below the one-sided 95% upper reference limit (empirical reference-tail probability 0.188; largest deviation: spectral_centroid_std)
deployment,rec2018-02-05_10h52m39.045s.wav,2018-02-05#1,0,0.848,2.8720000000000003,2.0240000000000005,6784,22977,0.9717126385025356,0.9987586736679077,115,SCOREABLE,,0.36097487807273865,0.08767687529325485,0.018759077414870262,0.07268504053354263,0.19700169563293457,-0.34287941931437355,-1.5001373566130995,-2.299311872428405,-0.4746665781374777,1.4035777349319185,0.1786833855799373,WITHIN_REFERENCE_RANGE,STABLE,8,1.3997380071677745,1.5950362925675434,spectral_centroid_std,0.6709077853631974,deviation at or below the one-sided 95% upper reference limit (empirical reference-tail probability 0.179; largest deviation: spectral_centroid_std)
deployment,rec2018-02-05_10h53m45.411s.wav,2018-02-05#1,0,0.496,2.7920000000000003,2.2960000000000003,3968,22337,0.9803768509265148,0.9992237091064453,132,SCOREABLE,,0.383682519197464,0.1334732174873352,0.02740933746099472,0.07877794653177261,0.1902969628572464,0.471966380083146,0.04146233042874198,-1.3357497617250231,-0.11426712350951465,0.710942295519996,0.7460815047021944,WITHIN_REFERENCE_RANGE,STABLE,8,0.7076090105725814,0.9087154648438709,spectral_centroid_std,0.882513820197508,deviation at or below the one-sided 95% upper reference limit (empirical reference-tail probability 0.746; largest deviation: spectral_centroid_std)
deployment,rec2018-02-05_10h53m45.411s.wav,2018-02-05#1,1,4.016,4.216,0.20000000000000018,32128,33728,0.41803625226020813,0.41803625226020813,1,NOT_SCOREABLE,short_duration,0.3994004428386688,0.12770725786685944,0.020723074674606323,0.04707201570272446,0.2073732614517212,,,,,,,NOT_ASSESSED,,0,,,,,not scoreable: short_duration
deployment,rec2018-02-05_10h54m35.447s.wav,2018-02-05#1,0,3.408,5.720000000000001,2.3120000000000007,27264,45761,0.9202998562862998,0.9983036518096924,133,SCOREABLE,,0.3962708115577698,0.15570497512817383,0.029772013425827026,0.0808749869465828,0.1715054214000702,0.9236873270120678,0.7898293173872978,-1.0725686518574722,0.009774216049956999,0.8104825224725593,0.64576802507837,WITHIN_REFERENCE_RANGE,STABLE,8,0.798958797580847,0.823221405878222,spectral_centroid_std,0.43782736259880795,deviation at or below the one-sided 95% upper reference limit (empirical reference-tail probability 0.646; largest deviation: spectral_centroid_std)
deployment,rec2018-02-05_10h55m27.871s.wav,2018-02-05#1,0,0.864,2.8880000000000003,2.0240000000000005,6912,23105,0.9528268104014189,0.9993386268615723,115,SCOREABLE,,0.3945082426071167,0.131902277469635,0.02983776107430458,0.09454689919948578,0.15635788440704346,0.8604389298007733,-0.01141876276828552,-1.0652449479915753,0.8184769469141819,0.7976742524225339,0.6614420062695925,WITHIN_REFERENCE_RANGE,STABLE,8,0.7838308174566889,0.8185101034267015,spectral_centroid_std,0.4458490310135509,deviation at or below the one-sided 95% upper reference limit (empirical reference-tail probability 0.661; largest deviation: spectral_centroid_std)
deployment,rec2018-02-05_10h56m11.262s.wav,2018-02-05#1,0,1.344,4.328,2.984,10752,34624,0.9798908335821969,0.9998562335968018,175,SCOREABLE,,0.4184551537036896,0.11367524415254593,0.04361671581864357,0.09164008498191833,0.13914887607097626,1.7197549551162068,-0.6249784383040711,0.46960818312210056,0.6465369466876146,0.9983357430092251,0.49843260188087773,WITHIN_REFERENCE_RANGE,STABLE,8,0.9756538779095948,1.0494909472057128,spectral_centroid_mean,0.7418565013908373,deviation at or below the one-sided 95% upper reference limit (empirical reference-tail probability 0.498; largest deviation: spectral_centroid_mean)
deployment,rec2018-02-05_10h58m35.817s.wav,2018-02-05#1,0,1.952,4.6000000000000005,2.6480000000000006,15616,36801,0.97821260582317,0.999341607093811,154,SCOREABLE,,0.41545823216438293,0.12364118546247482,0.027034584432840347,0.08992892503738403,0.146748349070549,1.612212788406123,-0.2895042220587039,-1.3774939193428848,0.5453206943819772,1.1042992039340975,0.3824451410658307,WITHIN_REFERENCE_RANGE,STABLE,8,1.082673222210373,1.1122142970366602,spectral_centroid_mean,0.5328576608516881,deviation at or below the one-sided 95% upper reference limit (empirical reference-tail probability 0.382; largest deviation: spectral_centroid_mean)
deployment,rec2018-02-05_11h01m02.037s.wav,2018-02-05#1,0,2.384,3.704,1.3200000000000003,19072,29632,0.8469881784748023,0.9885565042495728,71,SCOREABLE,,0.362358033657074,0.09601586312055588,0.06158329173922539,0.0879955142736435,0.20349477231502533,-0.29324597162959143,-1.2194297627547699,2.4709251058317894,0.43095815784746505,1.402158867480274,0.1786833855799373,WITHIN_REFERENCE_RANGE,BORDERLINE,8,1.145719387585007,1.694235180314686,spectral_centroid_std,0.7763628167500602,deviation at or below the one-sided 95% upper reference limit (empirical reference-tail probability 0.179; largest deviation: spectral_centroid_std)
deployment,rec2018-02-05_11h02m06.737s.wav,2018-02-05#1,0,1.104,2.4560000000000004,1.3520000000000003,8832,19649,0.861350122323403,0.991792619228363,65,SCOREABLE,,0.3643122911453247,0.11812593787908554,0.04126835986971855,0.08071710169315338,0.20576636493206024,-0.22311898237096942,-0.47515887352582914,0.20802219579183281,0.0004351979777450916,0.2823258129909163,0.9937304075235109,WITHIN_REFERENCE_RANGE,STABLE,8,0.24397727270377836,0.42839507278183575,spectral_flatness_mean,0.7081357529585304,deviation at or below the one-sided 95% upper reference limit (empirical reference-tail probability 0.994; largest deviation: spectral_flatness_mean)
deployment,rec2018-02-05_11h03m04.776s.wav,2018-02-05#1,0,2.528,4.04,1.512,20224,32320,0.9807284854980837,0.9995381832122803,83,SCOREABLE,,0.3501436412334442,0.10900099575519562,0.03650648146867752,0.0875665619969368,0.2221214920282364,-0.731549814107989,-0.7823233161105456,-0.32240874831321154,0.4055853445082429,0.5949037262701411,0.8620689655172413,WITHIN_REFERENCE_RANGE,STABLE,8,0.5832558120349206,0.6120768774604237,spectral_flatness_mean,0.4323337881933325,deviation at or below the one-sided 95% upper reference limit (empirical reference-tail probability 0.862; largest deviation: spectral_flatness_mean)
deployment,rec2018-02-05_11h03m43.815s.wav,2018-02-05#1,0,3.232,4.6160000000000005,1.3840000000000003,25856,36929,0.9782076946894328,0.9994127750396729,75,SCOREABLE,,0.3898027837276459,0.14138394594192505,0.05367626994848251,0.08380981534719467,0.18208523094654083,0.6915872476240789,0.3077538272078241,1.59015313303089,0.18337127389303678,0.8853272487919965,0.567398119122257,WITHIN_REFERENCE_RANGE,STABLE,8,0.8647463141433132,0.9030261153309179,spectral_centroid_std,0.8065109063770732,deviation at or below the one-sided 95% upper reference limit (empirical reference-tail probability 0.567; largest deviation: spectral_centroid_std)
deployment,rec2018-02-05_11h04m48.418s.wav,2018-02-05#1,0,1.36,2.4720000000000004,1.1120000000000003,10880,19777,0.957307912152389,0.9983388185501099,58,SCOREABLE,,0.379146546125412,0.12879091501235962,0.05194060131907463,0.09046514332294464,0.17603445053100586,0.30919656248561067,-0.11615366430436214,1.3968150693060666,0.5770383637065531,0.7734920489271199,0.6833855799373041,WITHIN_REFERENCE_RANGE,STABLE,8,0.7540887557485928,0.8526673195897726,spectral_centroid_std,0.8152787534891991,deviation at or below the one-sided 95% upper reference limit (empirical reference-tail probability 0.683; largest deviation: spectral_centroid_std)
deployment,rec2018-02-05_11h05m32.273s.wav,2018-02-05#1,0,1.968,3.4960000000000004,1.5280000000000005,15744,27969,0.9355266179357257,0.9984436631202698,84,SCOREABLE,,0.3624750077724457,0.09780249744653702,0.03095669485628605,0.08257485181093216,0.20690308511257172,-0.2890484477201137,-1.15928795260499,-0.940605666518595,0.11032235682723468,0.7623004008406533,0.6896551724137931,WITHIN_REFERENCE_RANGE,STABLE,8,0.7508274723363028,0.7869182941657368,spectral_flatness_mean,0.578189709266382,deviation at or below the one-sided 95% upper reference limit (empirical reference-tail probability 0.690; largest deviation: spectral_flatness_mean)
deployment,rec2018-02-05_11h06m12.128s.wav,2018-02-05#1,0,0.256,0.632,0.376,2048,5056,0.8551827420790991,0.9721893668174744,12,NOT_SCOREABLE,short_duration,0.4715383052825928,0.11553112417459488,0.014600344933569431,0.010302875190973282,0.08672270178794861,,,,,,,NOT_ASSESSED,,0,,,,,not scoreable: short_duration
deployment,rec2018-02-05_11h06m12.128s.wav,2018-02-05#1,1,1.824,3.2560000000000002,1.4320000000000002,14592,26048,0.9486066569120456,0.9994106888771057,78,SCOREABLE,,0.37502285838127136,0.12129489332437515,0.027853723615407944,0.06620167195796967,0.19180020689964294,0.1612212788406141,-0.36848527278267906,-1.2862490925392907,-0.8581621547092099,0.7988511608619642,0.6614420062695925,WITHIN_REFERENCE_RANGE,STABLE,8,0.7686856866589875,0.8166516979299102,spectral_centroid_std,0.6481244872549297,deviation at or below the one-sided 95% upper reference limit (empirical reference-tail probability 0.661; largest deviation: spectral_centroid_std)
deployment,rec2018-02-05_11h06m59.857s.wav,2018-02-05#1,0,1.6480000000000001,2.9360000000000004,1.2880000000000003,13184,23489,0.7300328702207596,0.9521040320396423,63,SCOREABLE,,0.357386976480484,0.09245843440294266,0.026382718235254288,0.08041077852249146,0.2096530795097351,-0.47162843930469744,-1.3391801780718928,-1.4501060218569153,-0.017684021927918653,1.0147607025007037,0.48589341692789967,WITHIN_REFERENCE_RANGE,STABLE,8,0.9713087144393758,1.1884640914395797,spectral_centroid_std,0.5105193879283982,deviation at or below the one-sided 95% upper reference limit (empirical reference-tail probability 0.486; largest deviation: spectral_centroid_std)
deployment,rec2018-02-05_11h20m08.624s.wav,2018-02-05#1,0,0.4,0.8560000000000001,0.45600000000000007,3200,6849,0.5395156272820064,0.7233060598373413,7,NOT_SCOREABLE,short_duration,0.41351833939552307,0.14159928262233734,0.040595050901174545,0.03532614931464195,0.10376878082752228,,,,,,,NOT_ASSESSED,,0,,,,,not scoreable: short_duration
deployment,rec2018-02-05_11h20m08.624s.wav,2018-02-05#1,1,3.344,4.328,0.9840000000000004,26752,34624,0.7612186801433564,0.987502932548523,50,SCOREABLE,,0.3511873185634613,0.17122896015644073,0.03371336683630943,0.05907732620835304,0.2164851576089859,-0.6940982759398592,1.3123987915998456,-0.6335369012531784,-1.2795719587483303,1.0299073268648906,0.4670846394984326,WITHIN_REFERENCE_RANGE,STABLE,8,0.8707306078660264,1.0872371210283034,spectral_flatness_mean,0.40595262760044337,deviation at or below the one-sided 95% upper reference limit (empirical reference-tail probability 0.467; largest deviation: spectral_flatness_mean)
deployment,rec2018-02-05_11h20m47.521s.wav,2018-02-05#1,0,5.5840000000000005,7.08,1.4959999999999996,44672,56640,0.9311994314193726,0.9836315512657166,82,SCOREABLE,,0.35896050930023193,0.1669214963912964,0.035936225205659866,0.05512998253107071,0.20785212516784668,-0.41516345461768767,1.1674006438405922,-0.3859302292288395,-1.5130599706977956,0.9966791828429749,0.5078369905956113,WITHIN_REFERENCE_RANGE,STABLE,8,0.925857861705047,1.1344677915143095,spectral_rolloff_std,0.5761578950084477,deviation at or below the one-sided 95% upper reference limit (empirical reference-tail probability 0.508; largest deviation: spectral_rolloff_std)
deployment,rec2018-02-05_11h22m34.731s.wav,2018-02-05#1,0,6.5760000000000005,8.168,1.5919999999999987,52608,65344,0.932743720032952,0.9994202256202698,88,SCOREABLE,,0.34036532044410706,0.1383199393749237,0.03812072053551674,0.07238523662090302,0.2234562486410141,-1.0824371465520892,0.20461302297577844,-0.14259685894459967,-0.492400179581852,0.6075212890179696,0.8495297805642633,WITHIN_REFERENCE_RANGE,STABLE,8,0.5842301346340286,0.6075212890179696,spectral_centroid_mean,0.7936378677713936,deviation at or below the one-sided 95% upper reference limit (empirical reference-tail probability 0.850; largest deviation: spectral_centroid_mean)
deployment,rec2018-02-05_11h23m35.644s.wav,2018-02-05#1,0,5.392,7.176,1.7839999999999998,43136,57408,0.9321709930896759,0.9974996447563171,100,SCOREABLE,,0.340901643037796,0.12123233824968338,0.05783778056502342,0.08551476150751114,0.21994416415691376,-1.0631916331062392,-0.37059100609996093,2.0537084402710715,0.28421997671671384,1.179641205548829,0.329153605015674,WITHIN_REFERENCE_RANGE,STABLE,8,0.8845945708235073,1.2390162864873868,spectral_centroid_std,0.7577356422262271,deviation at or below the one-sided 95% upper reference limit (empirical reference-tail probability 0.329; largest deviation: spectral_centroid_std)
deployment,rec2018-02-05_11h30m48.760s.wav,2018-02-05#1,0,3.8240000000000003,5.816000000000001,1.9920000000000004,30592,46529,0.9419403234414295,0.9983371496200562,113,SCOREABLE,,0.3444680869579315,0.11378423124551773,0.034360576421022415,0.08160945028066635,0.22786392271518707,-0.9352126047630043,-0.621309707126701,-0.5614435040387327,0.05321821225223653,0.6282315167635425,0.8244514106583072,WITHIN_REFERENCE_RANGE,STABLE,8,0.5396444667288008,0.8957774849678879,spectral_centroid_mean,0.5540146789494836,deviation at or below the one-sided 95% upper reference limit (empirical reference-tail probability 0.824; largest deviation: spectral_centroid_mean)
deployment,rec2018-02-06_10h28m57.917s.wav,2018-02-06#1,0,1.68,2.9200000000000004,1.2400000000000004,13440,23361,0.8426486922032905,0.9831128120422363,66,SCOREABLE,,0.3500661551952362,0.1394367665052414,0.029369747266173363,0.08099186420440674,0.19841177761554718,-0.7343303395002545,0.24220773626709743,-1.1173775278674005,0.016687583823954837,0.6794697657466328,0.774294670846395,WITHIN_REFERENCE_RANGE,STABLE,8,0.5297041081190409,0.7185781208498304,spectral_centroid_std,0.6760823538416522,deviation at or below the one-sided 95% upper reference limit (empirical reference-tail probability 0.774; largest deviation: spectral_centroid_std)
deployment,rec2018-02-06_10h30m00.277s.wav,2018-02-06#1,0,5.408,6.776000000000001,1.3680000000000003,43264,54209,0.8467826495567957,0.9680858254432678,72,SCOREABLE,,0.35660573840141296,0.1467597931623459,0.03784165158867836,0.0670207291841507,0.20659823715686798,-0.49966255185579267,0.4887159738671429,-0.173682660066594,-0.8097143733532379,0.541827694397072,0.9028213166144201,WITHIN_REFERENCE_RANGE,STABLE,8,0.5239409104245625,0.580464743031191,spectral_rolloff_std,0.558317585479269,deviation at or below the one-sided 95% upper reference limit (empirical reference-tail probability 0.903; largest deviation: spectral_rolloff_std)
deployment,rec2018-02-06_10h32m03.907s.wav,2018-02-06#1,0,5.5200000000000005,6.648000000000001,1.1280000000000001,44160,53185,0.875330215793545,0.9843457341194153,59,SCOREABLE,,0.36563342809677124,0.1614663302898407,0.03621523082256317,0.07618039101362228,0.18172216415405273,-0.17571102443284284,0.9837684594376119,-0.35485148249891957,-0.26791426534613466,0.546894042319701,0.8996865203761756,WITHIN_REFERENCE_RANGE,STABLE,8,0.5290991207712432,0.5923844249917558,spectral_flatness_mean,0.8089457787028942,deviation at or below the one-sided 95% upper reference limit (empirical reference-tail probability 0.900; largest deviation: spectral_flatness_mean)
deployment,rec2018-02-06_10h32m43.911s.wav,2018-02-06#1,0,5.904,6.984,1.08,47232,55872,0.8556148558855057,0.9634972810745239,56,SCOREABLE,,0.3455762267112732,0.12512876093387604,0.034985270351171494,0.08056002855300903,0.17960985004901886,-0.8954478833550782,-0.23942935207357094,-0.4918581506888391,-0.00885578305186047,0.5246799480950186,0.9122257053291536,WITHIN_REFERENCE_RANGE,STABLE,8,0.49771114533421024,0.5586216470059934,spectral_centroid_mean,0.7281681906941169,deviation at or below the one-sided 95% upper reference limit (empirical reference-tail probability 0.912; largest deviation: spectral_centroid_mean)
deployment,rec2018-02-06_11h39m13.131s.wav,2018-02-06#2,0,7.136,8.2,1.0639999999999992,57088,65600,0.8236956238746643,0.972585916519165,55,SCOREABLE,,0.35154491662979126,0.17201466858386993,0.02702823281288147,0.05032195895910263,0.20404300093650818,-0.681266151254554,1.3388473638613125,-1.3782014333715185,-1.7974577726135115,1.3589453141903478,0.19435736677115986,WITHIN_REFERENCE_RANGE,STABLE,8,1.2624243339702916,1.4629531146334604,spectral_rolloff_std,0.43737448129088796,deviation at or below the one-sided 95% upper reference limit (empirical reference-tail probability 0.194; largest deviation: spectral_rolloff_std)
deployment,rec2018-02-06_12h10m09.167s.wav,2018-02-06#3,0,1.264,2.104,0.8400000000000001,10112,16832,0.6970022112131119,0.9716921448707581,40,SCOREABLE,,0.34298163652420044,0.12728483974933624,0.04391312971711159,0.07363498955965042,0.2030404806137085,-0.9885527066822449,-0.16685127557425103,0.5026260577439882,-0.4184764594924389,0.5985046581109743,0.8589341692789969,WITHIN_REFERENCE_RANGE,STABLE,8,0.5806291098336557,0.6202040048331224,spectral_centroid_mean,0.6820317589093677,deviation at or below the one-sided 95% upper reference limit (empirical reference-tail probability 0.859; largest deviation: spectral_centroid_mean)
deployment,rec2018-02-06_12h10m09.167s.wav,2018-02-06#3,1,9.536,10.152,0.6159999999999997,76288,81216,0.677831766280261,0.7741479873657227,22,SCOREABLE,,0.3454592823982239,0.12420385330915451,0.05600897967815399,0.07796046137809753,0.2004244476556778,-0.8996443378317127,-0.2705636574897276,1.8499962705545532,-0.1626219157279641,1.0406124057361208,0.4608150470219436,WITHIN_REFERENCE_RANGE,STABLE,8,0.743625465730924,1.2115811605015558,spectral_centroid_std,0.7901393965075129,deviation at or below the one-sided 95% upper reference limit (empirical reference-tail probability 0.461; largest deviation: spectral_centroid_std)
deployment,rec2018-02-06_12h11m01.614s.wav,2018-02-06#3,0,1.056,1.576,0.52,8448,12608,0.6061815654530245,0.7166497707366943,17,SCOREABLE,,0.3485734462738037,0.15109288692474365,0.047416962683200836,0.07833178341388702,0.18547677993774414,-0.7878950223165627,0.6345768803938392,0.8929219182562574,-0.140657969586541,0.678336310363863,0.774294670846395,WITHIN_REFERENCE_RANGE,STABLE,8,0.6643495500020707,0.8818822708566622,spectral_centroid_std,0.4331884275775042,deviation at or below the one-sided 95% upper reference limit (empirical reference-tail probability 0.774; largest deviation: spectral_centroid_std)
deployment,rec2018-02-06_12h11m01.614s.wav,2018-02-06#3,1,8.944,9.623999999999999,0.6799999999999979,71552,76992,0.5698623680151426,0.6545184850692749,26,SCOREABLE,,0.3307217061519623,0.12627187371253967,0.04573306441307068,0.08187940716743469,0.23360812664031982,-1.4284906425450201,-0.20094980944168855,0.7053506125700973,0.06918634220412431,0.8036281133636897,0.6551724137931034,WITHIN_REFERENCE_RANGE,STABLE,8,0.7434068372055703,0.8326190174838728,spectral_centroid_mean,0.7899226480927344,deviation at or below the one-sided 95% upper reference limit (empirical reference-tail probability 0.655; largest deviation: spectral_centroid_mean)
deployment,rec2018-02-06_12h12m08.951s.wav,2018-02-06#3,0,1.552,2.104,0.552,12416,16832,0.7069392696670864,0.8457543253898621,23,SCOREABLE,,0.33626416325569153,0.1403072029352188,0.04350517690181732,0.07136236876249313,0.24490220844745636,-1.2296039389676423,0.2715084285004709,0.4571837388222069,-0.5529034958047653,0.7246312717838154,0.7241379310344828,WITHIN_REFERENCE_RANGE,STABLE,8,0.7246312717838154,0.9296525016683373,spectral_centroid_mean,0.719840629461291,deviation at or below the one-sided 95% upper reference limit (empirical reference-tail probability 0.724; largest deviation: spectral_centroid_mean)
deployment,rec2018-02-06_12h12m08.951s.wav,2018-02-06#3,1,2.8000000000000003,3.096,0.2959999999999998,22400,24768,0.5231948345899582,0.5382037162780762,4,NOT_SCOREABLE,short_duration,0.3368494212627411,0.09833299368619919,0.03169522434473038,0.07639288902282715,0.15909673273563385,,,,,,,NOT_ASSESSED,,0,,,,,not scoreable: short_duration
deployment,rec2018-02-06_12h12m08.951s.wav,2018-02-06#3,2,9.92,10.152,0.23199999999999932,79360,81216,0.5995945533116659,0.631644070148468,3,NOT_SCOREABLE,short_duration,0.35014021396636963,0.12297181040048599,0.0617053359746933,0.08701970428228378,0.20350579917430878,,,,,,,NOT_ASSESSED,,0,,,,,not scoreable: short_duration
deployment,rec2018-02-06_12h13m05.267s.wav,2018-02-06#3,0,0.864,1.976,1.112,6912,15808,0.7586561706331041,0.9640050530433655,54,SCOREABLE,,0.3522161841392517,0.15881015360355377,0.04357241094112396,0.0880913957953453,0.18527178466320038,-0.6571782458947895,0.894356053290532,0.4646730134197314,0.4366296138227043,0.6399848486492292,0.8181818181818182,WITHIN_REFERENCE_RANGE,STABLE,8,0.5959386006777784,0.7093253597347415,spectral_flatness_mean,0.4882266990687525,deviation at or below the one-sided 95% upper reference limit (empirical reference-tail probability 0.818; largest deviation: spectral_flatness_mean)
deployment,rec2018-02-06_12h13m05.267s.wav,2018-02-06#3,1,7.888,8.68,0.7919999999999998,63104,69440,0.7212484494635933,0.8426452875137329,38,SCOREABLE,,0.359521746635437,0.16792415082454681,0.03457324206829071,0.04889221116900444,0.18768875300884247,-0.3950238953149401,1.2011520677853145,-0.5377544404888169,-1.882028308242424,1.165120225460232,0.335423197492163,WITHIN_REFERENCE_RANGE,STABLE,8,1.1559592366294,1.177729571675441,spectral_rolloff_std,0.6523051827282579,deviation at or below the one-sided 95% upper reference limit (empirical reference-tail probability 0.335; largest deviation: spectral_rolloff_std)
deployment,rec2018-02-06_12h13m52.029s.wav,2018-02-06#3,0,1.6320000000000001,2.568,0.9359999999999999,13056,20544,0.8035755893017383,0.9223566055297852,47,SCOREABLE,,0.35523802042007446,0.13269132375717163,0.032334793359041214,0.06784702837467194,0.1633508801460266,-0.5487420333278081,0.015142168774522572,-0.7870977378561655,-0.7608382249751251,0.6123203324113787,0.8432601880877743,WITHIN_REFERENCE_RANGE,STABLE,8,0.3820502543880017,0.9406829001536223,spectral_centroid_std,0.4130855238262486,deviation at or below the one-sided 95% upper reference limit (empirical reference-tail probability 0.843; largest deviation: spectral_centroid_std)
deployment,rec2018-02-06_12h13m52.029s.wav,2018-02-06#3,1,9.072000000000001,9.943999999999999,0.8719999999999981,72576,79552,0.7791639372359874,0.911804735660553,43,SCOREABLE,,0.3570984899997711,0.13845860958099365,0.029613304883241653,0.07592888176441193,0.17196649312973022,-0.4819805492266705,0.2092809491907915,-1.0902473733600395,-0.2827912052292765,0.6214326122759679,0.8307210031347962,WITHIN_REFERENCE_RANGE,STABLE,8,0.589894789685416,0.6742892105953925,spectral_centroid_std,0.7694883072030563,deviation at or below the one-sided 95% upper reference limit (empirical reference-tail probability 0.831; largest deviation: spectral_centroid_std)
deployment,rec2018-02-06_12h15m08.616s.wav,2018-02-06#3,0,2.7520000000000002,3.688,0.9359999999999999,22016,29504,0.7298012505406919,0.8819358944892883,46,SCOREABLE,,0.35597360134124756,0.11723323911428452,0.0588584765791893,0.08363132178783417,0.15705227851867676,-0.5223462918924632,-0.5052089620374349,2.167404907261892,0.1728132607763372,1.146253702185933,0.3573667711598746,WITHIN_REFERENCE_RANGE,STABLE,8,1.046348022522616,1.1726541407737077,spectral_centroid_std,0.8938375813295977,deviation at or below the one-sided 95% upper reference limit (empirical reference-tail probability 0.357; largest deviation: spectral_centroid_std)
deployment,rec2018-02-06_12h15m08.616s.wav,2018-02-06#3,1,10.144,11.0,0.8559999999999999,81152,88000,0.7765681544939677,0.8854939341545105,42,SCOREABLE,,0.37419989705085754,0.14093278348445892,0.06323608011007309,0.09997493773698807,0.15599443018436432,0.13168996030906824,0.29256676488115846,2.6550310451524837,1.1395490476791856,1.4535043378288608,0.15987460815047022,WITHIN_REFERENCE_RANGE,STABLE,8,1.365335116581538,1.494969061386999,spectral_centroid_std,0.8341546046550856,deviation at or below the one-sided 95% upper reference limit (empirical reference-tail probability 0.160; largest deviation: spectral_centroid_std)
deployment,rec2018-02-06_12h16m57.870s.wav,2018-02-06#3,0,11.44,11.735999999999999,0.2959999999999994,91520,93888,0.7482584459441048,0.8670747876167297,7,NOT_SCOREABLE,short_duration,0.382064551115036,0.16054868698120117,0.04202305153012276,0.056838687509298325,0.20500655472278595,,,,,,,NOT_ASSESSED,,0,,,,,not scoreable: short_duration
deployment,rec2018-02-06_12h17m38.883s.wav,2018-02-06#3,0,0.768,1.784,1.016,6144,14272,0.8817145824432373,0.9818456172943115,52,SCOREABLE,,0.3927575349807739,0.15900598466396332,0.07419568300247192,0.08070238679647446,0.16154508292675018,0.7976161668610642,0.9009481321985163,3.8758334301862125,-0.0004351979777368828,2.0291614064987806,0.025078369905956112,OUTSIDE_REFERENCE_RANGE,BORDERLINE,8,1.9654047961945034,2.088994211304199,spectral_centroid_std,0.9120886048731707,deviation above the one-sided 95% upper reference limit (empirical reference-tail probability 0.025; largest deviation: spectral_centroid_std)
deployment,rec2018-02-06_12h18m33.477s.wav,2018-02-06#3,0,1.936,2.9040000000000004,0.9680000000000004,15488,23233,0.6129617455758547,0.7018182277679443,38,SCOREABLE,,0.34871742129325867,0.13656820356845856,0.048195239156484604,0.07506018877029419,0.20349743962287903,-0.7827285922511649,0.14564596924073744,0.9796150023149354,-0.3341749753728032,0.6529156270930931,0.7899686520376176,WITHIN_REFERENCE_RANGE,STABLE,8,0.5368255218960294,0.8003790803923464,spectral_centroid_std,0.5627775145697632,deviation at or below the one-sided 95% upper reference limit (empirical reference-tail probability 0.790; largest deviation: spectral_centroid_std)
deployment,rec2018-02-06_12h19m34.374s.wav,2018-02-06#3,0,2.912,3.192,0.28000000000000025,23296,25536,0.5943920115629832,0.6558352112770081,6,NOT_SCOREABLE,short_duration;close_neighbor,0.32631048560142517,0.11481775343418121,0.030959151685237885,0.077188640832901,0.2075839340686798,,,,,,,NOT_ASSESSED,,0,,,,,"not scoreable: short_duration, close_neighbor"
deployment,rec2018-02-06_12h19m34.374s.wav,2018-02-06#3,1,3.344,3.9440000000000004,0.6000000000000005,26752,31553,0.7227418147600614,0.8398787379264832,26,NOT_SCOREABLE,close_neighbor,0.33567795157432556,0.13982777297496796,0.030615948140621185,0.07925542443990707,0.19678008556365967,,,,,,,NOT_ASSESSED,,0,,,,,not scoreable: close_neighbor
deployment,rec2018-02-06_12h20m19.800s.wav,2018-02-06#3,0,2.4,2.712,0.3120000000000003,19200,21696,0.5577349066734314,0.6246277689933777,6,NOT_SCOREABLE,short_duration;close_neighbor,0.32366514205932617,0.08593539893627167,0.05073283985257149,0.09227332472801208,0.1506461650133133,,,,,,,NOT_ASSESSED,,0,,,,,"not scoreable: short_duration, close_neighbor"
deployment,rec2018-02-06_12h20m19.800s.wav,2018-02-06#3,1,2.7680000000000002,3.544,0.7759999999999998,22144,28352,0.7171157399813334,0.8623086214065552,30,NOT_SCOREABLE,close_neighbor,0.3281102776527405,0.09568551927804947,0.030978510156273842,0.057573352009058,0.2097509354352951,,,,,,,NOT_ASSESSED,,0,,,,,not scoreable: close_neighbor
deployment,rec2018-02-06_12h21m35.410s.wav,2018-02-06#3,0,2.816,3.3040000000000003,0.48800000000000043,22528,26433,0.6792135834693909,0.8594282865524292,17,NOT_SCOREABLE,short_duration;close_neighbor,0.34456831216812134,0.1370791643857956,0.03447556123137474,0.07115830481052399,0.22981812059879303,,,,,,,NOT_ASSESSED,,0,,,,,"not scoreable: short_duration, close_neighbor"
deployment,rec2018-02-06_12h21m35.410s.wav,2018-02-06#3,1,3.392,3.9760000000000004,0.5840000000000005,27136,31809,0.8003438040614128,0.9540013074874878,24,NOT_SCOREABLE,close_neighbor,0.3380899429321289,0.08119072765111923,0.04919828474521637,0.09149975329637527,0.18035012483596802,,,,,,,NOT_ASSESSED,,0,,,,,not scoreable: close_neighbor
deployment,rec2018-02-08_14h33m35.005s.wav,2018-02-08#1,0,2.16,3.5280000000000005,1.3680000000000003,17280,28225,0.6193161793783599,0.8064149022102356,51,SCOREABLE,,0.3460437059402466,0.14391225576400757,0.05270446836948395,0.11284663528203964,0.21395647525787354,-0.8786727597769719,0.3928619699924467,1.4819030716857096,1.9009185447172685,1.2976839343385955,0.2445141065830721,WITHIN_REFERENCE_RANGE,STABLE,8,1.0188493288885971,1.55294824198324,spectral_rolloff_std,0.5364498988774888,deviation at or below the one-sided 95% upper reference limit (empirical reference-tail probability 0.245; largest deviation: spectral_rolloff_std)
deployment,rec2018-02-08_14h35m33.038s.wav,2018-02-08#1,0,3.648,3.8480000000000003,0.20000000000000018,29184,30785,0.5410417318344116,0.5410417318344116,1,NOT_SCOREABLE,short_duration,0.3645554184913635,0.1578769087791443,0.03916172683238983,0.08113870769739151,0.18316194415092468,,,,,,,NOT_ASSESSED,,0,,,,,not scoreable: short_duration
deployment,rec2018-02-08_14h35m33.038s.wav,2018-02-08#1,1,4.672,5.928,1.2560000000000002,37376,47424,0.7599560413787614,0.8957508206367493,67,SCOREABLE,,0.3851930499076843,0.17683258652687073,0.027404457330703735,0.07194971293210983,0.18556378781795502,0.5261705837396754,1.5010284560028448,-1.3362933648789879,-0.5181616963300539,1.0705271376156797,0.41379310344827586,WITHIN_REFERENCE_RANGE,STABLE,8,1.0393367572132606,1.1833250397896216,spectral_flatness_mean,0.4914988405539203,deviation at or below the one-sided 95% upper reference limit (empirical reference-tail probability 0.414; largest deviation: spectral_flatness_mean)
deployment,rec2018-02-08_14h36m13.041s.wav,2018-02-08#1,0,3.664,3.9920000000000004,0.3280000000000003,29312,31937,0.5973939961857266,0.7128534317016602,9,NOT_SCOREABLE,short_duration;close_neighbor,0.32307425141334534,0.03805524483323097,0.048715073615312576,0.10440637916326523,0.028834911063313484,,,,,,,NOT_ASSESSED,,0,,,,,"not scoreable: short_duration, close_neighbor"
deployment,rec2018-02-08_14h36m13.041s.wav,2018-02-08#1,1,4.0,6.04,2.04,32000,48320,0.9232310796606129,0.9945708513259888,116,NOT_SCOREABLE,close_neighbor,0.3960561454296112,0.17185983061790466,0.048989806324243546,0.08096930384635925,0.1671655774116516,,,,,,,NOT_ASSESSED,,0,,,,,not scoreable: close_neighbor
deployment,rec2018-02-08_14h37m48.457s.wav,2018-02-08#1,0,4.192,5.656000000000001,1.4640000000000004,33536,45249,0.7844189666211605,0.9591581225395203,80,SCOREABLE,,0.35553956031799316,0.1348274201154709,0.022999443113803864,0.04610784351825714,0.21926800906658173,-0.5379215118205226,0.08704759439759786,-1.8269728096450553,-2.046725512352349,1.398557453831091,0.1786833855799373,WITHIN_REFERENCE_RANGE,STABLE,8,1.3304297183149025,1.426146789263871,spectral_rolloff_std,0.5354249321727736,deviation at or below the one-sided 95% upper reference limit (empirical reference-tail probability 0.179; largest deviation: spectral_rolloff_std)
deployment,rec2018-02-08_14h50m50.378s.wav,2018-02-08#1,0,0.592,2.168,1.576,4736,17344,0.6937602174125219,0.8786656260490417,76,SCOREABLE,,0.3274410665035248,0.10751698911190033,0.03390270471572876,0.08332900702953339,0.2370450496673584,-1.546213809922168,-0.8322780519533515,-0.6124463437720624,0.1549311411360149,0.9330806616057862,0.5391849529780565,WITHIN_REFERENCE_RANGE,STABLE,8,0.9207087323338263,0.9580291973255994,spectral_centroid_mean,0.6865002932200556,deviation at or below the one-sided 95% upper reference limit (empirical reference-tail probability 0.539; largest deviation: spectral_centroid_mean)
deployment,rec2018-02-08_15h03m14.166s.wav,2018-02-08#1,0,2.128,2.3760000000000003,0.24800000000000022,17024,19009,0.5225927829742432,0.5263769626617432,2,NOT_SCOREABLE,short_duration,0.341243177652359,0.16516834497451782,0.030864451080560684,0.054539069533348083,0.24035781621932983,,,,,,,NOT_ASSESSED,,0,,,,,not scoreable: short_duration
deployment,rec2018-02-08_15h03m14.166s.wav,2018-02-08#1,1,2.688,4.088,1.4,21504,32704,0.6674971529122057,0.8619572520256042,58,SCOREABLE,,0.346335768699646,0.12946783006191254,0.03212057054042816,0.06735140085220337,0.22548261284828186,-0.8681923179138173,-0.0933673023691162,-0.8109602564582624,-0.7901549235830096,0.7149259917735499,0.7335423197492164,WITHIN_REFERENCE_RANGE,STABLE,8,0.6307094816083846,0.9184506957781647,spectral_centroid_mean,0.3686801139782866,deviation at or below the one-sided 95% upper reference limit (empirical reference-tail probability 0.734; largest deviation: spectral_centroid_mean)
deployment,rec2018-02-08_15h04m25.148s.wav,2018-02-08#1,0,9.072000000000001,9.272,0.1999999999999993,72576,74176,0.4761245846748352,0.4761245846748352,1,NOT_SCOREABLE,short_duration,0.36444514989852905,0.1527574509382248,0.0350320003926754,0.040648285299539566,0.15314482152462006,,,,,,,NOT_ASSESSED,,0,,,,,not scoreable: short_duration
deployment,rec2018-02-08_15h06m27.101s.wav,2018-02-08#1,0,1.92,3.64,1.7200000000000002,15360,29120,0.8075224148730437,0.9255510568618774,96,SCOREABLE,,0.3880644142627716,0.17228730022907257,0.04426177963614464,0.034305114299058914,0.2075228989124298,0.6292072298814457,1.3480247094480178,0.5414625609344976,-2.744864819762686,1.5843403153270197,0.11598746081504702,WITHIN_REFERENCE_RANGE,BORDERLINE,8,1.195940612258683,1.6619020447425044,spectral_rolloff_std,0.7503864508923002,deviation at or below the one-sided 95% upper reference limit (empirical reference-tail probability 0.116; largest deviation: spectral_rolloff_std)
deployment,rec2018-02-08_15h08m45.803s.wav,2018-02-08#1,0,4.032,6.648000000000001,2.6160000000000005,32256,53185,0.8120058557471713,0.979480504989624,148,SCOREABLE,,0.39108806848526,0.170313760638237,0.06686727702617645,0.07461167871952057,0.1963481903076172,0.737708677851861,1.2815912811470547,3.0595141180547554,-0.3607046440958938,1.7086123597922087,0.06583072100313479,WITHIN_REFERENCE_RANGE,BORDERLINE,8,1.6476048152688592,1.7984595953030202,spectral_centroid_std,0.8016002510494188,deviation at or below the one-sided 95% upper reference limit (empirical reference-tail probability 0.066; largest deviation: spectral_centroid_std)
deployment,rec2018-02-08_15h20m25.156s.wav,2018-02-08#1,0,3.168,5.192,2.024,25344,41536,0.9223712972972704,0.9978228211402893,115,SCOREABLE,,0.3997859060764313,0.1800316870212555,0.032301317900419235,0.048064861446619034,0.17605873942375183,1.0498237225665052,1.6087168015056093,-0.7908266065138204,-1.930966596281156,1.4181095085917759,0.1724137931034483,WITHIN_REFERENCE_RANGE,STABLE,8,1.396222615832702,1.4181095085917759,spectral_rolloff_std,0.4635216166940907,deviation at or below the one-sided 95% upper reference limit (empirical reference-tail probability 0.172; largest deviation: spectral_rolloff_std)
deployment,rec2018-02-08_15h23m00.916s.wav,2018-02-08#1,0,4.128,4.5040000000000004,0.37600000000000033,33024,36032,0.5958696727951368,0.8117996454238892,12,NOT_SCOREABLE,short_duration,0.35351917147636414,0.13934122025966644,0.03351461514830589,0.07762272655963898,0.17578433454036713,,,,,,,NOT_ASSESSED,,0,,,,,not scoreable: short_duration
deployment,rec2018-02-08_15h23m00.916s.wav,2018-02-08#1,1,4.88,7.16,2.2800000000000002,39040,57280,0.9132561447056196,0.9816110730171204,131,SCOREABLE,,0.36363622546195984,0.1356566697359085,0.037688564509153366,0.037119414657354355,0.21902987360954285,-0.2473790664184858,0.11496185335584816,-0.1907352005315026,-2.578397076031926,1.2998965370983253,0.2413793103448276,WITHIN_REFERENCE_RANGE,STABLE,8,1.274420274451022,1.4873561331468594,spectral_rolloff_std,0.9836079609000777,deviation at or below the one-sided 95% upper reference limit (empirical reference-tail probability 0.241; largest deviation: spectral_rolloff_std)
deployment,rec2018-02-08_15h25m08.376s.wav,2018-02-08#1,0,4.992,6.104,1.112,39936,48832,0.80172025142832,0.9441379308700562,47,NOT_SCOREABLE,close_neighbor,0.37348273396492004,0.18993893265724182,0.025582533329725266,0.02846851944923401,0.21968983113765717,,,,,,,NOT_ASSESSED,,0,,,,,not scoreable: close_neighbor
deployment,rec2018-02-08_15h25m08.376s.wav,2018-02-08#1,1,6.112,7.208,1.096,48896,57664,0.7350317149792077,0.9191687107086182,53,NOT_SCOREABLE,close_neighbor,0.36550161242485046,0.13590431213378906,0.04845428839325905,0.03777208551764488,0.2177976667881012,,,,,,,NOT_ASSESSED,,0,,,,,not scoreable: close_neighbor
deployment,rec2018-02-09_10h49m08.773s.wav,2018-02-09#1,0,2.992,4.728000000000001,1.7360000000000007,23936,37825,0.6700429071982702,0.8456264138221741,84,SCOREABLE,,0.34850719571113586,0.14201752841472626,0.025857752189040184,0.07541695237159729,0.20210109651088715,-0.7902723715269497,0.3290815249013703,-1.508582575028782,-0.31307217034379115,0.8812860830562461,0.5799373040752351,WITHIN_REFERENCE_RANGE,STABLE,8,0.853084417077696,0.8881709870071556,spectral_centroid_std,0.7325619528007943,deviation at or below the one-sided 95% upper reference limit (empirical reference-tail probability 0.580; largest deviation: spectral_centroid_std)
deployment,rec2018-02-09_10h57m14.793s.wav,2018-02-09#1,0,8.288,9.447999999999999,1.1599999999999984,66304,75584,0.8542097367224146,0.9569432139396667,61,SCOREABLE,,0.3701046407222748,0.1613226979970932,0.04703623801469803,0.043484993278980255,0.21203072369098663,-0.01526508440353554,0.9789334991123905,0.8505125729622082,-2.2018688538187723,1.277707116739813,0.2664576802507837,WITHIN_REFERENCE_RANGE,STABLE,8,1.1606587938630561,1.2795429216557197,spectral_rolloff_std,0.7424381460914059,deviation at or below the one-sided 95% upper reference limit (empirical reference-tail probability 0.266; largest deviation: spectral_rolloff_std)
deployment,rec2018-02-09_11h04m27.369s.wav,2018-02-09#1,0,3.7920000000000003,3.9920000000000004,0.20000000000000018,30336,31937,0.510915994644165,0.510915994644165,1,NOT_SCOREABLE,short_duration,0.3211737871170044,0.13402634859085083,0.01631038635969162,0.05470070242881775,0.25053292512893677,,,,,,,NOT_ASSESSED,,0,,,,,not scoreable: short_duration
deployment,rec2018-02-09_11h05m06.012s.wav,2018-02-09#1,0,2.368,3.8480000000000003,1.4800000000000004,18944,30785,0.8745245455223837,0.9906287789344788,81,SCOREABLE,,0.3806075155735016,0.15000109374523163,0.029939725995063782,0.05496179684996605,0.18796998262405396,0.3616222993239333,0.5978248617125805,-1.0538869617876279,-1.523008265938845,0.9897470837282117,0.5109717868338558,WITHIN_REFERENCE_RANGE,STABLE,8,0.9672910005470765,0.9951177535421138,spectral_rolloff_std,0.5919650520350942,deviation at or below the one-sided 95% upper reference limit (empirical reference-tail probability 0.511; largest deviation: spectral_rolloff_std)
deployment,rec2018-02-09_11h05m43.714s.wav,2018-02-09#1,0,1.6480000000000001,3.064,1.416,13184,24512,0.8011328562513574,0.9505175352096558,77,SCOREABLE,,0.40884116291999817,0.1749984622001648,0.04772421345114708,0.06287743896245956,0.1565985083580017,1.3747644753693957,1.439288034113623,0.9271469238513387,-1.0547927541286266,1.2179610605895412,0.3103448275862069,WITHIN_REFERENCE_RANGE,STABLE,8,1.1676923874198102,1.2796072688516171,spectral_flatness_mean,0.34911509794181894,deviation at or below the one-sided 95% upper reference limit (empirical reference-tail probability 0.310; largest deviation: spectral_flatness_mean)
deployment,rec2018-05-02_17h33m13.522s.wav,2018-05-02#1,0,0.768,1.8,1.032,6144,14400,0.8902111413343897,0.9961105585098267,53,NOT_SCOREABLE,close_neighbor,0.37576329708099365,0.13901424407958984,0.050276100635528564,0.09356146305799484,0.20077893137931824,,,,,,,NOT_ASSESSED,,0,,,,,not scoreable: close_neighbor
deployment,rec2018-05-02_17h33m13.522s.wav,2018-05-02#1,1,1.824,2.712,0.8880000000000001,14592,21696,0.9578546570105986,0.9996556639671326,44,NOT_SCOREABLE,close_neighbor,0.3635909855365753,0.11198769509792328,0.022334570065140724,0.06649280339479446,0.202882781624794,,,,,,,NOT_ASSESSED,,0,,,,,not scoreable: close_neighbor
deployment,rec2018-05-02_17h33m50.393s.wav,2018-05-02#1,0,2.64,4.248,1.608,21120,33984,0.9861947271261322,0.999882161617279,89,SCOREABLE,,0.3341110944747925,0.08584587275981903,0.03855186700820923,0.08241774141788483,0.25048208236694336,-1.3068651147231116,-1.561772692478031,-0.09457097266664673,0.1010291722635646,1.0205612345138466,0.47962382445141066,WITHIN_REFERENCE_RANGE,STABLE,8,0.9911798197971455,1.0205612345138466,spectral_flatness_mean,0.5854603969108362,deviation at or below the one-sided 95% upper reference limit (empirical reference-tail probability 0.480; largest deviation: spectral_flatness_mean)
deployment,rec2018-05-02_17h34m27.816s.wav,2018-05-02#1,0,2.128,3.9280000000000004,1.8000000000000003,17024,31425,0.9750870979658448,0.998965322971344,101,SCOREABLE,,0.35760775208473206,0.1101275086402893,0.036308348178863525,0.06887692958116531,0.18726089596748352,-0.4637060808024272,-0.7444025602617628,-0.3444790363641832,-0.699918881520832,0.586879618895814,0.8746081504702194,WITHIN_REFERENCE_RANGE,STABLE,8,0.5738851673945523,0.5945692751093108,spectral_flatness_mean,0.4022144506076881,deviation at or below the one-sided 95% upper reference limit (empirical reference-tail probability 0.875; largest deviation: spectral_flatness_mean)
deployment,rec2018-05-02_17h35m57.328s.wav,2018-05-02#1,0,2.896,4.696000000000001,1.8000000000000007,23168,37569,0.9794313417802943,0.9999226331710815,101,SCOREABLE,,0.3485543727874756,0.11216682940721512,0.03940204530954361,0.07643645256757736,0.22257216274738312,-0.7885794593361973,-0.6757548013916858,0.0001313361818594966,-0.25276805360030963,0.534414123470967,0.9028213166144201,WITHIN_REFERENCE_RANGE,STABLE,8,0.46976845804776823,0.5832843289735233,spectral_centroid_mean,0.5443460495012984,deviation at or below the one-sided 95% upper reference limit (empirical reference-tail probability 0.903; largest deviation: spectral_centroid_mean)
deployment,rec2018-05-02_17h38m14.494s.wav,2018-05-02#1,0,1.488,3.3680000000000003,1.8800000000000003,11904,26945,0.9891545873767925,0.999889612197876,106,SCOREABLE,,0.3442426025867462,0.09557082504034042,0.02308599278330803,0.06250990927219391,0.22314637899398804,-0.9433039336544968,-1.2344106658643317,-1.817331945464853,-1.0765323805022824,1.3110310226616158,0.23510971786833856,WITHIN_REFERENCE_RANGE,STABLE,8,1.2788819330185883,1.3527619275492313,spectral_centroid_std,0.4803774288891825,deviation at or below the one-sided 95% upper reference limit (empirical reference-tail probability 0.235; largest deviation: spectral_centroid_std)
deployment,rec2018-05-02_17h38m56.671s.wav,2018-05-02#1,0,7.328,8.728,1.3999999999999995,58624,69824,0.9607514268473575,0.9994715452194214,76,SCOREABLE,,0.37697649002075195,0.10573944449424744,0.036275386810302734,0.08172669261693954,0.17028893530368805,0.23132581000952931,-0.89211388370305,-0.34815063995676393,0.06015317466006658,0.4935093931214209,0.9216300940438872,WITHIN_REFERENCE_RANGE,STABLE,8,0.47353582080090506,0.5473028584526237,spectral_flatness_mean,0.8169392433931792,deviation at or below the one-sided 95% upper reference limit (empirical reference-tail probability 0.922; largest deviation: spectral_flatness_mean)
deployment,rec2018-05-02_17h40m15.391s.wav,2018-05-02#1,0,2.624,4.184,1.56,20992,33472,0.9338268173295398,0.9990531206130981,86,SCOREABLE,,0.33398476243019104,0.11777689307928085,0.054495371878147125,0.0927862673997879,0.1894250363111496,-1.3113984405453476,-0.48690844408895684,1.6813938101920876,0.7143344013708733,1.1504569184376319,0.3542319749216301,WITHIN_REFERENCE_RANGE,STABLE,8,1.0474052392562316,1.1795966431820541,spectral_centroid_std,0.5339962128606037,deviation at or below the one-sided 95% upper reference limit (empirical reference-tail probability 0.354; largest deviation: spectral_centroid_std)
deployment,rec2018-05-02_17h40m35.031s.wav,2018-05-02#1,0,3.68,5.832,2.1519999999999997,29440,46656,0.986578591470796,0.9997773170471191,123,SCOREABLE,,0.35972222685813904,0.07287738472223282,0.036241717636585236,0.07910194247961044,0.16469913721084595,-0.3878298205788747,-1.9983188475273521,-0.3519010867548815,-0.09510254704364673,1.0339933577430203,0.4670846394984326,WITHIN_REFERENCE_RANGE,STABLE,8,1.0162883935616354,1.0952768265144375,spectral_flatness_mean,0.9337574501026199,deviation at or below the one-sided 95% upper reference limit (empirical reference-tail probability 0.467; largest deviation: spectral_flatness_mean)
deployment,rec2018-05-02_17h41m00.892s.wav,2018-05-02#1,0,3.344,5.32,1.9760000000000004,26752,42560,0.9746136031367562,0.999910831451416,110,SCOREABLE,,0.3459987938404083,0.08867305517196655,0.030649779364466667,0.07000067830085754,0.20219337940216064,-0.8802843950716427,-1.4666038795779435,-0.9747933253321062,-0.6334483950512221,1.0340824981722587,0.4670846394984326,WITHIN_REFERENCE_RANGE,STABLE,8,0.9947015954127175,1.1551489292147918,spectral_flatness_mean,0.5028694959498814,deviation at or below the one-sided 95% upper reference limit (empirical reference-tail probability 0.467; largest deviation: spectral_flatness_mean)
deployment,rec2018-05-02_17h42m58.720s.wav,2018-05-02#1,0,3.152,4.84,1.6879999999999997,25216,38720,0.9724335049061065,0.9991081953048706,94,SCOREABLE,,0.3552929162979126,0.07412312924861908,0.04929369315505028,0.09240256249904633,0.12781915068626404,-0.5467721380306723,-1.9563845077961894,1.101973017880342,0.6916380005064067,1.206141344241252,0.31974921630094044,WITHIN_REFERENCE_RANGE,STABLE,8,1.081630676252587,1.2692641980827464,spectral_flatness_mean,0.6577366314874848,deviation at or below the one-sided 95% upper reference limit (empirical reference-tail probability 0.320; largest deviation: spectral_flatness_mean)
deployment,rec2018-05-02_17h42m58.720s.wav,2018-05-02#1,1,6.896,8.184,1.2879999999999994,55168,65472,0.9515930155049199,0.9930620193481445,69,SCOREABLE,,0.38356953859329224,0.07875838875770569,0.04213074594736099,0.10508448630571365,0.0815620943903923,0.4679121601746543,-1.8003520766844905,0.3040843424537304,1.441782254313056,1.1865298927796788,0.32601880877742945,WITHIN_REFERENCE_RANGE,STABLE,8,1.1218631428421237,1.2269671609624984,spectral_flatness_mean,0.5755691770980713,deviation at or below the one-sided 95% upper reference limit (empirical reference-tail probability 0.326; largest deviation: spectral_flatness_mean)
deployment,rec2018-05-02_17h42m58.720s.wav,2018-05-02#1,2,11.216000000000001,12.328,1.1119999999999983,89728,98624,0.9189288390093836,0.9984755516052246,58,SCOREABLE,,0.3885858356952667,0.07934372872114182,0.049917254596948624,0.1152195930480957,0.08753105252981186,0.6479180269057061,-1.7806483217290816,1.1714322221013764,2.0412805796789497,1.5107602449774895,0.14106583072100312,WITHIN_REFERENCE_RANGE,STABLE,8,1.4453350596275112,1.5820443937689017,spectral_rolloff_std,0.4564091265989482,deviation at or below the one-sided 95% upper reference limit (empirical reference-tail probability 0.141; largest deviation: spectral_rolloff_std)
deployment,rec2018-05-03_09h32m11.296s.wav,2018-05-03#1,0,2.096,3.7680000000000002,1.6720000000000002,16768,30145,0.823901737152144,0.959595263004303,86,SCOREABLE,,0.3619021475315094,0.12683168053627014,0.05749019607901573,0.09392410516738892,0.19505739212036133,-0.3096050858317011,-0.18210555282814772,2.0149906168531073,0.7816382644236816,1.095463749281672,0.3949843260188088,WITHIN_REFERENCE_RANGE,STABLE,8,0.979890802974046,1.2167575583455106,spectral_centroid_std,0.8458435534173708,deviation at or below the one-sided 95% upper reference limit (empirical reference-tail probability 0.395; largest deviation: spectral_centroid_std)
deployment,rec2018-05-03_09h32m39.426s.wav,2018-05-03#1,0,2.432,3.8480000000000003,1.4160000000000004,19456,30785,0.7652435674295797,0.8681809902191162,77,SCOREABLE,,0.33744657039642334,0.12548211216926575,0.024857448413968086,0.08228085935115814,0.2081020623445511,-1.1871741909145141,-0.2275348179733555,-1.620007527771661,0.09293250669692418,1.0117083934861766,0.48589341692789967,WITHIN_REFERENCE_RANGE,STABLE,8,0.861957564376143,1.024051087264743,spectral_centroid_std,0.6410078790454783,deviation at or below the one-sided 95% upper reference limit (empirical reference-tail probability 0.486; largest deviation: spectral_centroid_std)
deployment,rec2018-05-03_09h32m52.456s.wav,2018-05-03#1,0,2.896,4.12,1.2240000000000002,23168,32960,0.7734057664871216,0.9653192758560181,65,SCOREABLE,,0.3346656560897827,0.11211741715669632,0.032170746475458145,0.0870906338095665,0.21635755896568298,-1.2869651083772362,-0.677418120038686,-0.8053711031141768,0.377433874713672,0.8523868609748012,0.6050156739811913,WITHIN_REFERENCE_RANGE,STABLE,8,0.8459210343920086,0.9510586086227205,spectral_centroid_mean,0.5699018418855747,deviation at or below the one-sided 95% upper reference limit (empirical reference-tail probability 0.605; largest deviation: spectral_centroid_mean)
deployment,rec2018-05-03_09h33m56.681s.wav,2018-05-03#1,0,1.728,3.3360000000000003,1.6080000000000003,13824,26689,0.8309977201854482,0.9755316972732544,85,SCOREABLE,,0.36942413449287415,0.13974960148334503,0.04080655425786972,0.06820283830165863,0.19188134372234344,-0.039684513944685605,0.2527384092692449,0.15658115382141385,-0.7397918304181645,0.399143199319642,0.9686520376175548,WITHIN_REFERENCE_RANGE,STABLE,8,0.3900758735020624,0.4342710069113407,spectral_rolloff_std,0.8588189183115454,deviation at or below the one-sided 95% upper reference limit (empirical reference-tail probability 0.969; largest deviation: spectral_rolloff_std)
deployment,rec2018-05-03_11h21m20.915s.wav,2018-05-03#2,0,1.8880000000000001,3.624,1.736,15104,28992,0.9849389797633457,0.9997239112854004,97,SCOREABLE,,0.34658917784690857,0.11246238648891449,0.03798235207796097,0.08276703953742981,0.22711075842380524,-0.859098930448266,-0.6658057381516603,-0.1580098756985808,0.12169038906604862,0.5525223807372782,0.8840125391849529,WITHIN_REFERENCE_RANGE,STABLE,8,0.4916163468697182,0.6258000702338973,spectral_centroid_mean,0.6044030071563337,deviation at or below the one-sided 95% upper reference limit (empirical reference-tail probability 0.884; largest deviation: spectral_centroid_mean)
deployment,rec2018-05-03_11h22m05.830s.wav,2018-05-03#2,0,1.36,1.864,0.504,10880,14912,0.9322609841823578,0.9970126748085022,20,SCOREABLE,,0.32265910506248474,0.07493503391742706,0.06398984789848328,0.11023888736963272,0.27278852462768555,-1.7178107262073032,-1.9290541158177668,2.7389940794783874,1.7466685159605981,2.075154388527031,0.0219435736677116,OUTSIDE_REFERENCE_RANGE,BORDERLINE,8,1.5021771714749257,2.8482283055172024,spectral_centroid_std,0.43553330350193986,deviation above the one-sided 95% upper reference limit (empirical reference-tail probability 0.022; largest deviation: spectral_centroid_std)
deployment,rec2018-05-03_11h22m05.830s.wav,2018-05-03#2,1,2.512,3.096,0.5840000000000001,20096,24768,0.8087048387527466,0.9613204598426819,25,SCOREABLE,,0.25814089179039,0.0250716395676136,0.012409220449626446,0.03431490436196327,0.4437894821166992,-4.032995944285985,-3.607559198139658,-3.0066295192355827,-2.744285731010532,3.3856485676335364,0.006269592476489028,OUTSIDE_REFERENCE_RANGE,STABLE,8,3.339281882457487,3.412354773659929,spectral_centroid_mean,0.35474136029378994,deviation above the one-sided 95% upper reference limit (empirical reference-tail probability 0.006; largest deviation: spectral_centroid_mean)
deployment,rec2018-05-03_11h22m59.308s.wav,2018-05-03#2,0,0.976,3.128,2.152,7808,25024,0.9574886545902346,0.9989746809005737,123,SCOREABLE,,0.3047342300415039,0.08904920518398285,0.04217743128538132,0.08230623602867126,0.23516282439231873,-2.361030734632922,-1.4539418914578517,0.3092846743052473,0.0944335541016693,1.3957961759796529,0.1786833855799373,WITHIN_REFERENCE_RANGE,STABLE,8,1.3842393070263608,1.4016471077668426,spectral_centroid_mean,0.7153182104695699,deviation at or below the one-sided 95% upper reference limit (empirical reference-tail probability 0.179; largest deviation: spectral_centroid_mean)
deployment,rec2018-05-03_11h30m44.236s.wav,2018-05-03#2,0,3.728,5.4,1.6720000000000002,29824,43200,0.9772963549501152,0.9997573494911194,93,SCOREABLE,,0.3567139804363251,0.15275506675243378,0.04818948358297348,0.09148631244897842,0.19928963482379913,-0.4957783717693664,0.690529294482176,0.9789738825646487,0.6374411987761248,0.7223828702795322,0.7304075235109718,WITHIN_REFERENCE_RANGE,STABLE,8,0.703930018102908,0.7516272983260086,spectral_centroid_std,0.45914233852693165,deviation at or below the one-sided 95% upper reference limit (empirical reference-tail probability 0.730; largest deviation: spectral_centroid_std)
deployment,rec2018-05-03_11h31m05.117s.wav,2018-05-03#2,0,2.976,4.856,1.88,23808,38848,0.9811230127541524,0.9999228715896606,106,SCOREABLE,,0.3378652334213257,0.11937882006168365,0.03209549933671951,0.07549141347408295,0.21804431080818176,-1.172150798333535,-0.43298426551001234,-0.8137529657912267,-0.3086677464556459,0.7613938756072991,0.6896551724137931,WITHIN_REFERENCE_RANGE,STABLE,8,0.7613938756072991,0.7841257800097754,spectral_centroid_mean,0.5924998240095354,deviation at or below the one-sided 95% upper reference limit (empirical reference-tail probability 0.690; largest deviation: spectral_centroid_mean)
deployment,rec2018-05-03_11h31m22.631s.wav,2018-05-03#2,0,4.496,6.328,1.8319999999999999,35968,50624,0.9831141337607671,0.9998303055763245,103,SCOREABLE,,0.3192106783390045,0.09125718474388123,0.05055174231529236,0.09801887720823288,0.24669410288333893,-1.8415548004915492,-1.37961672845446,1.2421085164373566,1.0238467624334506,1.4040799621279165,0.1786833855799373,WITHIN_REFERENCE_RANGE,STABLE,8,1.3819486620503045,1.4206927086049426,spectral_centroid_mean,0.4300566025603988,deviation at or below the one-sided 95% upper reference limit (empirical reference-tail probability 0.179; largest deviation: spectral_centroid_mean)
deployment,rec2018-05-03_11h31m40.430s.wav,2018-05-03#2,0,4.176,5.928,1.7519999999999998,33408,47424,0.9826036953196233,0.9998825192451477,98,SCOREABLE,,0.32605063915252686,0.09302161633968353,0.040959253907203674,0.07455338537693024,0.2467527985572815,-1.596108199220686,-1.3202223081671742,0.173590538005397,-0.36415273420004113,1.0551408928802033,0.438871473354232,WITHIN_REFERENCE_RANGE,STABLE,8,1.0366736355553434,1.0782198048098985,spectral_centroid_mean,0.5720628641993427,deviation at or below the one-sided 95% upper reference limit (empirical reference-tail probability 0.439; largest deviation: spectral_centroid_mean)
deployment,rec2018-05-03_11h32m00.868s.wav,2018-05-03#2,0,3.36,5.192,1.8320000000000003,26880,41536,0.9864310633788989,0.999843955039978,103,SCOREABLE,,0.35556355118751526,0.13416622579097748,0.04286075383424759,0.09916643053293228,0.19275279343128204,-0.5370606183817634,0.06479042461331246,0.3854007348590327,1.0917253071702833,0.6389502679559864,0.8213166144200627,WITHIN_REFERENCE_RANGE,STABLE,8,0.6357676895297062,0.6657165047977499,spectral_rolloff_std,0.7298483843611249,deviation at or below the one-sided 95% upper reference limit (empirical reference-tail probability 0.821; largest deviation: spectral_rolloff_std)
deployment,rec2018-05-03_11h33m06.158s.wav,2018-05-03#2,0,1.712,3.544,1.832,13696,28352,0.9794971954475329,0.9997748136520386,103,SCOREABLE,,0.30779948830604553,0.10022737085819244,0.05073508992791176,0.10172291845083237,0.24480605125427246,-2.2510363584134288,-1.077661693532114,1.2625318114210868,1.242943273054186,1.5303115669273495,0.13166144200626959,WITHIN_REFERENCE_RANGE,STABLE,8,1.5212224140475346,1.5781798776361446,spectral_centroid_mean,0.5409352788813283,deviation at or below the one-sided 95% upper reference limit (empirical reference-tail probability 0.132; largest deviation: spectral_centroid_mean)
deployment,rec2018-05-03_11h34m12.944s.wav,2018-05-03#2,0,4.848,6.712000000000001,1.8640000000000008,38784,53697,0.9833340815135411,0.9998143315315247,105,SCOREABLE,,0.33045798540115356,0.08716219663619995,0.03886543586850166,0.07898332923650742,0.23923251032829285,-1.4379540537743114,-1.5174625057108262,-0.0596421877210889,-0.1021185995050508,1.0469467173554232,0.445141065830721,WITHIN_REFERENCE_RANGE,STABLE,8,1.0244678403426213,1.0865290512311445,spectral_flatness_mean,0.5252025037542242,deviation at or below the one-sided 95% upper reference limit (empirical reference-tail probability 0.445; largest deviation: spectral_flatness_mean)
deployment,rec2018-05-03_11h34m42.301s.wav,2018-05-03#2,0,3.536,5.096,1.56,28288,40768,0.9866180551606555,0.9997468590736389,86,SCOREABLE,,0.324929416179657,0.08956912904977798,0.04071519896388054,0.06963857263326645,0.23134754598140717,-1.6363424016467676,-1.43644017777516,0.14640498577204036,-0.654867186865085,1.1392170877454992,0.3573667711598746,WITHIN_REFERENCE_RANGE,STABLE,8,1.1092677571769745,1.162857031580367,spectral_centroid_mean,0.515792942986153,deviation at or below the one-sided 95% upper reference limit (empirical reference-tail probability 0.357; largest deviation: spectral_centroid_mean)
deployment,rec2018-05-03_11h35m02.168s.wav,2018-05-03#2,0,4.336,6.12,1.7839999999999998,34688,48960,0.9658768343925476,0.9997868537902832,100,SCOREABLE,,0.3293904662132263,0.1020716056227684,0.04040946811437607,0.07748260349035263,0.24115079641342163,-1.4762611382169843,-1.0155809333732932,0.11234928558674359,-0.19088752858707672,0.902747471747084,0.5517241379310345,WITHIN_REFERENCE_RANGE,STABLE,8,0.8916441389938093,0.9090923110596081,spectral_centroid_mean,0.6685498900666708,deviation at or below the one-sided 95% upper reference limit (empirical reference-tail probability 0.552; largest deviation: spectral_centroid_mean)
deployment,rec2018-05-03_11h35m22.211s.wav,2018-05-03#2,0,4.72,6.5840000000000005,1.8640000000000008,37760,52673,0.977025428272429,0.9997784495353699,105,SCOREABLE,,0.322782963514328,0.09592383354902267,0.04230467975139618,0.08034475892782211,0.2500765025615692,-1.713366163311051,-1.222527668654611,0.32345902280382005,-0.021589124997045628,1.0648109386126545,0.4200626959247649,WITHIN_REFERENCE_RANGE,STABLE,8,1.0305391755678877,1.1637392906290946,spectral_centroid_mean,0.6472847462489111,deviation at or below the one-sided 95% upper reference limit (empirical reference-tail probability 0.420; largest deviation: spectral_centroid_mean)
deployment,rec2018-05-03_11h35m39.758s.wav,2018-05-03#2,0,4.336,6.056,1.7199999999999998,34688,48448,0.9874747594197592,0.9998598098754883,96,SCOREABLE,,0.34570565819740295,0.1054501160979271,0.04757986590266228,0.09926589578390121,0.2119770646095276,-0.8908033365171517,-0.9018532764984294,0.9110678894926907,1.0976087431225285,0.9541566392533153,0.5266457680250783,WITHIN_REFERENCE_RANGE,STABLE,8,0.936654684691347,0.9870191785680668,spectral_rolloff_std,0.3308230575036267,deviation at or below the one-sided 95% upper reference limit (empirical reference-tail probability 0.527; largest deviation: spectral_rolloff_std)
deployment,rec2018-05-03_11h35m58.563s.wav,2018-05-03#2,0,4.288,6.456,2.168,34304,51648,0.9764056866688113,0.9998460412025452,124,SCOREABLE,,0.337405264377594,0.08628055453300476,0.029855122789740562,0.07132362574338913,0.23233623802661896,-1.1886564248351603,-1.5471404041029886,-1.0633110071526035,-0.5551951712318571,1.145144041420218,0.3573667711598746,WITHIN_REFERENCE_RANGE,STABLE,8,1.134701036193622,1.1530540886745486,spectral_flatness_mean,0.4563302189486173,deviation at or below the one-sided 95% upper reference limit (empirical reference-tail probability 0.357; largest deviation: spectral_flatness_mean)
deployment,rec2018-05-03_11h36m16.780s.wav,2018-05-03#2,0,4.368,6.28,1.912,34944,50240,0.9832535805525603,0.9997474551200867,108,SCOREABLE,,0.33728453516960144,0.10798882693052292,0.05497171729803085,0.11218318343162537,0.2220548689365387,-1.1929886972828787,-0.8163950141674842,1.7344544575899299,1.8616749251487603,1.4632061238410197,0.1536050156739812,WITHIN_REFERENCE_RANGE,STABLE,8,1.4483547791849978,1.465759607882323,spectral_rolloff_std,0.4047032453656883,deviation at or below the one-sided 95% upper reference limit (empirical reference-tail probability 0.154; largest deviation: spectral_rolloff_std)
deployment,rec2018-05-03_11h36m35.115s.wav,2018-05-03#2,0,4.0,6.104,2.104,32000,48832,0.9696106359362602,0.9999263286590576,120,SCOREABLE,,0.3332073390483856,0.08913353085517883,0.04023414105176926,0.08587922155857086,0.23391510546207428,-1.339295665692516,-1.451103314792178,0.09281940861101821,0.3057780318834539,1.0001911514481898,0.4952978056426332,WITHIN_REFERENCE_RANGE,STABLE,8,0.9795584620795688,1.025465076877654,spectral_flatness_mean,0.5262240113588906,deviation at or below the one-sided 95% upper reference limit (empirical reference-tail probability 0.495; largest deviation: spectral_flatness_mean)
deployment,rec2018-05-03_11h36m53.106s.wav,2018-05-03#2,0,4.6080000000000005,6.5840000000000005,1.976,36864,52673,0.9844157759632383,0.9998288750648499,112,SCOREABLE,,0.33344343304634094,0.09890419244766235,0.03740840405225754,0.08437719196081161,0.2277277112007141,-1.3308236187088516,-1.1222026181092164,-0.22194258617571958,0.21693197910917011,0.8841306768972406,0.567398119122257,WITHIN_REFERENCE_RANGE,STABLE,8,0.8771792126533721,0.8955156254367718,spectral_centroid_mean,0.5664324026584,deviation at or below the one-sided 95% upper reference limit (empirical reference-tail probability 0.567; largest deviation: spectral_centroid_mean)
deployment,rec2018-05-03_11h37m11.955s.wav,2018-05-03#2,0,3.7600000000000002,5.704000000000001,1.9440000000000004,30080,45633,0.9867810254747217,0.9998304843902588,110,SCOREABLE,,0.33274465799331665,0.1036539375782013,0.026409437879920006,0.07359012961387634,0.23097197711467743,-1.3558986105828703,-0.9623163639682949,-1.447129690847898,-0.4211299552129234,1.1220571072646983,0.3667711598746082,WITHIN_REFERENCE_RANGE,STABLE,8,1.024103597659803,1.1432289009061436,spectral_centroid_std,0.4158387865573809,deviation at or below the one-sided 95% upper reference limit (empirical reference-tail probability 0.367; largest deviation: spectral_centroid_std)
deployment,rec2018-05-03_11h37m32.414s.wav,2018-05-03#2,0,4.224,6.072,1.8479999999999999,33792,48576,0.9695011807175783,0.9997001886367798,104,SCOREABLE,,0.3115083575248718,0.0815337523818016,0.03574451059103012,0.07419722527265549,0.2450396716594696,-2.117946510512641,-1.7069275914668345,-0.4072855338948636,-0.3852198419772081,1.3886661816898627,0.18181818181818182,WITHIN_REFERENCE_RANGE,STABLE,8,1.3536235739571654,1.4135682259191014,spectral_centroid_mean,0.5815328675009288,deviation at or below the one-sided 95% upper reference limit (empirical reference-tail probability 0.182; largest deviation: spectral_centroid_mean)
deployment,rec2018-05-03_11h37m50.903s.wav,2018-05-03#2,0,3.872,5.720000000000001,1.8480000000000008,30976,45761,0.9658343895123556,0.9998899698257446,104,SCOREABLE,,0.33517923951148987,0.10393451899290085,0.033825188875198364,0.08616288751363754,0.22147731482982635,-1.2685355721907319,-0.952871412682502,-0.62108091967107,0.3225570623710819,0.8670252294895661,0.5862068965517241,WITHIN_REFERENCE_RANGE,STABLE,8,0.847061860953725,0.8670252294895661,spectral_centroid_mean,0.5351577741462304,deviation at or below the one-sided 95% upper reference limit (empirical reference-tail probability 0.586; largest deviation: spectral_centroid_mean)
deployment,rec2018-05-03_11h38m07.740s.wav,2018-05-03#2,0,3.616,5.416,1.8000000000000003,28928,43328,0.9733203953445548,0.9998195171356201,101,SCOREABLE,,0.33676066994667053,0.10495039820671082,0.03546217828989029,0.09425473213195801,0.21795699000358582,-1.2117871878002797,-0.918674815245858,-0.4387348436908069,0.8011950699530325,0.886960174961278,0.5642633228840125,WITHIN_REFERENCE_RANGE,STABLE,8,0.8717370755704086,0.8992041711768108,spectral_centroid_mean,0.4666427051883131,deviation at or below the one-sided 95% upper reference limit (empirical reference-tail probability 0.564; largest deviation: spectral_centroid_mean)
deployment,rec2018-05-03_11h38m25.235s.wav,2018-05-03#2,0,3.952,5.864,1.912,31616,46912,0.9822356965806749,0.9998617768287659,108,SCOREABLE,,0.34104806184768677,0.10312756150960922,0.03571079298853874,0.081797756254673,0.2157948762178421,-1.0579375095477006,-0.9800352721546509,-0.41104137522809686,0.06435663624152839,0.7504661380690273,0.7021943573667712,WITHIN_REFERENCE_RANGE,STABLE,8,0.7134725247043177,0.8164468897801705,spectral_centroid_mean,0.49681858931395634,deviation at or below the one-sided 95% upper reference limit (empirical reference-tail probability 0.702; largest deviation: spectral_centroid_mean)
deployment,rec2018-05-03_11h38m46.135s.wav,2018-05-03#2,0,3.44,5.5120000000000005,2.0720000000000005,27520,44096,0.9873656484030061,0.9999032616615295,118,SCOREABLE,,0.3455388844013214,0.10608264058828354,0.049221470952034,0.09000150859355927,0.22322240471839905,-0.8967878827075816,-0.880561192684237,1.0939281061659023,0.549614060153271,0.8772643326287856,0.5862068965517241,WITHIN_REFERENCE_RANGE,STABLE,8,0.8600451458172028,0.9094682485527129,spectral_centroid_std,0.3887376683129235,deviation at or below the one-sided 95% upper reference limit (empirical reference-tail probability 0.586; largest deviation: spectral_centroid_std)
deployment,rec2018-05-03_11h39m04.979s.wav,2018-05-03#2,0,4.4,6.184,1.7839999999999998,35200,49472,0.9801850086450576,0.9998233318328857,100,SCOREABLE,,0.3587978184223175,0.13383206725120544,0.03877668455243111,0.07163317501544952,0.19781191647052765,-0.421001488508602,0.053541956380809975,-0.0695282957669346,-0.5368851252762067,0.34394360586971434,0.9811912225705329,WITHIN_REFERENCE_RANGE,STABLE,8,0.32934841271755444,0.396413465243032,spectral_rolloff_std,0.6091556434786434,deviation at or below the one-sided 95% upper reference limit (empirical reference-tail probability 0.981; largest deviation: spectral_rolloff_std)
deployment,rec2018-05-03_11h39m23.236s.wav,2018-05-03#2,0,4.0,5.896,1.896,32000,47168,0.9800219569250802,0.9998205304145813,107,SCOREABLE,,0.3784879148006439,0.1338167041540146,0.06544188410043716,0.09307806938886642,0.19335567951202393,0.285562096651354,0.05302480272427887,2.9007380108876233,0.7315946836981906,1.5028197771000027,0.14106583072100312,WITHIN_REFERENCE_RANGE,STABLE,8,1.5028197771000027,1.560984421748382,spectral_centroid_std,0.9314149770089722,deviation at or below the one-sided 95% upper reference limit (empirical reference-tail probability 0.141; largest deviation: spectral_centroid_std)
deployment,rec2018-05-03_11h39m41.633s.wav,2018-05-03#2,0,4.24,5.928,1.6879999999999997,33920,47424,0.9724956605028598,0.999213695526123,94,SCOREABLE,,0.3177652060985565,0.08200434595346451,0.03343794494867325,0.0634092316031456,0.27270013093948364,-1.8934244322514189,-1.691086437609503,-0.664216452384538,-1.0233368646509144,1.4082996178268736,0.1786833855799373,WITHIN_REFERENCE_RANGE,STABLE,8,1.3670571391722035,1.45119579340717,spectral_centroid_mean,0.4519036399840327,deviation at or below the one-sided 95% upper reference limit (empirical reference-tail probability 0.179; largest deviation: spectral_centroid_mean)
deployment,rec2018-05-03_11h40m00.485s.wav,2018-05-03#2,0,4.816,6.6000000000000005,1.7840000000000007,38528,52801,0.9883299779891968,0.9999138116836548,100,SCOREABLE,,0.3317011296749115,0.11139018088579178,0.033904556185007095,0.07593999803066254,0.22326108813285828,-1.3933448015867842,-0.7018983984609402,-0.6122401065449475,-0.2821336706644263,0.8497806266995763,0.6050156739811913,WITHIN_REFERENCE_RANGE,STABLE,8,0.8032972244586333,0.8569646512441159,spectral_centroid_mean,0.6721149572482709,deviation at or below the one-sided 95% upper reference limit (empirical reference-tail probability 0.605; largest deviation: spectral_centroid_mean)
deployment,rec2018-05-03_11h40m20.470s.wav,2018-05-03#2,0,4.384,6.232,1.8479999999999999,35072,49856,0.9758561184773078,0.9999236464500427,104,SCOREABLE,,0.34547144174575806,0.11093394458293915,0.025570299476385117,0.0779389888048172,0.21211965382099152,-0.8992080092316957,-0.7172562569273234,-1.5406022531721486,-0.16389203276274844,0.9647988757831902,0.5203761755485894,WITHIN_REFERENCE_RANGE,STABLE,8,0.8313418293344589,1.0481532536884175,spectral_centroid_std,0.637452000763126,deviation at or below the one-sided 95% upper reference limit (empirical reference-tail probability 0.520; largest deviation: spectral_centroid_std)
deployment,rec2018-05-03_11h40m45.441s.wav,2018-05-03#2,0,4.128,5.832,1.7039999999999997,33024,46656,0.9748669423555073,0.9998601675033569,95,SCOREABLE,,0.345922589302063,0.10501240938901901,0.03448213264346123,0.07496318966150284,0.21395733952522278,-0.8830189348516515,-0.9165873904721876,-0.5479032208983723,-0.3399125373699778,0.7133711089277562,0.7335423197492164,WITHIN_REFERENCE_RANGE,STABLE,8,0.683227043714877,0.7447671487056442,spectral_flatness_mean,0.41272115661465164,deviation at or below the one-sided 95% upper reference limit (empirical reference-tail probability 0.734; largest deviation: spectral_flatness_mean)
deployment,rec2018-05-03_11h41m04.101s.wav,2018-05-03#2,0,5.296,7.08,1.7839999999999998,42368,56640,0.9787498307228089,0.9999322891235352,100,SCOREABLE,,0.3452703058719635,0.09344945847988129,0.05405854433774948,0.08227377384901047,0.2218160629272461,-0.906425611490311,-1.3058202559980945,1.6327351034486413,0.09251339451785413,1.1403022161185137,0.3573667711598746,WITHIN_REFERENCE_RANGE,STABLE,8,1.1277478537132033,1.1436555854730828,spectral_centroid_std,0.5125444463949941,deviation at or below the one-sided 95% upper reference limit (empirical reference-tail probability 0.357; largest deviation: spectral_centroid_std)
deployment,rec2018-05-03_11h41m23.831s.wav,2018-05-03#2,0,4.048,5.736000000000001,1.6880000000000006,32384,45889,0.9820856788056962,0.9998478293418884,94,SCOREABLE,,0.3320581316947937,0.09386497735977173,0.031208215281367302,0.062199901789426804,0.23136743903160095,-1.3805340655583427,-1.2918330302828958,-0.9125885259489441,-1.0948695299269262,1.1838775263464767,0.329153605015674,WITHIN_REFERENCE_RANGE,STABLE,8,1.168012947389426,1.2938022021161797,spectral_centroid_mean,0.33995443484619114,deviation at or below the one-sided 95% upper reference limit (empirical reference-tail probability 0.329; largest deviation: spectral_centroid_mean)
deployment,rec2018-05-03_11h41m45.507s.wav,2018-05-03#2,0,4.96,6.648000000000001,1.6880000000000006,39680,53185,0.985384982317052,0.999862790107727,94,SCOREABLE,,0.34422028064727783,0.10189079493284225,0.06519604474306107,0.09732761234045029,0.26496943831443787,-0.9441049388540379,-1.0216673955152413,2.873353690783466,0.9829579843323784,1.6701426760855809,0.06896551724137931,WITHIN_REFERENCE_RANGE,BORDERLINE,8,1.4975364571839023,2.119129259746673,spectral_centroid_std,0.7399647608739431,deviation at or below the one-sided 95% upper reference limit (empirical reference-tail probability 0.069; largest deviation: spectral_centroid_std)
deployment,rec2018-05-03_11h42m07.338s.wav,2018-05-03#2,0,3.392,5.208,1.8160000000000003,27136,41664,0.9734814015089297,0.999771773815155,102,SCOREABLE,,0.3331297039985657,0.10246211290359497,0.04228080436587334,0.07743556797504425,0.21706679463386536,-1.3420815382489972,-1.002435649862253,0.3207995169917891,-0.19366971069692873,0.8582657476514994,0.6050156739811913,WITHIN_REFERENCE_RANGE,STABLE,8,0.7900922331971869,0.8863444947489805,spectral_centroid_mean,0.6112997972014852,deviation at or below the one-sided 95% upper reference limit (empirical reference-tail probability 0.605; largest deviation: spectral_centroid_mean)
deployment,rec2018-05-03_11h42m25.033s.wav,2018-05-03#2,0,4.048,6.2,2.152,32384,49600,0.9871244495961724,0.9998883008956909,123,SCOREABLE,,0.36222371459007263,0.13118988275527954,0.03626248240470886,0.09081956744194031,0.1985510289669037,-0.2980659054537993,-0.03539944367171823,-0.3495880760829732,0.5980027867963139,0.37746376003591814,0.9749216300940439,WITHIN_REFERENCE_RANGE,STABLE,8,0.3653935328220987,0.40825363248394103,spectral_rolloff_std,0.6274742396288226,deviation at or below the one-sided 95% upper reference limit (empirical reference-tail probability 0.975; largest deviation: spectral_rolloff_std)
deployment,rec2018-05-03_11h42m42.981s.wav,2018-05-03#2,0,5.008,6.888,1.88,40064,55104,0.9806636448176402,0.9998643398284912,106,SCOREABLE,,0.33576732873916626,0.09945077449083328,0.04541816934943199,0.08515394479036331,0.20985299348831177,-1.24743245389628,-1.1038035349875974,0.6702741003552177,0.2628774271814829,0.9073094679068112,0.5517241379310345,WITHIN_REFERENCE_RANGE,STABLE,8,0.8648868673009867,0.9280641500727771,spectral_centroid_mean,0.4725667926659548,deviation at or below the one-sided 95% upper reference limit (empirical reference-tail probability 0.552; largest deviation: spectral_centroid_mean)
deployment,rec2018-05-03_11h43m01.074s.wav,2018-05-03#2,0,4.432,6.28,1.8479999999999999,35456,50240,0.9851940583724242,0.9998271465301514,104,SCOREABLE,,0.3637236952781677,0.12724155187606812,0.05778962001204491,0.1076231598854065,0.1927609145641327,-0.24424028102375533,-0.1683084350041471,2.048343782580646,1.5919464902073095,1.3055637597881105,0.23824451410658307,WITHIN_REFERENCE_RANGE,STABLE,8,1.3055637597881105,1.3461030607661622,spectral_centroid_std,0.6153887208528332,deviation at or below the one-sided 95% upper reference limit (empirical reference-tail probability 0.238; largest deviation: spectral_centroid_std)
deployment,rec2018-05-03_11h43m19.240s.wav,2018-05-03#2,0,4.16,5.752000000000001,1.5920000000000005,33280,46017,0.9874874400821599,0.9997631907463074,88,SCOREABLE,,0.3618844151496887,0.1254584938287735,0.046083737164735794,0.054539754986763,0.20552732050418854,-0.3102413983733926,-0.22832986020963272,0.7444124413427464,-1.5479723237091003,0.880163684794375,0.5830721003134797,WITHIN_REFERENCE_RANGE,STABLE,8,0.8050302781704137,0.903733091518525,spectral_rolloff_std,0.7732848477201254,deviation at or below the one-sided 95% upper reference limit (empirical reference-tail probability 0.583; largest deviation: spectral_rolloff_std)
deployment,rec2018-05-03_11h43m36.628s.wav,2018-05-03#2,0,3.2640000000000002,5.32,2.056,26112,42560,0.9883021528904254,0.9999393820762634,117,SCOREABLE,,0.36198028922080994,0.12430522590875626,0.044158801436424255,0.08900976181030273,0.19771502912044525,-0.30680103291688565,-0.2671512459229176,0.5299917044573607,0.49095157628785047,0.41455437491666236,0.9592476489028213,WITHIN_REFERENCE_RANGE,STABLE,8,0.3872411315662676,0.4372879342528342,spectral_centroid_std,0.4086157921050956,deviation at or below the one-sided 95% upper reference limit (empirical reference-tail probability 0.959; largest deviation: spectral_centroid_std)
deployment,rec2018-05-03_11h43m55.823s.wav,2018-05-03#2,0,3.904,5.896,1.992,31232,47168,0.9867991277601866,0.9999198317527771,113,SCOREABLE,,0.34550148248672485,0.11441657692193985,0.038503773510456085,0.06709428131580353,0.21775072813034058,-0.8981300209257712,-0.6000236425597233,-0.09992816100075803,-0.8053637156962669,0.6755113355895398,0.774294670846395,WITHIN_REFERENCE_RANGE,STABLE,8,0.663600921387899,0.687580411534398,spectral_centroid_mean,0.44192966294847524,deviation at or below the one-sided 95% upper reference limit (empirical reference-tail probability 0.774; largest deviation: spectral_centroid_mean)
deployment,rec2018-05-03_11h48m01.012s.wav,2018-05-03#2,0,4.096,5.800000000000001,1.7040000000000006,32768,46401,0.9840899486290781,0.9997128248214722,95,SCOREABLE,,0.34434059262275696,0.12761203944683075,0.04896008223295212,0.09971679002046585,0.21684609353542328,-0.9397876384661241,-0.15583705637918796,1.0648117253253713,1.124279438025748,0.9090261628127859,0.5517241379310345,WITHIN_REFERENCE_RANGE,STABLE,8,0.7200684730493453,0.9090261628127859,spectral_rolloff_std,0.3824157571207262,deviation at or below the one-sided 95% upper reference limit (empirical reference-tail probability 0.552; largest deviation: spectral_rolloff_std)
deployment,rec2018-05-03_11h48m24.363s.wav,2018-05-03#2,0,3.648,5.224,1.576,29184,41792,0.987802276666137,0.9997812509536743,87,SCOREABLE,,0.3505946397781372,0.13103754818439484,0.05567729473114014,0.1040724366903305,0.2040606141090393,-0.7153660868921606,-0.0405273406947226,1.8130495145114907,1.3819188443824768,1.1948053542469732,0.322884012539185,WITHIN_REFERENCE_RANGE,STABLE,8,1.1425968404905844,1.2114910009771918,spectral_centroid_std,0.5756586278458742,deviation at or below the one-sided 95% upper reference limit (empirical reference-tail probability 0.323; largest deviation: spectral_centroid_std)
deployment,rec2018-05-03_11h48m41.938s.wav,2018-05-03#2,0,3.8240000000000003,5.6240000000000006,1.8000000000000003,30592,44993,0.9882930706043055,0.9998981952667236,101,SCOREABLE,,0.33654528856277466,0.1034579798579216,0.04627055674791336,0.10056578367948532,0.21254484355449677,-1.2195159789579346,-0.9689127065097229,0.765222482997847,1.174497979355961,1.0477382793148238,0.445141065830721,WITHIN_REFERENCE_RANGE,STABLE,8,1.0363419432007017,1.0609790494734934,spectral_centroid_mean,0.33869546094355746,deviation at or below the one-sided 95% upper reference limit (empirical reference-tail probability 0.445; largest deviation: spectral_centroid_mean)
deployment,rec2018-05-03_11h48m59.604s.wav,2018-05-03#2,0,3.568,5.5440000000000005,1.9760000000000004,28544,44353,0.9860179823424134,0.9997897744178772,112,SCOREABLE,,0.3522767126560211,0.10634594410657883,0.03664860501885414,0.08447898179292679,0.20402030646800995,-0.6550062277902928,-0.8716978511605662,-0.30657744760564526,0.22295291558704086,0.5771888850521925,0.8808777429467085,WITHIN_REFERENCE_RANGE,STABLE,8,0.5545587806836058,0.6087636682976787,spectral_flatness_mean,0.5702115906243639,deviation at or below the one-sided 95% upper reference limit (empirical reference-tail probability 0.881; largest deviation: spectral_flatness_mean)
deployment,rec2018-05-03_11h49m17.127s.wav,2018-05-03#2,0,4.5120000000000005,6.424,1.912,36096,51392,0.9885743779164774,0.9998252391815186,108,SCOREABLE,,0.3547057509422302,0.10316702723503113,0.04271780699491501,0.09800561517477036,0.2032976597547531,-0.5678421039069856,-0.9787067741339694,0.3694777270544998,1.0230623043064846,0.7847741512670199,0.6802507836990596,WITHIN_REFERENCE_RANGE,STABLE,8,0.715876985694488,0.9353792800222928,spectral_rolloff_std,0.4248687557009445,deviation at or below the one-sided 95% upper reference limit (empirical reference-tail probability 0.680; largest deviation: spectral_rolloff_std)
deployment,rec2018-05-03_11h49m34.678s.wav,2018-05-03#2,0,4.928,6.696000000000001,1.7680000000000007,39424,53569,0.986707435713874,0.999773383140564,99,SCOREABLE,,0.3501195013523102,0.11840390413999557,0.04867054149508476,0.0923398807644844,0.19172760844230652,-0.732416054710964,-0.4658019537305515,1.0325594597256709,0.6879303340894599,0.7571049992780027,0.6896551724137931,WITHIN_REFERENCE_RANGE,STABLE,8,0.7398330978072967,0.9065566259280411,spectral_centroid_std,0.4650053188355499,deviation at or below the one-sided 95% upper reference limit (empirical reference-tail probability 0.690; largest deviation: spectral_centroid_std)
deployment,rec2018-05-03_11h49m54.056s.wav,2018-05-03#2,0,4.656,6.392,1.7360000000000007,37248,51136,0.9780081338489178,0.9997875690460205,97,SCOREABLE,,0.3526073098182678,0.10262994468212128,0.050793349742889404,0.10574380308389664,0.20311471819877625,-0.6431430092609077,-0.9967860847473067,1.2690214371652515,1.4807812816004033,1.141308902207257,0.3573667711598746,WITHIN_REFERENCE_RANGE,STABLE,8,0.6009294956055645,1.3485740279364642,spectral_rolloff_std,0.42083846799195485,deviation at or below the one-sided 95% upper reference limit (empirical reference-tail probability 0.357; largest deviation: spectral_rolloff_std)
deployment,rec2018-05-03_11h50m12.379s.wav,2018-05-03#2,0,4.4,6.152,1.7519999999999998,35200,49216,0.9755446509439119,0.999716579914093,98,SCOREABLE,,0.36759552359580994,0.1423686146736145,0.06021790951490402,0.12631085515022278,0.17754463851451874,-0.10530277433646477,0.3408998152035327,2.318833657601466,2.69733613246503,1.7874502161889403,0.050156739811912224,WITHIN_REFERENCE_RANGE,BORDERLINE,8,1.7709888095759456,1.8766570922505807,spectral_rolloff_std,0.5693013836452087,deviation at or below the one-sided 95% upper reference limit (empirical reference-tail probability 0.050; largest deviation: spectral_rolloff_std)
deployment,rec2018-05-03_11h50m30.421s.wav,2018-05-03#2,0,4.416,6.376,1.96,35328,51008,0.9787945027823921,0.9998531937599182,111,SCOREABLE,,0.37522175908088684,0.11985021829605103,0.04876287281513214,0.09497503936290741,0.18736964464187622,0.16835867363599097,-0.4171160250402145,1.0428443484058372,0.8438017232107977,0.7074348211017969,0.7523510971786834,WITHIN_REFERENCE_RANGE,STABLE,8,0.7013711355886887,0.8045283732838564,spectral_centroid_std,0.543257995714941,deviation at or below the one-sided 95% upper reference limit (empirical reference-tail probability 0.752; largest deviation: spectral_centroid_std)
deployment,rec2018-05-03_11h50m48.244s.wav,2018-05-03#2,0,4.896,6.936,2.04,39168,55488,0.9881146940691717,0.9995645880699158,116,SCOREABLE,,0.3679105341434479,0.11229025572538376,0.06051405891776085,0.1329108327627182,0.1902991235256195,-0.09399886918406239,-0.6716000160017274,2.351822069762337,3.0877292113654953,1.97009016922084,0.034482758620689655,OUTSIDE_REFERENCE_RANGE,BORDERLINE,8,1.9218216047666266,1.981059209065928,spectral_rolloff_std,0.6141100628238255,deviation above the one-sided 95% upper reference limit (empirical reference-tail probability 0.034; largest deviation: spectral_rolloff_std)
deployment,rec2018-05-03_11h51m07.128s.wav,2018-05-03#2,0,4.656,7.064,2.4080000000000004,37248,56512,0.9783535841986429,0.9998129606246948,139,SCOREABLE,,0.3791826069355011,0.10942595452070236,0.04386121779680252,0.07942449301481247,0.1927850991487503,0.3104905762258573,-0.7680183243028033,0.49684353106421736,-0.07602346769948186,0.48448158024618565,0.9247648902821317,WITHIN_REFERENCE_RANGE,STABLE,8,0.45599806009968197,0.49282948870901855,spectral_flatness_mean,0.6282444096191359,deviation at or below the one-sided 95% upper reference limit (empirical reference-tail probability 0.925; largest deviation: spectral_flatness_mean)
deployment,rec2018-05-03_11h51m26.000s.wav,2018-05-03#2,0,4.288,6.376,2.088,34304,51008,0.9768763925848889,0.9995429515838623,119,SCOREABLE,,0.3720218241214752,0.10822009295225143,0.04685710743069649,0.09500184655189514,0.18524181842803955,0.05353153039817172,-0.8086101211031168,0.8305590174977819,0.8453873863236201,0.7178481850640722,0.7304075235109718,WITHIN_REFERENCE_RANGE,STABLE,8,0.6385245417778724,0.8215728788571806,spectral_rolloff_std,0.34672593063897994,deviation at or below the one-sided 95% upper reference limit (empirical reference-tail probability 0.730; largest deviation: spectral_rolloff_std)
deployment,rec2018-05-03_11h51m43.422s.wav,2018-05-03#2,0,4.32,6.184,1.8639999999999999,34560,49472,0.9887061743509202,0.999847948551178,105,SCOREABLE,,0.37856847047805786,0.126095712184906,0.0735337883234024,0.10741735994815826,0.18505960702896118,0.288452773626467,-0.20687977115605397,3.802104243938996,1.579773286621323,2.066257762310141,0.0219435736677116,OUTSIDE_REFERENCE_RANGE,STABLE,8,2.0491744797784497,2.131532756266304,spectral_centroid_std,0.8464845822600053,deviation above the one-sided 95% upper reference limit (empirical reference-tail probability 0.022; largest deviation: spectral_centroid_std)
deployment,rec2018-05-03_11h52m00.607s.wav,2018-05-03#2,0,3.072,4.888,1.8159999999999998,24576,39104,0.9869494555043239,0.9998911023139954,102,SCOREABLE,,0.37112706899642944,0.12994349002838135,0.031329523772001266,0.0801667645573616,0.1860191524028778,0.02142394814740758,-0.0773556031740343,-0.8990758379305216,-0.03211761075728075,0.4516114973536068,0.9373040752351097,WITHIN_REFERENCE_RANGE,STABLE,8,0.3710927529329068,0.47323312707613435,spectral_centroid_std,0.9908380633653223,deviation at or below the one-sided 95% upper reference limit (empirical reference-tail probability 0.937; largest deviation: spectral_centroid_std)
deployment,rec2018-05-03_11h52m17.833s.wav,2018-05-03#2,0,3.344,5.272,1.9280000000000004,26752,42176,0.9889063014896637,0.9998786449432373,109,SCOREABLE,,0.38689035177230835,0.12887747585773468,0.05354977771639824,0.07218370586633682,0.1865088790655136,0.5870769230244077,-0.11323984704850452,1.57606302227297,-0.5043208581640454,0.8797438199076625,0.5830721003134797,WITHIN_REFERENCE_RANGE,STABLE,8,0.7892673369596623,0.9123503355477738,spectral_centroid_std,0.802370067232235,deviation at or below the one-sided 95% upper reference limit (empirical reference-tail probability 0.583; largest deviation: spectral_centroid_std)
deployment,rec2018-05-03_11h52m35.208s.wav,2018-05-03#2,0,2.816,4.392,1.5760000000000005,22528,35136,0.9791574272616156,0.9997044801712036,87,SCOREABLE,,0.3581891357898712,0.11672854423522949,0.03868105262517929,0.09012091159820557,0.19285210967063904,-0.4428435848976906,-0.5221980364990064,-0.08018084276344671,0.5566768275368427,0.4430347864082447,0.9404388714733543,WITHIN_REFERENCE_RANGE,STABLE,8,0.3961038030807541,0.545027452437043,spectral_rolloff_std,0.39470319364682716,deviation at or below the one-sided 95% upper reference limit (empirical reference-tail probability 0.940; largest deviation: spectral_rolloff_std)
deployment,rec2018-05-03_15h21m36.500s.wav,2018-05-03#3,0,3.968,6.168,2.2,31744,49344,0.9883310950937725,0.9997825622558594,126,SCOREABLE,,0.4138135015964508,0.07958032190799713,0.041991882026195526,0.08738783746957779,0.16004538536071777,1.5531929286567585,-1.772684105258109,0.28861613545587345,0.3950136694803434,1.2035522717549403,0.31974921630094044,WITHIN_REFERENCE_RANGE,STABLE,8,1.1703115294996653,1.2199671856902825,spectral_flatness_mean,0.5423414476083502,deviation at or below the one-sided 95% upper reference limit (empirical reference-tail probability 0.320; largest deviation: spectral_flatness_mean)
deployment,rec2018-05-03_15h23m24.541s.wav,2018-05-03#3,0,2.368,4.344,1.9760000000000004,18944,34752,0.9821535285030093,0.9996657371520996,112,SCOREABLE,,0.4529069662094116,0.09618568420410156,0.042958978563547134,0.08834683895111084,0.12290886789560318,2.956031085592445,-1.2137132335145597,0.3963420969663536,0.45173924690305844,1.6257594377103772,0.09404388714733543,WITHIN_REFERENCE_RANGE,BORDERLINE,8,1.6057232866727718,1.6634892932144318,spectral_centroid_mean,0.8265049037031551,deviation at or below the one-sided 95% upper reference limit (empirical reference-tail probability 0.094; largest deviation: spectral_centroid_mean)
deployment,rec2018-05-03_15h24m03.886s.wav,2018-05-03#3,0,3.024,5.0,1.976,24192,40000,0.9754885749093124,0.9997791647911072,112,SCOREABLE,,0.4397495985031128,0.11871271580457687,0.031890466809272766,0.07376988232135773,0.12189655005931854,2.4838893185230195,-0.45540671379073516,-0.8365917676140632,-0.4104974626448434,1.3458728927833328,0.20376175548589343,WITHIN_REFERENCE_RANGE,STABLE,8,1.3020421157799364,1.3886859747572031,spectral_centroid_mean,0.8515230261154612,deviation at or below the one-sided 95% upper reference limit (empirical reference-tail probability 0.204; largest deviation: spectral_centroid_mean)
deployment,rec2018-05-03_15h24m37.045s.wav,2018-05-03#3,0,2.384,4.04,1.6560000000000001,19072,32320,0.946729391415914,0.9998871088027954,75,SCOREABLE,,0.417194664478302,0.13234254717826843,0.03777354955673218,0.0834014043211937,0.13860034942626953,1.6745232930139495,0.0034016270822169715,-0.18126862133196106,0.15921348923698622,0.8459088423328623,0.6112852664576802,WITHIN_REFERENCE_RANGE,STABLE,8,0.8278373473729679,0.8781870677338786,spectral_centroid_mean,0.9796597506393164,deviation at or below the one-sided 95% upper reference limit (empirical reference-tail probability 0.611; largest deviation: spectral_centroid_mean)
deployment,rec2018-05-03_15h25m08.571s.wav,2018-05-03#3,0,2.976,4.632000000000001,1.6560000000000006,23808,37057,0.9822329969509788,0.9998849034309387,92,SCOREABLE,,0.4049946665763855,0.13101767003536224,0.03603030741214752,0.08062731474637985,0.144761860370636,1.2367359865988072,-0.04119648034342531,-0.37545030735602924,-0.00487575982454011,0.6465678148633782,0.7962382445141066,WITHIN_REFERENCE_RANGE,STABLE,8,0.6371928491839238,0.7364220336640057,spectral_centroid_mean,0.914672959534772,deviation at or below the one-sided 95% upper reference limit (empirical reference-tail probability 0.796; largest deviation: spectral_centroid_mean)
deployment,rec2018-05-03_15h27m21.669s.wav,2018-05-03#3,0,2.848,4.456,1.6080000000000005,22784,35648,0.9837208946099442,0.9999041557312012,89,SCOREABLE,,0.4071379601955414,0.15667381882667542,0.02721661515533924,0.07648259401321411,0.15198834240436554,1.313646388381714,0.8224426020045038,-1.3572173142178772,-0.25003875630800587,1.0376219066896553,0.46394984326018807,WITHIN_REFERENCE_RANGE,STABLE,8,0.7601907661712878,1.0601250169059753,spectral_centroid_std,0.4277209542420022,deviation at or below the one-sided 95% upper reference limit (empirical reference-tail probability 0.464; largest deviation: spectral_centroid_std)
deployment,rec2018-05-03_15h27m45.362s.wav,2018-05-03#3,0,3.552,5.064,1.512,28416,40512,0.9738487321210195,0.9998369216918945,83,SCOREABLE,,0.4030994474887848,0.14257854223251343,0.03654264658689499,0.0784127339720726,0.14483244717121124,1.168727543802523,0.3479664114336105,-0.3183802754745165,-0.1358696900643579,0.6338042417848899,0.8213166144200627,WITHIN_REFERENCE_RANGE,STABLE,8,0.619068691885176,0.6831012467131725,spectral_centroid_mean,0.8500731216585593,deviation at or below the one-sided 95% upper reference limit (empirical reference-tail probability 0.821; largest deviation: spectral_centroid_mean)
deployment,rec2018-05-03_15h28m15.159s.wav,2018-05-03#3,0,2.896,4.5200000000000005,1.6240000000000006,23168,36161,0.978381926814715,0.9999253749847412,90,SCOREABLE,,0.44562506675720215,0.17332376539707184,0.03989825397729874,0.053589850664138794,0.134369894862175,2.69472586469008,1.382914272720256,0.05540457290561059,-1.6041597981132618,1.7139426548243035,0.06583072100313479,WITHIN_REFERENCE_RANGE,BORDERLINE,8,1.5843903724693875,1.8199546102119193,spectral_centroid_mean,0.6179831247955899,deviation at or below the one-sided 95% upper reference limit (empirical reference-tail probability 0.066; largest deviation: spectral_centroid_mean)
deployment,rec2018-05-03_15h28m42.685s.wav,2018-05-03#3,0,3.44,5.144,1.7040000000000002,27520,41152,0.9844727334223295,0.9999212622642517,95,SCOREABLE,,0.3691694438457489,0.10186473280191422,0.05504007637500763,0.08433929085731506,0.19678464531898499,-0.04882388702249363,-1.0225447007967865,1.742069051387834,0.2146901035519363,1.0159820197028617,0.4827586206896552,WITHIN_REFERENCE_RANGE,STABLE,8,0.9937183751877539,1.0343940369112108,spectral_centroid_std,0.7350192194075728,deviation at or below the one-sided 95% upper reference limit (empirical reference-tail probability 0.483; largest deviation: spectral_centroid_std)
deployment,rec2018-05-03_15h29m02.811s.wav,2018-05-03#3,0,3.184,4.84,1.6559999999999997,25472,38720,0.9670846909284592,0.9996852278709412,92,SCOREABLE,,0.39395442605018616,0.12031161785125732,0.07227557897567749,0.11323849856853485,0.14493387937545776,0.8405656592759774,-0.4015843608105063,3.661950901919676,1.924097519541863,2.12013303233424,0.018808777429467086,OUTSIDE_REFERENCE_RANGE,STABLE,8,2.12013303233424,2.1548761197818456,spectral_centroid_std,0.745828230489393,deviation above the one-sided 95% upper reference limit (empirical reference-tail probability 0.019; largest deviation: spectral_centroid_std)
deployment,rec2018-05-03_15h29m32.895s.wav,2018-05-03#3,0,3.136,4.792000000000001,1.6560000000000006,25088,38337,0.9852119859146036,0.9998654723167419,92,SCOREABLE,,0.4536045789718628,0.18781034648418427,0.0401255302131176,0.049287036061286926,0.12016941606998444,2.98106436958558,1.8705625826126884,0.08072112620350347,-1.8586741524597006,1.9904104260378481,0.02821316614420063,OUTSIDE_REFERENCE_RANGE,STABLE,8,1.9791156488627895,2.015740494674826,spectral_centroid_mean,0.5607863582669678,deviation above the one-sided 95% upper reference limit (empirical reference-tail probability 0.028; largest deviation: spectral_centroid_mean)
deployment,rec2018-05-03_15h29m50.911s.wav,2018-05-03#3,0,2.848,4.392,1.5440000000000005,22784,35136,0.9812670658616459,0.9999584555625916,85,SCOREABLE,,0.4015585482120514,0.15697212517261505,0.056651413440704346,0.08851083368062973,0.14521421492099762,1.1134335880787942,0.8324842111704556,1.9215576836137447,0.4614396445618502,1.2081054169585637,0.3166144200626959,WITHIN_REFERENCE_RANGE,STABLE,8,1.1910471289272078,1.2343092930290902,spectral_centroid_std,0.6324660203546403,deviation at or below the one-sided 95% upper reference limit (empirical reference-tail probability 0.317; largest deviation: spectral_centroid_std)
deployment,rec2018-05-03_15h30m09.333s.wav,2018-05-03#3,0,4.384,6.264,1.88,35072,50112,0.9892923398962561,0.9999294877052307,106,SCOREABLE,,0.41454336047172546,0.12988917529582977,0.036082230508327484,0.0932580903172493,0.14817661046981812,1.579383338986213,-0.0791839495155046,-0.3696665357835394,0.7422430417115351,0.8927905563422347,0.5579937304075235,WITHIN_REFERENCE_RANGE,STABLE,8,0.850108039487877,0.9260723105185996,spectral_centroid_mean,0.7823767530973588,deviation at or below the one-sided 95% upper reference limit (empirical reference-tail probability 0.558; largest deviation: spectral_centroid_mean)
deployment,rec2018-05-03_15h30m28.140s.wav,2018-05-03#3,0,2.896,4.456,1.5600000000000005,23168,35648,0.9830885224564131,0.9999120831489563,86,SCOREABLE,,0.3911961615085602,0.13625067472457886,0.03358934447169304,0.08281923085451126,0.15144678950309753,0.7415875107740714,0.13495729099920364,-0.6473518907201988,0.12477754029042899,0.5006993637677886,0.9184952978056427,WITHIN_REFERENCE_RANGE,STABLE,8,0.4369803674668235,0.579594768168293,spectral_centroid_mean,0.548416791856752,deviation at or below the one-sided 95% upper reference limit (empirical reference-tail probability 0.918; largest deviation: spectral_centroid_mean)
deployment,rec2018-05-03_15h30m45.469s.wav,2018-05-03#3,0,2.7680000000000002,4.408,1.6400000000000001,22144,35264,0.9836964567939004,0.9999256134033203,91,SCOREABLE,,0.4022633135318756,0.14411023259162903,0.03939968720078468,0.07052336633205414,0.14676398038864136,1.138723535954292,0.3995262798670076,-0.00013133618185022145,-0.6025310492988766,0.6744175676572738,0.774294670846395,WITHIN_REFERENCE_RANGE,STABLE,8,0.6584278383152616,0.7020686054139585,spectral_centroid_mean,0.7127198486320625,deviation at or below the one-sided 95% upper reference limit (empirical reference-tail probability 0.774; largest deviation: spectral_centroid_mean)
deployment,rec2018-05-03_15h31m15.084s.wav,2018-05-03#3,0,2.72,4.248,1.528,21760,33984,0.981472372299149,0.9998201131820679,84,SCOREABLE,,0.40868818759918213,0.16537901759147644,0.04742629826068878,0.08348584175109863,0.12793733179569244,1.3692750765853579,1.1154776141585738,0.8939618186408649,0.16420801954760758,0.9931435633781971,0.5109717868338558,WITHIN_REFERENCE_RANGE,STABLE,8,0.9762416190170711,1.0135111839107618,spectral_centroid_mean,0.4752228895141339,deviation at or below the one-sided 95% upper reference limit (empirical reference-tail probability 0.511; largest deviation: spectral_centroid_mean)
deployment,rec2018-05-03_15h31m38.884s.wav,2018-05-03#3,0,3.408,5.048,1.6400000000000001,27264,40384,0.9853728662480364,0.9998904466629028,91,SCOREABLE,,0.40502047538757324,0.15780970454216003,0.03810322284698486,0.0704108327627182,0.13667164742946625,1.2376621154410004,0.8606788667281248,-0.14454594597831932,-0.6091874850009523,0.8161768414398398,0.6394984326018809,WITHIN_REFERENCE_RANGE,STABLE,8,0.7718705212223853,0.9435042796276548,spectral_centroid_mean,0.5748779724625361,deviation at or below the one-sided 95% upper reference limit (empirical reference-tail probability 0.639; largest deviation: spectral_centroid_mean)
deployment,rec2018-05-03_15h31m59.455s.wav,2018-05-03#3,0,3.504,5.288,1.7840000000000003,28032,42304,0.9795184832811356,0.9999330639839172,100,SCOREABLE,,0.39299726486206055,0.13306348025798798,0.031451255083084106,0.08160422742366791,0.1466095894575119,0.8062186846515963,0.027669727040152428,-0.885516051470897,0.05290927677639204,0.5995190260236608,0.8589341692789969,WITHIN_REFERENCE_RANGE,STABLE,8,0.5889547628203781,0.613269321527006,spectral_centroid_std,0.5454148321883205,deviation at or below the one-sided 95% upper reference limit (empirical reference-tail probability 0.859; largest deviation: spectral_centroid_std)
deployment,rec2018-05-03_15h32m17.555s.wav,2018-05-03#3,0,3.68,5.304,1.624,29440,42432,0.9853017932838863,0.9998250603675842,90,SCOREABLE,,0.3989061713218689,0.1618894338607788,0.035111892968416214,0.07257812470197678,0.14858534932136536,1.0182551344687034,0.9980110015555016,-0.47775351618253054,-0.48099072090262524,0.7893779155000619,0.6739811912225705,WITHIN_REFERENCE_RANGE,STABLE,8,0.7277109014988475,0.82291284751871,spectral_centroid_mean,0.4159903748980727,deviation at or below the one-sided 95% upper reference limit (empirical reference-tail probability 0.674; largest deviation: spectral_centroid_mean)
deployment,rec2018-05-03_15h32m35.669s.wav,2018-05-03#3,0,3.7760000000000002,5.464,1.6880000000000002,30208,43712,0.9824281531445523,0.9999155402183533,94,SCOREABLE,,0.41573506593704224,0.12814198434352875,0.03568655997514725,0.08585163205862045,0.1320054829120636,1.622146750086413,-0.13799801405050485,-0.4137407176071359,0.30414609455527686,0.8535352598072752,0.6050156739811913,WITHIN_REFERENCE_RANGE,STABLE,8,0.8231128639300849,0.8726574765058173,spectral_centroid_mean,0.9029783899915615,deviation at or below the one-sided 95% upper reference limit (empirical reference-tail probability 0.605; largest deviation: spectral_centroid_mean)
deployment,rec2018-05-03_15h33m11.807s.wav,2018-05-03#3,0,2.688,4.152,1.464,21504,33216,0.9822374500334263,0.9999192357063293,80,SCOREABLE,,0.3617193102836609,0.11559685319662094,0.05758712440729141,0.08833754807710648,0.17802879214286804,-0.3161660563246045,-0.5602930997150488,2.0257875714050235,0.4511896855073693,1.0864249570871718,0.4043887147335423,WITHIN_REFERENCE_RANGE,STABLE,8,1.0570844904431107,1.1166720368231833,spectral_centroid_std,0.8692172694324285,deviation at or below the one-sided 95% upper reference limit (empirical reference-tail probability 0.404; largest deviation: spectral_centroid_std)
deployment,rec2018-05-03_15h33m29.486s.wav,2018-05-03#3,0,3.696,5.176,1.48,29568,41408,0.9797479900313012,0.9998722672462463,81,SCOREABLE,,0.3750917315483093,0.098546102643013,0.03374122083187103,0.07820755988359451,0.16565237939357758,0.16369273814120083,-1.1342566622606218,-0.6304342136331823,-0.14800587427806047,0.6581577555842657,0.7836990595611285,WITHIN_REFERENCE_RANGE,STABLE,8,0.629782174331857,0.6671238558185131,spectral_flatness_mean,0.7425106373035507,deviation at or below the one-sided 95% upper reference limit (empirical reference-tail probability 0.784; largest deviation: spectral_flatness_mean)
deployment,rec2018-05-03_15h33m51.966s.wav,2018-05-03#3,0,3.584,5.272,1.6880000000000002,28672,42176,0.9860346583609886,0.9998939633369446,94,SCOREABLE,,0.4062504172325134,0.14964096248149872,0.060622382909059525,0.09884510189294815,0.13315808773040771,1.281797608878999,0.5857020978221404,2.3638883999233977,1.0727185037434344,1.4768840012918354,0.14106583072100312,WITHIN_REFERENCE_RANGE,STABLE,8,1.4254023457854244,1.4768840012918354,spectral_centroid_std,0.6404735155836687,deviation at or below the one-sided 95% upper reference limit (empirical reference-tail probability 0.141; largest deviation: spectral_centroid_std)
deployment,rec2018-05-03_15h34m13.707s.wav,2018-05-03#3,0,3.3280000000000003,5.0,1.6719999999999997,26624,40000,0.9850767017692648,0.9998601675033569,93,SCOREABLE,,0.3654796779155731,0.11464042961597443,0.041912440210580826,0.08883511275053024,0.16760946810245514,-0.18122822847080347,-0.5924882974527994,0.2797670230449576,0.48062096788660846,0.41627879941479146,0.9592476489028213,WITHIN_REFERENCE_RANGE,STABLE,8,0.4044828894112046,0.4599805359793355,spectral_flatness_mean,0.5064434697338561,deviation at or below the one-sided 95% upper reference limit (empirical reference-tail probability 0.959; largest deviation: spectral_flatness_mean)
deployment,rec2018-05-03_15h34m32.131s.wav,2018-05-03#3,0,3.04,4.488,1.4480000000000004,24320,35904,0.983156996437266,0.9998359084129333,79,SCOREABLE,,0.35962802171707153,0.12504635751247406,0.04656382277607918,0.09509322047233582,0.17769451439380646,-0.3912102977961636,-0.24220322183168638,0.7978897128372153,0.8507922146770535,0.6269336655847155,0.8244514106583072,WITHIN_REFERENCE_RANGE,STABLE,8,0.6237300893160213,0.6497780524467328,spectral_rolloff_std,0.4604090374459143,deviation at or below the one-sided 95% upper reference limit (empirical reference-tail probability 0.824; largest deviation: spectral_rolloff_std)
deployment,rec2018-05-03_15h35m02.114s.wav,2018-05-03#3,0,2.896,4.312,1.4160000000000004,23168,34496,0.9844831754634906,0.9999316930770874,77,SCOREABLE,,0.37042587995529175,0.13480879366397858,0.06694094091653824,0.10094277560710907,0.17198225855827332,-0.0037376677869087323,0.08642058947939817,3.0677196209299464,1.1967973033820027,1.6470207911914363,0.07523510971786834,WITHIN_REFERENCE_RANGE,BORDERLINE,8,1.6104209734714818,1.6759927721121481,spectral_centroid_std,0.8673076433770468,deviation at or below the one-sided 95% upper reference limit (empirical reference-tail probability 0.075; largest deviation: spectral_centroid_std)
deployment,rec2018-05-03_15h35m21.837s.wav,2018-05-03#3,0,2.976,4.5200000000000005,1.5440000000000005,23808,36161,0.9831075030214647,0.9997297525405884,85,SCOREABLE,,0.3696713149547577,0.10795587301254272,0.043052978813648224,0.09506023675203323,0.16845223307609558,-0.030814637943358696,-0.8175043112687631,0.40681288962589124,0.8488412056163351,0.6235565251788638,0.8307210031347962,WITHIN_REFERENCE_RANGE,STABLE,8,0.6116183944041232,0.6434751926198284,spectral_rolloff_std,0.4632775543037918,deviation at or below the one-sided 95% upper reference limit (empirical reference-tail probability 0.831; largest deviation: spectral_rolloff_std)
deployment,rec2018-05-03_15h35m44.100s.wav,2018-05-03#3,0,3.408,5.128,1.7200000000000002,27264,41024,0.9861173747728268,0.999943733215332,96,SCOREABLE,,0.38174647092819214,0.11647973954677582,0.03766699507832527,0.09717762470245361,0.1602076292037964,0.4024928142917064,-0.5305733173943507,-0.19313784347917917,0.9740861154818429,0.5978408018957887,0.8620689655172413,WITHIN_REFERENCE_RANGE,STABLE,8,0.5870799192282915,0.8014716399077966,spectral_rolloff_std,0.6636874587091447,deviation at or below the one-sided 95% upper reference limit (empirical reference-tail probability 0.862; largest deviation: spectral_rolloff_std)
deployment,rec2018-05-03_15h36m09.330s.wav,2018-05-03#3,0,2.88,4.392,1.5120000000000005,23040,35136,0.9814656699996397,0.9999370574951172,83,SCOREABLE,,0.34534475207328796,0.08794113993644714,0.06402741372585297,0.11659704148769379,0.15690264105796814,-0.9037541682480498,-1.4912416616356494,2.7431785788711975,2.122757573834695,1.941114481610625,0.034482758620689655,OUTSIDE_REFERENCE_RANGE,BORDERLINE,8,1.6096130976719483,1.9460160949673997,spectral_centroid_std,0.49928195594245717,deviation above the one-sided 95% upper reference limit (empirical reference-tail probability 0.034; largest deviation: spectral_centroid_std)
deployment,rec2018-05-03_15h36m33.401s.wav,2018-05-03#3,0,1.872,3.2560000000000002,1.3840000000000001,14976,26048,0.9737179676691691,0.9998098611831665,75,SCOREABLE,,0.37544193863868713,0.13686755299568176,0.05760269612073898,0.0960211306810379,0.15043528378009796,0.17625964348139767,0.15572269068210834,2.027522121926835,0.9056787225695274,1.1165143216425093,0.3730407523510972,WITHIN_REFERENCE_RANGE,STABLE,8,1.0697355385938072,1.1305583001766413,spectral_centroid_std,0.8244087928121684,deviation at or below the one-sided 95% upper reference limit (empirical reference-tail probability 0.373; largest deviation: spectral_centroid_std)
deployment,rec2018-05-03_15h39m20.550s.wav,2018-05-03#3,0,3.056,4.808000000000001,1.7520000000000007,24448,38465,0.9747276300070237,0.9998444318771362,98,SCOREABLE,,0.4210955500602722,0.1436622440814972,0.03370831906795502,0.06790807843208313,0.1394958198070526,1.8145034967233395,0.3844460591784032,-0.6340991777979282,-0.757227073350204,1.050677914483972,0.44200626959247646,WITHIN_REFERENCE_RANGE,STABLE,8,0.9342593698748146,1.0684448317254105,spectral_centroid_mean,0.7456180636234937,deviation at or below the one-sided 95% upper reference limit (empirical reference-tail probability 0.442; largest deviation: spectral_centroid_mean)
deployment,rec2018-05-03_15h39m43.079s.wav,2018-05-03#3,0,3.712,5.144,1.432,29696,41152,0.9871108478460556,0.9998899102210999,78,SCOREABLE,,0.42192932963371277,0.15121036767959595,0.04110490903258324,0.06638750433921814,0.138623908162117,1.8444230193769595,0.6385315258139083,0.18981522481216836,-0.8471700453818015,1.0680994440159302,0.41379310344827586,WITHIN_REFERENCE_RANGE,STABLE,8,1.054631395998885,1.13191370642179,spectral_centroid_mean,0.7454829211027224,deviation at or below the one-sided 95% upper reference limit (empirical reference-tail probability 0.414; largest deviation: spectral_centroid_mean)
deployment,rec2018-05-03_15h40m01.822s.wav,2018-05-03#3,0,5.824,7.464,1.6400000000000006,46592,59712,0.9824248847070631,0.9999401569366455,91,SCOREABLE,,0.4392143189907074,0.19303853809833527,0.032334648072719574,0.04970533773303032,0.13116203248500824,2.464681235226681,2.0465543358844545,-0.7871139214615126,-1.8339313295095223,1.8871864433410561,0.04075235109717868,OUTSIDE_REFERENCE_RANGE,BORDERLINE,8,1.8363006312854253,1.922472040718214,spectral_centroid_mean,0.42641444641397075,deviation above the one-sided 95% upper reference limit (empirical reference-tail probability 0.041; largest deviation: spectral_centroid_mean)
deployment,rec2018-05-03_15h40m28.424s.wav,2018-05-03#3,0,3.024,4.728000000000001,1.7040000000000006,24192,37825,0.9860961098419992,0.9999213218688965,95,SCOREABLE,,0.44227278232574463,0.17479421198368073,0.047217901796102524,0.07222887873649597,0.11882657557725906,2.5744317807579296,1.4324125489826125,0.8707483041096085,-0.5016488527574189,1.5563867518102548,0.12852664576802508,WITHIN_REFERENCE_RANGE,STABLE,8,1.5542972930463856,1.56593965785424,spectral_centroid_mean,0.6840183207729936,deviation at or below the one-sided 95% upper reference limit (empirical reference-tail probability 0.129; largest deviation: spectral_centroid_mean)
deployment,rec2018-05-03_15h40m49.846s.wav,2018-05-03#3,0,2.896,4.488,1.5920000000000005,23168,35904,0.9737035340883515,0.99992835521698,88,SCOREABLE,,0.4367133378982544,0.16177713871002197,0.04685838147997856,0.06990140676498413,0.1288943886756897,2.3749355004599395,0.9942309143046593,0.8307009352677484,-0.6393203726263318,1.389928804382959,0.1786833855799373,WITHIN_REFERENCE_RANGE,STABLE,8,1.3783008788334508,1.3959552134095425,spectral_centroid_mean,0.7298918881651336,deviation at or below the one-sided 95% upper reference limit (empirical reference-tail probability 0.179; largest deviation: spectral_centroid_mean)
deployment,rec2018-05-03_15h41m19.370s.wav,2018-05-03#3,0,3.632,5.4,1.7680000000000002,29056,43200,0.9848711797685334,0.9999596476554871,99,SCOREABLE,,0.4226742684841156,0.1606864631175995,0.02697724848985672,0.05823958292603493,0.13439226150512695,1.8711545627250625,0.9575165159184926,-1.383880633955612,-1.329125032791061,1.423003534578598,0.1724137931034483,WITHIN_REFERENCE_RANGE,STABLE,8,1.416610660758294,1.4590591953124976,spectral_centroid_mean,0.43226231689710254,deviation at or below the one-sided 95% upper reference limit (empirical reference-tail probability 0.172; largest deviation: spectral_centroid_mean)
deployment,rec2018-05-03_15h41m44.230s.wav,2018-05-03#3,0,5.184,6.92,1.7359999999999998,41472,55360,0.9809916707658276,0.9998467564582825,97,SCOREABLE,,0.4215999245643616,0.1390879601240158,0.04340840131044388,0.09096572548151016,0.12017941474914551,1.8326025781613016,0.2304661913669227,0.4464037978041168,0.6066481323450177,0.9973521421767566,0.5015673981191222,WITHIN_REFERENCE_RANGE,STABLE,8,0.9670263056887755,1.0344515961160319,spectral_centroid_mean,0.8440721002820952,deviation at or below the one-sided 95% upper reference limit (empirical reference-tail probability 0.502; largest deviation: spectral_centroid_mean)
deployment,rec2018-05-03_15h42m04.570s.wav,2018-05-03#3,0,2.512,4.12,1.608,20096,32960,0.9837761943259936,0.9998689889907837,89,SCOREABLE,,0.4045586884021759,0.16996918618679047,0.033872831612825394,0.07927083224058151,0.1449500322341919,1.2210912535359413,1.2699921917642951,-0.6157739420099585,-0.08511260500877818,0.9341260246607679,0.5391849529780565,WITHIN_REFERENCE_RANGE,STABLE,8,0.8778151250253845,0.9845944840714823,spectral_flatness_mean,0.4620948910870621,deviation at or below the one-sided 95% upper reference limit (empirical reference-tail probability 0.539; largest deviation: spectral_flatness_mean)
deployment,rec2018-05-03_15h42m24.025s.wav,2018-05-03#3,0,2.864,4.6000000000000005,1.7360000000000007,22912,36801,0.9808324815071735,0.9999072551727295,97,SCOREABLE,,0.408581018447876,0.1408734768629074,0.05689357966184616,0.07969442754983902,0.13433955609798431,1.365429396081286,0.29057038122161066,1.9485328489775897,-0.060056659868032776,1.1988761036972715,0.322884012539185,WITHIN_REFERENCE_RANGE,STABLE,8,1.1941979771918991,1.2152311835249203,spectral_centroid_std,0.6603996955345255,deviation at or below the one-sided 95% upper reference limit (empirical reference-tail probability 0.323; largest deviation: spectral_centroid_std)
deployment,rec2018-05-03_15h42m44.455s.wav,2018-05-03#3,0,2.832,4.696000000000001,1.8640000000000008,22656,37569,0.9846717669850304,0.9996636509895325,105,SCOREABLE,,0.42135176062583923,0.11936099827289581,0.02824512869119644,0.05866936594247818,0.10965155065059662,1.8236974108761497,-0.43358418381574576,-1.2426500447701139,-1.3037030806422003,1.299777706680518,0.2413793103448276,WITHIN_REFERENCE_RANGE,STABLE,8,1.2792967175898757,1.3463668763863084,spectral_centroid_mean,0.492161235557212,deviation at or below the one-sided 95% upper reference limit (empirical reference-tail probability 0.241; largest deviation: spectral_centroid_mean)
deployment,rec2018-05-03_15h44m07.780s.wav,2018-05-03#3,0,3.536,5.208,1.6720000000000002,28288,41664,0.9839558428333651,0.999829888343811,93,SCOREABLE,,0.41405725479125977,0.1346418261528015,0.022340629249811172,0.06408178061246872,0.14866119623184204,1.5619398198811199,0.08080011739265612,-1.9003588204660662,-0.9835551420638527,1.3252291333864075,0.21316614420062696,WITHIN_REFERENCE_RANGE,STABLE,8,1.3215748486143317,1.3781679829530615,spectral_centroid_std,0.5140783108604327,deviation at or below the one-sided 95% upper reference limit (empirical reference-tail probability 0.213; largest deviation: spectral_centroid_std)
deployment,rec2018-05-03_15h44m27.242s.wav,2018-05-03#3,0,2.608,3.9760000000000004,1.3680000000000003,20864,31809,0.9852421203175107,0.9998525381088257,74,SCOREABLE,,0.3908628523349762,0.16647303104400635,0.047686152160167694,0.09676546603441238,0.14208362996578217,0.7296269738559571,1.152304371826082,0.9229072342146527,0.9497066552989024,0.9505079405760468,0.5266457680250783,WITHIN_REFERENCE_RANGE,STABLE,8,0.7135387441229345,1.0191438259713823,spectral_flatness_mean,0.36742011537401564,deviation at or below the one-sided 95% upper reference limit (empirical reference-tail probability 0.527; largest deviation: spectral_flatness_mean)
deployment,rec2018-05-03_15h44m47.231s.wav,2018-05-03#3,0,3.7920000000000003,5.768000000000001,1.9760000000000004,30336,46145,0.9672044704456141,0.9999260306358337,101,SCOREABLE,,0.4145486354827881,0.126840278506279,0.03823309391736984,0.08882495760917664,0.12471500784158707,1.5795726285994558,-0.18181612735790673,-0.13007946265502046,0.4800202845006227,0.8329836332912998,0.6238244514106583,WITHIN_REFERENCE_RANGE,STABLE,8,0.8285168496260913,1.0343624068527284,spectral_centroid_mean,0.8989722192352576,deviation at or below the one-sided 95% upper reference limit (empirical reference-tail probability 0.624; largest deviation: spectral_centroid_mean)
deployment,rec2018-05-03_15h45m14.147s.wav,2018-05-03#3,0,3.04,4.92,1.88,24320,39360,0.9838783780358872,0.99994957447052,106,SCOREABLE,,0.41480499505996704,0.12207000702619553,0.027860622853040695,0.07699991762638092,0.13413986563682556,1.5887718899164818,-0.34239334091868434,-1.285480578767426,-0.21943871946095,1.0418784703698827,0.45141065830721006,WITHIN_REFERENCE_RANGE,STABLE,8,0.9896928011727627,1.1129865343517649,spectral_centroid_mean,0.5813383527334198,deviation at or below the one-sided 95% upper reference limit (empirical reference-tail probability 0.451; largest deviation: spectral_centroid_mean)
deployment,rec2018-05-03_15h46m16.542s.wav,2018-05-03#3,0,2.576,4.088,1.512,20608,32704,0.977988747229059,0.9999270439147949,83,SCOREABLE,,0.4248230755329132,0.1945561021566391,0.03943496569991112,0.06441524624824524,0.12085794657468796,1.9482628095839574,2.097638683787889,0.0037983751678038542,-0.963830427238786,1.5103641566735304,0.14106583072100312,WITHIN_REFERENCE_RANGE,STABLE,8,1.4597537679597186,1.552064343799392,spectral_flatness_mean,0.48221202306538213,deviation at or below the one-sided 95% upper reference limit (empirical reference-tail probability 0.141; largest deviation: spectral_flatness_mean)
deployment,rec2018-05-03_15h46m45.482s.wav,2018-05-03#3,0,2.448,4.152,1.7040000000000002,19584,33216,0.984722754202391,0.9999279975891113,95,SCOREABLE,,0.40926721692085266,0.15445327758789062,0.03505746275186539,0.07346517592668533,0.13889573514461517,1.3900530872954833,0.7476945868842785,-0.4838165586883168,-0.4285210491721073,0.8527900581034475,0.6050156739811913,WITHIN_REFERENCE_RANGE,STABLE,8,0.7861462253128948,0.9589961167930166,spectral_centroid_mean,0.664230058063781,deviation at or below the one-sided 95% upper reference limit (empirical reference-tail probability 0.605; largest deviation: spectral_centroid_mean)
deployment,rec2018-05-03_15h47m08.625s.wav,2018-05-03#3,0,3.152,4.776000000000001,1.6240000000000006,25216,38209,0.9823214696513282,0.9999428987503052,90,SCOREABLE,,0.3908461034297943,0.1435367614030838,0.05973587557673454,0.10059157758951187,0.13148026168346405,0.7290259525980904,0.38022205244547547,2.265139359809651,1.1760237063422285,1.34070277522324,0.20376175548589343,WITHIN_REFERENCE_RANGE,STABLE,8,1.3019579924019589,1.3504065923614312,spectral_centroid_std,0.713616437603147,deviation at or below the one-sided 95% upper reference limit (empirical reference-tail probability 0.204; largest deviation: spectral_centroid_std)
deployment,rec2018-05-03_15h47m37.180s.wav,2018-05-03#3,0,3.376,4.936,1.56,27008,39488,0.9825566036756649,0.9999240636825562,86,SCOREABLE,,0.41905656456947327,0.17365778982639313,0.054174527525901794,0.08047058433294296,0.14160658419132233,1.7413361098915596,1.3941582265173473,1.6456546000864585,-0.014146468340752167,1.386029201850605,0.18808777429467086,WITHIN_REFERENCE_RANGE,STABLE,8,1.3797723515861893,1.388416238991402,spectral_centroid_mean,0.39460307019002466,deviation at or below the one-sided 95% upper reference limit (empirical reference-tail probability 0.188; largest deviation: spectral_centroid_mean)
deployment,rec2018-05-03_15h47m57.575s.wav,2018-05-03#3,0,3.696,5.176,1.48,29568,41408,0.982640055226691,0.9997032284736633,81,SCOREABLE,,0.4229089915752411,0.16859693825244904,0.05539789795875549,0.08812697231769562,0.12541037797927856,1.8795774157979406,1.2237994854306873,1.7819271965364056,0.43873398885431264,1.4489865845868095,0.15987460815047022,WITHIN_REFERENCE_RANGE,STABLE,8,1.435804394900587,1.4604098919391355,spectral_centroid_mean,0.42066048253986354,deviation at or below the one-sided 95% upper reference limit (empirical reference-tail probability 0.160; largest deviation: spectral_centroid_mean)
deployment,rec2018-05-03_15h48m19.468s.wav,2018-05-03#3,0,3.024,4.328,1.3040000000000003,24192,34624,0.9768876501492092,0.9999362826347351,70,SCOREABLE,,0.3903648555278778,0.14848347008228302,0.03657042980194092,0.06755086779594421,0.15080395340919495,0.7117567510464354,0.5467385073934079,-0.3152854721750741,-0.7783563207879902,0.6145657326930589,0.8401253918495298,WITHIN_REFERENCE_RANGE,STABLE,8,0.42222072853421116,0.8203529652987193,spectral_rolloff_std,0.4010146510429107,deviation at or below the one-sided 95% upper reference limit (empirical reference-tail probability 0.840; largest deviation: spectral_rolloff_std)
deployment,rec2018-05-03_15h48m42.154s.wav,2018-05-03#3,0,2.64,4.312,1.6720000000000002,21120,34496,0.9858944044318251,0.999929666519165,93,SCOREABLE,,0.3956194519996643,0.14455822110176086,0.053068771958351135,0.10217875987291336,0.15005403757095337,0.9003138027915468,0.41460650055561205,1.5224832546113032,1.2699065972811725,1.1082736034244904,0.3761755485893417,WITHIN_REFERENCE_RANGE,STABLE,8,0.8254337329766573,1.274744810846777,spectral_centroid_std,0.4717925503670814,deviation at or below the one-sided 95% upper reference limit (empirical reference-tail probability 0.376; largest deviation: spectral_centroid_std)
deployment,rec2018-05-03_15h49m02.235s.wav,2018-05-03#3,0,3.2,4.904,1.7039999999999997,25600,39232,0.9793476616081439,0.9999451637268066,95,SCOREABLE,,0.4179994761943817,0.13675342500209808,0.0326845720410347,0.0809658020734787,0.1392817497253418,1.7034033269439992,0.15188090614731517,-0.7481355005010367,0.015145991392422713,0.9333524029086241,0.5391849529780565,WITHIN_REFERENCE_RANGE,STABLE,8,0.9009945509382778,0.9819511508589811,spectral_centroid_mean,0.8326906557606242,deviation at or below the one-sided 95% upper reference limit (empirical reference-tail probability 0.539; largest deviation: spectral_centroid_mean)
